ply
format ascii 1.0
comment Created by Blender 2.78 (sub 0) - www.blender.org, source file: ''
element vertex 2629
property float x
property float y
property float z
property float nx
property float ny
property float nz
property float s
property float t
property uchar red
property uchar green
property uchar blue
element face 1084
property list uchar uint vertex_indices
end_header
-8.518188 42.304893 -11.219516 0.000000 0.506579 -0.862193 0.731851 -0.089336 255 0 0
-6.095657 44.135101 -10.144182 0.000000 0.506579 -0.862193 0.764683 -0.037466 255 0 0
1.553390 42.304893 -11.219516 0.000000 0.506579 -0.862193 0.876347 -0.089161 255 0 0
0.721861 44.135101 -10.144182 0.000000 0.506579 -0.862193 0.876820 -0.037402 255 0 0
-8.518188 42.304893 -5.202276 0.000000 0.506579 0.862193 0.731802 -0.089314 255 0 0
1.553393 42.304893 -5.202276 0.000000 0.506579 0.862193 0.876197 -0.089124 255 0 0
-6.095657 44.135101 -6.277609 0.000000 0.506579 0.862193 0.764612 -0.037468 255 0 0
0.721861 44.135101 -6.277609 -0.000000 0.506579 0.862193 0.876714 -0.037270 255 0 0
-8.518188 42.304893 -11.219516 -0.602802 0.797891 0.000000 0.888615 -0.163250 255 0 0
-8.518188 42.304893 -8.210896 -0.602802 0.797891 0.000000 0.939135 -0.163243 255 0 0
-6.095657 44.135101 -10.144182 -0.602802 0.797891 0.000000 0.902392 -0.131896 255 0 0
-6.095657 44.135101 -6.277609 -0.602802 0.797891 0.000000 0.975837 -0.131905 255 0 0
-8.518188 42.304893 -5.202276 -0.602802 0.797891 0.000000 0.989655 -0.163235 255 0 0
0.721861 44.135101 -6.277609 0.000000 1.000000 0.000009 0.975582 -0.037529 255 0 0
0.307174 44.135105 -6.713517 0.000000 1.000000 0.000009 0.968754 -0.042880 255 0 0
-6.095657 44.135101 -6.277609 0.000000 1.000000 0.000009 0.975840 -0.128678 255 0 0
0.721861 44.135101 -10.144182 0.000000 1.000000 -0.000009 0.903026 -0.037607 255 0 0
-6.095657 44.135101 -10.144182 0.000000 1.000000 -0.000009 0.902946 -0.128731 255 0 0
0.307174 44.135105 -9.708275 0.000000 1.000000 -0.000009 0.909827 -0.042925 255 0 0
-6.095657 44.135101 -6.277609 -0.000001 1.000000 0.000000 0.975840 -0.128678 255 0 0
0.307174 44.135105 -6.713517 -0.000001 1.000000 0.000000 0.968754 -0.042880 255 0 0
-6.095657 44.135101 -10.144182 -0.000001 1.000000 0.000000 0.902946 -0.128731 255 0 0
0.307174 44.135105 -9.708275 -0.000001 1.000000 0.000000 0.909827 -0.042925 255 0 0
0.721861 44.135101 -10.144182 -0.744095 0.053209 -0.665951 0.549703 -0.499738 255 0 0
2.799599 44.135101 -12.465725 -0.744095 0.053209 -0.665951 0.502807 -0.499738 255 0 0
1.553390 42.304893 -11.219516 -0.744095 0.053209 -0.665951 0.549703 -0.617797 255 0 0
2.799603 42.304893 -12.465725 -0.707106 -0.000002 -0.707108 0.502807 -0.617798 255 0 0
1.553390 42.304893 -11.219516 -0.707106 -0.000002 -0.707108 0.549703 -0.617797 255 0 0
2.799599 44.135101 -12.465725 -0.707106 -0.000002 -0.707108 0.502807 -0.499738 255 0 0
0.721861 44.135101 -6.277609 -0.744094 0.053208 0.665952 0.549261 -0.499738 255 0 0
1.553393 42.304893 -5.202276 -0.744094 0.053208 0.665952 0.549261 -0.617798 255 0 0
2.799603 44.135101 -3.956067 -0.744094 0.053208 0.665952 0.502590 -0.499738 255 0 0
1.553393 42.304893 -5.202276 -0.707106 -0.000001 0.707108 0.549261 -0.617798 255 0 0
2.799606 42.304893 -3.956067 -0.707106 -0.000001 0.707108 0.502590 -0.617798 255 0 0
2.799603 44.135101 -3.956067 -0.707106 -0.000001 0.707108 0.502590 -0.499738 255 0 0
2.799606 42.304893 -3.956067 0.000000 0.000000 1.000000 0.571756 -0.618303 255 0 0
6.324417 42.304893 -3.956067 0.000000 0.000000 1.000000 0.493289 -0.618303 255 0 0
2.799603 44.135101 -3.956067 0.000000 0.000000 1.000000 0.571756 -0.500244 255 0 0
6.324417 44.135101 -3.956067 -0.000000 0.000000 1.000000 0.493289 -0.500244 255 0 0
6.324417 42.304893 -3.956067 0.707106 0.000000 0.707107 0.571559 -0.618151 255 0 0
8.816842 42.304893 -6.448489 0.707106 0.000000 0.707107 0.493092 -0.618151 255 0 0
6.324417 44.135101 -3.956067 0.707106 0.000000 0.707107 0.571559 -0.500091 255 0 0
8.816839 44.135101 -6.448487 0.707106 0.000000 0.707107 0.493092 -0.500091 255 0 0
8.816842 42.304893 -6.448489 1.000000 0.000002 -0.000001 0.493456 -0.618151 255 0 0
8.816840 42.304893 -8.210896 1.000000 0.000002 -0.000001 0.532690 -0.618151 255 0 0
8.816839 44.135101 -6.448487 1.000000 0.000002 -0.000001 0.493456 -0.500091 255 0 0
8.816839 44.135101 -6.448487 1.000000 0.000001 0.000000 0.493456 -0.500091 255 0 0
8.816840 42.304893 -8.210896 1.000000 0.000001 0.000000 0.532690 -0.618151 255 0 0
8.816839 44.135101 -9.973304 1.000000 0.000001 0.000000 0.571923 -0.500091 255 0 0
8.816840 42.304893 -8.210896 1.000000 0.000000 -0.000001 0.532690 -0.618151 255 0 0
8.816839 42.304893 -9.973304 1.000000 0.000000 -0.000001 0.571923 -0.618151 255 0 0
8.816839 44.135101 -9.973304 1.000000 0.000000 -0.000001 0.571923 -0.500091 255 0 0
8.816839 42.304893 -9.973304 0.707107 0.000000 -0.707106 0.493147 -0.618151 255 0 0
6.324422 42.304893 -12.465725 0.707107 0.000000 -0.707106 0.571615 -0.618152 255 0 0
8.816839 44.135101 -9.973304 0.707107 0.000000 -0.707106 0.493147 -0.500091 255 0 0
6.324422 42.304893 -12.465725 0.707107 0.000001 -0.707107 0.571615 -0.618152 255 0 0
6.324419 44.135101 -12.465725 0.707107 0.000001 -0.707107 0.571615 -0.500091 255 0 0
8.816839 44.135101 -9.973304 0.707107 0.000001 -0.707107 0.493147 -0.500091 255 0 0
6.324422 42.304893 -12.465725 0.000000 -0.000000 -1.000000 0.493223 -0.618152 255 0 0
2.799603 42.304893 -12.465725 0.000000 -0.000000 -1.000000 0.571690 -0.618152 255 0 0
6.324419 44.135101 -12.465725 0.000000 -0.000000 -1.000000 0.493223 -0.500091 255 0 0
2.799599 44.135101 -12.465725 -0.000000 -0.000000 -1.000000 0.571690 -0.500091 255 0 0
0.947010 45.408264 -9.708275 -0.666286 0.334847 -0.666288 0.115044 -0.047137 255 0 0
3.064631 45.408264 -11.825890 -0.666286 0.334847 -0.666288 0.020787 -0.047137 255 0 0
0.307174 44.135105 -9.708275 -0.666286 0.334847 -0.666288 0.123386 -0.085943 255 0 0
0.307174 44.135105 -9.708275 -0.667332 0.389404 -0.634849 0.123386 -0.085943 255 0 0
3.064631 45.408264 -11.825890 -0.667332 0.389404 -0.634849 0.020787 -0.047137 255 0 0
0.721861 44.135101 -10.144182 -0.667332 0.389404 -0.634849 0.106264 -0.085943 255 0 0
2.799599 44.135101 -12.465725 -0.669067 0.440210 -0.598803 0.012446 -0.085943 255 0 0
0.721861 44.135101 -10.144182 -0.669067 0.440210 -0.598803 0.106264 -0.085943 255 0 0
3.064631 45.408264 -11.825890 -0.669067 0.440210 -0.598803 0.020787 -0.047137 255 0 0
6.324419 44.135101 -12.465725 0.000000 0.449041 -0.893511 0.012491 -0.085935 255 0 0
2.799599 44.135101 -12.465725 0.000000 0.449041 -0.893511 0.123431 -0.085935 255 0 0
6.059389 45.408264 -11.825888 0.000000 0.449041 -0.893511 0.020832 -0.047129 255 0 0
2.799599 44.135101 -12.465725 0.000001 0.449040 -0.893512 0.123431 -0.085935 255 0 0
3.064631 45.408264 -11.825890 0.000001 0.449040 -0.893512 0.115089 -0.047129 255 0 0
6.059389 45.408264 -11.825888 0.000001 0.449040 -0.893512 0.020832 -0.047129 255 0 0
8.816839 44.135101 -9.973304 0.631808 0.449041 -0.631808 0.012621 -0.085776 255 0 0
6.324419 44.135101 -12.465725 0.631808 0.449041 -0.631808 0.123562 -0.085776 255 0 0
8.177002 45.408264 -9.708275 0.631808 0.449041 -0.631808 0.020963 -0.046971 255 0 0
6.059389 45.408264 -11.825888 0.631808 0.449041 -0.631808 0.115220 -0.046971 255 0 0
8.816839 44.135101 -6.448487 0.893511 0.449041 -0.000000 0.123525 -0.085821 255 0 0
8.816839 44.135101 -9.973304 0.893511 0.449041 -0.000000 0.012585 -0.085821 255 0 0
8.177002 45.408264 -6.713517 0.893511 0.449041 -0.000000 0.115184 -0.047016 255 0 0
8.177002 45.408264 -9.708275 0.893511 0.449041 0.000000 0.020927 -0.047016 255 0 0
6.324417 44.135101 -3.956067 0.631808 0.449039 0.631809 0.123511 -0.085882 255 0 0
8.816839 44.135101 -6.448487 0.631808 0.449039 0.631809 0.012571 -0.085882 255 0 0
6.059389 45.408264 -4.595902 0.631808 0.449039 0.631809 0.115169 -0.047076 255 0 0
8.816839 44.135101 -6.448487 0.631808 0.449041 0.631808 0.012571 -0.085882 255 0 0
8.177002 45.408264 -6.713517 0.631808 0.449041 0.631808 0.020912 -0.047076 255 0 0
6.059389 45.408264 -4.595902 0.631808 0.449041 0.631808 0.115169 -0.047076 255 0 0
2.799603 44.135101 -3.956067 0.000000 0.449039 0.893512 0.123526 -0.085829 255 0 0
6.324417 44.135101 -3.956067 0.000000 0.449039 0.893512 0.012586 -0.085829 255 0 0
3.064631 45.408264 -4.595902 0.000000 0.449039 0.893512 0.115185 -0.047023 255 0 0
6.059389 45.408264 -4.595902 -0.000000 0.449039 0.893512 0.020928 -0.047023 255 0 0
0.947010 45.408264 -6.713517 -0.666286 0.334847 0.666288 0.115147 -0.047082 255 0 0
0.307174 44.135105 -6.713517 -0.666286 0.334847 0.666288 0.123488 -0.085887 255 0 0
3.064631 45.408264 -4.595902 -0.666286 0.334847 0.666288 0.020889 -0.047082 255 0 0
0.307174 44.135105 -6.713517 -0.667332 0.389405 0.634848 0.123488 -0.085887 255 0 0
0.721861 44.135101 -6.277609 -0.667332 0.389405 0.634848 0.106367 -0.085887 255 0 0
3.064631 45.408264 -4.595902 -0.667332 0.389405 0.634848 0.020889 -0.047082 255 0 0
0.721861 44.135101 -6.277609 -0.669067 0.440209 0.598804 0.106367 -0.085887 255 0 0
2.799603 44.135101 -3.956067 -0.669067 0.440209 0.598804 0.012548 -0.085887 255 0 0
3.064631 45.408264 -4.595902 -0.669067 0.440209 0.598804 0.020889 -0.047082 255 0 0
0.307174 44.135105 -9.708275 -0.893511 0.449041 0.000000 0.023497 -0.085850 255 0 0
0.307174 44.135105 -6.713517 -0.893511 0.449041 0.000000 0.112509 -0.085850 255 0 0
0.947010 45.408264 -9.708275 -0.893511 0.449041 0.000000 0.020874 -0.047044 255 0 0
0.947010 45.408264 -6.713517 -0.893511 0.449041 0.000000 0.115132 -0.047044 255 0 0
6.059389 45.408264 -4.595902 -0.000000 1.000000 -0.000000 0.091257 -0.147728 255 0 0
8.177002 45.408264 -6.713517 -0.000000 1.000000 -0.000000 0.122887 -0.131913 255 0 0
3.064631 45.408264 -4.595902 -0.000000 1.000000 -0.000000 0.046497 -0.147714 255 0 0
8.177002 45.408264 -9.708275 -0.000000 1.000000 0.000000 0.122858 -0.109533 255 0 0
6.059389 45.408264 -11.825888 -0.000000 1.000000 0.000000 0.091188 -0.093698 255 0 0
3.064631 45.408264 -11.825890 -0.000000 1.000000 0.000000 0.046428 -0.093684 255 0 0
0.947010 45.408264 -9.708275 0.000000 1.000000 0.000000 0.014798 -0.109499 255 0 0
0.947010 45.408264 -6.713517 0.000000 1.000000 0.000000 0.014826 -0.131879 255 0 0
-0.007948 42.304890 -28.882338 0.000000 1.000000 -0.000000 0.677357 -0.706273 255 0 0
-0.007947 42.304893 -13.025747 0.000000 1.000000 -0.000000 0.677356 -0.616757 255 0 0
9.369569 42.304890 -28.882338 0.000000 1.000000 -0.000000 0.814206 -0.706273 255 0 0
9.369569 42.304893 -13.025749 -0.000000 1.000000 -0.000000 0.814214 -0.616758 255 0 0
-6.549786 24.952280 -15.429816 -0.339490 -0.940610 0.000000 0.593298 -0.561756 255 0 0
-6.549786 24.952280 -18.586384 -0.339490 -0.940610 0.000000 0.593380 -0.579722 255 0 0
-5.319428 24.508213 -16.443224 -0.339490 -0.940610 0.000000 0.607043 -0.567733 255 0 0
-5.319428 24.508213 -16.443224 -0.339087 -0.940755 -0.000261 0.607043 -0.567733 255 0 0
-6.549786 24.952280 -18.586384 -0.339087 -0.940755 -0.000261 0.593380 -0.579722 255 0 0
-5.304415 24.508215 -35.952385 -0.339087 -0.940755 -0.000261 0.607239 -0.677270 255 0 0
-6.549786 24.952280 -18.586384 -0.797580 -0.601763 -0.041809 0.593380 -0.579722 255 0 0
-7.490950 26.746639 -26.458443 -0.797580 -0.601763 -0.041809 0.572167 -0.623995 255 0 0
-5.304415 24.508215 -35.952385 -0.797580 -0.601763 -0.041809 0.607239 -0.677270 255 0 0
-7.490950 26.746639 -26.458443 -0.715349 -0.698767 0.000000 0.572167 -0.623995 255 0 0
-7.490950 26.746637 -35.368778 -0.715349 -0.698767 0.000000 0.572198 -0.674020 255 0 0
-5.304415 24.508215 -35.952385 -0.715349 -0.698767 0.000000 0.607239 -0.677270 255 0 0
6.533891 24.952280 -15.429816 0.339489 -0.940610 0.000000 0.593678 -0.561758 255 0 0
5.303530 24.508213 -16.443224 0.339489 -0.940610 0.000000 0.607451 -0.567731 255 0 0
6.533891 24.952280 -18.586384 0.339489 -0.940610 0.000000 0.593727 -0.579719 255 0 0
5.303530 24.508213 -16.443224 0.339087 -0.940755 -0.000261 0.607451 -0.567731 255 0 0
5.288517 24.508215 -35.952381 0.339087 -0.940755 -0.000261 0.607589 -0.677266 255 0 0
6.533891 24.952280 -18.586384 0.339087 -0.940755 -0.000261 0.593727 -0.579719 255 0 0
6.533891 24.952280 -18.586384 0.785619 -0.617380 -0.040552 0.593727 -0.579719 255 0 0
5.288517 24.508215 -35.952381 0.785619 -0.617380 -0.040552 0.607589 -0.677266 255 0 0
7.537647 26.746639 -26.458443 0.785619 -0.617380 -0.040552 0.572041 -0.623985 255 0 0
7.537647 26.746637 -35.399761 0.705418 -0.708792 0.000000 0.572045 -0.674184 255 0 0
7.537647 26.746639 -26.458443 0.705418 -0.708792 0.000000 0.572041 -0.623985 255 0 0
5.288517 24.508215 -35.952381 0.705418 -0.708792 0.000000 0.607589 -0.677266 255 0 0
7.537647 26.746639 -26.458443 0.796360 -0.604823 0.000000 0.572041 -0.623985 255 0 0
7.537647 26.746637 -35.399761 0.796360 -0.604823 0.000000 0.572045 -0.674184 255 0 0
11.656970 32.170486 -26.458443 0.796360 -0.604823 0.000000 0.495556 -0.623983 255 0 0
11.656970 32.170486 -26.458443 0.834762 -0.548143 -0.052074 0.495556 -0.623983 255 0 0
7.537647 26.746637 -35.399761 0.834762 -0.548143 -0.052074 0.572045 -0.674184 255 0 0
11.566402 32.275928 -29.020187 0.834762 -0.548143 -0.052074 0.495239 -0.638355 255 0 0
7.537647 26.746637 -35.399761 0.742795 -0.661370 0.104140 0.572045 -0.674184 255 0 0
9.838822 29.296886 -35.617184 0.742795 -0.661370 0.104140 0.533590 -0.675429 255 0 0
11.566402 32.275928 -29.020187 0.742795 -0.661370 0.104140 0.495239 -0.638355 255 0 0
5.166038 29.138426 63.691200 0.957946 0.033074 0.285035 0.580666 -0.110958 255 0 0
3.442075 31.236799 69.241623 0.957946 0.033074 0.285035 0.543401 -0.085749 255 0 0
2.127488 28.878893 73.933296 0.957946 0.033074 0.285035 0.594683 -0.063349 255 0 0
3.442075 31.236799 69.241623 0.958409 0.030326 0.283783 0.543401 -0.085749 255 0 0
2.397540 31.236799 72.769287 0.958409 0.030326 0.283783 0.544550 -0.068827 255 0 0
2.127488 28.878893 73.933296 0.958409 0.030326 0.283783 0.594683 -0.063349 255 0 0
-5.181931 29.138426 63.691200 -0.957946 0.033075 0.285034 0.580342 -0.110966 255 0 0
-2.143384 28.878893 73.933296 -0.957946 0.033075 0.285034 0.594332 -0.063341 255 0 0
-3.457968 31.236799 69.241623 -0.957946 0.033075 0.285034 0.543082 -0.085757 255 0 0
-2.143384 28.878893 73.933296 -0.958409 0.030327 0.283783 0.594332 -0.063341 255 0 0
-2.413434 31.236799 72.769287 -0.958409 0.030327 0.283783 0.544199 -0.068828 255 0 0
-3.457968 31.236799 69.241623 -0.958409 0.030327 0.283783 0.543082 -0.085757 255 0 0
-13.756510 41.237144 -14.554779 0.956647 -0.037241 -0.288861 0.773634 -0.809459 255 0 0
-14.455462 42.298622 -17.006416 0.956647 -0.037241 -0.288861 0.750233 -0.838165 255 0 0
-13.756510 42.935516 -14.773740 0.956647 -0.037241 -0.288861 0.735493 -0.811937 255 0 0
-14.455462 42.298622 -17.006416 0.956185 -0.027629 -0.291458 0.750233 -0.838165 255 0 0
-14.437008 42.937302 -17.006416 0.956185 -0.027629 -0.291458 0.735884 -0.838163 255 0 0
-13.756510 42.935516 -14.773740 0.956185 -0.027629 -0.291458 0.735493 -0.811937 255 0 0
-12.801111 39.174149 32.616764 -0.581115 -0.813819 -0.002199 0.265275 -0.022730 255 0 0
-13.809349 39.894730 32.379971 -0.581115 -0.813819 -0.002199 0.267877 -0.029688 255 0 0
-12.571198 39.150394 -19.347412 -0.581115 -0.813819 -0.002199 0.848840 -0.022739 255 0 0
-13.809349 39.894730 32.379971 -0.515227 -0.857054 0.000000 0.267877 -0.029688 255 0 0
-13.809351 39.894726 -3.421658 -0.515227 -0.857054 0.000000 0.669931 -0.030489 255 0 0
-12.571198 39.150394 -19.347412 -0.515227 -0.857054 0.000000 0.848840 -0.022739 255 0 0
-13.809351 39.894726 -3.421658 -0.515228 -0.857053 0.000000 0.669931 -0.030489 255 0 0
-13.809351 39.894726 -13.637342 -0.515228 -0.857053 0.000000 0.784653 -0.030717 255 0 0
-12.571198 39.150394 -19.347412 -0.515228 -0.857053 0.000000 0.848840 -0.022739 255 0 0
-13.809351 39.894726 -19.528002 -0.515228 -0.857053 0.000000 0.850805 -0.030849 255 0 0
-13.756510 41.237144 -1.939447 0.458063 -0.888920 0.000000 0.827140 -0.817346 255 0 0
-15.404453 40.387955 -2.352448 0.458063 -0.888920 0.000000 0.868759 -0.812668 255 0 0
-13.756510 41.237144 -3.421897 0.458063 -0.888920 0.000000 0.827075 -0.800698 255 0 0
-15.404453 40.387955 -2.352448 0.459751 -0.888042 0.003299 0.868759 -0.812668 255 0 0
-15.396780 40.387955 -3.421897 0.459751 -0.888042 0.003299 0.868562 -0.800658 255 0 0
-13.756510 41.237144 -3.421897 0.459751 -0.888042 0.003299 0.827075 -0.800698 255 0 0
-7.490950 26.746639 -26.458443 -0.791937 -0.610602 0.000000 0.572167 -0.623995 255 0 0
-11.672865 32.170486 -26.458443 -0.791937 -0.610602 0.000000 0.495257 -0.624001 255 0 0
-7.490950 26.746637 -35.368778 -0.791937 -0.610602 0.000000 0.572198 -0.674020 255 0 0
-11.672865 32.170486 -26.458443 -0.830485 -0.554591 -0.052187 0.495257 -0.624001 255 0 0
-11.582301 32.275928 -29.020187 -0.830485 -0.554591 -0.052187 0.494959 -0.638371 255 0 0
-7.490950 26.746637 -35.368778 -0.830485 -0.554591 -0.052187 0.572198 -0.674020 255 0 0
-7.490950 26.746637 -35.368778 -0.734274 -0.669849 0.110201 0.572198 -0.674020 255 0 0
-11.582301 32.275928 -29.020187 -0.734274 -0.669849 0.110201 0.494959 -0.638371 255 0 0
-9.854724 29.296886 -35.617184 -0.734274 -0.669849 0.110201 0.533283 -0.675447 255 0 0
19.179865 35.318077 -29.066473 0.321459 -0.796717 0.511767 0.390248 -0.940584 255 0 0
17.455286 37.531998 -24.536581 0.321459 -0.796717 0.511767 0.444736 -0.945338 255 0 0
11.566402 32.275928 -29.020187 0.321459 -0.796717 0.511767 0.389581 -0.986609 255 0 0
12.555303 39.150394 -19.347412 0.504948 -0.727104 0.465131 0.508043 -0.967947 255 0 0
11.566402 32.275928 -29.020187 0.504948 -0.727104 0.465131 0.389581 -0.986609 255 0 0
13.793457 39.894726 -19.528002 0.504948 -0.727104 0.465131 0.507927 -0.959925 255 0 0
11.566402 32.275928 -29.020187 0.267638 -0.781096 0.564145 0.389581 -0.986609 255 0 0
17.455286 37.531998 -24.536581 0.267638 -0.781096 0.564145 0.444736 -0.945338 255 0 0
13.793457 39.894726 -19.528002 0.267638 -0.781096 0.564145 0.507927 -0.959925 255 0 0
12.555303 39.150394 -19.347412 0.997388 -0.072092 -0.004380 0.849101 -0.022713 255 0 0
12.785216 39.174149 32.616764 0.997388 -0.072092 -0.004380 0.265531 -0.022638 255 0 0
12.313526 35.759209 -18.586386 0.997388 -0.072092 -0.004380 0.840596 -0.003623 255 0 0
12.785216 39.174149 32.616764 0.990534 -0.137267 0.000030 0.265531 -0.022638 255 0 0
12.311975 35.759212 32.730682 0.990534 -0.137267 0.000030 0.264303 -0.003302 255 0 0
12.313526 35.759209 -18.586386 0.990534 -0.137267 0.000030 0.840596 -0.003623 255 0 0
-19.193129 35.318077 -29.066473 -0.321567 -0.796710 0.511711 0.390173 -0.940496 255 0 0
-11.582301 32.275928 -29.020187 -0.321567 -0.796710 0.511711 0.389465 -0.986510 255 0 0
-17.469868 37.531998 -24.536581 -0.321567 -0.796710 0.511711 0.444656 -0.945258 255 0 0
-12.571198 39.150394 -19.347412 -0.504949 -0.727104 0.465131 0.507941 -0.967876 255 0 0
-13.809351 39.894726 -19.528002 -0.504949 -0.727104 0.465131 0.507832 -0.959854 255 0 0
-11.582301 32.275928 -29.020187 -0.504949 -0.727104 0.465131 0.389465 -0.986510 255 0 0
-13.809351 39.894726 -19.528002 -0.267708 -0.781088 0.564122 0.507832 -0.959854 255 0 0
-17.469868 37.531998 -24.536581 -0.267708 -0.781088 0.564122 0.444656 -0.945258 255 0 0
-11.582301 32.275928 -29.020187 -0.267708 -0.781088 0.564122 0.389465 -0.986510 255 0 0
12.785216 39.174149 32.616764 0.581114 -0.813819 -0.002199 0.265531 -0.022638 255 0 0
12.555303 39.150394 -19.347412 0.581114 -0.813819 -0.002199 0.849101 -0.022713 255 0 0
13.793455 39.894730 32.379971 0.581114 -0.813819 -0.002199 0.268133 -0.029596 255 0 0
12.555303 39.150394 -19.347412 0.515228 -0.857053 0.000000 0.849101 -0.022713 255 0 0
13.793457 39.894726 -19.528002 0.515228 -0.857053 0.000000 0.851060 -0.030823 255 0 0
13.793455 39.894730 32.379971 0.515228 -0.857053 0.000000 0.268133 -0.029596 255 0 0
-11.582301 32.275928 -29.020187 -0.995315 -0.088539 -0.038831 0.987383 -0.022644 255 0 0
-11.672865 32.170486 -26.458443 -0.995315 -0.088539 -0.038831 0.964658 -0.013790 255 0 0
-12.571198 39.150394 -19.347412 -0.995315 -0.088539 -0.038831 0.853663 -0.022475 255 0 0
-12.571198 39.150394 -19.347412 -0.995629 -0.081302 -0.045975 0.853663 -0.022475 255 0 0
-11.672865 32.170486 -26.458443 -0.995629 -0.081302 -0.045975 0.964658 -0.013790 255 0 0
-12.329420 35.759209 -18.586386 -0.995629 -0.081302 -0.045975 0.869010 -0.004486 255 0 0
-9.385463 42.304897 32.720158 -0.463983 0.872923 -0.150746 0.813980 -0.358507 255 0 0
-13.809349 39.894730 32.379971 -0.463983 0.872923 -0.150746 0.887455 -0.360377 255 0 0
-13.735035 42.304890 46.107738 -0.463983 0.872923 -0.150746 0.873552 -0.282481 255 0 0
-13.735035 42.304890 46.107738 -0.592982 0.793626 -0.136125 0.873552 -0.282481 255 0 0
-13.809349 39.894730 32.379971 -0.592982 0.793626 -0.136125 0.887455 -0.360377 255 0 0
-16.303686 40.297226 45.592255 -0.592982 0.793626 -0.136125 0.918527 -0.285460 255 0 0
13.793455 39.894730 32.379971 0.452067 -0.776678 -0.438643 0.512352 -0.959026 255 0 0
17.875580 35.346657 44.639999 0.452067 -0.776678 -0.438643 0.392207 -0.937536 255 0 0
12.785216 39.174149 32.616764 0.452067 -0.776678 -0.438643 0.508347 -0.969524 255 0 0
17.875580 35.346657 44.639999 0.271831 -0.877762 -0.394515 0.392207 -0.937536 255 0 0
11.889869 33.642113 44.308159 0.271831 -0.877762 -0.394515 0.392175 -0.989153 255 0 0
12.785216 39.174149 32.616764 0.271831 -0.877762 -0.394515 0.508347 -0.969524 255 0 0
-13.809349 39.894730 32.379971 -0.452067 -0.776677 -0.438643 0.512418 -0.959350 255 0 0
-12.801111 39.174149 32.616764 -0.452067 -0.776677 -0.438643 0.508373 -0.969834 255 0 0
-17.891476 35.346657 44.639999 -0.452067 -0.776677 -0.438643 0.392389 -0.937403 255 0 0
-12.801111 39.174149 32.616764 -0.271831 -0.877762 -0.394515 0.508373 -0.969834 255 0 0
-11.905764 33.642113 44.308159 -0.271831 -0.877762 -0.394515 0.392143 -0.989019 255 0 0
-17.891476 35.346657 44.639999 -0.271831 -0.877762 -0.394515 0.392389 -0.937403 255 0 0
9.369571 42.304897 32.720158 0.463984 0.872923 -0.150746 0.814236 -0.358506 255 0 0
13.719138 42.304890 46.107738 0.463984 0.872923 -0.150746 0.873823 -0.282481 255 0 0
13.793455 39.894730 32.379971 0.463984 0.872923 -0.150746 0.887712 -0.360378 255 0 0
13.793455 39.894730 32.379971 0.592983 0.793626 -0.136125 0.887712 -0.360378 255 0 0
13.719138 42.304890 46.107738 0.592983 0.793626 -0.136125 0.873823 -0.282481 255 0 0
16.287785 40.297226 45.592255 0.592983 0.793626 -0.136125 0.918795 -0.285461 255 0 0
-9.385463 42.304893 -13.025746 -0.478415 0.878134 -0.000000 0.813949 -0.616757 255 0 0
-9.385465 42.304890 -28.882338 -0.478415 0.878134 -0.000000 0.813949 -0.706273 255 0 0
-9.921753 42.012718 -13.637050 -0.478415 0.878134 -0.000000 0.822863 -0.620209 255 0 0
-18.233238 37.484550 -28.958057 -0.480425 0.877033 -0.002307 0.960985 -0.706702 255 0 0
-9.385470 42.304890 -38.969868 -0.480425 0.877033 -0.002307 0.813950 -0.763220 255 0 0
-18.165243 37.473274 -47.403400 -0.480425 0.877033 -0.002307 0.960127 -0.810832 255 0 0
-9.385470 42.304890 -38.969868 -0.484620 0.874718 0.003386 0.813950 -0.763220 255 0 0
-9.598697 42.304893 -69.492958 -0.484620 0.874718 0.003386 0.816756 -0.935519 255 0 0
-18.165243 37.473274 -47.403400 -0.484620 0.874718 0.003386 0.960127 -0.810832 255 0 0
-18.165243 37.473274 -47.403400 -0.505705 0.862674 -0.007426 0.960127 -0.810832 255 0 0
-9.598697 42.304893 -69.492958 -0.505705 0.862674 -0.007426 0.816756 -0.935519 255 0 0
-18.023596 37.484558 -55.738762 -0.505705 0.862674 -0.007426 0.958219 -0.857880 255 0 0
-9.598697 42.304893 -69.492958 -0.546396 0.836497 -0.041524 0.816756 -0.935519 255 0 0
-17.092142 37.135822 -75.020409 -0.546396 0.836497 -0.041524 0.947739 -0.967037 255 0 0
-18.023596 37.484558 -55.738762 -0.546396 0.836497 -0.041524 0.958219 -0.857880 255 0 0
-16.226509 35.346657 54.990856 -0.613930 -0.016632 0.789185 0.518194 -0.320103 255 0 0
-15.730945 35.345715 55.376350 -0.613930 -0.016632 0.789185 0.503995 -0.321859 255 0 0
-14.784269 40.297226 56.217148 -0.613930 -0.016632 0.789185 0.518194 -0.361840 255 0 0
-14.784269 40.297226 56.217148 -0.529961 -0.042496 0.846956 0.518194 -0.361840 255 0 0
-15.730945 35.345715 55.376350 -0.529961 -0.042496 0.846956 0.503995 -0.321859 255 0 0
-14.320073 40.036293 56.494514 -0.529961 -0.042496 0.846956 0.503725 -0.361422 255 0 0
16.210615 35.346657 54.990856 0.613930 -0.016632 0.789185 0.518232 -0.320095 255 0 0
14.768376 40.297226 56.217148 0.613930 -0.016632 0.789185 0.518232 -0.361831 255 0 0
15.715051 35.345715 55.376350 0.613930 -0.016632 0.789185 0.504032 -0.321851 255 0 0
14.768376 40.297226 56.217148 0.529963 -0.042495 0.846956 0.518232 -0.361831 255 0 0
14.304182 40.036293 56.494514 0.529963 -0.042495 0.846956 0.503762 -0.361413 255 0 0
15.715051 35.345715 55.376350 0.529963 -0.042495 0.846956 0.504032 -0.321851 255 0 0
14.304182 40.036293 56.494514 0.677820 0.667861 0.307445 0.350982 -0.154770 255 0 0
12.197813 41.892323 57.106560 0.677820 0.667861 0.307445 0.319651 -0.153476 255 0 0
11.341615 38.418118 66.541214 0.677820 0.667861 0.307445 0.349400 -0.098468 255 0 0
12.197813 41.892323 57.106560 0.681177 0.664814 0.306627 0.319651 -0.153476 255 0 0
9.624855 39.963860 67.003624 0.681177 0.664814 0.306627 0.322682 -0.097993 255 0 0
11.341615 38.418118 66.541214 0.681177 0.664814 0.306627 0.349400 -0.098468 255 0 0
14.768376 40.297226 56.217148 0.419702 0.195532 0.886351 0.517083 -0.364879 255 0 0
12.435182 42.304890 56.879059 0.419702 0.195532 0.886351 0.517083 -0.389672 255 0 0
14.304182 40.036293 56.494514 0.419702 0.195532 0.886351 0.503709 -0.366737 255 0 0
12.435182 42.304890 56.879059 0.446693 0.221057 0.866948 0.517083 -0.389672 255 0 0
12.197813 41.892323 57.106560 0.446693 0.221057 0.866948 0.504340 -0.389362 255 0 0
14.304182 40.036293 56.494514 0.446693 0.221057 0.866948 0.503709 -0.366737 255 0 0
-14.320073 40.036293 56.494514 -0.677821 0.667859 0.307445 0.350616 -0.154890 255 0 0
-11.357506 38.418118 66.541214 -0.677821 0.667859 0.307445 0.349413 -0.098582 255 0 0
-12.213711 41.892323 57.106560 -0.677821 0.667859 0.307445 0.319297 -0.153386 255 0 0
-11.357506 38.418118 66.541214 -0.681178 0.664813 0.306627 0.349413 -0.098582 255 0 0
-9.640750 39.963860 67.003624 -0.681178 0.664813 0.306627 0.322676 -0.097930 255 0 0
-12.213711 41.892323 57.106560 -0.681178 0.664813 0.306627 0.319297 -0.153386 255 0 0
-14.784269 40.297226 56.217148 -0.419702 0.195530 0.886351 0.517236 -0.364845 255 0 0
-14.320073 40.036293 56.494514 -0.419702 0.195530 0.886351 0.503862 -0.366702 255 0 0
-12.451083 42.304890 56.879059 -0.419702 0.195530 0.886351 0.517236 -0.389637 255 0 0
-12.451083 42.304890 56.879059 -0.446692 0.221054 0.866950 0.517236 -0.389637 255 0 0
-14.320073 40.036293 56.494514 -0.446692 0.221054 0.866950 0.503862 -0.366702 255 0 0
-12.213711 41.892323 57.106560 -0.446692 0.221054 0.866950 0.504493 -0.389328 255 0 0
-15.730945 35.345715 55.376350 -0.935427 0.214350 0.281124 0.398608 -0.155265 255 0 0
-12.511971 35.791515 65.747414 -0.935427 0.214350 0.281124 0.393419 -0.097088 255 0 0
-14.320073 40.036293 56.494514 -0.935427 0.214350 0.281124 0.358944 -0.154365 255 0 0
-12.511971 35.791515 65.747414 -0.900483 0.300893 0.313997 0.393419 -0.097088 255 0 0
-11.357506 38.418118 66.541214 -0.900483 0.300893 0.313997 0.356434 -0.097245 255 0 0
-14.320073 40.036293 56.494514 -0.900483 0.300893 0.313997 0.358944 -0.154365 255 0 0
15.715051 35.345715 55.376350 0.935427 0.214349 0.281124 0.398622 -0.155182 255 0 0
14.304182 40.036293 56.494514 0.935427 0.214349 0.281124 0.358956 -0.154311 255 0 0
12.496076 35.791515 65.747414 0.935427 0.214349 0.281124 0.393364 -0.097004 255 0 0
14.304182 40.036293 56.494514 0.900483 0.300891 0.313997 0.358956 -0.154311 255 0 0
11.341615 38.418118 66.541214 0.900483 0.300891 0.313997 0.356433 -0.097190 255 0 0
12.496076 35.791515 65.747414 0.900483 0.300891 0.313997 0.393364 -0.097004 255 0 0
-11.357507 38.418118 71.635361 -0.538125 0.363496 0.760455 0.515972 -0.366081 255 0 0
-11.001114 38.301311 71.943390 -0.538125 0.363496 0.760455 0.504214 -0.367892 255 0 0
-9.661126 39.912327 72.121552 -0.538125 0.363496 0.760455 0.516791 -0.382789 255 0 0
-11.001114 38.301311 71.943390 -0.489899 0.317702 0.811828 0.504214 -0.367892 255 0 0
-9.470762 39.589325 72.362831 -0.489899 0.317702 0.811828 0.504186 -0.382658 255 0 0
-9.661126 39.912327 72.121552 -0.489899 0.317702 0.811828 0.516791 -0.382789 255 0 0
10.773602 33.642113 54.562431 0.813888 -0.574226 0.088599 0.489513 -0.162862 255 0 0
7.702923 29.111790 53.408455 0.813888 -0.574226 0.088599 0.541509 -0.169770 255 0 0
11.889869 33.642113 44.308159 0.813888 -0.574226 0.088599 0.488658 -0.224733 255 0 0
7.702923 29.111790 53.408455 0.800037 -0.595669 0.071551 0.541509 -0.169770 255 0 0
8.509318 29.111790 44.391880 0.800037 -0.595669 0.071551 0.542164 -0.224950 255 0 0
11.889869 33.642113 44.308159 0.800037 -0.595669 0.071551 0.488658 -0.224733 255 0 0
17.875580 35.346657 44.639999 0.271380 -0.961482 0.043652 0.409090 -0.224946 255 0 0
16.210615 35.346657 54.990856 0.271380 -0.961482 0.043652 0.425352 -0.160866 255 0 0
11.889869 33.642113 44.308159 0.271380 -0.961482 0.043652 0.488658 -0.224733 255 0 0
11.889869 33.642113 44.308159 0.296677 -0.954432 0.032296 0.488658 -0.224733 255 0 0
16.210615 35.346657 54.990856 0.296677 -0.954432 0.032296 0.425352 -0.160866 255 0 0
10.773602 33.642113 54.562431 0.296677 -0.954432 0.032296 0.489513 -0.162862 255 0 0
-10.789497 33.642113 54.562431 -0.812906 -0.575633 0.088492 0.489161 -0.162894 255 0 0
-11.905764 33.642113 44.308159 -0.812906 -0.575633 0.088492 0.488596 -0.224777 255 0 0
-7.718818 29.111790 53.300953 -0.812906 -0.575633 0.088492 0.541107 -0.169767 255 0 0
-11.905764 33.642113 44.308159 -0.799994 -0.595622 0.072410 0.488596 -0.224777 255 0 0
-8.525210 29.111790 44.391880 -0.799994 -0.595622 0.072410 0.542151 -0.224963 255 0 0
-7.718818 29.111790 53.300953 -0.799994 -0.595622 0.072410 0.541107 -0.169767 255 0 0
-17.891476 35.346657 44.639999 -0.271380 -0.961482 0.043652 0.408982 -0.225128 255 0 0
-11.905764 33.642113 44.308159 -0.271380 -0.961482 0.043652 0.488596 -0.224777 255 0 0
-16.226509 35.346657 54.990856 -0.271380 -0.961482 0.043652 0.424997 -0.161028 255 0 0
-11.905764 33.642113 44.308159 -0.296677 -0.954432 0.032296 0.488596 -0.224777 255 0 0
-10.789497 33.642113 54.562431 -0.296677 -0.954432 0.032296 0.489161 -0.162894 255 0 0
-16.226509 35.346657 54.990856 -0.296677 -0.954432 0.032296 0.424997 -0.161028 255 0 0
-6.921699 25.286646 43.710453 -0.916334 -0.395392 0.063222 0.588861 -0.228736 255 0 0
-6.262299 25.286646 53.267742 -0.916334 -0.395392 0.063222 0.588632 -0.170928 255 0 0
-8.525210 29.111790 44.391880 -0.916334 -0.395392 0.063222 0.542151 -0.224963 255 0 0
-6.262299 25.286646 53.267742 -0.930975 -0.355224 0.084266 0.588632 -0.170928 255 0 0
-7.718818 29.111790 53.300953 -0.930975 -0.355224 0.084266 0.541107 -0.169767 255 0 0
-8.525210 29.111790 44.391880 -0.930975 -0.355224 0.084266 0.542151 -0.224963 255 0 0
-14.784269 40.297226 56.217148 -0.959616 0.245570 0.137230 0.919404 -0.225291 255 0 0
-16.303686 40.297226 45.592255 -0.959616 0.245570 0.137230 0.918527 -0.285460 255 0 0
-16.226509 35.346657 54.990856 -0.959616 0.245570 0.137230 0.987894 -0.231518 255 0 0
-16.303686 40.297226 45.592255 -0.949222 0.275073 0.152685 0.918527 -0.285460 255 0 0
-17.891476 35.346657 44.639999 -0.949222 0.275073 0.152685 0.993940 -0.290312 255 0 0
-16.226509 35.346657 54.990856 -0.949222 0.275073 0.152685 0.987894 -0.231518 255 0 0
-12.451083 42.304890 56.879059 -0.662997 0.744439 0.079030 0.858689 -0.222119 255 0 0
-13.735035 42.304890 46.107738 -0.662997 0.744439 0.079030 0.873552 -0.282481 255 0 0
-14.784269 40.297226 56.217148 -0.662997 0.744439 0.079030 0.904763 -0.225291 255 0 0
-13.735035 42.304890 46.107738 -0.624419 0.775969 0.089295 0.873552 -0.282481 255 0 0
-16.303686 40.297226 45.592255 -0.624419 0.775969 0.089295 0.918527 -0.285460 255 0 0
-14.784269 40.297226 56.217148 -0.624419 0.775969 0.089295 0.904763 -0.225291 255 0 0
-7.718818 29.111790 53.300953 -0.910330 -0.348568 0.223160 0.541107 -0.169767 255 0 0
-6.262299 25.286646 53.267742 -0.910330 -0.348568 0.223160 0.588632 -0.170928 255 0 0
-5.181931 29.138426 63.691200 -0.910330 -0.348568 0.223160 0.543014 -0.110966 255 0 0
-5.181931 29.138426 63.691200 -0.940289 -0.275858 0.199397 0.543014 -0.110966 255 0 0
-6.262299 25.286646 53.267742 -0.940289 -0.275858 0.199397 0.588632 -0.170928 255 0 0
-4.086921 25.286648 63.526119 -0.940289 -0.275858 0.199397 0.583109 -0.110977 255 0 0
-8.420037 34.324718 65.299683 -0.798082 -0.564032 0.211976 0.489167 -0.099761 255 0 0
-10.789497 33.642113 54.562431 -0.798082 -0.564032 0.211976 0.489161 -0.162894 255 0 0
-5.181931 29.138426 63.691200 -0.798082 -0.564032 0.211976 0.541222 -0.110966 255 0 0
-10.789497 33.642113 54.562431 -0.786268 -0.586812 0.193480 0.489161 -0.162894 255 0 0
-7.718818 29.111790 53.300953 -0.786268 -0.586812 0.193480 0.541107 -0.169767 255 0 0
-5.181931 29.138426 63.691200 -0.786268 -0.586812 0.193480 0.541222 -0.110966 255 0 0
-15.730945 35.345715 55.376350 -0.303074 -0.943410 0.134621 0.399000 -0.154072 255 0 0
-10.789497 33.642113 54.562431 -0.303074 -0.943410 0.134621 0.447854 -0.157185 255 0 0
-12.511971 35.791515 65.747414 -0.303074 -0.943410 0.134621 0.401778 -0.096084 255 0 0
-10.789497 33.642113 54.562431 -0.321847 -0.937736 0.130639 0.447854 -0.157185 255 0 0
-8.420037 34.324718 65.299683 -0.321847 -0.937736 0.130639 0.450282 -0.096100 255 0 0
-12.511971 35.791515 65.747414 -0.321847 -0.937736 0.130639 0.401778 -0.096084 255 0 0
-11.357506 38.418118 66.541214 -0.669123 0.743152 -0.000000 0.349413 -0.098582 255 0 0
-11.357507 38.418118 71.635361 -0.669123 0.743152 -0.000000 0.350780 -0.067395 255 0 0
-9.640750 39.963860 67.003624 -0.669123 0.743152 -0.000000 0.322676 -0.097930 255 0 0
-9.640750 39.963860 67.003624 -0.661760 0.749699 0.004914 0.322676 -0.097930 255 0 0
-11.357507 38.418118 71.635361 -0.661760 0.749699 0.004914 0.350780 -0.067395 255 0 0
-9.661126 39.912327 72.121552 -0.661760 0.749699 0.004914 0.328021 -0.067298 255 0 0
-12.511971 35.791515 70.771713 -0.651651 0.037314 0.757601 0.517450 -0.340735 255 0 0
-12.001656 36.037174 71.198563 -0.651651 0.037314 0.757601 0.504265 -0.344601 255 0 0
-11.357507 38.418118 71.635361 -0.651651 0.037314 0.757601 0.517450 -0.362385 255 0 0
-11.357507 38.418118 71.635361 -0.646862 0.035249 0.761792 0.517450 -0.362385 255 0 0
-12.001656 36.037174 71.198563 -0.646862 0.035249 0.761792 0.504265 -0.344601 255 0 0
-11.001114 38.301311 71.943390 -0.646862 0.035249 0.761792 0.504159 -0.363279 255 0 0
-12.511971 35.791515 70.771713 -0.187256 -0.737822 0.648501 0.521707 -0.338531 255 0 0
-8.420037 34.324722 70.284447 -0.187256 -0.737822 0.648501 0.524163 -0.306930 255 0 0
-12.001656 36.037174 71.198563 -0.187256 -0.737822 0.648501 0.504323 -0.336030 255 0 0
-8.420037 34.324722 70.284447 -0.285950 -0.842132 0.457215 0.524163 -0.306930 255 0 0
-8.416927 34.675293 70.932098 -0.285950 -0.842132 0.457215 0.504107 -0.308269 255 0 0
-12.001656 36.037174 71.198563 -0.285950 -0.842132 0.457215 0.504323 -0.336030 255 0 0
6.905807 25.286646 43.710453 0.916334 -0.395392 0.063222 0.589155 -0.228737 255 0 0
8.509318 29.111790 44.391880 0.916334 -0.395392 0.063222 0.542164 -0.224950 255 0 0
6.246403 25.286646 53.267742 0.916334 -0.395392 0.063222 0.588931 -0.170928 255 0 0
7.702923 29.111790 53.408455 0.930281 -0.357288 0.083200 0.541509 -0.169770 255 0 0
6.246403 25.286646 53.267742 0.930281 -0.357288 0.083200 0.588931 -0.170928 255 0 0
8.509318 29.111790 44.391880 0.930281 -0.357288 0.083200 0.542164 -0.224950 255 0 0
14.768376 40.297226 56.217148 0.959616 0.245570 0.137230 0.919659 -0.225291 255 0 0
16.210615 35.346657 54.990856 0.959616 0.245570 0.137230 0.988152 -0.231517 255 0 0
16.287785 40.297226 45.592255 0.959616 0.245570 0.137230 0.918795 -0.285461 255 0 0
16.287785 40.297226 45.592255 0.949221 0.275074 0.152685 0.918795 -0.285461 255 0 0
16.210615 35.346657 54.990856 0.949221 0.275074 0.152685 0.988152 -0.231517 255 0 0
17.875580 35.346657 44.639999 0.949221 0.275074 0.152685 0.994208 -0.290311 255 0 0
12.435182 42.304890 56.879059 0.662995 0.744440 0.079030 0.858942 -0.222119 255 0 0
14.768376 40.297226 56.217148 0.662995 0.744440 0.079030 0.905019 -0.225291 255 0 0
13.719138 42.304890 46.107738 0.662995 0.744440 0.079030 0.873823 -0.282481 255 0 0
13.719138 42.304890 46.107738 0.624420 0.775968 0.089295 0.873823 -0.282481 255 0 0
14.768376 40.297226 56.217148 0.624420 0.775968 0.089295 0.905019 -0.225291 255 0 0
16.287785 40.297226 45.592255 0.624420 0.775968 0.089295 0.918795 -0.285461 255 0 0
7.702923 29.111790 53.408455 0.907824 -0.353950 0.224889 0.541509 -0.169770 255 0 0
5.166038 29.138426 63.691200 0.907824 -0.353950 0.224889 0.543338 -0.110958 255 0 0
6.246403 25.286646 53.267742 0.907824 -0.353950 0.224889 0.588931 -0.170928 255 0 0
5.166038 29.138426 63.691200 0.940289 -0.275858 0.199396 0.543338 -0.110958 255 0 0
4.071026 25.286648 63.526119 0.940289 -0.275858 0.199396 0.583427 -0.110982 255 0 0
6.246403 25.286646 53.267742 0.940289 -0.275858 0.199396 0.588931 -0.170928 255 0 0
8.404145 34.324718 65.299683 0.798082 -0.564032 0.211975 0.489487 -0.099740 255 0 0
5.166038 29.138426 63.691200 0.798082 -0.564032 0.211975 0.541547 -0.110958 255 0 0
10.773602 33.642113 54.562431 0.798082 -0.564032 0.211975 0.489513 -0.162862 255 0 0
5.166038 29.138426 63.691200 0.787840 -0.583898 0.195883 0.541547 -0.110958 255 0 0
7.702923 29.111790 53.408455 0.787840 -0.583898 0.195883 0.541509 -0.169770 255 0 0
10.773602 33.642113 54.562431 0.787840 -0.583898 0.195883 0.489513 -0.162862 255 0 0
15.715051 35.345715 55.376350 0.303074 -0.943411 0.134621 0.399280 -0.154103 255 0 0
12.496076 35.791515 65.747414 0.303074 -0.943411 0.134621 0.401730 -0.096096 255 0 0
10.773602 33.642113 54.562431 0.303074 -0.943411 0.134621 0.448447 -0.157175 255 0 0
10.773602 33.642113 54.562431 0.321847 -0.937735 0.130639 0.448447 -0.157175 255 0 0
12.496076 35.791515 65.747414 0.321847 -0.937735 0.130639 0.401730 -0.096096 255 0 0
8.404145 34.324718 65.299683 0.321847 -0.937735 0.130639 0.450457 -0.096089 255 0 0
9.645230 39.912327 72.121552 0.661759 0.749700 0.004914 0.327932 -0.067233 255 0 0
11.341615 38.418118 71.635361 0.661759 0.749700 0.004914 0.350789 -0.067388 255 0 0
9.624855 39.963860 67.003624 0.661759 0.749700 0.004914 0.322682 -0.097993 255 0 0
9.624855 39.963860 67.003624 0.669122 0.743152 -0.000000 0.322682 -0.097993 255 0 0
11.341615 38.418118 71.635361 0.669122 0.743152 -0.000000 0.350789 -0.067388 255 0 0
11.341615 38.418118 66.541214 0.669122 0.743152 -0.000000 0.349400 -0.098468 255 0 0
11.341615 38.418118 71.635361 0.538123 0.363494 0.760458 0.515992 -0.366074 255 0 0
9.645230 39.912327 72.121552 0.538123 0.363494 0.760458 0.516738 -0.382782 255 0 0
10.985219 38.301311 71.943390 0.538123 0.363494 0.760458 0.504233 -0.367885 255 0 0
9.645230 39.912327 72.121552 0.489899 0.317701 0.811828 0.516738 -0.382782 255 0 0
9.454865 39.589325 72.362831 0.489899 0.317701 0.811828 0.504133 -0.382650 255 0 0
10.985219 38.301311 71.943390 0.489899 0.317701 0.811828 0.504233 -0.367885 255 0 0
12.496076 35.791515 70.771713 0.651651 0.037313 0.757600 0.517384 -0.340731 255 0 0
11.341615 38.418118 71.635361 0.651651 0.037313 0.757600 0.517384 -0.362381 255 0 0
11.985761 36.037174 71.198563 0.651651 0.037313 0.757600 0.504200 -0.344596 255 0 0
11.341615 38.418118 71.635361 0.646859 0.035247 0.761794 0.517384 -0.362381 255 0 0
10.985219 38.301311 71.943390 0.646859 0.035247 0.761794 0.504094 -0.363275 255 0 0
11.985761 36.037174 71.198563 0.646859 0.035247 0.761794 0.504200 -0.344596 255 0 0
12.496076 35.791515 70.771713 0.187256 -0.737822 0.648501 0.521527 -0.338535 255 0 0
11.985761 36.037174 71.198563 0.187256 -0.737822 0.648501 0.504144 -0.336035 255 0 0
8.404145 34.324722 70.284447 0.187256 -0.737822 0.648501 0.524169 -0.306934 255 0 0
11.985761 36.037174 71.198563 0.285950 -0.842132 0.457216 0.504144 -0.336035 255 0 0
8.401034 34.675293 70.932098 0.285950 -0.842132 0.457216 0.504299 -0.308274 255 0 0
8.404145 34.324722 70.284447 0.285950 -0.842132 0.457216 0.524169 -0.306934 255 0 0
-11.905764 33.642113 44.308159 -0.997613 -0.029563 0.062410 0.112358 -0.022738 255 0 0
-12.801111 39.174149 32.616764 -0.997613 -0.029563 0.062410 0.257938 -0.022681 255 0 0
-12.075291 32.174374 40.903072 -0.997613 -0.029563 0.062410 0.140037 -0.005177 255 0 0
-12.801111 39.174149 32.616764 -0.989951 -0.138188 -0.030020 0.257938 -0.022681 255 0 0
-12.327873 35.759212 32.730682 -0.989951 -0.138188 -0.030020 0.240257 -0.005366 255 0 0
-12.075291 32.174374 40.903072 -0.989951 -0.138188 -0.030020 0.140037 -0.005177 255 0 0
11.889869 33.642113 44.308159 0.997613 -0.029563 0.062411 0.112499 -0.022525 255 0 0
12.059396 32.174374 40.903072 0.997613 -0.029563 0.062411 0.140053 -0.005177 255 0 0
12.785216 39.174149 32.616764 0.997613 -0.029563 0.062411 0.258089 -0.022543 255 0 0
12.059396 32.174374 40.903072 0.989951 -0.138189 -0.030021 0.140053 -0.005177 255 0 0
12.311975 35.759212 32.730682 0.989951 -0.138189 -0.030021 0.240230 -0.005380 255 0 0
12.785216 39.174149 32.616764 0.989951 -0.138189 -0.030021 0.258089 -0.022543 255 0 0
5.530132 26.746637 32.730682 0.729406 -0.660199 -0.179176 0.586242 -0.288596 255 0 0
7.537649 26.746637 40.903072 0.729406 -0.660199 -0.179176 0.566763 -0.242354 255 0 0
6.905807 25.286646 43.710453 0.729406 -0.660199 -0.179176 0.586152 -0.229807 255 0 0
2.922885 39.963860 67.003624 -0.773085 0.597207 0.213738 0.517140 -0.468241 255 0 0
2.700083 39.590187 67.241837 -0.773085 0.597207 0.213738 0.504103 -0.466975 255 0 0
4.298050 39.912327 72.121552 -0.773085 0.597207 0.213738 0.518393 -0.429949 255 0 0
2.700083 39.590187 67.241837 -0.622571 0.767419 0.153212 0.504103 -0.466975 255 0 0
3.959276 39.589325 72.362831 -0.622571 0.767419 0.153212 0.504185 -0.428873 255 0 0
4.298050 39.912327 72.121552 -0.622571 0.767419 0.153212 0.518393 -0.429949 255 0 0
-2.938783 39.963860 67.003624 0.773085 0.597207 0.213737 0.517171 -0.468240 255 0 0
-4.313942 39.912327 72.121552 0.773085 0.597207 0.213737 0.518399 -0.429947 255 0 0
-2.715981 39.590187 67.241837 0.773085 0.597207 0.213737 0.504135 -0.466973 255 0 0
-4.313942 39.912327 72.121552 0.622575 0.767415 0.153213 0.518399 -0.429947 255 0 0
-3.975173 39.589325 72.362831 0.622575 0.767415 0.153213 0.504190 -0.428872 255 0 0
-2.715981 39.590187 67.241837 0.622575 0.767415 0.153213 0.504135 -0.466973 255 0 0
2.127488 28.878893 73.933296 0.885737 -0.389238 0.252911 0.594683 -0.063349 255 0 0
1.629685 26.774288 72.437630 0.885737 -0.389238 0.252911 0.621145 -0.070258 255 0 0
5.166038 29.138426 63.691200 0.885737 -0.389238 0.252911 0.580666 -0.110958 255 0 0
1.629685 26.774288 72.437630 0.915277 -0.272901 0.296300 0.621145 -0.070258 255 0 0
4.071026 25.286648 63.526119 0.915277 -0.272901 0.296300 0.620755 -0.110982 255 0 0
5.166038 29.138426 63.691200 0.915277 -0.272901 0.296300 0.580666 -0.110958 255 0 0
-2.143384 28.878893 73.933296 -0.885737 -0.389238 0.252910 0.594332 -0.063341 255 0 0
-5.181931 29.138426 63.691200 -0.885737 -0.389238 0.252910 0.580342 -0.110966 255 0 0
-1.645580 26.774288 72.437630 -0.885737 -0.389238 0.252910 0.620800 -0.070245 255 0 0
-5.181931 29.138426 63.691200 -0.915277 -0.272900 0.296300 0.580342 -0.110966 255 0 0
-4.086921 25.286648 63.526119 -0.915277 -0.272900 0.296300 0.620438 -0.110977 255 0 0
-1.645580 26.774288 72.437630 -0.915277 -0.272900 0.296300 0.620800 -0.070245 255 0 0
3.187803 34.675293 70.932098 0.000000 -0.879429 0.476030 0.504124 -0.273592 255 0 0
4.196544 34.324722 70.284447 0.000000 -0.879429 0.476030 0.521960 -0.278057 255 0 0
8.401034 34.675293 70.932098 0.000000 -0.879429 0.476030 0.504402 -0.304608 255 0 0
8.404145 34.324722 70.284447 0.000000 -0.879429 0.476030 0.524972 -0.304594 255 0 0
11.566402 32.275928 -29.020187 0.995316 -0.088538 -0.038833 0.987630 -0.022698 255 0 0
12.555303 39.150394 -19.347412 0.995316 -0.088538 -0.038833 0.853906 -0.022530 255 0 0
11.656970 32.170486 -26.458443 0.995316 -0.088538 -0.038833 0.964905 -0.013843 255 0 0
12.555303 39.150394 -19.347412 0.995629 -0.081301 -0.045975 0.853906 -0.022530 255 0 0
12.313526 35.759209 -18.586386 0.995629 -0.081301 -0.045975 0.869259 -0.004542 255 0 0
11.656970 32.170486 -26.458443 0.995629 -0.081301 -0.045975 0.964905 -0.013843 255 0 0
-12.571198 39.150394 -19.347412 -0.997388 -0.072093 -0.004380 0.848840 -0.022739 255 0 0
-12.329420 35.759209 -18.586386 -0.997388 -0.072093 -0.004380 0.840329 -0.003650 255 0 0
-12.801111 39.174149 32.616764 -0.997388 -0.072093 -0.004380 0.265275 -0.022730 255 0 0
-12.329420 35.759209 -18.586386 -0.990534 -0.137266 0.000030 0.840329 -0.003650 255 0 0
-12.327873 35.759212 32.730682 -0.990534 -0.137266 0.000030 0.264025 -0.003394 255 0 0
-12.801111 39.174149 32.616764 -0.990534 -0.137266 0.000030 0.265275 -0.022730 255 0 0
5.166038 29.138426 63.691200 0.698430 -0.570208 0.432503 0.541547 -0.110958 255 0 0
8.404145 34.324718 65.299683 0.698430 -0.570208 0.432503 0.489487 -0.099740 255 0 0
3.442075 31.236799 69.241623 0.698430 -0.570208 0.432503 0.539710 -0.088122 255 0 0
8.404145 34.324718 65.299683 0.708393 -0.375015 0.597949 0.489487 -0.099740 255 0 0
4.196544 34.324722 70.284447 0.708393 -0.375015 0.597949 0.506080 -0.077323 255 0 0
3.442075 31.236799 69.241623 0.708393 -0.375015 0.597949 0.539710 -0.088122 255 0 0
-5.181931 29.138426 63.691200 -0.698430 -0.570208 0.432503 0.541222 -0.110966 255 0 0
-3.457968 31.236799 69.241623 -0.698430 -0.570208 0.432503 0.539391 -0.088130 255 0 0
-8.420037 34.324718 65.299683 -0.698430 -0.570208 0.432503 0.489167 -0.099761 255 0 0
-8.420037 34.324718 65.299683 -0.708393 -0.375015 0.597949 0.489167 -0.099761 255 0 0
-3.457968 31.236799 69.241623 -0.708393 -0.375015 0.597949 0.539391 -0.088130 255 0 0
-4.212438 34.324722 70.284447 -0.708393 -0.375015 0.597949 0.505789 -0.077331 255 0 0
-7.553542 26.746637 40.903072 -0.921849 -0.387502 0.005954 0.566484 -0.242356 255 0 0
-6.921699 25.286646 43.710453 -0.921849 -0.387502 0.005954 0.585858 -0.229807 255 0 0
-8.525210 29.111790 44.391880 -0.921849 -0.387502 0.005954 0.542151 -0.224963 255 0 0
10.022099 32.275936 -46.940845 0.318454 -0.947541 -0.027443 0.203660 -0.989075 255 0 0
19.165070 35.351383 -47.032001 0.318454 -0.947541 -0.027443 0.204153 -0.939192 255 0 0
11.566402 32.275928 -29.020187 0.318454 -0.947541 -0.027443 0.389581 -0.986609 255 0 0
11.566402 32.275928 -29.020187 0.371039 -0.928615 -0.002027 0.389581 -0.986609 255 0 0
19.165070 35.351383 -47.032001 0.371039 -0.928615 -0.002027 0.204153 -0.939192 255 0 0
19.179865 35.318077 -29.066473 0.371039 -0.928615 -0.002027 0.390248 -0.940584 255 0 0
18.149399 37.473236 -47.403400 0.902229 0.431243 -0.003588 0.960523 -0.810777 255 0 0
18.217342 37.484550 -28.958057 0.902229 0.431243 -0.003588 0.961065 -0.706648 255 0 0
19.165070 35.351383 -47.032001 0.902229 0.431243 -0.003588 0.994855 -0.808695 255 0 0
18.217342 37.484550 -28.958057 0.913867 0.406014 0.000000 0.961065 -0.706648 255 0 0
19.179865 35.318077 -29.066473 0.913867 0.406014 0.000000 0.995657 -0.707273 255 0 0
19.165070 35.351383 -47.032001 0.913867 0.406014 0.000000 0.994855 -0.808695 255 0 0
-18.165243 37.473274 -47.403400 -0.902653 0.430354 -0.003591 0.960127 -0.810832 255 0 0
-19.178406 35.351303 -47.031563 -0.902653 0.430354 -0.003591 0.994450 -0.808762 255 0 0
-18.233238 37.484550 -28.958057 -0.902653 0.430354 -0.003591 0.960985 -0.706702 255 0 0
-19.178406 35.351303 -47.031563 -0.914279 0.405086 -0.000000 0.994450 -0.808762 255 0 0
-19.193129 35.318077 -29.066473 -0.914279 0.405086 -0.000000 0.995560 -0.707343 255 0 0
-18.233238 37.484550 -28.958057 -0.914279 0.405086 -0.000000 0.960985 -0.706702 255 0 0
-10.751446 32.464691 -46.982674 -0.323830 -0.945787 -0.024918 0.203230 -0.989067 255 0 0
-11.582301 32.275928 -29.020187 -0.323830 -0.945787 -0.024918 0.389465 -0.986510 255 0 0
-19.178406 35.351303 -47.031563 -0.323830 -0.945787 -0.024918 0.204078 -0.939066 255 0 0
-11.582301 32.275928 -29.020187 -0.371150 -0.928571 -0.002022 0.389465 -0.986510 255 0 0
-19.193129 35.318077 -29.066473 -0.371150 -0.928571 -0.002022 0.390173 -0.940496 255 0 0
-19.178406 35.351303 -47.031563 -0.371150 -0.928571 -0.002022 0.204078 -0.939066 255 0 0
5.288517 24.508215 -35.952381 -0.000000 -1.000000 -0.000000 0.607589 -0.677266 255 0 0
5.303530 24.508213 -16.443224 -0.000000 -1.000000 -0.000000 0.607451 -0.567731 255 0 0
-0.007948 24.508215 -35.940674 -0.000000 -1.000000 -0.000000 0.667071 -0.677207 255 0 0
-0.007950 24.508213 -16.443224 0.000000 -1.000000 -0.000000 0.667099 -0.567732 255 0 0
6.533891 24.952280 -15.429816 0.000000 -0.915924 0.401351 0.593678 -0.561758 255 0 0
-0.007948 24.952280 -15.429816 0.000000 -0.915924 0.401351 0.667084 -0.561757 255 0 0
5.303530 24.508213 -16.443224 0.000000 -0.915924 0.401351 0.607451 -0.567731 255 0 0
-0.007950 24.508213 -16.443224 0.000000 -0.915924 0.401351 0.667099 -0.567732 255 0 0
6.533891 24.952280 -15.429816 0.000000 -0.884387 0.466755 0.593678 -0.561758 255 0 0
5.530132 26.746635 -12.029951 0.000000 -0.884387 0.466755 0.604897 -0.539932 255 0 0
-0.007948 24.952280 -15.429816 0.000000 -0.884387 0.466755 0.667084 -0.561757 255 0 0
-0.007950 26.746635 -12.029951 0.000000 -0.884387 0.466755 0.667090 -0.539929 255 0 0
7.537647 23.157925 -18.586384 -0.872730 -0.488202 0.000000 0.437649 -0.292666 255 0 0
7.537647 23.157927 32.730682 -0.872730 -0.488202 0.000000 0.437667 -0.580816 255 0 0
6.533891 24.952280 -18.586384 -0.872730 -0.488202 0.000000 0.460738 -0.292669 255 0 0
6.533891 24.952280 -18.586384 -0.872730 -0.488203 0.000000 0.460738 -0.292669 255 0 0
7.537647 23.157927 32.730682 -0.872730 -0.488203 0.000000 0.437667 -0.580816 255 0 0
6.533891 24.952280 -15.429816 -0.872730 -0.488203 0.000000 0.460739 -0.310392 255 0 0
7.537647 23.157927 32.730682 -0.872731 -0.488202 0.000000 0.437667 -0.580816 255 0 0
6.533891 24.952282 32.730682 -0.872731 -0.488202 0.000000 0.460756 -0.580816 255 0 0
6.533891 24.952280 -15.429816 -0.872731 -0.488202 0.000000 0.460739 -0.310392 255 0 0
-6.549786 24.952280 -15.429816 0.872731 -0.488202 0.000000 0.460778 -0.310627 255 0 0
-5.546031 26.746635 -12.029951 0.872731 -0.488202 0.000000 0.483868 -0.329718 255 0 0
-6.549786 24.952284 32.730675 0.872731 -0.488202 0.000000 0.460780 -0.580808 255 0 0
-5.546031 26.746635 -12.029951 0.872730 -0.488202 0.000000 0.483868 -0.329718 255 0 0
-5.546031 26.746637 32.730682 0.872730 -0.488202 0.000000 0.483870 -0.580810 255 0 0
-6.549786 24.952284 32.730675 0.872730 -0.488202 0.000000 0.460780 -0.580808 255 0 0
6.533891 24.952280 -18.586384 -0.851887 -0.476542 -0.217246 0.460738 -0.292669 255 0 0
7.537647 26.746639 -26.458443 -0.851887 -0.476542 -0.217246 0.472881 -0.247392 255 0 0
7.537647 23.157925 -18.586384 -0.851887 -0.476542 -0.217246 0.437649 -0.292666 255 0 0
3.442075 31.236799 69.241623 -0.000000 1.000000 0.000000 0.610849 -0.073769 255 0 0
-0.007947 31.236799 69.241623 -0.000000 1.000000 0.000000 0.588125 -0.073767 255 0 0
2.397540 31.236799 72.769287 -0.000000 1.000000 0.000000 0.603967 -0.103071 255 0 0
-2.413434 31.236799 72.769287 -0.000000 1.000000 0.000000 0.572280 -0.103068 255 0 0
-3.457968 31.236799 69.241623 -0.000000 1.000000 0.000000 0.565402 -0.073765 255 0 0
-13.756510 42.935516 -14.773740 1.000000 -0.000000 0.000000 0.735493 -0.811937 255 0 0
-13.756510 42.935516 -13.637577 1.000000 -0.000000 0.000000 0.735505 -0.799163 255 0 0
-13.756510 41.237144 -14.554779 1.000000 -0.000000 0.000000 0.773634 -0.809459 255 0 0
-13.756510 41.237144 -13.637577 1.000000 0.000000 0.000000 0.773650 -0.799174 255 0 0
-9.385463 42.304897 32.720158 -0.478414 0.878134 -0.000000 0.813980 -0.358507 255 0 0
-9.385463 42.304893 -3.421897 -0.478414 0.878134 -0.000000 0.813949 -0.562540 255 0 0
-13.809349 39.894730 32.379971 -0.478414 0.878134 -0.000000 0.887455 -0.360377 255 0 0
-13.809351 39.894726 -3.421658 -0.478414 0.878134 -0.000000 0.887468 -0.562539 255 0 0
-13.756510 42.935516 -1.113012 1.000000 0.000000 -0.000000 0.789033 -0.826664 255 0 0
-13.756510 41.237144 -1.939447 1.000000 0.000000 -0.000000 0.827140 -0.817346 255 0 0
-13.756510 42.935516 -2.687953 1.000000 0.000000 -0.000000 0.788961 -0.808978 255 0 0
-13.756510 41.237144 -3.421897 1.000000 0.000000 -0.000000 0.827075 -0.800698 255 0 0
-13.756509 42.935516 -3.421897 1.000000 -0.000001 0.000001 0.788927 -0.800735 255 0 0
-13.756510 42.935516 -2.687953 1.000000 -0.000001 0.000001 0.788961 -0.808978 255 0 0
-13.756510 41.237144 -3.421897 1.000000 -0.000001 0.000001 0.827075 -0.800698 255 0 0
-16.669834 32.170494 40.903072 -0.000773 0.915612 0.402063 0.076297 -0.629186 255 0 0
-12.075291 32.174374 40.903072 -0.000773 0.915612 0.402063 0.020304 -0.629176 255 0 0
-16.597189 35.759212 32.730682 -0.000773 0.915612 0.402063 0.075361 -0.580807 255 0 0
-12.327873 35.759212 32.730682 -0.000000 0.915769 0.401704 0.027416 -0.580807 255 0 0
-16.597189 35.759212 32.730682 -0.000000 0.915769 0.401704 0.075361 -0.580807 255 0 0
-12.075291 32.174374 40.903072 -0.000000 0.915769 0.401704 0.020304 -0.629176 255 0 0
-12.327873 35.759212 32.730682 0.000000 1.000000 -0.000000 0.027416 -0.580807 255 0 0
-12.329420 35.759209 -18.586386 0.000000 1.000000 -0.000000 0.027433 -0.292436 255 0 0
-16.597189 35.759212 32.730682 0.000000 1.000000 -0.000000 0.075361 -0.580807 255 0 0
-16.597189 35.759209 -18.586386 0.000000 1.000000 -0.000000 0.075361 -0.292438 255 0 0
-11.672865 32.170486 -26.458443 0.000000 0.909908 -0.414810 0.022029 -0.244078 255 0 0
-16.669834 32.170486 -26.458443 0.000000 0.909908 -0.414810 0.078146 -0.244199 255 0 0
-12.329420 35.759209 -18.586386 0.000000 0.909908 -0.414810 0.027433 -0.292436 255 0 0
-16.597189 35.759209 -18.586386 0.000000 0.909908 -0.414810 0.075361 -0.292438 255 0 0
7.537649 26.746637 40.903072 0.000000 0.000000 1.000000 0.235200 -0.690327 255 0 0
16.653938 26.746637 40.903072 0.000000 0.000000 1.000000 0.235194 -0.640359 255 0 0
12.059396 32.174374 40.903072 0.000000 0.000000 1.000000 0.179223 -0.665915 255 0 0
16.653938 32.170494 40.903072 0.000000 0.000000 1.000000 0.179263 -0.640360 255 0 0
-7.490950 26.746639 -26.458443 0.000000 -0.000000 -1.000000 0.235400 -0.181754 255 0 0
-16.669834 26.746639 -26.458443 0.000000 -0.000000 -1.000000 0.235427 -0.233294 255 0 0
-11.672865 32.170486 -26.458443 0.000000 -0.000000 -1.000000 0.178731 -0.206672 255 0 0
-16.669834 32.170486 -26.458443 -0.000000 -0.000000 -1.000000 0.178990 -0.232783 255 0 0
7.537647 23.157927 32.730682 -0.853341 -0.477356 0.209620 0.437667 -0.580816 255 0 0
7.537649 26.746637 40.903072 -0.853341 -0.477356 0.209620 0.473129 -0.631762 255 0 0
6.533891 24.952282 32.730682 -0.853341 -0.477356 0.209620 0.460756 -0.580816 255 0 0
7.537649 26.746637 40.903072 -0.853340 -0.477357 0.209620 0.473129 -0.631762 255 0 0
5.530132 26.746637 32.730682 -0.853340 -0.477357 0.209620 0.483846 -0.580817 255 0 0
6.533891 24.952282 32.730682 -0.853340 -0.477357 0.209620 0.460756 -0.580816 255 0 0
-7.553542 23.157927 32.730682 0.000000 -1.000000 0.000000 0.437691 -0.580806 255 0 0
-16.597189 23.157927 32.730682 0.000000 -1.000000 0.000000 0.336129 -0.580808 255 0 0
-7.553542 23.157925 -18.586384 0.000000 -1.000000 0.000000 0.437689 -0.292904 255 0 0
-16.597189 23.157925 -18.586384 0.000000 -1.000000 0.000000 0.336128 -0.292903 255 0 0
6.533891 24.952280 -15.429816 -0.872730 -0.488204 0.000000 0.460739 -0.310392 255 0 0
6.533891 24.952282 32.730682 -0.872730 -0.488204 0.000000 0.460756 -0.580816 255 0 0
5.530132 26.746635 -12.029951 -0.872730 -0.488204 0.000000 0.483830 -0.329482 255 0 0
5.530132 26.746637 32.730682 -0.872730 -0.488204 0.000000 0.483845 -0.580816 255 0 0
7.537647 23.157925 -18.586384 0.000000 -1.000000 0.000000 0.437649 -0.292666 255 0 0
16.581293 23.157925 -18.586384 0.000000 -1.000000 0.000000 0.336088 -0.292669 255 0 0
7.537647 23.157927 32.730682 0.000000 -1.000000 0.000000 0.437667 -0.580816 255 0 0
16.581293 23.157927 32.730682 0.000000 -1.000000 0.000000 0.336105 -0.580819 255 0 0
24.740677 26.746635 -14.525389 0.827820 -0.000000 -0.560993 0.235068 -0.315473 255 0 0
16.653938 26.746639 -26.458443 0.827820 -0.000000 -0.560993 0.235149 -0.232873 255 0 0
24.740677 32.170490 -14.525390 0.827820 -0.000000 -0.560993 0.178618 -0.315476 255 0 0
16.653938 32.170486 -26.458443 0.827820 0.000000 -0.560993 0.179017 -0.232877 255 0 0
-7.553542 26.746637 40.903072 -0.000000 0.000000 1.000000 0.235387 -0.690322 255 0 0
-12.075291 32.174374 40.903072 -0.000000 0.000000 1.000000 0.179125 -0.665677 255 0 0
-16.669834 26.746637 40.903072 -0.000000 0.000000 1.000000 0.235416 -0.640354 255 0 0
-16.669834 32.170494 40.903072 0.000000 0.000000 1.000000 0.179184 -0.640345 255 0 0
16.581293 23.157927 32.730682 0.515409 -0.786304 0.340705 0.336105 -0.580819 255 0 0
24.740677 26.746635 28.669683 0.515409 -0.786304 0.340705 0.235084 -0.558017 255 0 0
16.653938 26.746637 40.903072 0.515409 -0.786304 0.340705 0.315540 -0.629872 255 0 0
-24.756578 26.746635 28.669683 -0.515409 -0.786304 0.340705 0.235090 -0.558006 255 0 0
-16.597189 23.157927 32.730682 -0.515409 -0.786304 0.340705 0.336129 -0.580808 255 0 0
-16.669834 26.746637 40.903072 -0.515409 -0.786304 0.340705 0.315472 -0.629613 255 0 0
-16.669834 32.170494 40.903072 -0.834211 0.000000 0.551446 0.179184 -0.640345 255 0 0
-24.756578 32.170494 28.669683 -0.834211 0.000000 0.551446 0.178676 -0.557888 255 0 0
-16.669834 26.746637 40.903072 -0.834211 0.000000 0.551446 0.235416 -0.640354 255 0 0
-24.756578 26.746635 28.669683 -0.834211 0.000000 0.551446 0.235090 -0.558006 255 0 0
-16.597189 35.759212 32.730682 -0.515409 0.786303 0.340706 0.075361 -0.580807 255 0 0
-24.756578 32.170494 28.669683 -0.515409 0.786303 0.340706 0.178676 -0.557888 255 0 0
-16.669834 32.170494 40.903072 -0.515409 0.786303 0.340706 0.090895 -0.628386 255 0 0
12.059396 32.174374 40.903072 0.000773 0.915760 0.401724 0.020246 -0.629217 255 0 0
16.653938 32.170494 40.903072 0.000773 0.915760 0.401724 0.076365 -0.629174 255 0 0
12.311975 35.759212 32.730682 0.000773 0.915760 0.401724 0.027349 -0.580824 255 0 0
16.653938 32.170494 40.903072 -0.000000 0.915609 0.402069 0.076365 -0.629174 255 0 0
16.581293 35.759212 32.730682 -0.000000 0.915609 0.402069 0.075294 -0.580820 255 0 0
12.311975 35.759212 32.730682 -0.000000 0.915609 0.402069 0.027349 -0.580824 255 0 0
24.740677 32.170494 28.669683 0.515410 0.786303 0.340706 0.178633 -0.558017 255 0 0
16.581293 35.759212 32.730682 0.515410 0.786303 0.340706 0.075294 -0.580820 255 0 0
16.653938 32.170494 40.903072 0.515410 0.786303 0.340706 0.090759 -0.628483 255 0 0
24.740677 26.746635 -14.525389 0.517809 -0.780217 -0.350907 0.235068 -0.315473 255 0 0
16.581293 23.157925 -18.586384 0.517809 -0.780217 -0.350907 0.336088 -0.292669 255 0 0
16.653938 26.746639 -26.458443 0.517809 -0.780217 -0.350907 0.315428 -0.245200 255 0 0
16.581293 35.759209 -18.586386 0.517810 0.780216 -0.350907 0.075277 -0.292441 255 0 0
24.740677 32.170490 -14.525390 0.517810 0.780216 -0.350907 0.178618 -0.315476 255 0 0
16.653938 32.170486 -26.458443 0.517810 0.780216 -0.350907 0.098255 -0.245203 255 0 0
11.656970 32.170486 -26.458443 0.000000 0.909908 -0.414810 0.022295 -0.244095 255 0 0
12.313526 35.759209 -18.586386 0.000000 0.909908 -0.414810 0.027349 -0.292442 255 0 0
16.653938 32.170486 -26.458443 0.000000 0.909908 -0.414810 0.078412 -0.244095 255 0 0
16.581293 35.759209 -18.586386 0.000000 0.909908 -0.414810 0.075277 -0.292441 255 0 0
-24.756578 32.170490 -14.525390 -0.517810 0.780216 -0.350907 0.178675 -0.315231 255 0 0
-16.597189 35.759209 -18.586386 -0.517810 0.780216 -0.350907 0.075361 -0.292438 255 0 0
-16.669834 32.170486 -26.458443 -0.517810 0.780216 -0.350907 0.098252 -0.244932 255 0 0
-16.669834 26.746639 -26.458443 -0.827820 0.000000 -0.560994 0.235427 -0.233294 255 0 0
-24.756578 26.746635 -14.525389 -0.827820 0.000000 -0.560994 0.235088 -0.315460 255 0 0
-16.669834 32.170486 -26.458443 -0.827820 0.000000 -0.560994 0.178990 -0.232783 255 0 0
-24.756578 32.170490 -14.525390 -0.827820 -0.000000 -0.560994 0.178675 -0.315231 255 0 0
-16.597189 23.157925 -18.586384 -0.517809 -0.780217 -0.350907 0.336128 -0.292903 255 0 0
-24.756578 26.746635 -14.525389 -0.517809 -0.780217 -0.350907 0.235088 -0.315460 255 0 0
-16.669834 26.746639 -26.458443 -0.517809 -0.780217 -0.350907 0.315649 -0.245210 255 0 0
7.537647 23.157925 -18.586384 0.000000 -0.909908 -0.414809 0.437649 -0.292666 255 0 0
7.537647 26.746639 -26.458443 0.000000 -0.909908 -0.414809 0.437646 -0.242482 255 0 0
16.581293 23.157925 -18.586384 0.000000 -0.909908 -0.414809 0.336088 -0.292669 255 0 0
16.653938 26.746639 -26.458443 -0.000000 -0.909908 -0.414809 0.335269 -0.242484 255 0 0
24.740677 32.170494 28.669683 0.834211 0.000000 0.551445 0.178633 -0.558017 255 0 0
16.653938 32.170494 40.903072 0.834211 0.000000 0.551445 0.179263 -0.640360 255 0 0
24.740677 26.746635 28.669683 0.834211 0.000000 0.551445 0.235084 -0.558017 255 0 0
16.653938 26.746637 40.903072 0.834211 -0.000000 0.551445 0.235194 -0.640359 255 0 0
-16.597189 35.759212 32.730682 -0.402606 0.915373 -0.000000 0.075361 -0.580807 255 0 0
-16.597189 35.759209 -18.586386 -0.402606 0.915373 -0.000000 0.075361 -0.292438 255 0 0
-24.756578 32.170494 28.669683 -0.402606 0.915373 -0.000000 0.178676 -0.557888 255 0 0
-16.597189 35.759209 -18.586386 -0.402606 0.915374 -0.000000 0.075361 -0.292438 255 0 0
-24.756578 32.170490 -14.525390 -0.402606 0.915374 -0.000000 0.178675 -0.315231 255 0 0
-24.756578 32.170494 28.669683 -0.402606 0.915374 -0.000000 0.178676 -0.557888 255 0 0
-16.597189 23.157925 -18.586384 -0.402605 -0.915374 0.000000 0.336128 -0.292903 255 0 0
-16.597189 23.157927 32.730682 -0.402605 -0.915374 0.000000 0.336129 -0.580808 255 0 0
-24.756578 26.746635 -14.525389 -0.402605 -0.915374 0.000000 0.235088 -0.315460 255 0 0
-24.756578 26.746635 28.669683 -0.402605 -0.915374 0.000000 0.235090 -0.558006 255 0 0
16.581293 35.759209 -18.586386 0.402606 0.915373 -0.000000 0.075277 -0.292441 255 0 0
16.581293 35.759212 32.730682 0.402606 0.915373 -0.000000 0.075294 -0.580820 255 0 0
24.740677 32.170490 -14.525390 0.402606 0.915373 -0.000000 0.178618 -0.315476 255 0 0
24.740677 32.170494 28.669683 0.402606 0.915373 -0.000000 0.178633 -0.558017 255 0 0
16.581293 23.157927 32.730682 0.402605 -0.915374 0.000000 0.336105 -0.580819 255 0 0
16.581293 23.157925 -18.586384 0.402605 -0.915374 0.000000 0.336088 -0.292669 255 0 0
24.740677 26.746635 28.669683 0.402605 -0.915374 0.000000 0.235084 -0.558017 255 0 0
24.740677 26.746635 -14.525389 0.402605 -0.915374 0.000000 0.235068 -0.315473 255 0 0
-24.756578 26.746635 -14.525389 -1.000000 -0.000000 -0.000000 0.235088 -0.315460 255 0 0
-24.756578 26.746635 28.669683 -1.000000 -0.000000 -0.000000 0.235090 -0.558006 255 0 0
-24.756578 32.170490 -14.525390 -1.000000 -0.000000 -0.000000 0.178675 -0.315231 255 0 0
-24.756578 32.170494 28.669683 -1.000000 0.000000 0.000000 0.178676 -0.557888 255 0 0
24.740677 26.746635 28.669683 1.000000 0.000000 -0.000000 0.235084 -0.558017 255 0 0
24.740677 26.746635 -14.525389 1.000000 0.000000 -0.000000 0.235068 -0.315473 255 0 0
24.740677 32.170494 28.669683 1.000000 0.000000 -0.000000 0.178633 -0.558017 255 0 0
24.740677 32.170490 -14.525390 1.000000 0.000000 0.000000 0.178618 -0.315476 255 0 0
12.311975 35.759212 32.730682 0.000000 1.000000 -0.000000 0.027349 -0.580824 255 0 0
16.581293 35.759212 32.730682 0.000000 1.000000 -0.000000 0.075294 -0.580820 255 0 0
12.313526 35.759209 -18.586386 0.000000 1.000000 -0.000000 0.027349 -0.292442 255 0 0
16.581293 35.759209 -18.586386 0.000000 1.000000 -0.000000 0.075277 -0.292441 255 0 0
-19.193129 35.318077 -29.066473 -0.906417 0.393983 0.152266 0.995560 -0.707343 255 0 0
-17.469868 37.531998 -24.536581 -0.906417 0.393983 0.152266 0.956010 -0.681444 255 0 0
-18.233238 37.484550 -28.958057 -0.906417 0.393983 0.152266 0.960985 -0.706702 255 0 0
7.537649 26.746637 40.903072 0.750382 -0.625129 0.214802 0.566763 -0.242354 255 0 0
12.059396 32.174374 40.903072 0.750382 -0.625129 0.214802 0.499458 -0.244240 255 0 0
8.509318 29.111790 44.391880 0.750382 -0.625129 0.214802 0.542164 -0.224950 255 0 0
-8.525210 29.111790 44.391880 -0.770944 -0.570033 0.284091 0.542151 -0.224963 255 0 0
-11.905764 33.642113 44.308159 -0.770944 -0.570033 0.284091 0.488596 -0.224777 255 0 0
-12.075291 32.174374 40.903072 -0.770944 -0.570033 0.284091 0.499440 -0.244185 255 0 0
13.793455 39.894730 32.379971 0.924943 0.332192 -0.184739 0.920906 -0.360378 255 0 0
16.287785 40.297226 45.592255 0.924943 0.332192 -0.184739 0.918795 -0.285461 255 0 0
17.875580 35.346657 44.639999 0.924943 0.332192 -0.184739 0.994184 -0.289961 255 0 0
-16.303686 40.297226 45.592255 -0.924944 0.332191 -0.184739 0.918527 -0.285460 255 0 0
-13.809349 39.894730 32.379971 -0.924944 0.332191 -0.184739 0.920650 -0.360377 255 0 0
-17.891476 35.346657 44.639999 -0.924944 0.332191 -0.184739 0.993919 -0.289958 255 0 0
12.435182 42.304890 56.879059 -0.000000 0.482878 0.875687 0.515859 -0.392540 255 0 0
7.297131 42.304890 56.879059 -0.000000 0.482878 0.875687 0.515859 -0.432955 255 0 0
12.197813 41.892323 57.106560 -0.000000 0.482878 0.875687 0.504444 -0.394410 255 0 0
-0.007949 41.892323 57.106560 0.000000 0.482878 0.875687 0.504444 -0.490525 255 0 0
-0.007951 42.304890 56.879059 -0.000000 0.482878 0.875687 0.515859 -0.490525 255 0 0
12.197813 41.892323 57.106560 -0.000000 0.981540 0.191255 0.314967 -0.152597 255 0 0
-0.007949 41.892323 57.106560 -0.000000 0.981540 0.191255 0.163910 -0.153307 255 0 0
9.624855 39.963860 67.003624 -0.000000 0.981540 0.191255 0.289914 -0.097102 255 0 0
2.922885 39.963860 67.003624 0.000000 0.981540 0.191255 0.209615 -0.097102 255 0 0
-0.007949 39.963860 67.003624 0.000000 0.981540 0.191255 0.169536 -0.097221 255 0 0
-6.921699 25.286646 43.710453 -0.000000 -1.000000 -0.000000 0.588861 -0.228736 255 0 0
-0.007946 25.286646 43.710453 -0.000000 -1.000000 -0.000000 0.666252 -0.229777 255 0 0
-6.262299 25.286646 53.267742 -0.000000 -1.000000 -0.000000 0.588632 -0.170928 255 0 0
-0.007949 25.286646 53.267742 0.000000 -1.000000 0.000000 0.666248 -0.171994 255 0 0
-4.086921 25.286648 63.526119 0.000000 -1.000000 0.000000 0.620438 -0.110977 255 0 0
-0.007947 25.286648 63.526119 0.000000 -1.000000 0.000000 0.666243 -0.110694 255 0 0
-12.511971 35.791515 70.771713 -0.337435 -0.941349 0.000000 0.396316 -0.067450 255 0 0
-12.511971 35.791515 65.747414 -0.337435 -0.941349 0.000000 0.401778 -0.096084 255 0 0
-8.420037 34.324722 70.284447 -0.337435 -0.941349 0.000000 0.445436 -0.067850 255 0 0
-8.420037 34.324722 70.284447 -0.337436 -0.941348 0.000001 0.445436 -0.067850 255 0 0
-12.511971 35.791515 65.747414 -0.337436 -0.941348 0.000001 0.401778 -0.096084 255 0 0
-8.420037 34.324718 65.299683 -0.337436 -0.941348 0.000001 0.450282 -0.096100 255 0 0
-11.357507 38.418118 71.635361 -0.915474 0.402377 -0.000000 0.354018 -0.067305 255 0 0
-11.357506 38.418118 66.541214 -0.915474 0.402377 -0.000000 0.356434 -0.097245 255 0 0
-12.511971 35.791515 70.771713 -0.915474 0.402377 -0.000000 0.393899 -0.067267 255 0 0
-12.511971 35.791515 65.747414 -0.915474 0.402377 0.000000 0.393419 -0.097088 255 0 0
-2.938783 39.963860 67.003624 -0.000000 0.999949 0.010069 0.209565 -0.097067 255 0 0
-9.640750 39.963860 67.003624 -0.000000 0.999949 0.010069 0.290008 -0.097066 255 0 0
-4.313942 39.912327 72.121552 -0.000000 0.999949 0.010069 0.227598 -0.068328 255 0 0
-9.661126 39.912327 72.121552 0.000000 0.999949 0.010069 0.287648 -0.068328 255 0 0
-3.975173 39.589325 72.362831 0.000000 0.598456 0.801155 0.504157 -0.426187 255 0 0
-4.313942 39.912327 72.121552 0.000000 0.598456 0.801155 0.515574 -0.423739 255 0 0
-9.470762 39.589325 72.362831 0.000000 0.598456 0.801155 0.504157 -0.386478 255 0 0
-9.661126 39.912327 72.121552 0.000000 0.598456 0.801156 0.515574 -0.385102 255 0 0
-9.470762 39.589325 72.362831 0.000000 0.598456 0.801156 0.504157 -0.386478 255 0 0
-4.313942 39.912327 72.121552 0.000000 0.598456 0.801156 0.515574 -0.423739 255 0 0
8.404145 34.324718 65.299683 0.337436 -0.941348 0.000001 0.450457 -0.096089 255 0 0
12.496076 35.791515 65.747414 0.337436 -0.941348 0.000001 0.401730 -0.096096 255 0 0
8.404145 34.324722 70.284447 0.337436 -0.941348 0.000001 0.445418 -0.067907 255 0 0
8.404145 34.324722 70.284447 0.337436 -0.941349 0.000000 0.445418 -0.067907 255 0 0
12.496076 35.791515 65.747414 0.337436 -0.941349 0.000000 0.401730 -0.096096 255 0 0
12.496076 35.791515 70.771713 0.337436 -0.941349 0.000000 0.396305 -0.067446 255 0 0
11.341615 38.418118 71.635361 0.915475 0.402375 0.000000 0.353998 -0.067290 255 0 0
12.496076 35.791515 70.771713 0.915475 0.402375 0.000000 0.393896 -0.067239 255 0 0
11.341615 38.418118 66.541214 0.915475 0.402375 0.000000 0.356433 -0.097190 255 0 0
12.496076 35.791515 65.747414 0.915475 0.402375 -0.000000 0.393364 -0.097004 255 0 0
2.922885 39.963860 67.003624 0.000000 0.999949 0.010069 0.209615 -0.097102 255 0 0
4.298050 39.912327 72.121552 0.000000 0.999949 0.010069 0.227576 -0.068363 255 0 0
9.624855 39.963860 67.003624 0.000000 0.999949 0.010069 0.289914 -0.097102 255 0 0
9.645230 39.912327 72.121552 0.000000 0.999949 0.010069 0.287625 -0.068363 255 0 0
3.959276 39.589325 72.362831 0.000000 0.598456 0.801155 0.504194 -0.426184 255 0 0
9.454865 39.589325 72.362831 0.000000 0.598456 0.801155 0.504194 -0.386474 255 0 0
4.298050 39.912327 72.121552 0.000000 0.598456 0.801155 0.515612 -0.423736 255 0 0
9.645230 39.912327 72.121552 -0.000000 0.598456 0.801156 0.515612 -0.385098 255 0 0
4.298050 39.912327 72.121552 -0.000000 0.598456 0.801156 0.515612 -0.423736 255 0 0
9.454865 39.589325 72.362831 -0.000000 0.598456 0.801156 0.504194 -0.386474 255 0 0
-16.226509 35.346657 54.990856 -0.258584 -0.907801 0.330198 0.515442 -0.317295 255 0 0
-10.789497 33.642113 54.562431 -0.258584 -0.907801 0.330198 0.504157 -0.273737 255 0 0
-15.730945 35.345715 55.376350 -0.258584 -0.907801 0.330198 0.504121 -0.316586 255 0 0
16.210615 35.346657 54.990856 0.258584 -0.907802 0.330198 0.515584 -0.317241 255 0 0
15.715051 35.345715 55.376350 0.258584 -0.907802 0.330198 0.504237 -0.316548 255 0 0
10.773602 33.642113 54.562431 0.258584 -0.907802 0.330198 0.503946 -0.273773 255 0 0
-7.553542 26.746637 40.903072 0.000000 -0.915610 0.402068 0.437691 -0.630925 255 0 0
-16.669834 26.746637 40.903072 0.000000 -0.915610 0.402068 0.335315 -0.630925 255 0 0
-7.553542 23.157927 32.730682 0.000000 -0.915610 0.402068 0.437691 -0.580806 255 0 0
-16.597189 23.157927 32.730682 0.000000 -0.915610 0.402068 0.336129 -0.580808 255 0 0
16.653938 26.746637 40.903072 0.000000 -0.915610 0.402068 0.335296 -0.630937 255 0 0
7.537649 26.746637 40.903072 0.000000 -0.915610 0.402068 0.437673 -0.630933 255 0 0
16.581293 23.157927 32.730682 0.000000 -0.915610 0.402068 0.336105 -0.580819 255 0 0
7.537647 23.157927 32.730682 0.000000 -0.915610 0.402068 0.437667 -0.580816 255 0 0
7.537647 26.746639 -26.458443 -0.000000 0.000000 -1.000000 0.235143 -0.181836 255 0 0
11.656970 32.170486 -26.458443 -0.000000 0.000000 -1.000000 0.179013 -0.206476 255 0 0
16.653938 26.746639 -26.458443 -0.000000 0.000000 -1.000000 0.235149 -0.232873 255 0 0
16.653938 32.170486 -26.458443 0.000000 0.000000 -1.000000 0.179017 -0.232877 255 0 0
-7.553542 23.157927 32.730682 0.853342 -0.477355 0.209619 0.437691 -0.580806 255 0 0
-6.549786 24.952284 32.730675 0.853342 -0.477355 0.209619 0.460780 -0.580808 255 0 0
-7.553542 26.746637 40.903072 0.853342 -0.477355 0.209619 0.472831 -0.630536 255 0 0
-7.553542 26.746637 40.903072 0.853341 -0.477357 0.209619 0.472831 -0.630536 255 0 0
-6.549786 24.952284 32.730675 0.853341 -0.477357 0.209619 0.460780 -0.580808 255 0 0
-5.546031 26.746637 32.730682 0.853341 -0.477357 0.209619 0.483870 -0.580810 255 0 0
-6.549786 24.952280 -18.586384 0.872730 -0.488202 0.000000 0.460778 -0.292902 255 0 0
-6.549786 24.952280 -15.429816 0.872730 -0.488202 0.000000 0.460778 -0.310627 255 0 0
-7.553542 23.157925 -18.586384 0.872730 -0.488202 0.000000 0.437689 -0.292904 255 0 0
-7.553542 23.157927 32.730682 0.872730 -0.488202 0.000000 0.437691 -0.580806 255 0 0
-7.553542 23.157927 32.730682 0.872731 -0.488202 0.000000 0.437691 -0.580806 255 0 0
5.530132 26.746635 -12.029951 0.000000 -1.000000 0.000000 0.604897 -0.539932 255 0 0
5.530132 26.746637 32.730682 0.000000 -1.000000 0.000000 0.604847 -0.288596 255 0 0
-0.007950 26.746635 -12.029951 0.000000 -1.000000 0.000000 0.667090 -0.539929 255 0 0
-0.007950 26.746637 32.730682 0.000000 -1.000000 0.000000 0.667040 -0.288595 255 0 0
-2.143384 28.878893 73.933296 0.000000 -0.579282 0.815127 0.700885 -0.180979 255 0 0
-1.645580 26.774288 72.437630 0.000000 -0.579282 0.815127 0.709414 -0.161070 255 0 0
2.127488 28.878893 73.933296 0.000000 -0.579282 0.815127 0.774581 -0.180934 255 0 0
-0.007948 26.774288 72.437630 0.000000 -0.579282 0.815127 0.737672 -0.161053 255 0 0
1.629685 26.774288 72.437630 0.000000 -0.579282 0.815127 0.765930 -0.161036 255 0 0
2.922885 39.963860 67.003624 -0.000000 0.537552 0.843231 0.516632 -0.469815 255 0 0
-0.007949 39.963860 67.003624 -0.000000 0.537552 0.843231 0.516632 -0.490992 255 0 0
2.700083 39.590187 67.241837 -0.000000 0.537552 0.843231 0.504083 -0.471425 255 0 0
-0.007949 39.590187 67.241837 0.000000 0.537552 0.843231 0.504083 -0.490992 255 0 0
-4.086921 25.286648 63.526119 0.000000 -0.986351 0.164656 0.620438 -0.110977 255 0 0
-0.007947 25.286648 63.526119 0.000000 -0.986351 0.164656 0.666243 -0.110694 255 0 0
-1.645580 26.774288 72.437630 0.000000 -0.986351 0.164656 0.620800 -0.070245 255 0 0
-0.007948 26.774288 72.437630 0.000000 -0.986351 0.164656 0.666232 -0.070243 255 0 0
2.397540 31.236799 72.769287 -0.000000 0.442661 0.896689 0.779304 -0.201202 255 0 0
-2.413434 31.236799 72.769287 -0.000000 0.442661 0.896689 0.696287 -0.201254 255 0 0
2.127488 28.878893 73.933296 -0.000000 0.442661 0.896689 0.774581 -0.180934 255 0 0
-2.143384 28.878893 73.933296 0.000000 0.442661 0.896689 0.700885 -0.180979 255 0 0
8.404145 34.324722 70.284447 0.000000 -1.000000 0.000001 0.454521 -0.067749 255 0 0
4.196544 34.324722 70.284447 0.000000 -1.000000 0.000001 0.501773 -0.067705 255 0 0
8.404145 34.324718 65.299683 0.000000 -1.000000 0.000001 0.454624 -0.096068 255 0 0
8.509318 29.111790 44.391880 0.770944 -0.570033 0.284091 0.542164 -0.224950 255 0 0
12.059396 32.174374 40.903072 0.770944 -0.570033 0.284091 0.499458 -0.244240 255 0 0
11.889869 33.642113 44.308159 0.770944 -0.570033 0.284091 0.488658 -0.224733 255 0 0
-8.525210 29.111790 44.391880 -0.750382 -0.625130 0.214802 0.542151 -0.224963 255 0 0
-12.075291 32.174374 40.903072 -0.750382 -0.625130 0.214802 0.499440 -0.244185 255 0 0
-7.553542 26.746637 40.903072 -0.750382 -0.625130 0.214802 0.566484 -0.242356 255 0 0
-8.420037 34.324722 70.284447 0.000000 -1.000000 0.000001 0.454547 -0.067721 255 0 0
-8.420037 34.324718 65.299683 0.000000 -1.000000 0.000001 0.454623 -0.096104 255 0 0
-4.212438 34.324722 70.284447 0.000000 -1.000000 0.000001 0.501795 -0.067702 255 0 0
-7.490950 26.746639 -26.458443 0.000000 -0.909908 -0.414809 0.437682 -0.242541 255 0 0
-7.553542 23.157925 -18.586384 0.000000 -0.909908 -0.414809 0.437689 -0.292904 255 0 0
-16.669834 26.746639 -26.458443 0.000000 -0.909908 -0.414809 0.335316 -0.242538 255 0 0
-16.597189 23.157925 -18.586384 0.000000 -0.909908 -0.414809 0.336128 -0.292903 255 0 0
-6.549786 24.952280 -18.586384 0.853124 -0.477234 -0.210778 0.460778 -0.292902 255 0 0
-7.553542 23.157925 -18.586384 0.853124 -0.477234 -0.210778 0.437689 -0.292904 255 0 0
-7.490950 26.746639 -26.458443 0.853124 -0.477234 -0.210778 0.473172 -0.247681 255 0 0
18.217342 37.484550 -28.958057 0.906058 0.394941 0.151924 0.961065 -0.706648 255 0 0
17.455286 37.531998 -24.536581 0.906058 0.394941 0.151924 0.956018 -0.681393 255 0 0
19.179865 35.318077 -29.066473 0.906058 0.394941 0.151924 0.995657 -0.707273 255 0 0
6.905807 25.286646 43.710453 0.000000 -0.991275 -0.131811 0.589155 -0.229807 255 0 0
-0.007946 25.286646 43.710453 0.000000 -0.991275 -0.131811 0.667047 -0.229834 255 0 0
5.530132 26.746637 32.730682 0.000000 -0.991275 -0.131811 0.604847 -0.288596 255 0 0
-0.007950 26.746637 32.730682 -0.000000 -0.991275 -0.131811 0.667040 -0.288595 255 0 0
9.369569 42.304890 -28.882338 0.478414 0.878134 -0.000000 0.814206 -0.706273 255 0 0
9.369569 42.304893 -13.025749 0.478414 0.878134 -0.000000 0.814214 -0.616758 255 0 0
13.793457 39.894726 -19.528002 0.478414 0.878134 -0.000000 0.887723 -0.653465 255 0 0
13.793455 39.894730 32.379971 0.478414 0.878134 -0.000000 0.887712 -0.360378 255 0 0
9.369569 42.304893 -8.223825 0.478414 0.878134 0.000000 0.814216 -0.589649 255 0 0
9.369569 42.304893 -8.223825 0.478414 0.878135 0.000000 0.814216 -0.589649 255 0 0
9.369569 42.304893 -3.421899 0.478414 0.878135 0.000000 0.814218 -0.562541 255 0 0
13.793455 39.894730 32.379971 0.478414 0.878135 0.000000 0.887712 -0.360378 255 0 0
9.369569 42.304893 -3.421899 0.478414 0.878134 -0.000000 0.814218 -0.562541 255 0 0
9.369571 42.304897 32.720158 0.478414 0.878134 -0.000000 0.814236 -0.358506 255 0 0
9.838822 29.296886 -35.617184 0.995486 -0.094901 -0.000914 0.615829 -0.730026 255 0 0
9.811116 29.321318 -68.337593 0.995486 -0.094901 -0.000914 0.616334 -0.924765 255 0 0
9.927015 30.342087 -48.088303 0.995486 -0.094901 -0.000914 0.631710 -0.804262 255 0 0
9.927015 30.342087 -48.088303 0.994613 -0.103656 -0.000467 0.631710 -0.804262 255 0 0
9.811116 29.321318 -68.337593 0.994613 -0.103656 -0.000467 0.616334 -0.924765 255 0 0
9.923469 30.345217 -56.328861 0.994613 -0.103656 -0.000467 0.631800 -0.853296 255 0 0
9.923469 30.345217 -56.328861 0.998457 -0.055337 -0.004623 0.631800 -0.853296 255 0 0
9.811116 29.321318 -68.337593 0.998457 -0.055337 -0.004623 0.616334 -0.924765 255 0 0
10.022099 32.275936 -58.137611 0.998457 -0.055337 -0.004623 0.660854 -0.864089 255 0 0
9.811116 29.321318 -68.337593 0.999786 0.000002 -0.020681 0.616334 -0.924765 255 0 0
9.811110 32.275932 -68.337593 0.999786 0.000002 -0.020681 0.660426 -0.924818 255 0 0
10.022099 32.275936 -58.137611 0.999786 0.000002 -0.020681 0.660854 -0.864089 255 0 0
18.007683 37.484558 -55.738762 0.196642 0.777735 -0.597043 0.665910 -0.946080 255 0 0
26.941082 36.087269 -54.616627 0.196642 0.777735 -0.597043 0.517669 -0.952353 255 0 0
19.179865 35.346664 -58.137611 0.196642 0.777735 -0.597043 0.647185 -0.931445 255 0 0
26.941082 36.087269 -54.616627 0.099993 0.906132 -0.411007 0.517669 -0.952353 255 0 0
26.927305 35.346664 -56.252762 0.099993 0.906132 -0.411007 0.515573 -0.942567 255 0 0
19.179865 35.346664 -58.137611 0.099993 0.906132 -0.411007 0.647185 -0.931445 255 0 0
26.927155 33.648293 -54.999195 0.131637 -0.588694 -0.797566 0.681766 -0.112661 255 0 0
18.870934 33.648293 -56.328861 0.131637 -0.588694 -0.797566 0.764202 -0.108001 255 0 0
26.927305 35.346664 -56.252762 0.131637 -0.588694 -0.797566 0.680294 -0.105312 255 0 0
18.870934 33.648293 -56.328861 0.160782 -0.733071 -0.660875 0.764202 -0.108001 255 0 0
19.179865 35.346664 -58.137611 0.160782 -0.733071 -0.660875 0.755180 -0.099589 255 0 0
26.927305 35.346664 -56.252762 0.160782 -0.733071 -0.660875 0.680294 -0.105312 255 0 0
26.905447 33.648293 -49.351410 0.129688 -0.550147 0.824936 0.681977 -0.132483 255 0 0
26.912794 35.346664 -48.219925 0.129688 -0.550147 0.824936 0.680448 -0.139625 255 0 0
18.870934 33.648293 -48.088303 0.129688 -0.550147 0.824936 0.764205 -0.136916 255 0 0
19.165070 35.351383 -47.032001 0.127375 -0.538579 0.832891 0.764046 -0.143597 255 0 0
18.870934 33.648293 -48.088303 0.127375 -0.538579 0.832891 0.764205 -0.136916 255 0 0
26.912794 35.346664 -48.219925 0.127375 -0.538579 0.832891 0.680448 -0.139625 255 0 0
18.149399 37.473236 -47.403400 0.178087 0.251750 0.951266 0.665906 -0.992106 255 0 0
19.165070 35.351383 -47.032001 0.178087 0.251750 0.951266 0.650095 -0.999014 255 0 0
26.919395 36.090931 -48.679417 0.178087 0.251750 0.951266 0.518239 -0.981575 255 0 0
26.912794 35.346664 -48.219925 0.129757 0.520051 0.844222 0.516582 -0.986367 255 0 0
26.919395 36.090931 -48.679417 0.129757 0.520051 0.844222 0.518239 -0.981575 255 0 0
19.165070 35.351383 -47.032001 0.129757 0.520051 0.844222 0.650095 -0.999014 255 0 0
-10.422195 27.995218 -68.746422 0.256085 0.439599 -0.860914 0.620498 -0.699842 255 0 0
-7.737778 27.232086 -68.337593 0.256085 0.439599 -0.860914 0.587715 -0.702336 255 0 0
-4.922063 24.791162 -68.746422 0.256085 0.439599 -0.860914 0.553849 -0.712778 255 0 0
-7.737778 27.232086 -68.337593 0.058842 0.230556 -0.971278 0.587715 -0.702336 255 0 0
-0.007948 25.259293 -68.337593 0.058842 0.230556 -0.971278 0.495334 -0.710187 255 0 0
-4.922063 24.791162 -68.746422 0.058842 0.230556 -0.971278 0.553849 -0.712778 255 0 0
-10.422195 27.995218 -68.746422 -0.418433 -0.718288 -0.555856 0.586895 -0.929302 255 0 0
-4.922063 24.791162 -68.746422 -0.418433 -0.718288 -0.555856 0.481653 -0.929401 255 0 0
-10.051390 26.433222 -67.007111 -0.418433 -0.718288 -0.555856 0.570090 -0.916865 255 0 0
-4.922063 24.791162 -68.746422 -0.419096 -0.710892 -0.564793 0.481653 -0.929401 255 0 0
-5.253764 23.604855 -67.007111 -0.419096 -0.710892 -0.564793 0.485968 -0.916862 255 0 0
-10.051390 26.433222 -67.007111 -0.419096 -0.710892 -0.564793 0.570090 -0.916865 255 0 0
-9.854724 29.296886 -35.617184 -0.311777 -0.198472 0.929195 0.589700 -0.719560 255 0 0
-10.051390 26.433220 -36.294838 -0.311777 -0.198472 0.929195 0.570063 -0.734041 255 0 0
-7.490950 26.746637 -35.368778 -0.311777 -0.198472 0.929195 0.524326 -0.719736 255 0 0
-5.253764 23.604853 -36.294838 -0.210364 -0.356831 0.910175 0.486004 -0.734039 255 0 0
-5.304415 24.508215 -35.952385 -0.210364 -0.356831 0.910175 0.500794 -0.718371 255 0 0
-10.051390 26.433220 -36.294838 -0.210364 -0.356831 0.910175 0.570063 -0.734041 255 0 0
-5.304415 24.508215 -35.952385 -0.250052 -0.465593 0.848939 0.500794 -0.718371 255 0 0
-7.490950 26.746637 -35.368778 -0.250052 -0.465593 0.848939 0.524326 -0.719736 255 0 0
-10.051390 26.433220 -36.294838 -0.250052 -0.465593 0.848939 0.570063 -0.734041 255 0 0
17.076241 37.135822 -75.020409 0.860471 0.506967 -0.050736 0.948596 -0.966990 255 0 0
18.007683 37.484558 -55.738762 0.860471 0.506967 -0.050736 0.958755 -0.857830 255 0 0
18.297903 35.346661 -72.179077 0.860471 0.506967 -0.050736 0.982061 -0.951106 255 0 0
18.297903 35.346661 -72.179077 0.849162 0.525433 -0.053337 0.982061 -0.951106 255 0 0
18.007683 37.484558 -55.738762 0.849162 0.525433 -0.053337 0.958755 -0.857830 255 0 0
19.179865 35.346664 -58.137611 0.849162 0.525433 -0.053337 0.993520 -0.871674 255 0 0
10.406300 27.995218 -68.746422 -0.256086 0.439601 -0.860913 0.620490 -0.699842 255 0 0
4.906168 24.791162 -68.746422 -0.256086 0.439601 -0.860913 0.553850 -0.712777 255 0 0
7.721888 27.232086 -68.337593 -0.256086 0.439601 -0.860913 0.587713 -0.702334 255 0 0
4.906168 24.791162 -68.746422 -0.058842 0.230556 -0.971278 0.553850 -0.712777 255 0 0
-0.007948 25.259293 -68.337593 -0.058842 0.230556 -0.971278 0.495342 -0.710186 255 0 0
7.721888 27.232086 -68.337593 -0.058842 0.230556 -0.971278 0.587713 -0.702334 255 0 0
9.838822 29.296886 -35.617184 0.916583 0.399843 -0.000478 0.615829 -0.730026 255 0 0
10.406300 27.995216 -36.294838 0.916583 0.399843 -0.000478 0.594372 -0.734036 255 0 0
9.811116 29.321318 -68.337593 0.916583 0.399843 -0.000478 0.616334 -0.924765 255 0 0
10.406300 27.995216 -36.294838 0.912323 0.409471 0.000000 0.594372 -0.734036 255 0 0
10.406300 27.995218 -68.746422 0.912323 0.409471 0.000000 0.594379 -0.927218 255 0 0
9.811116 29.321318 -68.337593 0.912323 0.409471 0.000000 0.616334 -0.924765 255 0 0
10.406300 27.995218 -68.746422 0.418433 -0.718288 -0.555856 0.586935 -0.929301 255 0 0
10.035495 26.433222 -67.007111 0.418433 -0.718288 -0.555856 0.570131 -0.916865 255 0 0
4.906168 24.791162 -68.746422 0.418433 -0.718288 -0.555856 0.481695 -0.929401 255 0 0
10.035495 26.433222 -67.007111 0.419096 -0.710892 -0.564793 0.570131 -0.916865 255 0 0
5.237868 23.604855 -67.007111 0.419096 -0.710892 -0.564793 0.486009 -0.916862 255 0 0
4.906168 24.791162 -68.746422 0.419096 -0.710892 -0.564793 0.481695 -0.929401 255 0 0
9.838822 29.296886 -35.617184 0.308374 -0.198949 0.930228 0.589723 -0.719550 255 0 0
7.537647 26.746637 -35.399761 0.308374 -0.198949 0.930228 0.524364 -0.719755 255 0 0
10.035495 26.433220 -36.294838 0.308374 -0.198949 0.930228 0.570105 -0.734043 255 0 0
5.237868 23.604853 -36.294838 0.210366 -0.356834 0.910174 0.486043 -0.734043 255 0 0
10.035495 26.433220 -36.294838 0.210366 -0.356834 0.910174 0.570105 -0.734043 255 0 0
5.288517 24.508215 -35.952381 0.210366 -0.356834 0.910174 0.500835 -0.718378 255 0 0
7.537647 26.746637 -35.399761 0.247918 -0.459642 0.852799 0.524364 -0.719755 255 0 0
5.288517 24.508215 -35.952381 0.247918 -0.459642 0.852799 0.500835 -0.718378 255 0 0
10.035495 26.433220 -36.294838 0.247918 -0.459642 0.852799 0.570105 -0.734043 255 0 0
19.179865 35.346664 -58.137611 0.243916 -0.727424 -0.641373 0.755180 -0.099589 255 0 0
18.870934 33.648293 -56.328861 0.243916 -0.727424 -0.641373 0.764202 -0.108001 255 0 0
10.022099 32.275936 -58.137611 0.243916 -0.727424 -0.641373 0.854037 -0.099107 255 0 0
18.870934 33.648293 -56.328861 0.247037 -0.669181 -0.700835 0.764202 -0.108001 255 0 0
9.923469 30.345217 -56.328861 0.247037 -0.669181 -0.700835 0.861817 -0.107999 255 0 0
10.022099 32.275936 -58.137611 0.247037 -0.669181 -0.700835 0.854037 -0.099107 255 0 0
19.165070 35.351383 -47.032001 0.190136 -0.540969 0.819268 0.764046 -0.143597 255 0 0
10.022099 32.275936 -46.940845 0.190136 -0.540969 0.819268 0.854019 -0.144352 255 0 0
18.870934 33.648293 -48.088303 0.190136 -0.540969 0.819268 0.764205 -0.136916 255 0 0
9.927015 30.342087 -48.088303 0.187795 -0.508021 0.840624 0.861795 -0.136918 255 0 0
18.870934 33.648293 -48.088303 0.187795 -0.508021 0.840624 0.764205 -0.136916 255 0 0
10.022099 32.275936 -46.940845 0.187795 -0.508021 0.840624 0.854019 -0.144352 255 0 0
28.299015 32.550182 -47.939251 0.988593 -0.150557 -0.004004 0.207618 -0.908971 255 0 0
27.533018 27.538477 -48.616882 0.988593 -0.150557 -0.004004 0.218838 -0.930299 255 0 0
28.285009 32.550182 -51.397053 0.988593 -0.150557 -0.004004 0.266219 -0.909023 255 0 0
27.533018 27.538477 -48.616882 0.985517 -0.166292 -0.033202 0.218838 -0.930299 255 0 0
27.533018 27.974007 -50.798248 0.985517 -0.166292 -0.033202 0.255842 -0.928517 255 0 0
28.285009 32.550182 -51.397053 0.985517 -0.166292 -0.033202 0.266219 -0.909023 255 0 0
27.533018 45.405552 -48.616875 0.995012 0.097822 -0.019531 0.218625 -0.849563 255 0 0
28.365505 37.084839 -47.880421 0.995012 0.097822 -0.019531 0.206618 -0.884731 255 0 0
27.533018 44.970020 -50.798241 0.995012 0.097822 -0.019531 0.255624 -0.851354 255 0 0
28.365505 37.084839 -47.880421 0.994542 0.104324 -0.001827 0.206618 -0.884731 255 0 0
28.358936 37.084839 -51.455933 0.994542 0.104324 -0.001827 0.267214 -0.884691 255 0 0
27.533018 44.970020 -50.798241 0.994542 0.104324 -0.001827 0.255624 -0.851354 255 0 0
-18.023596 37.484558 -55.738762 -0.196643 0.777636 -0.597171 0.665937 -0.946102 255 0 0
-19.193129 35.346664 -58.137611 -0.196643 0.777636 -0.597171 0.647188 -0.931453 255 0 0
-26.956978 36.087269 -54.616627 -0.196643 0.777636 -0.597171 0.517678 -0.952357 255 0 0
-26.956978 36.087269 -54.616627 -0.099959 0.906135 -0.411008 0.517678 -0.952357 255 0 0
-19.193129 35.346664 -58.137611 -0.099959 0.906135 -0.411008 0.647188 -0.931453 255 0 0
-26.943201 35.346664 -56.252762 -0.099959 0.906135 -0.411008 0.515609 -0.942575 255 0 0
-26.943062 33.648293 -54.999195 -0.131637 -0.588694 -0.797566 0.681780 -0.112645 255 0 0
-26.943201 35.346664 -56.252762 -0.131637 -0.588694 -0.797566 0.680308 -0.105296 255 0 0
-18.886835 33.648293 -56.328861 -0.131637 -0.588694 -0.797566 0.764216 -0.107985 255 0 0
-26.943201 35.346664 -56.252762 -0.160759 -0.732958 -0.661006 0.680308 -0.105296 255 0 0
-19.193129 35.346664 -58.137611 -0.160759 -0.732958 -0.661006 0.755221 -0.099571 255 0 0
-18.886835 33.648293 -56.328861 -0.160759 -0.732958 -0.661006 0.764216 -0.107985 255 0 0
-26.921343 33.648293 -49.351410 -0.129688 -0.550147 0.824936 0.681989 -0.132466 255 0 0
-18.886835 33.648293 -48.088303 -0.129688 -0.550147 0.824936 0.764216 -0.136903 255 0 0
-26.928690 35.346664 -48.219925 -0.129688 -0.550147 0.824936 0.680457 -0.139609 255 0 0
-19.178406 35.351303 -47.031563 -0.127382 -0.538614 0.832868 0.764082 -0.143588 255 0 0
-26.928690 35.346664 -48.219925 -0.127382 -0.538614 0.832868 0.680457 -0.139609 255 0 0
-18.886835 33.648293 -48.088303 -0.127382 -0.538614 0.832868 0.764216 -0.136903 255 0 0
-18.165243 37.473274 -47.403400 -0.178084 0.251722 0.951274 0.665834 -0.992134 255 0 0
-26.935303 36.090931 -48.679417 -0.178084 0.251722 0.951274 0.518299 -0.981567 255 0 0
-19.178406 35.351303 -47.031563 -0.178084 0.251722 0.951274 0.650118 -0.999022 255 0 0
-26.928690 35.346664 -48.219925 -0.129757 0.520049 0.844223 0.516623 -0.986351 255 0 0
-19.178406 35.351303 -47.031563 -0.129757 0.520049 0.844223 0.650118 -0.999022 255 0 0
-26.935303 36.090931 -48.679417 -0.129757 0.520049 0.844223 0.518299 -0.981567 255 0 0
-17.092142 37.135822 -75.020409 -0.860898 0.506241 -0.050744 0.947739 -0.967037 255 0 0
-18.311167 35.346661 -72.188393 -0.860898 0.506241 -0.050744 0.981225 -0.951221 255 0 0
-18.023596 37.484558 -55.738762 -0.860898 0.506241 -0.050744 0.958219 -0.857880 255 0 0
-18.311167 35.346661 -72.188393 -0.849650 0.524643 -0.053332 0.981225 -0.951221 255 0 0
-19.193129 35.346664 -58.137611 -0.849650 0.524643 -0.053332 0.992923 -0.871743 255 0 0
-18.023596 37.484558 -55.738762 -0.849650 0.524643 -0.053332 0.958219 -0.857880 255 0 0
-19.193129 35.346664 -58.137611 -0.243928 -0.727251 -0.641564 0.755221 -0.099571 255 0 0
-10.038001 32.275936 -58.137611 -0.243928 -0.727251 -0.641564 0.854052 -0.099093 255 0 0
-18.886835 33.648293 -56.328861 -0.243928 -0.727251 -0.641564 0.764216 -0.107985 255 0 0
-10.038001 32.275936 -58.137611 -0.247037 -0.669181 -0.700835 0.854052 -0.099093 255 0 0
-9.939364 30.345217 -56.328861 -0.247037 -0.669181 -0.700835 0.861830 -0.107985 255 0 0
-18.886835 33.648293 -56.328861 -0.247037 -0.669181 -0.700835 0.764216 -0.107985 255 0 0
-9.942912 30.342087 -48.088303 -0.188214 -0.509154 0.839844 0.861806 -0.136902 255 0 0
-10.751446 32.464691 -46.982674 -0.188214 -0.509154 0.839844 0.854102 -0.144368 255 0 0
-18.886835 33.648293 -48.088303 -0.188214 -0.509154 0.839844 0.764216 -0.136903 255 0 0
-18.886835 33.648293 -48.088303 -0.190047 -0.540932 0.819314 0.764216 -0.136903 255 0 0
-10.751446 32.464691 -46.982674 -0.190047 -0.540932 0.819314 0.854102 -0.144368 255 0 0
-19.178406 35.351303 -47.031563 -0.190047 -0.540932 0.819314 0.764082 -0.143588 255 0 0
-28.314911 32.550182 -47.939251 -0.988593 -0.150557 -0.004001 0.207909 -0.908962 255 0 0
-28.300917 32.550182 -51.397053 -0.988593 -0.150557 -0.004001 0.266510 -0.909028 255 0 0
-27.548914 27.538477 -48.616882 -0.988593 -0.150557 -0.004001 0.218971 -0.930287 255 0 0
-28.300917 32.550182 -51.397053 -0.985517 -0.166295 -0.033202 0.266510 -0.909028 255 0 0
-27.548914 27.974007 -50.798248 -0.985517 -0.166295 -0.033202 0.255989 -0.928523 255 0 0
-27.548914 27.538477 -48.616882 -0.985517 -0.166295 -0.033202 0.218971 -0.930287 255 0 0
-27.548914 45.405552 -48.616875 -0.995012 0.097824 -0.019531 0.219169 -0.849552 255 0 0
-27.548914 44.970020 -50.798241 -0.995012 0.097824 -0.019531 0.256155 -0.851360 255 0 0
-28.381413 37.084839 -47.880421 -0.995012 0.097824 -0.019531 0.206907 -0.884721 255 0 0
-28.381413 37.084839 -47.880421 -0.994542 0.104324 -0.001830 0.206907 -0.884721 255 0 0
-27.548914 44.970020 -50.798241 -0.994542 0.104324 -0.001830 0.256155 -0.851360 255 0 0
-28.374832 37.084839 -51.455933 -0.994542 0.104324 -0.001830 0.267503 -0.884695 255 0 0
-4.922063 24.791162 -68.746422 0.000000 0.657789 -0.753202 0.553849 -0.712778 255 0 0
-0.007948 25.259293 -68.337593 0.000000 0.657789 -0.753202 0.495334 -0.710187 255 0 0
-0.007948 24.791162 -68.746422 0.000000 0.657789 -0.753202 0.495357 -0.712865 255 0 0
-5.253764 23.604855 -67.007111 0.000000 -0.826136 -0.563471 0.485968 -0.916862 255 0 0
-4.922063 24.791162 -68.746422 0.000000 -0.826136 -0.563471 0.481653 -0.929401 255 0 0
-0.007948 23.604855 -67.007111 0.000000 -0.826136 -0.563471 0.406732 -0.916869 255 0 0
-0.007948 24.791162 -68.746422 -0.000000 -0.826136 -0.563471 0.406742 -0.929402 255 0 0
-5.253764 23.604855 -67.007111 -0.000000 -1.000000 -0.000000 0.485968 -0.916862 255 0 0
-0.007948 23.604855 -67.007111 -0.000000 -1.000000 -0.000000 0.406732 -0.916869 255 0 0
-5.253764 23.604853 -36.294838 -0.000000 -1.000000 -0.000000 0.486004 -0.734039 255 0 0
-0.007948 23.604853 -36.294838 0.000000 -1.000000 -0.000000 0.406732 -0.734038 255 0 0
-5.304415 24.508215 -35.952385 -0.002067 -0.354572 0.935026 0.500794 -0.718371 255 0 0
-5.253764 23.604853 -36.294838 -0.002067 -0.354572 0.935026 0.486004 -0.734039 255 0 0
-0.007948 24.508215 -35.940674 -0.002067 -0.354572 0.935026 0.406731 -0.718310 255 0 0
-0.007948 24.508215 -35.940674 0.000000 -0.365002 0.931007 0.406731 -0.718310 255 0 0
-5.253764 23.604853 -36.294838 0.000000 -0.365002 0.931007 0.486004 -0.734039 255 0 0
-0.007948 23.604853 -36.294838 0.000000 -0.365002 0.931007 0.406732 -0.734038 255 0 0
-0.007948 40.579750 -80.307655 0.000000 0.987515 -0.157527 0.677020 -0.997356 255 0 0
-0.007948 42.304893 -69.492958 0.000000 0.987515 -0.157527 0.677336 -0.935535 255 0 0
9.582800 40.579750 -80.307655 0.000000 0.987515 -0.157527 0.823727 -0.996875 255 0 0
9.582800 42.304893 -69.492958 0.000000 0.987515 -0.157527 0.817219 -0.935517 255 0 0
-0.007948 42.304893 -69.492958 0.000000 1.000000 0.000000 0.677336 -0.935535 255 0 0
-0.007948 42.304890 -38.969868 0.000000 1.000000 0.000000 0.677356 -0.763220 255 0 0
9.582800 42.304893 -69.492958 0.000000 1.000000 0.000000 0.817219 -0.935517 255 0 0
9.369569 42.304890 -38.974861 0.000000 1.000000 0.000000 0.814205 -0.763255 255 0 0
18.870934 33.648293 -56.328861 0.000000 -1.000000 -0.000000 0.764202 -0.108001 255 0 0
26.927155 33.648293 -54.999195 0.000000 -1.000000 -0.000000 0.681766 -0.112661 255 0 0
18.870934 33.648293 -48.088303 0.000000 -1.000000 -0.000000 0.764205 -0.136916 255 0 0
26.905447 33.648293 -49.351410 -0.000000 -1.000000 -0.000000 0.681977 -0.132483 255 0 0
18.007683 37.484558 -55.738762 0.154691 0.987962 -0.001288 0.665910 -0.946080 255 0 0
18.149399 37.473236 -47.403400 0.154691 0.987962 -0.001288 0.665906 -0.992106 255 0 0
26.941082 36.087269 -54.616627 0.154691 0.987962 -0.001288 0.517669 -0.952353 255 0 0
18.149399 37.473236 -47.403400 0.155690 0.987806 -0.000041 0.665906 -0.992106 255 0 0
26.919395 36.090931 -48.679417 0.155690 0.987806 -0.000041 0.518239 -0.981575 255 0 0
26.941082 36.087269 -54.616627 0.155690 0.987806 -0.000041 0.517669 -0.952353 255 0 0
-0.007948 42.304890 -38.969868 0.000000 1.000000 0.000000 0.677100 -0.763220 255 0 0
-0.007948 42.304893 -69.492958 0.000000 1.000000 0.000000 0.677120 -0.935535 255 0 0
-9.385470 42.304890 -38.969868 0.000000 1.000000 0.000000 0.813950 -0.763220 255 0 0
-9.598697 42.304893 -69.492958 -0.000000 1.000000 0.000000 0.816756 -0.935519 255 0 0
-9.854724 29.296886 -35.617184 -0.916585 0.399840 -0.000478 0.615786 -0.730017 255 0 0
-9.827018 29.321318 -68.337593 -0.916585 0.399840 -0.000478 0.616294 -0.924773 255 0 0
-10.422195 27.995216 -36.294838 -0.916585 0.399840 -0.000478 0.594329 -0.734038 255 0 0
-10.422195 27.995216 -36.294838 -0.912324 0.409468 0.000000 0.594329 -0.734038 255 0 0
-9.827018 29.321318 -68.337593 -0.912324 0.409468 0.000000 0.616294 -0.924773 255 0 0
-10.422195 27.995218 -68.746422 -0.912324 0.409468 0.000000 0.594339 -0.927218 255 0 0
-9.854724 29.296886 -35.617184 -0.605312 -0.143696 0.782910 0.611461 -0.727549 255 0 0
-10.422195 27.995216 -36.294838 -0.605312 -0.143696 0.782910 0.594329 -0.734038 255 0 0
-10.051390 26.433220 -36.294838 -0.605312 -0.143696 0.782910 0.570063 -0.734041 255 0 0
-3.372076 28.643169 -71.048630 -0.315071 -0.764748 -0.562041 0.134466 -0.873637 255 0 0
-2.457733 26.274027 -68.337593 -0.315071 -0.764748 -0.562041 0.097247 -0.856917 255 0 0
-4.783161 27.232086 -68.337593 -0.315071 -0.764748 -0.562041 0.097452 -0.906404 255 0 0
-10.422195 27.995218 -68.746422 -0.972960 -0.230973 -0.000000 0.594339 -0.927218 255 0 0
-10.051390 26.433222 -67.007111 -0.972960 -0.230973 -0.000000 0.570090 -0.916865 255 0 0
-10.422195 27.995216 -36.294838 -0.972960 -0.230973 -0.000000 0.594329 -0.734038 255 0 0
-10.051390 26.433220 -36.294838 -0.972960 -0.230973 -0.000000 0.570063 -0.734041 255 0 0
-5.253764 23.604855 -67.007111 -0.507852 -0.861445 -0.000000 0.485968 -0.916862 255 0 0
-5.253764 23.604853 -36.294838 -0.507852 -0.861445 -0.000000 0.486004 -0.734039 255 0 0
-10.051390 26.433222 -67.007111 -0.507852 -0.861445 -0.000000 0.570090 -0.916865 255 0 0
-10.051390 26.433220 -36.294838 -0.507852 -0.861445 -0.000000 0.570063 -0.734041 255 0 0
-0.007948 25.259293 -68.337593 -0.000000 -0.000000 -1.000000 0.495334 -0.710187 255 0 0
-7.737778 27.232086 -68.337593 -0.000000 -0.000000 -1.000000 0.587715 -0.702336 255 0 0
-2.457733 26.274027 -68.337593 -0.000000 -0.000000 -1.000000 0.524706 -0.705993 255 0 0
-4.783161 27.232086 -68.337593 0.000000 0.000000 -1.000000 0.552593 -0.702032 255 0 0
-10.422195 27.995218 -68.746422 0.203763 0.203764 -0.957581 0.620498 -0.699842 255 0 0
-9.827018 29.321318 -68.337593 0.203763 0.203764 -0.957581 0.613807 -0.693802 255 0 0
-7.737778 27.232086 -68.337593 0.203763 0.203764 -0.957581 0.587715 -0.702336 255 0 0
-9.598697 42.304893 -69.492958 -0.491915 0.859773 -0.137150 0.816756 -0.935519 255 0 0
-9.598697 40.579750 -80.307655 -0.491915 0.859773 -0.137150 0.822816 -0.996876 255 0 0
-17.092142 37.135822 -75.020409 -0.491915 0.859773 -0.137150 0.947739 -0.967037 255 0 0
4.906168 24.791162 -68.746422 0.000000 0.657789 -0.753202 0.553850 -0.712777 255 0 0
-9.598697 42.304893 -69.492958 0.000000 0.987515 -0.157527 0.816756 -0.935519 255 0 0
-0.007948 42.304893 -69.492958 0.000000 0.987515 -0.157527 0.677120 -0.935535 255 0 0
-9.598697 40.579750 -80.307655 0.000000 0.987515 -0.157527 0.822816 -0.996876 255 0 0
-0.007948 40.579750 -80.307655 0.000000 0.987515 -0.157527 0.677436 -0.997356 255 0 0
9.838822 29.296886 -35.617184 0.605310 -0.143695 0.782912 0.611486 -0.727540 255 0 0
10.035495 26.433220 -36.294838 0.605310 -0.143695 0.782912 0.570105 -0.734043 255 0 0
10.406300 27.995216 -36.294838 0.605310 -0.143695 0.782912 0.594372 -0.734036 255 0 0
3.356179 28.643169 -71.048630 0.315071 -0.764748 -0.562041 0.134471 -0.873638 255 0 0
4.767259 27.232086 -68.337593 0.315071 -0.764748 -0.562041 0.097453 -0.906401 255 0 0
2.441837 26.274027 -68.337593 0.315071 -0.764748 -0.562041 0.097248 -0.856917 255 0 0
10.406300 27.995218 -68.746422 0.972960 -0.230973 -0.000000 0.594379 -0.927218 255 0 0
10.406300 27.995216 -36.294838 0.972960 -0.230973 -0.000000 0.594372 -0.734036 255 0 0
10.035495 26.433222 -67.007111 0.972960 -0.230973 -0.000000 0.570131 -0.916865 255 0 0
10.035495 26.433220 -36.294838 0.972960 -0.230973 -0.000000 0.570105 -0.734043 255 0 0
5.237868 23.604855 -67.007111 0.507851 -0.861445 -0.000000 0.486009 -0.916862 255 0 0
10.035495 26.433222 -67.007111 0.507851 -0.861445 -0.000000 0.570131 -0.916865 255 0 0
5.237868 23.604853 -36.294838 0.507851 -0.861445 -0.000000 0.486043 -0.734043 255 0 0
10.035495 26.433220 -36.294838 0.507851 -0.861445 -0.000000 0.570105 -0.734043 255 0 0
2.441837 26.274027 -68.337593 0.000000 0.000000 -1.000000 0.524706 -0.705992 255 0 0
7.721888 27.232086 -68.337593 0.000000 0.000000 -1.000000 0.587713 -0.702334 255 0 0
4.767259 27.232086 -68.337593 0.000000 -0.000000 -1.000000 0.552590 -0.702030 255 0 0
10.022099 32.275936 -58.137611 0.312547 -0.949880 -0.006465 0.177951 -0.916076 255 0 0
9.811110 32.275932 -68.337593 0.312547 -0.949880 -0.006465 0.177990 -0.976062 255 0 0
13.953934 33.642117 -68.783424 0.312547 -0.949880 -0.006465 0.113256 -0.975949 255 0 0
10.406300 27.995218 -68.746422 -0.203763 0.203763 -0.957581 0.620490 -0.699842 255 0 0
7.721888 27.232086 -68.337593 -0.203763 0.203763 -0.957581 0.587713 -0.702334 255 0 0
9.811116 29.321318 -68.337593 -0.203763 0.203763 -0.957581 0.613803 -0.693795 255 0 0
9.582800 42.304893 -69.492958 0.491915 0.859773 -0.137150 0.817219 -0.935517 255 0 0
17.076241 37.135822 -75.020409 0.491915 0.859773 -0.137150 0.948596 -0.966990 255 0 0
9.582800 40.579750 -80.307655 0.491915 0.859773 -0.137150 0.823727 -0.996875 255 0 0
5.288517 24.508215 -35.952381 0.002067 -0.354576 0.935025 0.500835 -0.718378 255 0 0
-0.007948 24.508215 -35.940674 0.002067 -0.354576 0.935025 0.406779 -0.718304 255 0 0
5.237868 23.604853 -36.294838 0.002067 -0.354576 0.935025 0.486043 -0.734043 255 0 0
-0.007948 24.508215 -35.940674 0.000000 -0.365002 0.931007 0.406779 -0.718304 255 0 0
-0.007948 23.604853 -36.294838 0.000000 -0.365002 0.931007 0.406774 -0.734038 255 0 0
5.237868 23.604853 -36.294838 0.000000 -0.365002 0.931007 0.486043 -0.734043 255 0 0
5.237868 23.604855 -67.007111 0.000000 -0.826136 -0.563471 0.486009 -0.916862 255 0 0
-0.007948 23.604855 -67.007111 0.000000 -0.826136 -0.563471 0.406774 -0.916869 255 0 0
4.906168 24.791162 -68.746422 0.000000 -0.826136 -0.563471 0.481695 -0.929401 255 0 0
-0.007948 24.791162 -68.746422 -0.000000 -0.826136 -0.563471 0.406786 -0.929404 255 0 0
-0.007948 23.604855 -67.007111 -0.000000 -1.000000 -0.000000 0.406774 -0.916869 255 0 0
5.237868 23.604855 -67.007111 -0.000000 -1.000000 -0.000000 0.486009 -0.916862 255 0 0
-0.007948 23.604853 -36.294838 -0.000000 -1.000000 -0.000000 0.406774 -0.734038 255 0 0
5.237868 23.604853 -36.294838 0.000000 -1.000000 -0.000000 0.486043 -0.734043 255 0 0
18.297903 35.346661 -72.179077 0.350241 -0.936401 -0.021999 0.028799 -0.994912 255 0 0
19.179865 35.346664 -58.137611 0.350241 -0.936401 -0.021999 0.021412 -0.915914 255 0 0
13.953934 33.642117 -68.783424 0.350241 -0.936401 -0.021999 0.113256 -0.975949 255 0 0
10.022099 32.275936 -58.137611 0.317915 -0.948110 -0.004255 0.177951 -0.916076 255 0 0
13.953934 33.642117 -68.783424 0.317915 -0.948110 -0.004255 0.113256 -0.975949 255 0 0
19.179865 35.346664 -58.137611 0.317915 -0.948110 -0.004255 0.021412 -0.915914 255 0 0
18.870934 33.648293 -48.088303 0.346728 -0.937966 0.000000 0.764205 -0.136916 255 0 0
9.927015 30.342087 -48.088303 0.346728 -0.937966 0.000000 0.861795 -0.136918 255 0 0
18.870934 33.648293 -56.328861 0.346728 -0.937966 0.000000 0.764202 -0.108001 255 0 0
9.927015 30.342087 -48.088303 0.346318 -0.938117 -0.000505 0.861795 -0.136918 255 0 0
9.923469 30.345217 -56.328861 0.346318 -0.938117 -0.000505 0.861817 -0.107999 255 0 0
18.870934 33.648293 -56.328861 0.346318 -0.938117 -0.000505 0.764202 -0.108001 255 0 0
29.409698 36.450653 -56.924435 0.516728 0.856150 0.000000 0.359898 -0.889857 255 0 0
28.358936 37.084839 -51.455933 0.516728 0.856150 0.000000 0.267214 -0.884691 255 0 0
29.409698 36.450653 -46.889576 0.516728 0.856150 0.000000 0.189827 -0.889860 255 0 0
28.358936 37.084839 -51.455933 0.519766 0.854308 -0.000955 0.267214 -0.884691 255 0 0
28.365505 37.084839 -47.880421 0.519766 0.854308 -0.000955 0.206618 -0.884731 255 0 0
29.409698 36.450653 -46.889576 0.519766 0.854308 -0.000955 0.189827 -0.889860 255 0 0
29.409698 33.184368 -58.070766 0.491172 -0.871063 0.000000 0.379327 -0.903593 255 0 0
29.409698 33.184368 -46.889576 0.491172 -0.871063 0.000000 0.189828 -0.903593 255 0 0
28.285009 32.550182 -51.397053 0.491172 -0.871063 0.000000 0.266219 -0.909023 255 0 0
29.409698 33.184368 -46.889576 0.497284 -0.867586 -0.002014 0.189828 -0.903593 255 0 0
28.299015 32.550182 -47.939251 0.497284 -0.867586 -0.002014 0.207618 -0.908971 255 0 0
28.285009 32.550182 -51.397053 0.497284 -0.867586 -0.002014 0.266219 -0.909023 255 0 0
28.299015 32.550182 -47.939251 0.000000 -0.133990 0.990983 0.163759 -0.889064 255 0 0
26.920231 32.550182 -47.939251 0.000000 -0.133990 0.990983 0.138233 -0.889053 255 0 0
27.533018 27.538477 -48.616882 0.000000 -0.133990 0.990983 0.149147 -0.909260 255 0 0
26.920231 32.550182 -47.939251 0.000000 -0.133991 0.990983 0.138233 -0.889053 255 0 0
26.920231 27.538477 -48.616882 0.000000 -0.133991 0.990983 0.137803 -0.909272 255 0 0
27.533018 27.538477 -48.616882 0.000000 -0.133991 0.990983 0.149147 -0.909260 255 0 0
29.409698 33.184368 -58.070766 1.000000 0.000000 0.000000 0.379327 -0.903593 255 0 0
29.409698 36.450653 -56.924435 1.000000 0.000000 0.000000 0.359898 -0.889857 255 0 0
29.409698 33.184368 -46.889576 1.000000 0.000000 0.000000 0.189828 -0.903593 255 0 0
29.409698 36.450653 -46.889576 1.000000 -0.000000 0.000000 0.189827 -0.889860 255 0 0
29.409698 33.184368 -46.889576 -0.000000 0.000000 1.000000 0.184298 -0.884182 255 0 0
29.409698 36.450653 -46.889576 -0.000000 0.000000 1.000000 0.184255 -0.871114 255 0 0
26.920231 33.184368 -46.889576 -0.000000 0.000000 1.000000 0.138210 -0.884167 255 0 0
26.920231 36.450653 -46.889576 0.000000 0.000000 1.000000 0.138166 -0.871095 255 0 0
28.365505 37.084839 -47.880421 0.000000 0.088164 0.996106 0.164924 -0.866413 255 0 0
27.533018 45.405552 -48.616875 0.000000 0.088164 0.996106 0.150132 -0.833048 255 0 0
26.920231 37.084839 -47.880421 0.000000 0.088164 0.996106 0.138166 -0.866396 255 0 0
26.920231 45.405552 -48.616875 -0.000000 0.088164 0.996106 0.139069 -0.833034 255 0 0
29.409698 36.450653 -46.889576 0.000000 0.842254 0.539081 0.184255 -0.871114 255 0 0
28.365505 37.084839 -47.880421 0.000000 0.842254 0.539081 0.164924 -0.866413 255 0 0
26.920231 36.450653 -46.889576 0.000000 0.842254 0.539081 0.138166 -0.871095 255 0 0
26.920231 37.084839 -47.880421 -0.000000 0.842254 0.539081 0.138166 -0.866396 255 0 0
29.409698 33.184368 -46.889576 0.000000 -0.855913 0.517120 0.184298 -0.884182 255 0 0
26.920231 33.184368 -46.889576 0.000000 -0.855913 0.517120 0.138210 -0.884167 255 0 0
28.299015 32.550182 -47.939251 0.000000 -0.855913 0.517120 0.163759 -0.889064 255 0 0
26.920231 32.550182 -47.939251 0.000000 -0.855913 0.517120 0.138233 -0.889053 255 0 0
-18.886835 33.648293 -56.328861 0.000000 -1.000000 0.000000 0.764216 -0.107985 255 0 0
-18.886835 33.648293 -48.088303 0.000000 -1.000000 0.000000 0.764216 -0.136903 255 0 0
-26.943062 33.648293 -54.999195 0.000000 -1.000000 0.000000 0.681780 -0.112645 255 0 0
-26.921343 33.648293 -49.351410 0.000000 -1.000000 0.000000 0.681989 -0.132466 255 0 0
-18.023596 37.484558 -55.738762 -0.154691 0.987962 -0.001291 0.665937 -0.946102 255 0 0
-26.956978 36.087269 -54.616627 -0.154691 0.987962 -0.001291 0.517678 -0.952357 255 0 0
-18.165243 37.473274 -47.403400 -0.154691 0.987962 -0.001291 0.665834 -0.992134 255 0 0
-26.956978 36.087269 -54.616627 -0.155693 0.987806 -0.000041 0.517678 -0.952357 255 0 0
-26.935303 36.090931 -48.679417 -0.155693 0.987806 -0.000041 0.518299 -0.981567 255 0 0
-18.165243 37.473274 -47.403400 -0.155693 0.987806 -0.000041 0.665834 -0.992134 255 0 0
-10.038001 32.275936 -58.137611 -0.312547 -0.949880 -0.006465 0.177979 -0.916070 255 0 0
-13.969835 33.642117 -68.783424 -0.312547 -0.949880 -0.006465 0.113216 -0.975934 255 0 0
-9.827006 32.275932 -68.337593 -0.312547 -0.949880 -0.006465 0.177977 -0.976059 255 0 0
-18.311167 35.346661 -72.188393 -0.350389 -0.936346 -0.021994 0.028822 -0.994889 255 0 0
-13.969835 33.642117 -68.783424 -0.350389 -0.936346 -0.021994 0.113216 -0.975934 255 0 0
-19.193129 35.346664 -58.137611 -0.350389 -0.936346 -0.021994 0.021478 -0.915945 255 0 0
-10.038001 32.275936 -58.137611 -0.317997 -0.948082 -0.004221 0.177979 -0.916070 255 0 0
-19.193129 35.346664 -58.137611 -0.317997 -0.948082 -0.004221 0.021478 -0.915945 255 0 0
-13.969835 33.642117 -68.783424 -0.317997 -0.948082 -0.004221 0.113216 -0.975934 255 0 0
-18.886835 33.648293 -48.088303 -0.346728 -0.937966 0.000000 0.764216 -0.136903 255 0 0
-18.886835 33.648293 -56.328861 -0.346728 -0.937966 0.000000 0.764216 -0.107985 255 0 0
-9.942912 30.342087 -48.088303 -0.346728 -0.937966 0.000000 0.861806 -0.136902 255 0 0
-18.886835 33.648293 -56.328861 -0.346318 -0.938117 -0.000505 0.764216 -0.107985 255 0 0
-9.939364 30.345217 -56.328861 -0.346318 -0.938117 -0.000505 0.861830 -0.107985 255 0 0
-9.942912 30.342087 -48.088303 -0.346318 -0.938117 -0.000505 0.861806 -0.136902 255 0 0
-29.425608 36.450653 -56.924435 -0.516723 0.856153 0.000000 0.360186 -0.889855 255 0 0
-29.425608 36.450653 -46.889576 -0.516723 0.856153 0.000000 0.190115 -0.889858 255 0 0
-28.374832 37.084839 -51.455933 -0.516723 0.856153 0.000000 0.267503 -0.884695 255 0 0
-29.425608 36.450653 -46.889576 -0.519767 0.854308 -0.000957 0.190115 -0.889858 255 0 0
-28.381413 37.084839 -47.880421 -0.519767 0.854308 -0.000957 0.206907 -0.884721 255 0 0
-28.374832 37.084839 -51.455933 -0.519767 0.854308 -0.000957 0.267503 -0.884695 255 0 0
-29.425608 33.184368 -58.070766 -0.491171 -0.871063 0.000000 0.379621 -0.903591 255 0 0
-28.300917 32.550182 -51.397053 -0.491171 -0.871063 0.000000 0.266510 -0.909028 255 0 0
-29.425608 33.184368 -46.889576 -0.491171 -0.871063 0.000000 0.190118 -0.903592 255 0 0
-28.300917 32.550182 -51.397053 -0.497278 -0.867589 -0.002013 0.266510 -0.909028 255 0 0
-28.314911 32.550182 -47.939251 -0.497278 -0.867589 -0.002013 0.207909 -0.908962 255 0 0
-29.425608 33.184368 -46.889576 -0.497278 -0.867589 -0.002013 0.190118 -0.903592 255 0 0
-28.314911 32.550182 -47.939251 0.000000 -0.133990 0.990983 0.163760 -0.889070 255 0 0
-27.548914 27.538477 -48.616882 0.000000 -0.133990 0.990983 0.149140 -0.909269 255 0 0
-26.936138 32.550182 -47.939251 0.000000 -0.133990 0.990983 0.138233 -0.889059 255 0 0
-27.548914 27.538477 -48.616882 0.000000 -0.133991 0.990983 0.149140 -0.909269 255 0 0
-26.936138 27.538477 -48.616882 0.000000 -0.133991 0.990983 0.137796 -0.909257 255 0 0
-26.936138 32.550182 -47.939251 0.000000 -0.133991 0.990983 0.138233 -0.889059 255 0 0
-29.425608 33.184368 -58.070766 -1.000000 -0.000000 -0.000000 0.379621 -0.903591 255 0 0
-29.425608 33.184368 -46.889576 -1.000000 -0.000000 -0.000000 0.190118 -0.903592 255 0 0
-29.425608 36.450653 -56.924435 -1.000000 -0.000000 -0.000000 0.360186 -0.889855 255 0 0
-29.425608 36.450653 -46.889576 -1.000000 0.000000 0.000000 0.190115 -0.889858 255 0 0
-29.425608 33.184368 -46.889576 0.000000 0.000000 1.000000 0.184306 -0.884158 255 0 0
-26.936138 33.184368 -46.889576 0.000000 0.000000 1.000000 0.138218 -0.884167 255 0 0
-29.425608 36.450653 -46.889576 0.000000 0.000000 1.000000 0.184258 -0.871110 255 0 0
-26.936138 36.450653 -46.889576 -0.000000 0.000000 1.000000 0.138170 -0.871114 255 0 0
-28.381413 37.084839 -47.880421 0.000000 0.088164 0.996106 0.164929 -0.866418 255 0 0
-26.936138 37.084839 -47.880421 0.000000 0.088164 0.996106 0.138170 -0.866405 255 0 0
-27.548914 45.405552 -48.616875 0.000000 0.088164 0.996106 0.150204 -0.833035 255 0 0
-26.936138 45.405552 -48.616875 -0.000000 0.088164 0.996106 0.139047 -0.833045 255 0 0
-29.425608 36.450653 -46.889576 0.000000 0.842254 0.539081 0.184258 -0.871110 255 0 0
-26.936138 36.450653 -46.889576 0.000000 0.842254 0.539081 0.138170 -0.871114 255 0 0
-28.381413 37.084839 -47.880421 0.000000 0.842254 0.539081 0.164929 -0.866418 255 0 0
-26.936138 37.084839 -47.880421 -0.000000 0.842254 0.539081 0.138170 -0.866405 255 0 0
-29.425608 33.184368 -46.889576 0.000000 -0.855913 0.517120 0.184306 -0.884158 255 0 0
-28.314911 32.550182 -47.939251 0.000000 -0.855913 0.517120 0.163760 -0.889070 255 0 0
-26.936138 33.184368 -46.889576 0.000000 -0.855913 0.517120 0.138218 -0.884167 255 0 0
-26.936138 32.550182 -47.939251 0.000000 -0.855913 0.517120 0.138233 -0.889059 255 0 0
-9.854724 29.296886 -35.617184 -0.905227 -0.422398 -0.046310 0.615786 -0.730017 255 0 0
-11.582301 32.275928 -29.020187 -0.905227 -0.422398 -0.046310 0.665001 -0.692608 255 0 0
-10.751446 32.464691 -46.982674 -0.905227 -0.422398 -0.046310 0.665535 -0.797636 255 0 0
-13.809351 39.894726 -19.528002 -0.518055 0.854991 -0.024710 0.887461 -0.653469 255 0 0
-9.385465 42.304890 -28.882338 -0.518055 0.854991 -0.024710 0.813949 -0.706273 255 0 0
-17.469868 37.531998 -24.536581 -0.518055 0.854991 -0.024710 0.950926 -0.681732 255 0 0
-18.233238 37.484550 -28.958057 -0.477618 0.875524 0.073066 0.960969 -0.706707 255 0 0
-17.469868 37.531998 -24.536581 -0.477618 0.875524 0.073066 0.950926 -0.681732 255 0 0
-9.385465 42.304890 -28.882338 -0.477618 0.875524 0.073066 0.813949 -0.706273 255 0 0
18.217342 37.484550 -28.958057 0.480427 0.877032 -0.002308 0.961065 -0.706648 255 0 0
18.149399 37.473236 -47.403400 0.480427 0.877032 -0.002308 0.960523 -0.810777 255 0 0
9.369569 42.304890 -38.974861 0.480427 0.877032 -0.002308 0.814205 -0.763255 255 0 0
9.369569 42.304890 -38.974861 0.484620 0.874719 0.003386 0.814205 -0.763255 255 0 0
18.149399 37.473236 -47.403400 0.484620 0.874719 0.003386 0.960523 -0.810777 255 0 0
9.582800 42.304893 -69.492958 0.484620 0.874719 0.003386 0.817219 -0.935517 255 0 0
18.149399 37.473236 -47.403400 0.505706 0.862674 -0.007426 0.960523 -0.810777 255 0 0
18.007683 37.484558 -55.738762 0.505706 0.862674 -0.007426 0.958755 -0.857830 255 0 0
9.582800 42.304893 -69.492958 0.505706 0.862674 -0.007426 0.817219 -0.935517 255 0 0
18.007683 37.484558 -55.738762 0.546396 0.836497 -0.041524 0.958755 -0.857830 255 0 0
17.076241 37.135822 -75.020409 0.546396 0.836497 -0.041524 0.948596 -0.966990 255 0 0
9.582800 42.304893 -69.492958 0.546396 0.836497 -0.041524 0.817219 -0.935517 255 0 0
6.905807 25.286646 43.710453 0.921849 -0.387502 0.005953 0.586152 -0.229807 255 0 0
7.537649 26.746637 40.903072 0.921849 -0.387502 0.005953 0.566763 -0.242354 255 0 0
8.509318 29.111790 44.391880 0.921849 -0.387502 0.005953 0.542164 -0.224950 255 0 0
-5.546031 26.746637 32.730682 -0.729407 -0.660199 -0.179175 0.585950 -0.288594 255 0 0
-6.921699 25.286646 43.710453 -0.729407 -0.660199 -0.179175 0.585858 -0.229807 255 0 0
-7.553542 26.746637 40.903072 -0.729407 -0.660199 -0.179175 0.566484 -0.242356 255 0 0
-18.233238 37.484550 -28.958057 -0.478415 0.878134 0.000000 0.960985 -0.706702 255 0 0
-9.385470 42.304890 -38.969868 -0.478415 0.878134 0.000000 0.813950 -0.763220 255 0 0
9.369569 42.304890 -38.974861 0.478415 0.878134 0.000000 0.814205 -0.763255 255 0 0
9.369569 42.304890 -28.882338 0.478415 0.878134 0.000000 0.814206 -0.706273 255 0 0
18.217342 37.484550 -28.958057 0.478415 0.878134 0.000000 0.961243 -0.706702 255 0 0
-9.385465 42.304890 -28.882338 0.000000 1.000000 -0.000000 0.813949 -0.706273 255 0 0
-0.007948 42.304890 -28.882338 0.000000 1.000000 -0.000000 0.677100 -0.706273 255 0 0
-9.385463 42.304893 -13.025746 0.000000 1.000000 -0.000000 0.813949 -0.616757 255 0 0
-0.007947 42.304893 -13.025747 -0.000000 1.000000 -0.000000 0.677100 -0.616757 255 0 0
-7.297131 42.304897 42.284798 -0.000001 1.000000 0.000001 0.782595 -0.304392 255 0 0
-13.735035 42.304890 46.107738 -0.000001 1.000000 0.000001 0.873552 -0.282481 255 0 0
-7.297131 42.304890 56.879059 -0.000001 1.000000 0.000001 0.782657 -0.222119 255 0 0
-7.297131 42.304890 56.879059 -0.000000 1.000000 0.000000 0.782657 -0.222119 255 0 0
-13.735035 42.304890 46.107738 -0.000000 1.000000 0.000000 0.873552 -0.282481 255 0 0
-12.451083 42.304890 56.879059 -0.000000 1.000000 0.000000 0.858689 -0.222119 255 0 0
-12.451083 42.304890 56.879059 0.000000 0.482878 0.875687 0.515951 -0.392501 255 0 0
-12.213711 41.892323 57.106560 0.000000 0.482878 0.875687 0.504535 -0.394371 255 0 0
-7.297131 42.304890 56.879059 0.000000 0.482878 0.875687 0.515951 -0.432582 255 0 0
-0.007949 41.892323 57.106560 0.000000 0.482878 0.875687 0.504535 -0.490486 255 0 0
-0.007949 41.892323 57.106560 -0.000000 0.482878 0.875688 0.504535 -0.490486 255 0 0
-0.007951 42.304890 56.879059 -0.000000 0.482878 0.875688 0.515951 -0.490486 255 0 0
-7.297131 42.304890 56.879059 -0.000000 0.482878 0.875688 0.515951 -0.432582 255 0 0
-12.213711 41.892323 57.106560 0.000000 0.981540 0.191255 0.315307 -0.152473 255 0 0
-9.640750 39.963860 67.003624 0.000000 0.981540 0.191255 0.290008 -0.097066 255 0 0
-0.007949 41.892323 57.106560 0.000000 0.981540 0.191255 0.164289 -0.153531 255 0 0
-2.938783 39.963860 67.003624 0.000000 0.981540 0.191255 0.209565 -0.097067 255 0 0
-0.007949 39.963860 67.003624 0.000000 0.981540 0.191255 0.169740 -0.097430 255 0 0
-6.921699 25.286646 43.710453 0.000000 -0.991275 -0.131811 0.588861 -0.229807 255 0 0
-5.546031 26.746637 32.730682 0.000000 -0.991275 -0.131811 0.604555 -0.288594 255 0 0
-0.007946 25.286646 43.710453 0.000000 -0.991275 -0.131811 0.666742 -0.229834 255 0 0
-0.007950 26.746637 32.730682 -0.000000 -0.991275 -0.131811 0.666749 -0.288595 255 0 0
-0.007950 26.746635 -12.029951 0.000000 -1.000000 0.000000 0.666699 -0.539929 255 0 0
-0.007950 26.746637 32.730682 0.000000 -1.000000 0.000000 0.666749 -0.288595 255 0 0
-5.546031 26.746635 -12.029951 0.000000 -1.000000 0.000000 0.604506 -0.539925 255 0 0
-5.546031 26.746637 32.730682 0.000000 -1.000000 0.000000 0.604555 -0.288594 255 0 0
-6.549786 24.952280 -15.429816 0.000000 -0.884387 0.466755 0.593298 -0.561756 255 0 0
-0.007948 24.952280 -15.429816 0.000000 -0.884387 0.466755 0.666705 -0.561757 255 0 0
-5.546031 26.746635 -12.029951 0.000000 -0.884387 0.466755 0.604506 -0.539925 255 0 0
-0.007950 26.746635 -12.029951 0.000000 -0.884387 0.466755 0.666699 -0.539929 255 0 0
-6.549786 24.952280 -15.429816 0.000000 -0.915924 0.401351 0.593298 -0.561756 255 0 0
-5.319428 24.508213 -16.443224 0.000000 -0.915924 0.401351 0.607043 -0.567733 255 0 0
-0.007948 24.952280 -15.429816 0.000000 -0.915924 0.401351 0.666705 -0.561757 255 0 0
-5.319428 24.508213 -16.443224 0.000000 -0.915925 0.401351 0.607043 -0.567733 255 0 0
-0.007950 24.508213 -16.443224 0.000000 -0.915925 0.401351 0.666691 -0.567732 255 0 0
-0.007948 24.952280 -15.429816 0.000000 -0.915925 0.401351 0.666705 -0.561757 255 0 0
-0.007950 24.508213 -16.443224 0.000000 -1.000000 -0.000000 0.666691 -0.567732 255 0 0
-5.319428 24.508213 -16.443224 0.000000 -1.000000 -0.000000 0.607043 -0.567733 255 0 0
-0.007948 24.508215 -35.940674 0.000000 -1.000000 -0.000000 0.666718 -0.677207 255 0 0
-5.304415 24.508215 -35.952385 0.000000 -1.000000 -0.000000 0.607239 -0.677270 255 0 0
6.905807 25.286646 43.710453 0.000000 -1.000000 0.000000 0.589155 -0.228737 255 0 0
6.246403 25.286646 53.267742 0.000000 -1.000000 0.000000 0.588931 -0.170928 255 0 0
-0.007946 25.286646 43.710453 0.000000 -1.000000 0.000000 0.666536 -0.229796 255 0 0
-0.007949 25.286646 53.267742 0.000000 -1.000000 0.000000 0.666547 -0.172013 255 0 0
4.071026 25.286648 63.526119 0.000000 -1.000000 0.000000 0.620755 -0.110982 255 0 0
-0.007947 25.286648 63.526119 0.000000 -1.000000 0.000000 0.666560 -0.110713 255 0 0
4.071026 25.286648 63.526119 0.000000 -0.986351 0.164656 0.620755 -0.110982 255 0 0
1.629685 26.774288 72.437630 0.000000 -0.986351 0.164656 0.621145 -0.070258 255 0 0
-0.007947 25.286648 63.526119 0.000000 -0.986351 0.164656 0.666560 -0.110713 255 0 0
-0.007948 26.774288 72.437630 0.000000 -0.986351 0.164656 0.666578 -0.070263 255 0 0
-0.007947 42.304893 -3.421897 0.000000 1.000000 -0.000000 0.681737 -0.562541 255 0 0
-9.385463 42.304893 -3.421897 0.000000 1.000000 -0.000000 0.813949 -0.562540 255 0 0
-0.007946 42.304897 32.720158 0.000000 1.000000 -0.000000 0.681737 -0.358507 255 0 0
-9.385463 42.304897 32.720158 0.000000 1.000000 -0.000000 0.813980 -0.358507 255 0 0
-7.330947 42.304897 32.720158 0.000000 1.000000 -0.000000 0.783991 -0.358507 255 0 0
9.369569 42.304893 -3.421899 -0.000000 1.000000 -0.000000 0.814218 -0.562541 255 0 0
-0.007947 42.304893 -3.421897 -0.000000 1.000000 -0.000000 0.681993 -0.562541 255 0 0
9.369571 42.304897 32.720158 -0.000000 1.000000 -0.000000 0.814236 -0.358506 255 0 0
7.272666 42.304897 32.720154 0.000000 1.000000 -0.000000 0.783628 -0.358506 255 0 0
-0.007946 42.304897 32.720158 -0.000000 1.000000 -0.000000 0.681993 -0.358507 255 0 0
-3.203698 34.675293 70.932098 0.000000 -0.879429 0.476030 0.504244 -0.273617 255 0 0
-8.416927 34.675293 70.932098 0.000000 -0.879429 0.476030 0.504045 -0.304600 255 0 0
-4.212438 34.324722 70.284447 0.000000 -0.879429 0.476030 0.521960 -0.278055 255 0 0
-8.420037 34.324722 70.284447 0.000000 -0.879429 0.476030 0.524902 -0.304622 255 0 0
2.799603 42.304893 -12.465725 -0.000000 1.000000 0.000000 0.284413 -0.815287 255 0 0
-0.007947 42.304893 -13.025747 -0.000000 1.000000 0.000000 0.238094 -0.805570 255 0 0
1.553390 42.304893 -11.219516 -0.000000 1.000000 0.000000 0.264714 -0.829159 255 0 0
6.324422 42.304893 -12.465725 0.000000 1.000000 0.000000 0.354443 -0.815301 255 0 0
8.816839 42.304893 -9.973304 0.000000 1.000000 0.000000 0.397054 -0.844278 255 0 0
9.369569 42.304893 -13.025749 0.000000 1.000000 0.000000 0.402385 -0.805401 255 0 0
-8.518188 42.304893 -11.219516 -0.000000 1.000000 0.000000 0.088937 -0.829405 255 0 0
-9.385463 42.304893 -13.025746 -0.000000 1.000000 -0.000000 0.073552 -0.805382 255 0 0
1.553393 42.304893 -5.202276 -0.000000 1.000000 0.000000 0.264779 -0.829208 255 0 0
-8.518188 42.304893 -5.202276 -0.000000 1.000000 0.000000 0.088901 -0.829360 255 0 0
-0.007947 42.304893 -3.421897 -0.000000 1.000000 0.000000 0.238218 -0.805552 255 0 0
-9.385463 42.304893 -3.421897 0.000000 1.000000 0.000000 0.073452 -0.806112 255 0 0
9.369569 42.304893 -3.421899 0.000000 1.000000 -0.000000 0.402379 -0.805393 255 0 0
2.799606 42.304893 -3.956067 0.000000 1.000000 -0.000000 0.284273 -0.815292 255 0 0
6.324417 42.304893 -3.956067 0.000000 1.000000 -0.000000 0.354519 -0.815310 255 0 0
9.369569 42.304893 -8.223825 0.000000 1.000000 0.000000 0.402322 -0.863491 255 0 0
8.816840 42.304893 -8.210896 0.000000 1.000000 -0.000000 0.397037 -0.863532 255 0 0
8.816842 42.304893 -6.448489 0.000000 1.000000 0.000000 0.397058 -0.844275 255 0 0
-9.385463 42.304893 -8.223823 0.000000 1.000000 -0.000000 0.073502 -0.863917 255 0 0
-8.518188 42.304893 -8.210896 0.000000 1.000000 0.000000 0.088919 -0.863804 255 0 0
-2.938783 39.963860 67.003624 0.000000 0.537552 0.843231 0.516661 -0.469843 255 0 0
-2.715981 39.590187 67.241837 0.000000 0.537552 0.843231 0.504111 -0.471453 255 0 0
-0.007949 39.963860 67.003624 0.000000 0.537552 0.843231 0.516661 -0.491020 255 0 0
-0.007949 39.590187 67.241837 0.000000 0.537552 0.843231 0.504111 -0.491020 255 0 0
13.793457 39.894726 -19.528002 0.517973 0.855042 -0.024658 0.887723 -0.653465 255 0 0
17.455286 37.531998 -24.536581 0.517973 0.855042 -0.024658 0.951165 -0.681736 255 0 0
9.369569 42.304890 -28.882338 0.517973 0.855042 -0.024658 0.814206 -0.706273 255 0 0
18.217342 37.484550 -28.958057 0.477622 0.875534 0.072924 0.961240 -0.706701 255 0 0
9.369569 42.304890 -28.882338 0.477622 0.875534 0.072924 0.814206 -0.706273 255 0 0
17.455286 37.531998 -24.536581 0.477622 0.875534 0.072924 0.951165 -0.681736 255 0 0
-9.385465 42.304890 -28.882338 -0.478414 0.878134 -0.000000 0.813949 -0.706273 255 0 0
-13.809351 39.894726 -19.528002 -0.478414 0.878134 -0.000000 0.887461 -0.653469 255 0 0
-9.921753 42.012718 -13.637050 -0.478414 0.878134 -0.000000 0.822863 -0.620209 255 0 0
-13.809351 39.894726 -13.637342 -0.478414 0.878134 0.000000 0.887462 -0.620215 255 0 0
7.297131 42.304897 42.284798 0.000000 1.000000 0.000000 0.782585 -0.304458 255 0 0
9.369571 42.304897 32.720158 0.000001 1.000000 0.000000 0.814236 -0.358506 255 0 0
7.297131 42.304897 42.284798 0.000001 1.000000 0.000000 0.782585 -0.304458 255 0 0
13.719138 42.304890 46.107738 0.000001 1.000000 0.000000 0.873823 -0.282481 255 0 0
-0.007948 42.304897 42.284798 0.000000 1.000000 0.000000 0.681998 -0.304332 255 0 0
-0.007948 42.304897 42.284798 -0.000000 1.000000 -0.000000 0.681732 -0.304332 255 0 0
-7.297131 42.304897 42.284798 -0.000000 1.000000 -0.000000 0.782595 -0.304392 255 0 0
7.297131 42.304897 42.284798 0.000001 1.000000 0.000001 0.782585 -0.304458 255 0 0
7.297131 42.304890 56.879059 0.000001 1.000000 0.000001 0.782663 -0.222119 255 0 0
13.719138 42.304890 46.107738 0.000001 1.000000 0.000001 0.873823 -0.282481 255 0 0
13.719138 42.304890 46.107738 0.000000 1.000000 0.000000 0.873823 -0.282481 255 0 0
7.297131 42.304890 56.879059 0.000000 1.000000 0.000000 0.782663 -0.222119 255 0 0
12.435182 42.304890 56.879059 0.000000 1.000000 0.000000 0.858942 -0.222119 255 0 0
-13.735035 42.304890 46.107738 -0.000001 1.000000 0.000000 0.873552 -0.282481 255 0 0
-7.297131 42.304897 42.284798 -0.000001 1.000000 0.000000 0.782595 -0.304392 255 0 0
-9.385463 42.304897 32.720158 -0.000001 1.000000 0.000000 0.813980 -0.358507 255 0 0
11.566402 32.275928 -29.020187 0.928954 -0.361437 -0.080052 0.665166 -0.692552 255 0 0
9.838822 29.296886 -35.617184 0.928954 -0.361437 -0.080052 0.615829 -0.730026 255 0 0
10.022099 32.275936 -46.940845 0.928954 -0.361437 -0.080052 0.665609 -0.797466 255 0 0
10.022099 32.275936 -46.940845 0.998706 -0.050770 0.002808 0.665609 -0.797466 255 0 0
9.838822 29.296886 -35.617184 0.998706 -0.050770 0.002808 0.615829 -0.730026 255 0 0
9.927015 30.342087 -48.088303 0.998706 -0.050770 0.002808 0.631710 -0.804262 255 0 0
-9.854724 29.296886 -35.617184 -0.938081 -0.345694 -0.022339 0.615786 -0.730017 255 0 0
-10.751446 32.464691 -46.982674 -0.938081 -0.345694 -0.022339 0.665535 -0.797636 255 0 0
-9.942912 30.342087 -48.088303 -0.938081 -0.345694 -0.022339 0.631564 -0.804265 255 0 0
-9.854724 29.296886 -35.617184 -0.995487 -0.094897 -0.000914 0.615786 -0.730017 255 0 0
-9.942912 30.342087 -48.088303 -0.995487 -0.094897 -0.000914 0.631564 -0.804265 255 0 0
-9.827018 29.321318 -68.337593 -0.995487 -0.094897 -0.000914 0.616294 -0.924773 255 0 0
-9.942912 30.342087 -48.088303 -0.994614 -0.103650 -0.000468 0.631564 -0.804265 255 0 0
-9.939364 30.345217 -56.328861 -0.994614 -0.103650 -0.000468 0.631659 -0.853307 255 0 0
-9.827018 29.321318 -68.337593 -0.994614 -0.103650 -0.000468 0.616294 -0.924773 255 0 0
-9.939364 30.345217 -56.328861 -0.998457 -0.055340 -0.004623 0.631659 -0.853307 255 0 0
-10.038001 32.275936 -58.137611 -0.998457 -0.055340 -0.004623 0.660431 -0.864112 255 0 0
-9.827018 29.321318 -68.337593 -0.998457 -0.055340 -0.004623 0.616294 -0.924773 255 0 0
-10.038001 32.275936 -58.137611 -0.999786 0.000004 -0.020681 0.660431 -0.864112 255 0 0
-9.827006 32.275932 -68.337593 -0.999786 0.000004 -0.020681 0.659794 -0.924843 255 0 0
-9.827018 29.321318 -68.337593 -0.999786 0.000004 -0.020681 0.616294 -0.924773 255 0 0
7.574072 36.513775 -72.567871 0.002330 -0.316203 -0.948689 -0.381215 0.692479 255 0 0
2.978570 35.521751 -72.248512 0.002330 -0.316203 -0.948689 -0.177093 0.662200 255 0 0
-0.007948 36.513775 -72.586494 0.002330 -0.316203 -0.948689 -0.046926 0.692273 255 0 0
2.978570 35.521751 -72.248512 0.000000 -0.322496 -0.946571 -0.177093 0.662200 255 0 0
1.191095 35.521751 -72.248512 0.000000 -0.322496 -0.946571 -0.094804 0.662449 255 0 0
-0.007948 36.513775 -72.586494 0.000000 -0.322496 -0.946571 -0.046926 0.692273 255 0 0
-0.007948 35.521751 -72.248512 0.000000 -0.322496 -0.946571 -0.046828 0.661785 255 0 0
-7.626572 36.513775 -72.586494 -0.213661 -0.574470 -0.790148 -0.381512 0.692644 255 0 0
-7.737778 34.292168 -70.941223 -0.213661 -0.574470 -0.790148 -0.380096 0.610736 255 0 0
-13.969835 33.642117 -68.783424 -0.213661 -0.574470 -0.790148 -0.706917 0.537576 255 0 0
-7.737778 34.292168 -70.941223 -0.161777 -0.713159 -0.682080 -0.380096 0.610736 255 0 0
-9.827006 32.275932 -68.337593 -0.161777 -0.713159 -0.682080 -0.475526 0.520598 255 0 0
-13.969835 33.642117 -68.783424 -0.161777 -0.713159 -0.682080 -0.706917 0.537576 255 0 0
-17.092142 37.135822 -75.020409 -0.195930 -0.671221 -0.714895 -0.908353 0.795922 255 0 0
-9.598697 40.579750 -80.307655 -0.195930 -0.671221 -0.714895 -0.512372 0.978022 255 0 0
-15.623678 36.797966 -75.105652 -0.195930 -0.671221 -0.714895 -0.817901 0.780176 255 0 0
-9.598697 40.579750 -80.307655 -0.588148 -0.154874 -0.793786 -0.512372 0.978022 255 0 0
-9.598697 39.631413 -80.122627 -0.588148 -0.154874 -0.793786 -0.512669 0.961040 255 0 0
-15.623678 36.797966 -75.105652 -0.588148 -0.154874 -0.793786 -0.817901 0.780176 255 0 0
7.574072 36.513775 -72.567871 0.215937 -0.567434 -0.794600 -0.381215 0.692479 255 0 0
13.953934 33.642117 -68.783424 0.215937 -0.567434 -0.794600 -0.706831 0.537718 255 0 0
7.721888 34.292168 -70.941223 0.215937 -0.567434 -0.794600 -0.380162 0.610256 255 0 0
13.953934 33.642117 -68.783424 0.161777 -0.713159 -0.682080 -0.706831 0.537718 255 0 0
9.811110 32.275932 -68.337593 0.161777 -0.713159 -0.682080 -0.476120 0.521100 255 0 0
7.721888 34.292168 -70.941223 0.161777 -0.713159 -0.682080 -0.380162 0.610256 255 0 0
17.076241 37.135822 -75.020409 0.195930 -0.671220 -0.714895 -0.908688 0.795852 255 0 0
15.607781 36.797966 -75.105652 0.195930 -0.671220 -0.714895 -0.818165 0.780058 255 0 0
9.582800 40.579750 -80.307655 0.195930 -0.671220 -0.714895 -0.513102 0.978123 255 0 0
9.582800 40.579750 -80.307655 0.588148 -0.154874 -0.793786 -0.513102 0.978123 255 0 0
15.607781 36.797966 -75.105652 0.588148 -0.154874 -0.793786 -0.818165 0.780058 255 0 0
9.582800 39.631413 -80.122627 0.588148 -0.154874 -0.793786 -0.513761 0.961040 255 0 0
-0.007948 34.292168 -70.941223 -0.000000 -0.728424 -0.685126 -0.045992 0.608911 255 0 0
-0.007948 35.521751 -72.248512 -0.000000 -0.728424 -0.685126 -0.046828 0.661785 255 0 0
1.191095 35.521751 -72.248512 -0.000000 -0.728424 -0.685126 -0.094804 0.662449 255 0 0
9.582800 39.631413 -80.122627 0.000000 -0.924383 -0.381467 -0.513761 0.961040 255 0 0
7.574072 36.513775 -72.567871 0.000000 -0.924383 -0.381467 -0.381215 0.692479 255 0 0
-0.007948 39.631413 -80.122627 0.000000 -0.924383 -0.381467 -0.049442 0.959537 255 0 0
-0.007948 36.513775 -72.586494 0.000939 -0.924049 -0.382272 -0.046926 0.692273 255 0 0
-0.007948 39.631413 -80.122627 0.000939 -0.924049 -0.382272 -0.049442 0.959537 255 0 0
7.574072 36.513775 -72.567871 0.000939 -0.924049 -0.382272 -0.381215 0.692479 255 0 0
-0.007948 39.631413 -80.122627 0.000000 -0.191497 -0.981493 -0.049442 0.959537 255 0 0
-0.007948 40.579750 -80.307655 0.000000 -0.191497 -0.981493 -0.046438 0.977619 255 0 0
9.582800 39.631413 -80.122627 0.000000 -0.191497 -0.981493 -0.513761 0.961040 255 0 0
9.582800 40.579750 -80.307655 -0.000000 -0.191497 -0.981493 -0.513589 0.978631 255 0 0
-7.626572 36.513775 -72.586494 0.073594 -0.851064 -0.519879 -0.381512 0.692644 255 0 0
-13.969835 33.642117 -68.783424 0.073594 -0.851064 -0.519879 -0.706917 0.537576 255 0 0
-18.311167 35.346661 -72.188393 0.073594 -0.851064 -0.519879 -0.978118 0.702770 255 0 0
-7.417694 33.592419 -75.188896 0.000000 0.000000 -1.000000 -0.658528 0.485214 255 0 0
-5.103240 33.592419 -75.188896 0.000000 0.000000 -1.000000 -0.854209 0.485588 255 0 0
-9.054255 31.955854 -75.188896 0.000000 0.000000 -1.000000 -0.520442 0.346419 255 0 0
-4.059796 32.557354 -75.188896 0.000000 0.000000 -1.000000 -0.942801 0.398402 255 0 0
-9.054255 29.641403 -75.188896 -0.000000 0.000000 -1.000000 -0.520964 0.150659 255 0 0
-7.417699 28.004835 -75.188896 -0.000000 0.000000 -1.000000 -0.674728 0.019055 255 0 0
-5.103240 28.004839 -75.188896 -0.000000 0.000000 -1.000000 -0.840269 0.019547 255 0 0
-3.460751 31.958309 -75.188896 0.000000 0.000000 -1.000000 -0.993638 0.347299 255 0 0
-3.466679 29.641403 -75.188896 0.000000 0.000000 -1.000000 -0.993552 0.152426 255 0 0
-0.007948 34.292168 -70.941223 -0.000000 -0.728424 -0.685127 -0.045891 0.608911 255 0 0
-1.206991 35.521751 -72.248512 -0.000000 -0.728424 -0.685127 -0.095016 0.662394 255 0 0
-0.007948 35.521751 -72.248512 -0.000000 -0.728424 -0.685127 -0.047080 0.661785 255 0 0
-2.800827 35.054256 -76.435440 0.000000 0.000424 -1.000000 -0.984306 0.145388 255 0 0
-1.400631 35.054256 -76.435440 0.000000 0.000424 -1.000000 -0.831732 0.013770 255 0 0
-3.790918 34.064163 -76.435860 0.000000 0.000424 -1.000000 -0.984566 0.342342 255 0 0
-0.410545 34.064163 -76.435860 0.000000 0.000424 -1.000000 -0.667373 0.013642 255 0 0
-0.410545 34.064163 -76.435860 0.000000 0.000000 -1.000000 -0.667373 0.013642 255 0 0
-0.410545 32.663971 -76.435860 0.000000 0.000000 -1.000000 -0.514343 0.145593 255 0 0
-3.790918 34.064163 -76.435860 0.000000 0.000000 -1.000000 -0.984566 0.342342 255 0 0
-1.400631 31.673883 -76.435860 0.000000 0.000000 -1.000000 -0.514320 0.342062 255 0 0
-2.800827 31.673883 -76.435860 0.000000 0.000000 -1.000000 -0.651900 0.481466 255 0 0
-3.790918 32.663971 -76.435860 0.000000 0.000000 -1.000000 -0.846620 0.481497 255 0 0
-7.626572 36.513775 -72.586494 -0.000000 -0.322496 -0.946571 -0.381512 0.692644 255 0 0
-0.007948 36.513775 -72.586494 -0.000000 -0.322496 -0.946571 -0.046982 0.692273 255 0 0
-2.994467 35.521751 -72.248512 -0.000000 -0.322496 -0.946571 -0.177307 0.662260 255 0 0
-1.206991 35.521751 -72.248512 0.000000 -0.322496 -0.946571 -0.095016 0.662394 255 0 0
-0.007948 35.521751 -72.248512 0.000000 -0.322496 -0.946571 -0.047080 0.661785 255 0 0
-15.623678 36.797966 -75.105652 0.094103 -0.911010 -0.401503 -0.817901 0.780176 255 0 0
-9.598697 39.631413 -80.122627 0.094103 -0.911010 -0.401503 -0.512669 0.961040 255 0 0
-7.626572 36.513775 -72.586494 0.094103 -0.911010 -0.401503 -0.381512 0.692644 255 0 0
-18.311167 35.346661 -72.188393 -0.213853 -0.781671 -0.585882 -0.978118 0.702770 255 0 0
-17.092142 37.135822 -75.020409 -0.213853 -0.781671 -0.585882 -0.908977 0.795306 255 0 0
-15.623678 36.797966 -75.105652 -0.213853 -0.781671 -0.585882 -0.817901 0.780176 255 0 0
-7.737778 34.292168 -70.941223 0.000000 -0.728424 -0.685127 -0.380096 0.610736 255 0 0
-2.994467 35.521751 -72.248512 0.000000 -0.728424 -0.685127 -0.177307 0.662260 255 0 0
-4.520788 34.292168 -70.941223 0.000000 -0.728424 -0.685127 -0.212715 0.611053 255 0 0
-18.311167 35.346661 -72.188393 0.086545 -0.921468 -0.378692 -0.978118 0.702770 255 0 0
-15.623678 36.797966 -75.105652 0.086545 -0.921468 -0.378692 -0.817901 0.780176 255 0 0
-7.626572 36.513775 -72.586494 0.086545 -0.921468 -0.378692 -0.381512 0.692644 255 0 0
-7.737778 34.292168 -70.941223 -0.068071 -0.591559 -0.803383 -0.380096 0.610736 255 0 0
-7.626572 36.513775 -72.586494 -0.068071 -0.591559 -0.803383 -0.381512 0.692644 255 0 0
-2.994467 35.521751 -72.248512 -0.068071 -0.591559 -0.803383 -0.177307 0.662260 255 0 0
-9.598697 39.631413 -80.122627 -0.000000 -0.924050 -0.382272 -0.512669 0.961040 255 0 0
-0.007948 39.631413 -80.122627 -0.000000 -0.924050 -0.382272 -0.048135 0.959540 255 0 0
-7.626572 36.513775 -72.586494 -0.000000 -0.924050 -0.382272 -0.381512 0.692644 255 0 0
-0.007948 36.513775 -72.586494 0.000000 -0.924050 -0.382272 -0.046982 0.692273 255 0 0
-0.007948 26.191704 -74.288498 -0.000000 -0.000000 -1.000000 -0.846138 0.481026 255 0 0
-1.798416 26.933338 -74.288498 -0.000000 -0.000000 -1.000000 -0.984178 0.341685 255 0 0
1.782520 26.933338 -74.288498 -0.000000 -0.000000 -1.000000 -0.650943 0.480906 255 0 0
-2.540056 28.723810 -74.288498 -0.000000 -0.000000 -1.000000 -0.984171 0.144687 255 0 0
-1.798416 30.514282 -74.288498 -0.000000 0.000000 -1.000000 -0.831160 0.013058 255 0 0
-0.007948 31.255919 -74.288498 -0.000000 0.000000 -1.000000 -0.666114 0.013020 255 0 0
1.782520 30.514282 -74.288498 0.000000 0.000000 -1.000000 -0.512806 0.144743 255 0 0
2.524160 28.723810 -74.288498 0.000000 0.000000 -1.000000 -0.512944 0.341670 255 0 0
7.574072 36.513775 -72.567871 -0.073653 -0.850330 -0.521070 -0.381215 0.692479 255 0 0
18.297903 35.346661 -72.179077 -0.073653 -0.850330 -0.521070 -0.978179 0.702751 255 0 0
13.953934 33.642117 -68.783424 -0.073653 -0.850330 -0.521070 -0.706831 0.537718 255 0 0
7.401803 33.592419 -75.188896 0.000000 0.000000 -1.000000 -0.674528 0.015491 255 0 0
9.038360 31.955854 -75.188896 0.000000 0.000000 -1.000000 -0.521483 0.147144 255 0 0
5.087344 33.592419 -75.188896 0.000000 0.000000 -1.000000 -0.840073 0.015091 255 0 0
9.038360 29.641403 -75.188896 0.000000 0.000000 -1.000000 -0.521954 0.342857 255 0 0
7.401803 28.004835 -75.188896 0.000000 0.000000 -1.000000 -0.660699 0.480942 255 0 0
5.087344 28.004839 -75.188896 0.000000 0.000000 -1.000000 -0.856486 0.480482 255 0 0
3.450777 29.641403 -75.188896 0.000000 -0.000000 -1.000000 -0.994588 0.341090 255 0 0
4.043900 32.557354 -75.188896 0.000000 -0.000000 -1.000000 -0.943893 0.095032 255 0 0
3.444855 31.958309 -75.188896 0.000000 -0.000000 -1.000000 -0.994425 0.146379 255 0 0
2.784930 35.054256 -76.435440 0.000000 0.000424 -1.000000 -0.514597 0.349150 255 0 0
3.775017 34.064163 -76.435860 0.000000 0.000424 -1.000000 -0.652243 0.488319 255 0 0
1.384735 35.054256 -76.435440 0.000000 0.000424 -1.000000 -0.514582 0.152160 255 0 0
3.775017 34.064163 -76.435860 -0.000176 0.000000 -1.000000 -0.652243 0.488319 255 0 0
3.775017 32.663971 -76.435860 -0.000176 0.000000 -1.000000 -0.847184 0.488574 255 0 0
1.384735 35.054256 -76.435440 -0.000176 0.000000 -1.000000 -0.514582 0.152160 255 0 0
3.775017 32.663971 -76.435860 -0.000088 0.000088 -1.000000 -0.847184 0.488574 255 0 0
2.784930 31.673883 -76.435860 -0.000088 0.000088 -1.000000 -0.984292 0.348820 255 0 0
1.384735 35.054256 -76.435440 -0.000088 0.000088 -1.000000 -0.514582 0.152160 255 0 0
2.784930 31.673883 -76.435860 0.000000 0.000124 -1.000000 -0.984292 0.348820 255 0 0
1.384735 31.673883 -76.435860 0.000000 0.000124 -1.000000 -0.984464 0.152217 255 0 0
1.384735 35.054256 -76.435440 0.000000 0.000124 -1.000000 -0.514582 0.152160 255 0 0
1.384735 31.673883 -76.435860 0.000124 0.000124 -1.000000 -0.984464 0.152217 255 0 0
0.394650 32.663971 -76.435860 0.000124 0.000124 -1.000000 -0.832268 0.020629 255 0 0
1.384735 35.054256 -76.435440 0.000124 0.000124 -1.000000 -0.514582 0.152160 255 0 0
0.394650 32.663971 -76.435860 0.000424 0.000000 -1.000000 -0.832268 0.020629 255 0 0
0.394650 34.064163 -76.435860 0.000424 0.000000 -1.000000 -0.667289 0.020768 255 0 0
1.384735 35.054256 -76.435440 0.000424 0.000000 -1.000000 -0.514582 0.152160 255 0 0
15.607781 36.797966 -75.105652 -0.094480 -0.911139 -0.401123 -0.818165 0.780058 255 0 0
7.574072 36.513775 -72.567871 -0.094480 -0.911139 -0.401123 -0.381215 0.692479 255 0 0
9.582800 39.631413 -80.122627 -0.094480 -0.911139 -0.401123 -0.513761 0.961040 255 0 0
18.297903 35.346661 -72.179077 0.213977 -0.782497 -0.584733 -0.978179 0.702751 255 0 0
15.607781 36.797966 -75.105652 0.213977 -0.782497 -0.584733 -0.818165 0.780058 255 0 0
17.076241 37.135822 -75.020409 0.213977 -0.782497 -0.584733 -0.909048 0.795213 255 0 0
7.721888 34.292168 -70.941223 0.000000 -0.728424 -0.685126 -0.380162 0.610256 255 0 0
4.504886 34.292168 -70.941223 0.000000 -0.728424 -0.685126 -0.212631 0.611261 255 0 0
2.978570 35.521751 -72.248512 0.000000 -0.728424 -0.685126 -0.177093 0.662200 255 0 0
18.297903 35.346661 -72.179077 -0.086649 -0.921930 -0.377542 -0.978179 0.702751 255 0 0
7.574072 36.513775 -72.567871 -0.086649 -0.921930 -0.377542 -0.381215 0.692479 255 0 0
15.607781 36.797966 -75.105652 -0.086649 -0.921930 -0.377542 -0.818165 0.780058 255 0 0
7.721888 34.292168 -70.941223 0.070465 -0.586241 -0.807066 -0.380162 0.610256 255 0 0
2.978570 35.521751 -72.248512 0.070465 -0.586241 -0.807066 -0.177093 0.662200 255 0 0
7.574072 36.513775 -72.567871 0.070465 -0.586241 -0.807066 -0.381215 0.692479 255 0 0
-9.598697 40.579750 -80.307655 -0.000000 -0.191497 -0.981493 -0.512864 0.978613 255 0 0
-0.007948 40.579750 -80.307655 -0.000000 -0.191497 -0.981493 -0.048364 0.977514 255 0 0
-9.598697 39.631413 -80.122627 -0.000000 -0.191497 -0.981493 -0.512669 0.961040 255 0 0
-0.007948 39.631413 -80.122627 0.000000 -0.191497 -0.981493 -0.048135 0.959540 255 0 0
-20.218933 41.237137 -14.554774 -0.956083 -0.038820 -0.290514 0.293498 0.953759 255 0 0
-20.221209 42.935516 -14.774232 -0.956083 -0.038820 -0.290514 0.289436 0.976775 255 0 0
-19.517080 42.298622 -17.006416 -0.956083 -0.038820 -0.290514 0.245931 0.967965 255 0 0
-20.221209 42.935516 -14.774232 -0.956328 -0.045124 -0.288792 0.289436 0.976775 255 0 0
-19.547216 42.937302 -17.006416 -0.956328 -0.045124 -0.288792 0.246029 0.976628 255 0 0
-19.517080 42.298622 -17.006416 -0.956328 -0.045124 -0.288792 0.245931 0.967965 255 0 0
-20.218933 41.237144 -5.931558 -0.999999 -0.001340 0.000000 0.454010 0.953644 255 0 0
-20.221209 42.935516 -14.774232 -0.999999 -0.001340 0.000000 0.289436 0.976775 255 0 0
-20.218933 41.237137 -14.554774 -0.999999 -0.001340 0.000000 0.293498 0.953759 255 0 0
-13.809351 39.894726 -3.421658 -0.296717 -0.954966 0.000000 0.500476 0.862869 255 0 0
-15.396780 40.387955 -3.421897 -0.296717 -0.954966 0.000000 0.500564 0.885394 255 0 0
-13.809351 39.894726 -13.637342 -0.296717 -0.954966 0.000000 0.310316 0.863283 255 0 0
-15.396780 40.387955 -3.421897 -0.300435 -0.953802 -0.000634 0.500564 0.885394 255 0 0
-15.375221 40.387955 -13.637577 -0.300435 -0.953802 -0.000634 0.310403 0.885529 255 0 0
-13.809351 39.894726 -13.637342 -0.300435 -0.953802 -0.000634 0.310316 0.863283 255 0 0
-20.248102 42.935520 -2.687953 -0.940434 0.339917 -0.006330 0.052128 0.829660 255 0 0
-19.597059 44.724884 -3.324136 -0.940434 0.339917 -0.006330 0.104561 0.821033 255 0 0
-20.226223 42.935516 -5.938597 -0.940434 0.339917 -0.006330 0.052213 0.771826 255 0 0
-19.597059 44.724884 -3.324136 -0.943383 0.331705 0.000000 0.104561 0.821033 255 0 0
-19.597059 44.724884 -14.773740 -0.943383 0.331705 0.000000 0.104549 0.574474 255 0 0
-20.226223 42.935516 -5.938597 -0.943383 0.331705 0.000000 0.052213 0.771826 255 0 0
-22.317019 40.387955 -5.931558 -0.000000 -0.000000 -1.000000 0.135830 0.938669 255 0 0
-22.317019 42.935516 -5.931558 -0.000000 -0.000000 -1.000000 0.076504 0.938649 255 0 0
-20.218933 41.237144 -5.931558 -0.000000 -0.000000 -1.000000 0.116127 0.916273 255 0 0
-20.218933 41.237144 -5.931558 -0.003366 -0.004159 -0.999986 0.116127 0.916273 255 0 0
-22.317019 42.935516 -5.931558 -0.003366 -0.004159 -0.999986 0.076504 0.938649 255 0 0
-20.226223 42.935516 -5.938597 -0.003366 -0.004159 -0.999986 0.076576 0.916323 255 0 0
-18.602486 40.387955 -13.637577 -0.000000 -1.000000 0.000000 0.310538 0.928988 255 0 0
-18.602486 40.387955 -14.892306 -0.000000 -1.000000 0.000000 0.287183 0.929053 255 0 0
-15.375221 40.387955 -13.637577 -0.000000 -1.000000 0.000000 0.310403 0.885529 255 0 0
-15.361338 40.387955 -14.892306 0.000000 -1.000000 0.000000 0.286937 0.885742 255 0 0
-9.385463 42.304893 -13.025746 0.192347 0.809020 -0.555419 0.696005 0.704910 255 0 0
-9.921753 42.012718 -13.637050 0.192347 0.809020 -0.555419 0.681125 0.688415 255 0 0
-13.920758 43.382858 -13.026204 0.192347 0.809020 -0.555419 0.695889 0.535293 255 0 0
-9.921753 42.012718 -13.637050 0.196369 0.815715 -0.544103 0.681125 0.688415 255 0 0
-13.756510 42.935516 -13.637577 0.196369 0.815715 -0.544103 0.681155 0.544901 255 0 0
-13.920758 43.382858 -13.026204 0.196369 0.815715 -0.544103 0.695889 0.535293 255 0 0
-11.001114 38.301311 71.943390 -0.658443 0.742757 0.121514 0.328665 0.468858 255 0 0
-10.052060 38.126602 78.153885 -0.658443 0.742757 0.121514 0.341798 0.328309 255 0 0
-9.470762 39.589325 72.362831 -0.658443 0.742757 0.121514 0.373546 0.459303 255 0 0
-10.052060 38.126602 78.153885 -0.637994 0.759369 0.127763 0.341798 0.328309 255 0 0
-8.779143 39.196060 78.153885 -0.637994 0.759369 0.127763 0.379146 0.328132 255 0 0
-9.470762 39.589325 72.362831 -0.637994 0.759369 0.127763 0.373546 0.459303 255 0 0
-12.001656 36.037174 71.198563 -0.921920 0.362272 0.137194 0.255116 0.485172 255 0 0
-10.884293 36.246651 78.153885 -0.921920 0.362272 0.137194 0.269793 0.327573 255 0 0
-11.001114 38.301311 71.943390 -0.921920 0.362272 0.137194 0.310772 0.468687 255 0 0
-10.884293 36.246651 78.153885 -0.904141 0.400252 0.149425 0.269793 0.327573 255 0 0
-10.052060 38.126602 78.153885 -0.904141 0.400252 0.149425 0.315958 0.327622 255 0 0
-11.001114 38.301311 71.943390 -0.904141 0.400252 0.149425 0.310772 0.468687 255 0 0
-9.470762 39.589325 72.362831 0.000000 0.997702 0.067753 0.388739 0.458376 255 0 0
-8.779143 39.196060 78.153885 0.000000 0.997702 0.067753 0.403667 0.327938 255 0 0
-3.975173 39.589325 72.362831 0.000000 0.997702 0.067753 0.512153 0.457819 255 0 0
-3.975173 39.589325 72.362831 -0.080437 0.996759 0.000962 0.512153 0.457819 255 0 0
-8.779143 39.196060 78.153885 -0.080437 0.996759 0.000962 0.403667 0.327938 255 0 0
-3.975173 39.587547 74.203865 -0.080437 0.996759 0.000962 0.511989 0.416571 255 0 0
-8.779143 39.196060 78.153885 0.000000 0.995124 0.098627 0.403667 0.327938 255 0 0
-4.208014 39.196060 78.153885 0.000000 0.995124 0.098627 0.506346 0.327465 255 0 0
-3.975173 39.587547 74.203865 0.000000 0.995124 0.098627 0.511989 0.416571 255 0 0
-12.001656 36.037174 71.198563 -0.348420 -0.933559 0.084090 0.242711 0.483630 255 0 0
-8.416927 34.675293 70.932098 -0.348420 -0.933559 0.084090 0.156643 0.490029 255 0 0
-10.884293 36.246651 78.153885 -0.348420 -0.933559 0.084090 0.220180 0.326962 255 0 0
-8.416927 34.675293 70.932098 -0.289728 -0.951003 0.107937 0.156643 0.490029 255 0 0
-7.915152 35.342087 78.153885 -0.289728 -0.951003 0.107937 0.150504 0.326870 255 0 0
-10.884293 36.246651 78.153885 -0.289728 -0.951003 0.107937 0.220180 0.326962 255 0 0
-8.416927 34.675293 70.932098 0.000000 -0.995765 0.091940 0.136795 0.489055 255 0 0
-3.203698 34.675293 70.932098 0.000000 -0.995765 0.091940 0.024188 0.484991 255 0 0
-7.915152 35.342087 78.153885 0.000000 -0.995765 0.091940 0.124654 0.326235 255 0 0
-3.692076 35.342087 78.153885 0.000000 -0.995765 0.091940 0.029802 0.325868 255 0 0
-2.702080 36.917255 74.081146 0.900448 0.425057 0.092302 0.592448 0.419063 255 0 0
-3.975173 39.587547 74.203865 0.900448 0.425057 0.092302 0.526010 0.416729 255 0 0
-3.149080 36.979786 78.153885 0.900448 0.425057 0.092302 0.586293 0.327235 255 0 0
-3.975173 39.587547 74.203865 0.898174 0.429147 0.095477 0.526010 0.416729 255 0 0
-4.208014 39.196060 78.153885 0.898174 0.429147 0.095477 0.531108 0.327590 255 0 0
-3.149080 36.979786 78.153885 0.898174 0.429147 0.095477 0.586293 0.327235 255 0 0
-3.203698 34.675293 70.932098 0.934780 -0.342337 0.094823 0.660914 0.488718 255 0 0
-2.702080 36.917255 74.081146 0.934780 -0.342337 0.094823 0.602658 0.419558 255 0 0
-3.692076 35.342087 78.153885 0.934780 -0.342337 0.094823 0.660181 0.326502 255 0 0
-2.702080 36.917255 74.081146 0.943597 -0.312859 0.108367 0.602658 0.419558 255 0 0
-3.149080 36.979786 78.153885 0.943597 -0.312859 0.108367 0.604102 0.327535 255 0 0
-3.692076 35.342087 78.153885 0.943597 -0.312859 0.108367 0.660181 0.326502 255 0 0
3.187803 34.675293 70.932098 0.000000 -0.995765 0.091940 0.023641 0.488599 255 0 0
8.401034 34.675293 70.932098 0.000000 -0.995765 0.091940 0.136729 0.488870 255 0 0
3.676181 35.342087 78.153885 0.000000 -0.995765 0.091940 0.030334 0.325292 255 0 0
3.676181 35.342087 78.153885 0.000000 -0.995764 0.091940 0.030334 0.325292 255 0 0
8.401034 34.675293 70.932098 0.000000 -0.995764 0.091940 0.136729 0.488870 255 0 0
7.899256 35.342087 78.153885 0.000000 -0.995764 0.091940 0.125196 0.326004 255 0 0
10.985219 38.301311 71.943390 0.658442 0.742757 0.121514 0.328464 0.468523 255 0 0
9.454865 39.589325 72.362831 0.658442 0.742757 0.121514 0.373429 0.459229 255 0 0
10.036165 38.126602 78.153885 0.658442 0.742757 0.121514 0.342434 0.328055 255 0 0
9.454865 39.589325 72.362831 0.637993 0.759369 0.127763 0.373429 0.459229 255 0 0
8.763246 39.196060 78.153885 0.637993 0.759369 0.127763 0.379754 0.328092 255 0 0
10.036165 38.126602 78.153885 0.637993 0.759369 0.127763 0.342434 0.328055 255 0 0
11.985761 36.037174 71.198563 0.921920 0.362272 0.137194 0.255147 0.485206 255 0 0
10.985219 38.301311 71.943390 0.921920 0.362272 0.137194 0.310827 0.468761 255 0 0
10.868398 36.246651 78.153908 0.921920 0.362272 0.137194 0.269930 0.327617 255 0 0
10.985219 38.301311 71.943390 0.904140 0.400254 0.149425 0.310827 0.468761 255 0 0
10.036165 38.126602 78.153885 0.904140 0.400254 0.149425 0.316085 0.327698 255 0 0
10.868398 36.246651 78.153908 0.904140 0.400254 0.149425 0.269930 0.327617 255 0 0
9.454865 39.589325 72.362831 -0.000000 0.997702 0.067753 0.389030 0.458726 255 0 0
3.959276 39.589325 72.362831 -0.000000 0.997702 0.067753 0.512455 0.457829 255 0 0
8.763246 39.196060 78.153885 -0.000000 0.997702 0.067753 0.403623 0.328250 255 0 0
3.959276 39.589325 72.362831 0.080437 0.996759 0.000962 0.512455 0.457829 255 0 0
3.959275 39.587547 74.203865 0.080437 0.996759 0.000962 0.512182 0.416581 255 0 0
8.763246 39.196060 78.153885 0.080437 0.996759 0.000962 0.403623 0.328250 255 0 0
3.959275 39.587547 74.203865 0.000000 0.995124 0.098627 0.512182 0.416581 255 0 0
4.192118 39.196060 78.153885 0.000000 0.995124 0.098627 0.506281 0.327491 255 0 0
8.763246 39.196060 78.153885 0.000000 0.995124 0.098627 0.403623 0.328250 255 0 0
11.985761 36.037174 71.198563 0.348420 -0.933559 0.084089 0.242619 0.483708 255 0 0
10.868398 36.246651 78.153908 0.348420 -0.933559 0.084089 0.220422 0.326992 255 0 0
8.401034 34.675293 70.932098 0.348420 -0.933559 0.084089 0.156551 0.489926 255 0 0
8.401034 34.675293 70.932098 0.289727 -0.951003 0.107938 0.156551 0.489926 255 0 0
10.868398 36.246651 78.153908 0.289727 -0.951003 0.107938 0.220422 0.326992 255 0 0
7.899256 35.342087 78.153885 0.289727 -0.951003 0.107938 0.150735 0.326756 255 0 0
2.686184 36.917252 74.081146 -0.900449 0.425056 0.092301 0.592514 0.418780 255 0 0
3.133183 36.979786 78.153885 -0.900449 0.425056 0.092301 0.586086 0.326970 255 0 0
3.959275 39.587547 74.203865 -0.900449 0.425056 0.092301 0.526076 0.416665 255 0 0
3.959275 39.587547 74.203865 -0.898174 0.429147 0.095478 0.526076 0.416665 255 0 0
3.133183 36.979786 78.153885 -0.898174 0.429147 0.095478 0.586086 0.326970 255 0 0
4.192118 39.196060 78.153885 -0.898174 0.429147 0.095478 0.530890 0.327510 255 0 0
3.187803 34.675293 70.932098 -0.934780 -0.342338 0.094823 0.661099 0.488790 255 0 0
3.676181 35.342087 78.153885 -0.934780 -0.342338 0.094823 0.660524 0.326883 255 0 0
2.686184 36.917252 74.081146 -0.934780 -0.342338 0.094823 0.602510 0.419598 255 0 0
3.676181 35.342087 78.153885 -0.943597 -0.312860 0.108367 0.660524 0.326883 255 0 0
3.133183 36.979786 78.153885 -0.943597 -0.312860 0.108367 0.604428 0.327759 255 0 0
2.686184 36.917252 74.081146 -0.943597 -0.312860 0.108367 0.602510 0.419598 255 0 0
-19.597059 44.724884 -14.773740 -0.908068 0.316819 -0.273931 0.104549 0.574474 255 0 0
-19.547216 42.937302 -17.006416 -0.908068 0.316819 -0.273931 0.085038 0.513820 255 0 0
-20.221209 42.935516 -14.774232 -0.908068 0.316819 -0.273931 0.052255 0.568636 255 0 0
-13.756510 42.935516 -14.773740 0.902577 0.331393 -0.274832 0.241763 0.574482 255 0 0
-14.437008 42.937302 -17.006416 0.902577 0.331393 -0.274832 0.224606 0.513825 255 0 0
-14.413500 44.724884 -14.773740 0.902577 0.331393 -0.274832 0.204875 0.574509 255 0 0
-19.597059 44.724884 -14.773740 0.000000 0.780623 -0.625002 0.104549 0.574474 255 0 0
-14.413500 44.724884 -14.773740 0.000000 0.780623 -0.625002 0.204875 0.574509 255 0 0
-19.547216 42.937302 -17.006416 0.000000 0.780623 -0.625002 0.085038 0.513820 255 0 0
-14.437008 42.937302 -17.006416 0.000000 0.780623 -0.625002 0.224606 0.513825 255 0 0
-19.547216 42.937302 -17.006416 0.000000 0.000000 -1.000000 0.085038 0.513820 255 0 0
-14.437008 42.937302 -17.006416 0.000000 0.000000 -1.000000 0.224606 0.513825 255 0 0
-19.517080 42.298622 -17.006416 0.000000 0.000000 -1.000000 0.095737 0.500066 255 0 0
-14.455462 42.298622 -17.006416 -0.000000 0.000000 -1.000000 0.214184 0.500072 255 0 0
-13.756510 41.237144 -14.554779 0.488917 -0.741042 -0.460235 0.293364 0.861880 255 0 0
-15.361338 40.387955 -14.892306 0.488917 -0.741042 -0.460235 0.286937 0.885742 255 0 0
-14.455462 42.298622 -17.006416 0.488917 -0.741042 -0.460235 0.232488 0.867553 255 0 0
-19.517080 42.298622 -17.006416 -0.486263 -0.742505 -0.460689 0.232619 0.947269 255 0 0
-18.602486 40.387955 -14.892306 -0.486263 -0.742505 -0.460689 0.287183 0.929053 255 0 0
-20.218933 41.237137 -14.554774 -0.486263 -0.742505 -0.460689 0.293498 0.953759 255 0 0
-19.517080 42.298622 -17.006416 -0.000000 -0.741902 -0.670508 0.232619 0.947269 255 0 0
-14.455462 42.298622 -17.006416 -0.000000 -0.741902 -0.670508 0.232488 0.867553 255 0 0
-18.602486 40.387955 -14.892306 -0.000000 -0.741902 -0.670508 0.287183 0.929053 255 0 0
-15.361338 40.387955 -14.892306 0.000000 -0.741902 -0.670508 0.286937 0.885742 255 0 0
-13.756510 42.935516 -2.687953 0.938726 0.344665 0.000001 0.241782 0.834742 255 0 0
-13.756509 42.935516 -3.421897 0.938726 0.344665 0.000001 0.241780 0.818937 255 0 0
-14.413497 44.724884 -3.324131 0.938726 0.344665 0.000001 0.204884 0.821055 255 0 0
-13.756509 42.935516 -3.421897 0.938726 0.344664 0.000018 0.241780 0.818937 255 0 0
-13.920755 43.382858 -3.421897 0.938726 0.344664 0.000018 0.232557 0.815681 255 0 0
-14.413497 44.724884 -3.324131 0.938726 0.344664 0.000018 0.204884 0.821055 255 0 0
-14.413497 44.724884 -3.324131 0.938726 0.344665 -0.000000 0.204884 0.821055 255 0 0
-13.920755 43.382858 -3.421897 0.938726 0.344665 -0.000000 0.232557 0.815681 255 0 0
-14.413500 44.724884 -14.773740 0.938726 0.344665 -0.000000 0.204875 0.574509 255 0 0
-13.756510 42.935516 -14.773740 0.938726 0.344666 0.000000 0.241763 0.574482 255 0 0
-14.413500 44.724884 -14.773740 0.938726 0.344666 0.000000 0.204875 0.574509 255 0 0
-13.756510 42.935516 -13.637577 0.938726 0.344666 0.000000 0.241764 0.598955 255 0 0
-13.756510 42.935516 -13.637577 0.938725 0.344666 0.000001 0.241764 0.598955 255 0 0
-14.413500 44.724884 -14.773740 0.938725 0.344666 0.000001 0.204875 0.574509 255 0 0
-13.920758 43.382858 -13.026204 0.938725 0.344666 0.000001 0.232542 0.615378 255 0 0
-13.920758 43.382858 -13.026204 0.938726 0.344665 -0.000000 0.232542 0.615378 255 0 0
-22.317019 42.935516 -1.113012 0.000000 1.000000 0.000002 0.398439 0.530052 255 0 0
-13.756510 42.935516 -1.113012 0.000000 1.000000 0.000002 0.278652 0.530052 255 0 0
-20.248102 42.935520 -2.687953 0.000000 1.000000 0.000002 0.369489 0.508072 255 0 0
-20.248102 42.935520 -2.687953 0.000001 1.000000 -0.000000 0.369489 0.508072 255 0 0
-13.756510 42.935516 -1.113012 0.000001 1.000000 -0.000000 0.278652 0.530052 255 0 0
-13.756510 42.935516 -2.687953 0.000001 1.000000 -0.000000 0.278652 0.508072 255 0 0
-14.413497 44.724884 -3.324131 -0.000000 1.000000 0.000000 0.204884 0.821055 255 0 0
-14.413500 44.724884 -14.773740 -0.000000 1.000000 0.000000 0.204875 0.574509 255 0 0
-19.597059 44.724884 -3.324136 -0.000000 1.000000 0.000000 0.104561 0.821033 255 0 0
-19.597059 44.724884 -14.773740 -0.000000 1.000000 0.000000 0.104549 0.574474 255 0 0
-22.317019 41.866688 -2.352448 -0.098705 -0.995117 0.000000 0.160700 0.994191 255 0 0
-26.646128 42.296089 -2.735052 -0.098705 -0.995117 0.000000 0.164907 0.903013 255 0 0
-22.317019 41.866688 -4.023600 -0.098705 -0.995117 0.000000 0.179467 0.994127 255 0 0
-26.646128 42.296089 -3.634031 -0.098705 -0.995117 0.000000 0.175002 0.903161 255 0 0
-26.646128 42.935516 -3.634031 -1.000000 0.000000 -0.000000 0.175128 0.889867 255 0 0
-26.646128 42.296089 -3.634031 -1.000000 0.000000 -0.000000 0.175002 0.903161 255 0 0
-26.646128 42.935516 -2.735052 -1.000000 0.000000 -0.000000 0.165033 0.889538 255 0 0
-26.646128 42.296089 -2.735052 -1.000000 -0.000000 -0.000000 0.164907 0.903013 255 0 0
-22.317019 41.866688 -2.352448 -0.088036 0.000000 0.996117 0.151631 0.993523 255 0 0
-22.317019 42.935516 -2.352448 -0.088036 0.000000 0.996117 0.139628 0.993346 255 0 0
-26.646128 42.296089 -2.735052 -0.088036 0.000000 0.996117 0.147195 0.902474 255 0 0
-26.646128 42.935516 -2.735052 -0.088036 0.000000 0.996117 0.140014 0.902369 255 0 0
-21.579865 42.621681 -0.607005 0.000000 -0.447513 0.894278 0.754492 0.151215 255 0 0
-21.579865 40.701794 -1.567752 0.000000 -0.447513 0.894278 0.754492 0.061946 255 0 0
-14.493664 42.621681 -0.607005 0.000000 -0.447513 0.894278 0.937602 0.151215 255 0 0
-14.493664 42.621681 -0.607005 -0.008009 -0.423701 0.905767 0.937602 0.151215 255 0 0
-21.579865 40.701794 -1.567752 -0.008009 -0.423701 0.905767 0.754492 0.061946 255 0 0
-14.493664 41.318897 -1.216423 -0.008009 -0.423701 0.905767 0.937602 0.090640 255 0 0
-15.857797 40.701794 -1.567752 0.000000 -0.494756 0.869032 0.902353 0.061946 255 0 0
-14.493664 41.318897 -1.216423 0.000000 -0.494756 0.869032 0.937602 0.090640 255 0 0
-21.579865 40.701794 -1.567752 0.000000 -0.494756 0.869032 0.754492 0.061946 255 0 0
-22.317019 41.866688 -4.023600 -0.089627 -0.000004 -0.995975 0.184894 0.994146 255 0 0
-26.646128 42.296089 -3.634031 -0.089627 -0.000004 -0.995975 0.189399 0.903096 255 0 0
-22.317019 42.935516 -4.023604 -0.089627 -0.000004 -0.995975 0.196897 0.994000 255 0 0
-26.646128 42.935516 -3.634031 -0.089627 0.000000 -0.995975 0.196579 0.903009 255 0 0
-22.317019 42.935516 -4.023604 -0.089627 0.000000 -0.995975 0.196897 0.994000 255 0 0
-26.646128 42.296089 -3.634031 -0.089627 0.000000 -0.995975 0.189399 0.903096 255 0 0
-22.317019 40.387955 -2.352448 -1.000000 -0.000000 0.000000 0.135830 0.976859 255 0 0
-22.317019 42.935516 -1.113012 -1.000000 -0.000000 0.000000 0.076504 0.990088 255 0 0
-22.317019 41.866688 -2.352448 -1.000000 -0.000000 0.000000 0.101395 0.976859 255 0 0
-22.317019 42.935516 -2.352448 -1.000000 -0.000000 0.000000 0.076504 0.976859 255 0 0
-15.404453 40.387955 -2.352448 0.000000 -1.000000 0.000000 0.513954 0.885463 255 0 0
-22.317019 40.387955 -2.352448 0.000000 -1.000000 0.000000 0.514202 0.979150 255 0 0
-18.602486 40.387955 -5.931558 0.000000 -1.000000 0.000000 0.453981 0.928899 255 0 0
-22.317019 40.387955 -5.931558 0.000000 -1.000000 0.000000 0.454092 0.979227 255 0 0
-18.602486 40.387955 -14.892306 -0.465069 -0.885275 -0.000000 0.287183 0.929053 255 0 0
-18.602486 40.387955 -13.637577 -0.465069 -0.885275 -0.000000 0.310538 0.928988 255 0 0
-20.218933 41.237137 -14.554774 -0.465069 -0.885275 -0.000000 0.293498 0.953759 255 0 0
-20.218933 41.237137 -14.554774 -0.465069 -0.885274 0.000001 0.293498 0.953759 255 0 0
-18.602486 40.387955 -13.637577 -0.465069 -0.885274 0.000001 0.310538 0.928988 255 0 0
-20.218933 41.237144 -5.931558 -0.465069 -0.885274 0.000001 0.454010 0.953644 255 0 0
-18.602486 40.387955 -5.931558 -0.465072 -0.885273 0.000000 0.453981 0.928899 255 0 0
-20.218933 41.237144 -5.931558 -0.465072 -0.885273 0.000000 0.454010 0.953644 255 0 0
-18.602486 40.387955 -13.637577 -0.465072 -0.885273 0.000000 0.310538 0.928988 255 0 0
-13.756510 42.935516 -2.687953 0.000000 0.334990 0.942222 0.216181 0.873675 255 0 0
-14.413497 44.724884 -3.324131 0.000000 0.334990 0.942222 0.204884 0.821055 255 0 0
-20.248102 42.935520 -2.687953 0.000000 0.334990 0.942222 0.095245 0.873624 255 0 0
-14.413497 44.724884 -3.324131 -0.000001 0.334993 0.942220 0.204884 0.821055 255 0 0
-19.597059 44.724884 -3.324136 -0.000001 0.334993 0.942220 0.104561 0.821033 255 0 0
-20.248102 42.935520 -2.687953 -0.000001 0.334993 0.942220 0.095245 0.873624 255 0 0
-22.317019 42.935516 -2.352448 -0.000000 1.000000 0.000000 0.222195 0.994365 255 0 0
-22.317019 42.935516 -4.023604 -0.000000 1.000000 0.000000 0.203428 0.994211 255 0 0
-26.646128 42.935516 -2.735052 -0.000000 1.000000 0.000000 0.218112 0.903703 255 0 0
-26.646128 42.935516 -3.634031 0.000000 1.000000 0.000000 0.208017 0.903620 255 0 0
-15.375221 40.387955 -13.637577 0.000094 -0.000178 -1.000000 0.623419 0.509279 255 0 0
-13.756510 41.237144 -13.637577 0.000094 -0.000178 -1.000000 0.647761 0.559332 255 0 0
-13.809351 39.894726 -13.637342 0.000094 -0.000178 -1.000000 0.621115 0.568869 255 0 0
-13.809351 39.894726 -13.637342 0.000174 -0.000182 -1.000000 0.621115 0.568869 255 0 0
-13.756510 41.237144 -13.637577 0.000174 -0.000182 -1.000000 0.647761 0.559332 255 0 0
-9.921753 42.012718 -13.637050 0.000174 -0.000182 -1.000000 0.681125 0.688415 255 0 0
-9.921753 42.012718 -13.637050 0.000138 0.000000 -1.000000 0.681125 0.688415 255 0 0
-13.756510 41.237144 -13.637577 0.000138 0.000000 -1.000000 0.647761 0.559332 255 0 0
-13.756510 42.935516 -13.637577 0.000138 0.000000 -1.000000 0.681155 0.544901 255 0 0
-15.396780 40.387955 -3.421897 -0.000094 0.000182 1.000000 0.622298 0.504509 255 0 0
-13.809351 39.894726 -3.421658 -0.000094 0.000182 1.000000 0.619719 0.569357 255 0 0
-13.756510 41.237144 -3.421897 -0.000094 0.000182 1.000000 0.649334 0.559290 255 0 0
-13.920755 43.382858 -3.421897 0.000000 0.000000 1.000000 0.695388 0.533738 255 0 0
-13.756509 42.935516 -3.421897 0.000000 0.000000 1.000000 0.686458 0.544011 255 0 0
-9.385463 42.304893 -3.421897 0.000000 0.000000 1.000000 0.695259 0.716027 255 0 0
-13.809351 39.894726 -3.421658 -0.000044 0.000180 1.000000 0.619719 0.569357 255 0 0
-9.385463 42.304893 -3.421897 -0.000044 0.000180 1.000000 0.695259 0.716027 255 0 0
-13.756510 41.237144 -3.421897 -0.000044 0.000180 1.000000 0.649334 0.559290 255 0 0
-13.756510 41.237144 -3.421897 0.000000 0.000000 1.000000 0.649334 0.559290 255 0 0
-9.385463 42.304893 -3.421897 0.231242 0.972896 -0.000000 0.427217 0.815964 255 0 0
-9.385463 42.304893 -8.223823 0.231242 0.972896 -0.000000 0.427209 0.715542 255 0 0
-13.920755 43.382858 -3.421897 0.231242 0.972896 -0.000000 0.232557 0.815681 255 0 0
-13.920755 43.382858 -3.421897 0.231241 0.972896 -0.000000 0.232557 0.815681 255 0 0
-9.385463 42.304893 -8.223823 0.231241 0.972896 -0.000000 0.427209 0.715542 255 0 0
-13.920758 43.382858 -13.026204 0.231241 0.972896 -0.000000 0.232542 0.615378 255 0 0
-9.385463 42.304893 -13.025746 0.231241 0.972896 -0.000000 0.427202 0.615120 255 0 0
-3.975173 39.587547 74.203865 0.000000 1.000000 0.000966 0.432297 0.760460 255 0 0
3.959275 39.587547 74.203865 0.000000 1.000000 0.000966 0.563210 0.756586 255 0 0
-3.975173 39.589325 72.362831 0.000000 1.000000 0.000966 0.432362 0.770689 255 0 0
3.959276 39.589325 72.362831 -0.000000 1.000000 0.000966 0.563296 0.767032 255 0 0
-3.975173 39.589325 72.362831 0.000000 1.000000 0.000168 0.432362 0.770689 255 0 0
3.959276 39.589325 72.362831 0.000000 1.000000 0.000168 0.563296 0.767032 255 0 0
-2.715981 39.590187 67.241837 0.000000 1.000000 0.000168 0.452324 0.848305 255 0 0
-0.007949 39.590187 67.241837 0.000000 1.000000 0.000168 0.498621 0.848230 255 0 0
2.700083 39.590187 67.241837 -0.000000 1.000000 0.000168 0.544917 0.848154 255 0 0
3.959275 39.587547 74.203865 0.000000 -0.045909 0.998946 0.563210 0.756586 255 0 0
-3.975173 39.587547 74.203865 0.000000 -0.045909 0.998946 0.432297 0.760460 255 0 0
2.686184 36.917252 74.081146 0.000000 -0.045909 0.998946 0.541348 0.725567 255 0 0
-2.702080 36.917255 74.081146 -0.000000 -0.045909 0.998946 0.455879 0.726013 255 0 0
3.187803 34.675293 70.932098 0.402771 -0.379668 0.832843 0.542325 0.662592 255 0 0
3.442075 31.236799 69.241623 0.402771 -0.379668 0.832843 0.544262 0.600196 255 0 0
4.196544 34.324722 70.284447 0.402771 -0.379668 0.832843 0.562478 0.652007 255 0 0
-10.884293 36.246651 78.153885 0.000000 0.000000 1.000000 0.184612 0.286820 255 0 0
-7.915152 35.342087 78.153885 0.000000 0.000000 1.000000 0.121973 0.304398 255 0 0
-10.052060 38.126602 78.153885 0.000000 0.000000 1.000000 0.170384 0.248810 255 0 0
-8.779143 39.196060 78.153885 0.000000 0.000000 1.000000 0.143396 0.224116 255 0 0
-4.208014 39.196060 78.153885 0.000000 0.000000 1.000000 0.048437 0.224116 255 0 0
-3.149080 36.979786 78.153885 0.000000 -0.000000 1.000000 0.026764 0.270879 255 0 0
-3.692076 35.342087 78.153885 0.000000 0.000000 1.000000 0.039280 0.304398 255 0 0
10.868398 36.246651 78.153908 -0.000010 0.000008 1.000000 0.184734 0.286741 255 0 0
10.036165 38.126602 78.153885 -0.000010 0.000008 1.000000 0.170506 0.248732 255 0 0
7.899256 35.342087 78.153885 -0.000010 0.000008 1.000000 0.122095 0.304320 255 0 0
10.036165 38.126602 78.153885 -0.000000 0.000000 1.000000 0.170506 0.248732 255 0 0
8.763246 39.196060 78.153885 -0.000000 0.000000 1.000000 0.143518 0.224038 255 0 0
7.899256 35.342087 78.153885 -0.000000 0.000000 1.000000 0.122095 0.304320 255 0 0
4.192118 39.196060 78.153885 0.000000 -0.000000 1.000000 0.048559 0.224038 255 0 0
3.133183 36.979786 78.153885 0.000000 -0.000000 1.000000 0.026886 0.270801 255 0 0
3.676181 35.342087 78.153885 0.000000 0.000000 1.000000 0.039402 0.304320 255 0 0
26.920231 36.450653 -56.924435 -0.999975 -0.002344 0.006679 0.481810 0.134141 255 0 0
26.920231 33.184368 -58.070766 -0.999975 -0.002344 0.006679 0.495659 0.165139 255 0 0
26.927305 35.346664 -56.252762 -0.999975 -0.002344 0.006679 0.473263 0.143828 255 0 0
26.920231 33.184368 -58.070766 -0.999997 0.001577 0.002016 0.495659 0.165139 255 0 0
26.927155 33.648293 -54.999195 -0.999997 0.001577 0.002016 0.457244 0.160406 255 0 0
26.927305 35.346664 -56.252762 -0.999997 0.001577 0.002016 0.473263 0.143828 255 0 0
26.927155 33.648293 -54.999195 -0.999973 -0.006303 -0.003843 0.457244 0.160406 255 0 0
26.920231 32.550182 -51.397053 -0.999973 -0.006303 -0.003843 0.411919 0.170235 255 0 0
26.905447 33.648293 -49.351410 -0.999973 -0.006303 -0.003843 0.386448 0.159761 255 0 0
26.920231 32.550182 -51.397053 -0.999909 -0.013462 -0.000000 0.411919 0.170235 255 0 0
26.920231 32.550182 -47.939251 -0.999909 -0.013462 -0.000000 0.369042 0.169836 255 0 0
26.905447 33.648293 -49.351410 -0.999909 -0.013462 -0.000000 0.386448 0.159761 255 0 0
26.920231 36.450653 -46.889576 -0.999984 0.000000 0.005590 0.355962 0.133396 255 0 0
26.912794 35.346664 -48.219925 -0.999984 0.000000 0.005590 0.372601 0.143779 255 0 0
26.920231 33.184368 -46.889576 -0.999984 0.000000 0.005590 0.355866 0.163821 255 0 0
26.912794 35.346664 -48.219925 -0.999982 0.000289 0.006060 0.372601 0.143779 255 0 0
26.905447 33.648293 -49.351410 -0.999982 0.000289 0.006060 0.386448 0.159761 255 0 0
26.920231 33.184368 -46.889576 -0.999982 0.000289 0.006060 0.355866 0.163821 255 0 0
26.905447 33.648293 -49.351410 -0.999961 -0.007576 0.004577 0.386448 0.159761 255 0 0
26.920231 32.550182 -47.939251 -0.999961 -0.007576 0.004577 0.369042 0.169836 255 0 0
26.920231 33.184368 -46.889576 -0.999961 -0.007576 0.004577 0.355866 0.163821 255 0 0
26.920231 36.450653 -46.889576 -0.999990 0.003803 0.002434 0.355962 0.133396 255 0 0
26.920231 37.084839 -47.880421 -0.999990 0.003803 0.002434 0.368381 0.127535 255 0 0
26.912794 35.346664 -48.219925 -0.999990 0.003803 0.002434 0.372601 0.143779 255 0 0
26.912794 35.346664 -48.219925 -0.999970 0.005382 -0.005649 0.372601 0.143779 255 0 0
26.920231 37.084839 -47.880421 -0.999970 0.005382 -0.005649 0.368381 0.127535 255 0 0
26.919395 36.090931 -48.679417 -0.999970 0.005382 -0.005649 0.378353 0.136831 255 0 0
26.920231 37.084839 -47.880421 -1.000000 0.000841 0.000000 0.368381 0.127535 255 0 0
26.920231 37.084839 -51.455933 -1.000000 0.000841 0.000000 0.413197 0.127658 255 0 0
26.919395 36.090931 -48.679417 -1.000000 0.000841 0.000000 0.378353 0.136831 255 0 0
26.919395 36.090931 -48.679417 -0.999950 -0.009347 -0.003647 0.378353 0.136831 255 0 0
26.920231 37.084839 -51.455933 -0.999950 -0.009347 -0.003647 0.413197 0.127658 255 0 0
26.941082 36.087269 -54.616627 -0.999950 -0.009347 -0.003647 0.452772 0.136908 255 0 0
26.920231 37.084839 -51.455933 -0.999447 -0.033025 0.003830 0.413197 0.127658 255 0 0
26.920231 36.450653 -56.924435 -0.999447 -0.033025 0.003830 0.481810 0.134141 255 0 0
26.941082 36.087269 -54.616627 -0.999447 -0.033025 0.003830 0.452772 0.136908 255 0 0
26.941082 36.087269 -54.616627 -0.999960 -0.001008 0.008876 0.452772 0.136908 255 0 0
26.920231 36.450653 -56.924435 -0.999960 -0.001008 0.008876 0.481810 0.134141 255 0 0
26.927305 35.346664 -56.252762 -0.999960 -0.001008 0.008876 0.473263 0.143828 255 0 0
-3.466679 29.641403 -75.188896 0.695104 -0.695103 -0.183475 0.529927 0.964193 255 0 0
-3.372076 28.643169 -71.048630 0.695104 -0.695103 -0.183475 0.638067 0.939642 255 0 0
-5.103240 28.004839 -75.188896 0.695104 -0.695103 -0.183475 0.530229 0.874193 255 0 0
-3.372076 28.643169 -71.048630 0.688726 -0.702404 -0.179682 0.638067 0.939642 255 0 0
-4.783161 27.232086 -70.941223 0.688726 -0.702404 -0.179682 0.640904 0.862200 255 0 0
-5.103240 28.004839 -75.188896 0.688726 -0.702404 -0.179682 0.530229 0.874193 255 0 0
-9.827006 32.275932 -70.941223 -0.683375 0.708115 -0.177681 0.640570 0.977462 255 0 0
-7.737778 34.292168 -70.941223 -0.683375 0.708115 -0.177681 0.640526 0.864775 255 0 0
-9.054255 31.955854 -75.188896 -0.683375 0.708115 -0.177681 0.529927 0.964616 255 0 0
-7.737778 34.292168 -70.941223 -0.697133 0.697131 -0.167376 0.640526 0.864775 255 0 0
-7.417694 33.592419 -75.188896 -0.697133 0.697131 -0.167376 0.530094 0.874779 255 0 0
-9.054255 31.955854 -75.188896 -0.697133 0.697131 -0.167376 0.529927 0.964616 255 0 0
-1.206991 31.193233 -73.606277 0.090427 -0.980798 -0.172793 0.810858 0.877248 255 0 0
-2.800827 31.193233 -74.440376 0.090427 -0.980798 -0.172793 0.785662 0.965661 255 0 0
-1.400631 31.673883 -76.435860 0.090427 -0.980798 -0.172793 0.722067 0.888524 255 0 0
-1.400631 31.673883 -76.435860 0.000000 -0.972195 -0.234172 0.722067 0.888524 255 0 0
-2.800827 31.193233 -74.440376 0.000000 -0.972195 -0.234172 0.785662 0.965661 255 0 0
-2.800827 31.673883 -76.435860 0.000000 -0.972195 -0.234172 0.722149 0.965752 255 0 0
-4.258409 34.257809 -74.082802 -0.980546 0.012879 -0.195869 0.796116 0.978394 255 0 0
-3.790918 34.064163 -76.435860 -0.980546 0.012879 -0.195869 0.721927 0.965955 255 0 0
-4.059796 32.557354 -75.188896 -0.980546 0.012879 -0.195869 0.762046 0.883773 255 0 0
-3.790918 34.064163 -76.435860 -0.977533 0.000000 -0.210782 0.721927 0.965955 255 0 0
-3.790918 32.663971 -76.435860 -0.977533 0.000000 -0.210782 0.722548 0.888695 255 0 0
-4.059796 32.557354 -75.188896 -0.977533 0.000000 -0.210782 0.762046 0.883773 255 0 0
-4.520788 34.292168 -70.941223 -0.658352 0.750053 -0.063188 0.893783 0.870776 255 0 0
-2.994467 35.521751 -72.248512 -0.658352 0.750053 -0.063188 0.852801 0.978162 255 0 0
-4.258409 34.257809 -74.082802 -0.658352 0.750053 -0.063188 0.796328 0.879014 255 0 0
-2.994467 35.521751 -72.248512 -0.707107 0.707107 0.000000 0.852801 0.978162 255 0 0
-2.994467 35.521751 -74.026634 -0.707107 0.707107 0.000000 0.797811 0.977553 255 0 0
-4.258409 34.257809 -74.082802 -0.707107 0.707107 0.000000 0.796328 0.879014 255 0 0
-3.372076 28.643169 -71.048630 0.920562 -0.374402 -0.111304 0.634833 0.862527 255 0 0
-3.466679 29.641403 -75.188896 0.920562 -0.374402 -0.111304 0.529982 0.876731 255 0 0
-2.556038 30.724161 -71.299408 0.920562 -0.374402 -0.111304 0.632219 0.948082 255 0 0
-2.556038 30.724161 -71.299408 0.973821 -0.002494 -0.227305 0.632219 0.948082 255 0 0
-3.466679 29.641403 -75.188896 0.973821 -0.002494 -0.227305 0.529982 0.876731 255 0 0
-3.008394 31.341236 -73.244164 0.973821 -0.002494 -0.227305 0.581116 0.958395 255 0 0
-3.008394 31.341236 -73.244164 0.973820 -0.002492 -0.227307 0.581116 0.958395 255 0 0
-3.466679 29.641403 -75.188896 0.973820 -0.002492 -0.227307 0.529982 0.876731 255 0 0
-3.460751 31.958309 -75.188896 0.973820 -0.002492 -0.227307 0.530008 0.966147 255 0 0
-1.206991 35.521751 -74.026634 0.590066 0.782376 -0.199276 0.798040 0.878929 255 0 0
-0.007948 34.276833 -75.363876 0.590066 0.782376 -0.199276 0.756850 0.974370 255 0 0
-1.400631 35.054256 -76.435440 0.590066 0.782376 -0.199276 0.722152 0.888245 255 0 0
-0.007948 34.276833 -75.363876 0.655129 0.655284 -0.376043 0.756850 0.974370 255 0 0
-0.410545 34.064163 -76.435860 0.655129 0.655284 -0.376043 0.721403 0.965300 255 0 0
-1.400631 35.054256 -76.435440 0.655129 0.655284 -0.376043 0.722152 0.888245 255 0 0
-1.206991 31.193233 -73.606277 0.579112 -0.796268 -0.174890 0.811028 0.976923 255 0 0
-1.400631 31.673883 -76.435860 0.579112 -0.796268 -0.174890 0.722255 0.966249 255 0 0
-0.007948 32.451309 -75.363876 0.579112 -0.796268 -0.174890 0.757203 0.880249 255 0 0
-1.400631 31.673883 -76.435860 0.655205 -0.655204 -0.376051 0.722255 0.966249 255 0 0
-0.410545 32.663971 -76.435860 0.655205 -0.655204 -0.376051 0.721926 0.889200 255 0 0
-0.007948 32.451309 -75.363876 0.655205 -0.655204 -0.376051 0.757203 0.880249 255 0 0
-3.372076 28.643169 -71.048630 -0.915681 0.331731 -0.226896 0.627702 0.983600 255 0 0
-2.556038 30.724161 -71.299408 -0.915681 0.331731 -0.226896 0.620561 0.876840 255 0 0
-2.540056 28.723810 -74.288498 -0.915681 0.331731 -0.226896 0.530338 0.965519 255 0 0
-2.556038 30.724161 -71.299408 -0.893924 0.370277 -0.252575 0.620561 0.876840 255 0 0
-1.798416 30.514282 -74.288498 -0.893924 0.370277 -0.252575 0.530062 0.872974 255 0 0
-2.540056 28.723810 -74.288498 -0.893924 0.370277 -0.252575 0.530338 0.965519 255 0 0
-2.800827 31.193233 -74.440376 -0.652690 -0.736560 -0.177414 0.784733 0.868838 255 0 0
-3.460751 31.958309 -75.188896 -0.652690 -0.736560 -0.177414 0.761872 0.924612 255 0 0
-2.800827 31.673883 -76.435860 -0.652690 -0.736560 -0.177414 0.722134 0.888498 255 0 0
-2.800827 31.673883 -76.435860 -0.691601 -0.691603 -0.208261 0.722134 0.888498 255 0 0
-3.460751 31.958309 -75.188896 -0.691601 -0.691603 -0.208261 0.761872 0.924612 255 0 0
-3.790918 32.663971 -76.435860 -0.691601 -0.691603 -0.208261 0.722429 0.965706 255 0 0
-3.460751 31.958309 -75.188896 -0.691602 -0.691602 -0.208260 0.761872 0.924612 255 0 0
-4.059796 32.557354 -75.188896 -0.691602 -0.691602 -0.208260 0.761838 0.971524 255 0 0
-3.790918 32.663971 -76.435860 -0.691602 -0.691602 -0.208260 0.722429 0.965706 255 0 0
-2.994467 35.521751 -74.026634 -0.689835 0.698322 -0.190983 0.797811 0.977553 255 0 0
-2.800827 35.054256 -76.435440 -0.689835 0.698322 -0.190983 0.721941 0.966368 255 0 0
-4.258409 34.257809 -74.082802 -0.689835 0.698322 -0.190983 0.796328 0.879014 255 0 0
-2.800827 35.054256 -76.435440 -0.693511 0.693593 -0.194862 0.721941 0.966368 255 0 0
-3.790918 34.064163 -76.435860 -0.693511 0.693593 -0.194862 0.722000 0.889130 255 0 0
-4.258409 34.257809 -74.082802 -0.693511 0.693593 -0.194862 0.796328 0.879014 255 0 0
-0.007948 34.292168 -70.941223 0.717224 0.696839 -0.002417 0.893717 0.973139 255 0 0
-0.007948 34.284496 -73.152557 0.717224 0.696839 -0.002417 0.825268 0.973774 255 0 0
-1.206991 35.521751 -72.248512 0.717224 0.696839 -0.002417 0.853111 0.878629 255 0 0
-0.007948 34.276833 -75.363876 0.718957 0.695050 -0.002409 0.756850 0.974370 255 0 0
-1.206991 35.521751 -74.026634 0.718957 0.695050 -0.002409 0.798040 0.878929 255 0 0
-0.007948 34.284496 -73.152557 0.718957 0.695050 -0.002409 0.825268 0.973774 255 0 0
-0.007948 34.284496 -73.152557 0.718109 0.695931 0.000000 0.825268 0.973774 255 0 0
-1.206991 35.521751 -74.026634 0.718109 0.695931 0.000000 0.798040 0.878929 255 0 0
-1.206991 35.521751 -72.248512 0.718109 0.695931 0.000000 0.853111 0.878629 255 0 0
3.450777 29.641403 -75.188896 -0.695103 -0.695104 -0.183474 0.529900 0.875880 255 0 0
5.087344 28.004839 -75.188896 -0.695103 -0.695104 -0.183474 0.530461 0.965913 255 0 0
3.356179 28.643169 -71.048630 -0.695103 -0.695104 -0.183474 0.638091 0.899680 255 0 0
5.087344 28.004839 -75.188896 -0.688727 -0.702402 -0.179683 0.530461 0.965913 255 0 0
4.767259 27.232086 -70.941223 -0.688727 -0.702402 -0.179683 0.641170 0.977101 255 0 0
3.356179 28.643169 -71.048630 -0.688727 -0.702402 -0.179683 0.638091 0.899680 255 0 0
9.811110 32.275932 -70.941223 0.683377 0.708114 -0.177681 0.639815 0.861068 255 0 0
9.038360 31.955854 -75.188896 0.683377 0.708114 -0.177681 0.529323 0.876088 255 0 0
7.721888 34.292168 -70.941223 0.683377 0.708114 -0.177681 0.640742 0.973745 255 0 0
9.038360 31.955854 -75.188896 0.697133 0.697130 -0.167376 0.529323 0.876088 255 0 0
7.401803 33.592419 -75.188896 0.697133 0.697130 -0.167376 0.530190 0.965895 255 0 0
7.721888 34.292168 -70.941223 0.697133 0.697130 -0.167376 0.640742 0.973745 255 0 0
1.191095 31.193233 -73.606277 -0.090427 -0.980798 -0.172793 0.810560 0.878057 255 0 0
1.384735 31.673883 -76.435860 -0.090427 -0.980798 -0.172793 0.721668 0.888628 255 0 0
2.784930 31.193233 -74.440376 -0.090427 -0.980798 -0.172793 0.785154 0.966274 255 0 0
1.384735 31.673883 -76.435860 -0.000000 -0.972195 -0.234172 0.721668 0.888628 255 0 0
2.784930 31.673883 -76.435860 -0.000000 -0.972195 -0.234172 0.721630 0.965728 255 0 0
2.784930 31.193233 -74.440376 -0.000000 -0.972195 -0.234172 0.785154 0.966274 255 0 0
4.242518 34.257809 -74.082802 0.980545 0.012879 -0.195873 0.795950 0.976920 255 0 0
4.043900 32.557354 -75.188896 0.980545 0.012879 -0.195873 0.761447 0.882816 255 0 0
3.775017 34.064163 -76.435860 0.980545 0.012879 -0.195873 0.721685 0.965399 255 0 0
4.043900 32.557354 -75.188896 0.977532 0.000000 -0.210786 0.761447 0.882816 255 0 0
3.775017 32.663971 -76.435860 0.977532 0.000000 -0.210786 0.722027 0.888105 255 0 0
3.775017 34.064163 -76.435860 0.977532 0.000000 -0.210786 0.721685 0.965399 255 0 0
4.504886 34.292168 -70.941223 0.658353 0.750053 -0.063185 0.893159 0.869322 255 0 0
4.242518 34.257809 -74.082802 0.658353 0.750053 -0.063185 0.795728 0.878358 255 0 0
2.978570 35.521751 -72.248512 0.658353 0.750053 -0.063185 0.852455 0.977044 255 0 0
4.242518 34.257809 -74.082802 0.707105 0.707108 0.000000 0.795728 0.878358 255 0 0
2.978570 35.521751 -74.026634 0.707105 0.707108 0.000000 0.797462 0.976888 255 0 0
2.978570 35.521751 -72.248512 0.707105 0.707108 0.000000 0.852455 0.977044 255 0 0
3.356179 28.643169 -71.048630 -0.920563 -0.374401 -0.111303 0.634977 0.983436 255 0 0
2.540142 30.724161 -71.299408 -0.920563 -0.374401 -0.111303 0.632261 0.897888 255 0 0
3.450777 29.641403 -75.188896 -0.920563 -0.374401 -0.111303 0.530035 0.963505 255 0 0
2.540142 30.724161 -71.299408 -0.973821 -0.002492 -0.227304 0.632261 0.897888 255 0 0
2.992498 31.341236 -73.244164 -0.973821 -0.002492 -0.227304 0.581129 0.887411 255 0 0
3.450777 29.641403 -75.188896 -0.973821 -0.002492 -0.227304 0.530035 0.963505 255 0 0
2.992498 31.341236 -73.244164 -0.973820 -0.002489 -0.227307 0.581129 0.887411 255 0 0
3.444855 31.958309 -75.188896 -0.973820 -0.002489 -0.227307 0.529985 0.874161 255 0 0
3.450777 29.641403 -75.188896 -0.973820 -0.002489 -0.227307 0.530035 0.963505 255 0 0
1.191095 35.521751 -74.026634 -0.590066 0.782376 -0.199276 0.797179 0.877039 255 0 0
1.384735 35.054256 -76.435440 -0.590066 0.782376 -0.199276 0.721416 0.888372 255 0 0
-0.007948 34.276833 -75.363876 -0.590066 0.782376 -0.199276 0.756849 0.973609 255 0 0
1.384735 35.054256 -76.435440 -0.655129 0.655283 -0.376044 0.721416 0.888372 255 0 0
0.394650 34.064163 -76.435860 -0.655129 0.655283 -0.376044 0.721329 0.965460 255 0 0
-0.007948 34.276833 -75.363876 -0.655129 0.655283 -0.376044 0.756849 0.973609 255 0 0
1.191095 31.193233 -73.606277 -0.579111 -0.796268 -0.174890 0.810129 0.978527 255 0 0
-0.007948 32.451309 -75.363876 -0.579111 -0.796268 -0.174890 0.756915 0.880790 255 0 0
1.384735 31.673883 -76.435860 -0.579111 -0.796268 -0.174890 0.721523 0.966085 255 0 0
-0.007948 32.451309 -75.363876 -0.655205 -0.655203 -0.376052 0.756915 0.880790 255 0 0
0.394650 32.663971 -76.435860 -0.655205 -0.655203 -0.376052 0.721517 0.888991 255 0 0
1.384735 31.673883 -76.435860 -0.655205 -0.655203 -0.376052 0.721523 0.966085 255 0 0
3.356179 28.643169 -71.048630 0.915682 0.331731 -0.226896 0.627093 0.854046 255 0 0
2.524160 28.723810 -74.288498 0.915682 0.331731 -0.226896 0.529759 0.872206 255 0 0
2.540142 30.724161 -71.299408 0.915682 0.331731 -0.226896 0.619986 0.960812 255 0 0
2.524160 28.723810 -74.288498 0.893924 0.370277 -0.252575 0.529759 0.872206 255 0 0
1.782520 30.514282 -74.288498 0.893924 0.370277 -0.252575 0.529501 0.964728 255 0 0
2.540142 30.724161 -71.299408 0.893924 0.370277 -0.252575 0.619986 0.960812 255 0 0
2.784930 31.193233 -74.440376 0.652689 -0.736560 -0.177414 0.784954 0.871613 255 0 0
2.784930 31.673883 -76.435860 0.652689 -0.736560 -0.177414 0.722255 0.889212 255 0 0
3.444855 31.958309 -75.188896 0.652689 -0.736560 -0.177414 0.761435 0.926663 255 0 0
2.784930 31.673883 -76.435860 0.691602 -0.691602 -0.208263 0.722255 0.889212 255 0 0
3.775017 32.663971 -76.435860 0.691602 -0.691602 -0.208263 0.721608 0.966399 255 0 0
3.444855 31.958309 -75.188896 0.691602 -0.691602 -0.208263 0.761435 0.926663 255 0 0
4.043900 32.557354 -75.188896 0.691602 -0.691602 -0.208263 0.761189 0.973555 255 0 0
2.978570 35.521751 -74.026634 0.689833 0.698323 -0.190983 0.797462 0.976888 255 0 0
4.242518 34.257809 -74.082802 0.689833 0.698323 -0.190983 0.795728 0.878358 255 0 0
2.784930 35.054256 -76.435440 0.689833 0.698323 -0.190983 0.721476 0.966266 255 0 0
4.242518 34.257809 -74.082802 0.693512 0.693591 -0.194865 0.795728 0.878358 255 0 0
3.775017 34.064163 -76.435860 0.693512 0.693591 -0.194865 0.721484 0.889082 255 0 0
2.784930 35.054256 -76.435440 0.693512 0.693591 -0.194865 0.721476 0.966266 255 0 0
-0.007948 34.292168 -70.941223 -0.717224 0.696839 -0.002417 0.893740 0.968233 255 0 0
1.191095 35.521751 -72.248512 -0.717224 0.696839 -0.002417 0.852188 0.875033 255 0 0
-0.007948 34.284496 -73.152557 -0.717224 0.696839 -0.002417 0.825290 0.971051 255 0 0
-0.007948 34.284496 -73.152557 -0.718109 0.695931 0.000000 0.825290 0.971051 255 0 0
1.191095 35.521751 -72.248512 -0.718109 0.695931 0.000000 0.852188 0.875033 255 0 0
1.191095 35.521751 -74.026634 -0.718109 0.695931 0.000000 0.797179 0.877039 255 0 0
-26.936138 36.450653 -56.924435 0.999975 -0.002340 0.006668 0.481805 0.134155 255 0 0
-26.943201 35.346664 -56.252762 0.999975 -0.002340 0.006668 0.473272 0.143829 255 0 0
-26.936138 33.184368 -58.070766 0.999975 -0.002340 0.006668 0.495655 0.165155 255 0 0
-26.943201 35.346664 -56.252762 0.999997 0.001571 0.002017 0.473272 0.143829 255 0 0
-26.943062 33.648293 -54.999195 0.999997 0.001571 0.002017 0.457077 0.160411 255 0 0
-26.936138 33.184368 -58.070766 0.999997 0.001571 0.002017 0.495655 0.165155 255 0 0
-26.943062 33.648293 -54.999195 0.999973 -0.006309 -0.003845 0.457077 0.160411 255 0 0
-26.921343 33.648293 -49.351410 0.999973 -0.006309 -0.003845 0.386419 0.159803 255 0 0
-26.936138 32.550182 -51.397053 0.999973 -0.006309 -0.003845 0.411921 0.170248 255 0 0
-26.921343 33.648293 -49.351410 0.999909 -0.013472 0.000000 0.386419 0.159803 255 0 0
-26.936138 32.550182 -47.939251 0.999909 -0.013472 0.000000 0.369090 0.169814 255 0 0
-26.936138 32.550182 -51.397053 0.999909 -0.013472 0.000000 0.411921 0.170248 255 0 0
-26.936138 36.450653 -46.889576 0.999984 -0.000000 0.005599 0.355940 0.133424 255 0 0
-26.936138 33.184368 -46.889576 0.999984 -0.000000 0.005599 0.355919 0.163880 255 0 0
-26.928690 35.346664 -48.219925 0.999984 -0.000000 0.005599 0.372603 0.143728 255 0 0
-26.928690 35.346664 -48.219925 0.999982 0.000286 0.006064 0.372603 0.143728 255 0 0
-26.936138 33.184368 -46.889576 0.999982 0.000286 0.006064 0.355919 0.163880 255 0 0
-26.921343 33.648293 -49.351410 0.999982 0.000286 0.006064 0.386419 0.159803 255 0 0
-26.936138 33.184368 -46.889576 0.999961 -0.007582 0.004581 0.355919 0.163880 255 0 0
-26.936138 32.550182 -47.939251 0.999961 -0.007582 0.004581 0.369090 0.169814 255 0 0
-26.921343 33.648293 -49.351410 0.999961 -0.007582 0.004581 0.386419 0.159803 255 0 0
-26.936138 36.450653 -46.889576 0.999990 0.003809 0.002438 0.355940 0.133424 255 0 0
-26.928690 35.346664 -48.219925 0.999990 0.003809 0.002438 0.372603 0.143728 255 0 0
-26.936138 37.084839 -47.880421 0.999990 0.003809 0.002438 0.368374 0.127527 255 0 0
-26.928690 35.346664 -48.219925 0.999970 0.005390 -0.005660 0.372603 0.143728 255 0 0
-26.935303 36.090931 -48.679417 0.999970 0.005390 -0.005660 0.378372 0.136798 255 0 0
-26.936138 37.084839 -47.880421 0.999970 0.005390 -0.005660 0.368374 0.127527 255 0 0
-26.936138 37.084839 -47.880421 1.000000 0.000841 0.000000 0.368374 0.127527 255 0 0
-26.935303 36.090931 -48.679417 1.000000 0.000841 0.000000 0.378372 0.136798 255 0 0
-26.936138 37.084839 -51.455933 1.000000 0.000841 0.000000 0.413191 0.127563 255 0 0
-26.935303 36.090931 -48.679417 0.999950 -0.009341 -0.003645 0.378372 0.136798 255 0 0
-26.956978 36.087269 -54.616627 0.999950 -0.009341 -0.003645 0.452791 0.136911 255 0 0
-26.936138 37.084839 -51.455933 0.999950 -0.009341 -0.003645 0.413191 0.127563 255 0 0
-26.936138 37.084839 -51.455933 0.999448 -0.033007 0.003828 0.413191 0.127563 255 0 0
-26.956978 36.087269 -54.616627 0.999448 -0.033007 0.003828 0.452791 0.136911 255 0 0
-26.936138 36.450653 -56.924435 0.999448 -0.033007 0.003828 0.481805 0.134155 255 0 0
-26.956978 36.087269 -54.616627 0.999960 -0.000999 0.008872 0.452791 0.136911 255 0 0
-26.943201 35.346664 -56.252762 0.999960 -0.000999 0.008872 0.473272 0.143829 255 0 0
-26.936138 36.450653 -56.924435 0.999960 -0.000999 0.008872 0.481805 0.134155 255 0 0
-4.059796 32.557354 -75.188896 -0.994634 -0.062584 -0.082386 0.762046 0.883773 255 0 0
-4.290293 33.424763 -73.065056 -0.994634 -0.062584 -0.082386 0.827854 0.932940 255 0 0
-4.258409 34.257809 -74.082802 -0.994634 -0.062584 -0.082386 0.796116 0.978394 255 0 0
-2.556038 30.724161 -71.299408 -0.734912 -0.676748 -0.043791 0.881878 0.852372 255 0 0
-3.008394 31.341236 -73.244164 -0.734912 -0.676748 -0.043791 0.821894 0.881947 255 0 0
-2.800827 31.193233 -74.440376 -0.734912 -0.676748 -0.043791 0.784733 0.868838 255 0 0
2.992498 31.341236 -73.244164 0.734910 -0.676749 -0.043791 0.821937 0.886078 255 0 0
2.784930 31.193233 -74.440376 0.734910 -0.676749 -0.043791 0.784954 0.871613 255 0 0
3.444855 31.958309 -75.188896 0.734910 -0.676749 -0.043791 0.761435 0.926663 255 0 0
-0.007948 34.284496 -73.152557 -0.718957 0.695050 -0.002409 0.825290 0.971051 255 0 0
1.191095 35.521751 -74.026634 -0.718957 0.695050 -0.002409 0.797179 0.877039 255 0 0
-0.007948 34.276833 -75.363876 -0.718957 0.695050 -0.002409 0.756849 0.973609 255 0 0
4.274396 33.424763 -73.065056 0.994634 -0.062586 -0.082382 0.827472 0.930935 255 0 0
4.242518 34.257809 -74.082802 0.994634 -0.062586 -0.082382 0.795950 0.976920 255 0 0
4.504886 34.292168 -70.941223 0.994634 -0.062586 -0.082382 0.893543 0.978964 255 0 0
26.920231 33.184368 -58.070766 -0.999958 0.009160 0.000870 0.495659 0.165139 255 0 0
26.920231 32.550182 -51.397053 -0.999958 0.009160 0.000870 0.411919 0.170235 255 0 0
26.927155 33.648293 -54.999195 -0.999958 0.009160 0.000870 0.457244 0.160406 255 0 0
-2.556038 30.724161 -71.299408 0.080247 -0.984910 -0.153340 0.883905 0.951097 255 0 0
-2.800827 31.193233 -74.440376 0.080247 -0.984910 -0.153340 0.785662 0.965661 255 0 0
-1.206991 31.193233 -73.606277 0.080247 -0.984910 -0.153340 0.810858 0.877248 255 0 0
-0.007948 31.255919 -74.288498 -0.361752 -0.623507 -0.693090 0.805494 0.901472 255 0 0
-1.206991 31.193233 -73.606277 -0.361752 -0.623507 -0.693090 0.811028 0.976923 255 0 0
-0.007948 32.451309 -75.363876 -0.361752 -0.623507 -0.693090 0.757203 0.880249 255 0 0
-9.827018 29.321318 -68.337593 -0.707105 -0.707108 -0.000002 0.707465 0.861722 255 0 0
-9.827011 29.321318 -70.941223 -0.707105 -0.707108 -0.000002 0.640720 0.862045 255 0 0
-7.737778 27.232086 -68.337593 -0.707105 -0.707108 -0.000002 0.707710 0.976396 255 0 0
-9.827011 29.321318 -70.941223 -0.707107 -0.707107 -0.000000 0.640720 0.862045 255 0 0
-7.737778 27.232086 -70.941223 -0.707107 -0.707107 -0.000000 0.640985 0.976719 255 0 0
-7.737778 27.232086 -68.337593 -0.707107 -0.707107 -0.000000 0.707710 0.976396 255 0 0
-9.827018 29.321318 -68.337593 -1.000000 0.000004 -0.000003 0.707599 0.976604 255 0 0
-9.827006 32.275932 -68.337593 -1.000000 0.000004 -0.000003 0.707345 0.861931 255 0 0
-9.827011 29.321318 -70.941223 -1.000000 0.000004 -0.000003 0.640863 0.976945 255 0 0
-9.827006 32.275932 -68.337593 -1.000000 0.000002 0.000000 0.707345 0.861931 255 0 0
-9.827006 32.275932 -70.941223 -1.000000 0.000002 0.000000 0.640615 0.862272 255 0 0
-9.827011 29.321318 -70.941223 -1.000000 0.000002 0.000000 0.640863 0.976945 255 0 0
-1.798416 30.514282 -74.288498 -0.622374 0.753834 -0.210679 0.530062 0.963025 255 0 0
-2.556038 30.724161 -71.299408 -0.622374 0.753834 -0.210679 0.615638 0.980211 255 0 0
-1.206991 31.193233 -73.606277 -0.622374 0.753834 -0.210679 0.553378 0.924731 255 0 0
-4.520788 34.292168 -70.941223 0.000000 0.986701 -0.162546 0.640377 0.852346 255 0 0
-5.103240 33.592419 -75.188896 0.000000 0.986701 -0.162546 0.530061 0.875313 255 0 0
-7.737778 34.292168 -70.941223 0.000000 0.986701 -0.162546 0.640535 0.977203 255 0 0
-7.417694 33.592419 -75.188896 0.000000 0.986701 -0.162546 0.530156 0.965103 255 0 0
-2.457733 26.274027 -70.797852 -0.932931 -0.360054 -0.000000 0.635555 0.982895 255 0 0
-2.457733 26.274027 -68.337593 -0.932931 -0.360054 -0.000000 0.707622 0.982502 255 0 0
-3.372076 28.643169 -71.048630 -0.932931 -0.360054 -0.000000 0.627976 0.861661 255 0 0
-3.372076 28.643169 -71.048630 0.707106 -0.707107 0.000000 0.638067 0.939642 255 0 0
-4.783161 27.232086 -68.337593 0.707106 -0.707107 0.000000 0.707636 0.862356 255 0 0
-4.783161 27.232086 -70.941223 0.707106 -0.707107 0.000000 0.640904 0.862200 255 0 0
-4.783161 27.232086 -70.941223 0.000000 -1.000000 0.000000 0.641046 0.976707 255 0 0
-4.783161 27.232086 -68.337593 0.000000 -1.000000 0.000000 0.707771 0.976462 255 0 0
-7.737778 27.232086 -70.941223 0.000000 -1.000000 0.000000 0.640841 0.862035 255 0 0
-7.737778 27.232086 -68.337593 0.000000 -1.000000 0.000000 0.707587 0.861789 255 0 0
-0.007948 25.259293 -70.797852 -0.382683 -0.923880 -0.000000 0.634768 0.983953 255 0 0
-0.007948 25.259293 -68.337593 -0.382683 -0.923880 -0.000000 0.706847 0.984848 255 0 0
-2.457733 26.274027 -70.797852 -0.382683 -0.923880 -0.000000 0.635399 0.857327 255 0 0
-2.457733 26.274027 -68.337593 -0.382683 -0.923880 0.000000 0.707436 0.858223 255 0 0
-9.827006 32.275932 -68.337593 -0.694425 0.719565 0.000000 0.707306 0.977401 255 0 0
-7.737778 34.292168 -70.941223 -0.694425 0.719565 0.000000 0.640526 0.864775 255 0 0
-9.827006 32.275932 -70.941223 -0.694425 0.719565 0.000000 0.640570 0.977462 255 0 0
-9.827006 32.275932 -70.941223 -0.983852 0.000002 -0.178986 0.640615 0.862272 255 0 0
-9.054255 31.955854 -75.188896 -0.983852 0.000002 -0.178986 0.529984 0.875240 255 0 0
-9.827011 29.321318 -70.941223 -0.983852 0.000002 -0.178986 0.640863 0.976945 255 0 0
-9.054255 31.955854 -75.188896 -0.983851 0.000000 -0.178987 0.529984 0.875240 255 0 0
-9.054255 29.641403 -75.188896 -0.983851 0.000000 -0.178987 0.530175 0.965065 255 0 0
-9.827011 29.321318 -70.941223 -0.983851 0.000000 -0.178987 0.640863 0.976945 255 0 0
-9.827011 29.321318 -70.941223 -0.695688 -0.695688 -0.178987 0.640720 0.862045 255 0 0
-9.054255 29.641403 -75.188896 -0.695688 -0.695688 -0.178987 0.530090 0.875106 255 0 0
-7.737778 27.232086 -70.941223 -0.695688 -0.695688 -0.178987 0.640985 0.976719 255 0 0
-9.054255 29.641403 -75.188896 -0.695691 -0.695686 -0.178984 0.530090 0.875106 255 0 0
-7.417699 28.004835 -75.188896 -0.695691 -0.695686 -0.178984 0.530303 0.964939 255 0 0
-7.737778 27.232086 -70.941223 -0.695691 -0.695686 -0.178984 0.640985 0.976719 255 0 0
-7.737778 27.232086 -70.941223 0.000000 -0.983852 -0.178985 0.640841 0.862035 255 0 0
-7.417699 28.004835 -75.188896 0.000000 -0.983852 -0.178985 0.530183 0.874954 255 0 0
-4.783161 27.232086 -70.941223 0.000000 -0.983852 -0.178985 0.641046 0.976707 255 0 0
-7.417699 28.004835 -75.188896 0.000002 -0.983852 -0.178986 0.530183 0.874954 255 0 0
-5.103240 28.004839 -75.188896 0.000002 -0.983852 -0.178986 0.530384 0.964778 255 0 0
-4.783161 27.232086 -70.941223 0.000002 -0.983852 -0.178986 0.641046 0.976707 255 0 0
-4.520788 34.292168 -70.941223 0.688725 0.694300 -0.208817 0.641797 0.967787 255 0 0
-4.290293 33.424763 -73.065056 0.688725 0.694300 -0.208817 0.585972 0.938422 255 0 0
-5.103240 33.592419 -75.188896 0.688725 0.694300 -0.208817 0.530518 0.966093 255 0 0
-4.059796 32.557354 -75.188896 0.688725 0.694301 -0.208817 0.530059 0.909061 255 0 0
-5.103240 33.592419 -75.188896 0.688725 0.694301 -0.208817 0.530518 0.966093 255 0 0
-4.290293 33.424763 -73.065056 0.688725 0.694301 -0.208817 0.585972 0.938422 255 0 0
-1.206991 35.521751 -74.026634 0.000000 0.981683 -0.190523 0.797796 0.976520 255 0 0
-1.400631 35.054256 -76.435440 0.000000 0.981683 -0.190523 0.721805 0.965834 255 0 0
-2.994467 35.521751 -74.026634 0.000000 0.981683 -0.190523 0.797779 0.877952 255 0 0
-2.800827 35.054256 -76.435440 0.000000 0.981683 -0.190523 0.721807 0.888636 255 0 0
-0.007948 32.451309 -75.363876 0.936156 0.000000 -0.351585 0.748794 0.976835 255 0 0
-0.410545 32.663971 -76.435860 0.936156 0.000000 -0.351585 0.722059 0.965073 255 0 0
-0.007948 34.276833 -75.363876 0.936156 0.000000 -0.351585 0.748886 0.876172 255 0 0
-0.410545 34.064163 -76.435860 0.936156 0.000000 -0.351585 0.722200 0.887756 255 0 0
-4.290293 33.424763 -73.065056 -0.994634 -0.062583 -0.082386 0.827854 0.932940 255 0 0
-4.520788 34.292168 -70.941223 -0.994634 -0.062583 -0.082386 0.893692 0.981984 255 0 0
-4.258409 34.257809 -74.082802 -0.994634 -0.062583 -0.082386 0.796116 0.978394 255 0 0
-1.206991 35.521751 -72.248512 -0.000000 1.000000 0.000000 0.852852 0.976434 255 0 0
-1.206991 35.521751 -74.026634 -0.000000 1.000000 0.000000 0.797796 0.976520 255 0 0
-2.994467 35.521751 -72.248512 -0.000000 1.000000 0.000000 0.852803 0.877868 255 0 0
-2.994467 35.521751 -74.026634 -0.000000 1.000000 0.000000 0.797779 0.877952 255 0 0
-2.457733 26.274027 -70.797852 -0.371537 -0.896969 -0.239595 0.635399 0.857327 255 0 0
-1.798416 26.933338 -74.288498 -0.371537 -0.896969 -0.239595 0.530017 0.872901 255 0 0
-0.007948 25.259293 -70.797852 -0.371537 -0.896969 -0.239595 0.634768 0.983953 255 0 0
-1.798416 26.933338 -74.288498 -0.371536 -0.896970 -0.239596 0.530017 0.872901 255 0 0
-0.007948 26.191704 -74.288498 -0.371536 -0.896970 -0.239596 0.529559 0.965467 255 0 0
-0.007948 25.259293 -70.797852 -0.371536 -0.896970 -0.239596 0.634768 0.983953 255 0 0
-2.457733 26.274027 -70.797852 -0.896969 -0.371537 -0.239596 0.635555 0.982895 255 0 0
-3.372076 28.643169 -71.048630 -0.896969 -0.371537 -0.239596 0.627976 0.861661 255 0 0
-1.798416 26.933338 -74.288498 -0.896969 -0.371537 -0.239596 0.530243 0.965861 255 0 0
-3.372076 28.643169 -71.048630 -0.896969 -0.371538 -0.239595 0.627976 0.861661 255 0 0
-2.540056 28.723810 -74.288498 -0.896969 -0.371538 -0.239595 0.530240 0.873304 255 0 0
-1.798416 26.933338 -74.288498 -0.896969 -0.371538 -0.239595 0.530243 0.965861 255 0 0
-0.007948 31.255919 -74.288498 -0.329925 0.796510 -0.506677 0.530345 0.870487 255 0 0
-1.798416 30.514282 -74.288498 -0.329925 0.796510 -0.506677 0.530062 0.963025 255 0 0
-1.206991 31.193233 -73.606277 -0.329925 0.796510 -0.506677 0.553378 0.924731 255 0 0
-3.008394 31.341236 -73.244164 -0.734911 -0.676748 -0.043791 0.821894 0.881947 255 0 0
-3.460751 31.958309 -75.188896 -0.734911 -0.676748 -0.043791 0.761872 0.924612 255 0 0
-2.800827 31.193233 -74.440376 -0.734911 -0.676748 -0.043791 0.784733 0.868838 255 0 0
2.540142 30.724161 -71.299408 -0.080247 -0.984910 -0.153340 0.883440 0.952382 255 0 0
1.191095 31.193233 -73.606277 -0.080247 -0.984910 -0.153340 0.810560 0.878057 255 0 0
2.784930 31.193233 -74.440376 -0.080247 -0.984910 -0.153340 0.785154 0.966274 255 0 0
-0.007948 31.255919 -74.288498 0.361752 -0.623507 -0.693090 0.805064 0.902957 255 0 0
-0.007948 32.451309 -75.363876 0.361752 -0.623507 -0.693090 0.756915 0.880790 255 0 0
1.191095 31.193233 -73.606277 0.361752 -0.623507 -0.693090 0.810129 0.978527 255 0 0
9.811116 29.321318 -68.337593 0.707107 -0.707106 0.000000 0.707267 0.976958 255 0 0
7.721888 27.232086 -68.337593 0.707107 -0.707106 0.000000 0.706884 0.862287 255 0 0
9.811116 29.321318 -70.941223 0.707107 -0.707106 0.000000 0.640531 0.977472 255 0 0
7.721888 27.232086 -70.941223 0.707107 -0.707106 0.000000 0.640147 0.862801 255 0 0
9.811116 29.321318 -68.337593 1.000000 0.000002 -0.000000 0.707521 0.862652 255 0 0
9.811116 29.321318 -70.941223 1.000000 0.000002 -0.000000 0.640778 0.862515 255 0 0
9.811110 32.275932 -68.337593 1.000000 0.000002 -0.000000 0.707418 0.977327 255 0 0
9.811110 32.275932 -70.941223 1.000000 0.000002 0.000000 0.640686 0.977187 255 0 0
1.782520 30.514282 -74.288498 0.622373 0.753834 -0.210679 0.530007 0.872728 255 0 0
1.191095 31.193233 -73.606277 0.622373 0.753834 -0.210679 0.553076 0.911387 255 0 0
2.540142 30.724161 -71.299408 0.622373 0.753834 -0.210679 0.617724 0.853685 255 0 0
4.504886 34.292168 -70.941223 0.000000 0.986701 -0.162546 0.640217 0.986661 255 0 0
7.721888 34.292168 -70.941223 0.000000 0.986701 -0.162546 0.639924 0.861806 255 0 0
5.087344 33.592419 -75.188896 0.000000 0.986701 -0.162546 0.529806 0.964628 255 0 0
7.401803 33.592419 -75.188896 0.000000 0.986701 -0.162546 0.529634 0.874803 255 0 0
2.441837 26.274027 -70.797852 0.932932 -0.360054 0.000000 0.634944 0.856208 255 0 0
3.356179 28.643169 -71.048630 0.932932 -0.360054 0.000000 0.627427 0.977456 255 0 0
2.441837 26.274027 -68.337593 0.932932 -0.360054 0.000000 0.707003 0.856480 255 0 0
3.356179 28.643169 -71.048630 -0.707108 -0.707106 -0.000000 0.638091 0.899680 255 0 0
4.767259 27.232086 -70.941223 -0.707108 -0.707106 -0.000000 0.641170 0.977101 255 0 0
4.767259 27.232086 -68.337593 -0.707108 -0.707106 -0.000000 0.707904 0.976456 255 0 0
4.767259 27.232086 -70.941223 -0.000000 -1.000000 -0.000000 0.640664 0.862523 255 0 0
7.721888 27.232086 -70.941223 -0.000000 -1.000000 -0.000000 0.640316 0.977195 255 0 0
4.767259 27.232086 -68.337593 -0.000000 -1.000000 -0.000000 0.707391 0.862968 255 0 0
7.721888 27.232086 -68.337593 0.000000 -1.000000 0.000000 0.707057 0.977640 255 0 0
-0.007948 25.259293 -70.797852 0.382683 -0.923880 0.000000 0.634878 0.855828 255 0 0
2.441837 26.274027 -70.797852 0.382683 -0.923880 0.000000 0.635159 0.982458 255 0 0
-0.007948 25.259293 -68.337593 0.382683 -0.923880 0.000000 0.706959 0.855473 255 0 0
2.441837 26.274027 -68.337593 0.382683 -0.923880 0.000000 0.707194 0.982100 255 0 0
9.811110 32.275932 -68.337593 0.694426 0.719564 -0.000000 0.706541 0.859800 255 0 0
9.811110 32.275932 -70.941223 0.694426 0.719564 -0.000000 0.639815 0.861068 255 0 0
7.721888 34.292168 -70.941223 0.694426 0.719564 -0.000000 0.640742 0.973745 255 0 0
9.811110 32.275932 -70.941223 0.983852 0.000002 -0.178986 0.640686 0.977187 255 0 0
9.811116 29.321318 -70.941223 0.983852 0.000002 -0.178986 0.640778 0.862515 255 0 0
9.038360 31.955854 -75.188896 0.983852 0.000002 -0.178986 0.530040 0.964573 255 0 0
9.811116 29.321318 -70.941223 0.983851 0.000000 -0.178987 0.640778 0.862515 255 0 0
9.038360 29.641403 -75.188896 0.983851 0.000000 -0.178987 0.530092 0.874769 255 0 0
9.038360 31.955854 -75.188896 0.983851 0.000000 -0.178987 0.530040 0.964573 255 0 0
9.811116 29.321318 -70.941223 0.695689 -0.695687 -0.178987 0.640531 0.977472 255 0 0
7.721888 27.232086 -70.941223 0.695689 -0.695687 -0.178987 0.640147 0.862801 255 0 0
9.038360 29.641403 -75.188896 0.695689 -0.695687 -0.178987 0.529854 0.965894 255 0 0
7.721888 27.232086 -70.941223 0.695691 -0.695686 -0.178985 0.640147 0.862801 255 0 0
7.401803 28.004835 -75.188896 0.695691 -0.695686 -0.178985 0.529507 0.876074 255 0 0
9.038360 29.641403 -75.188896 0.695691 -0.695686 -0.178985 0.529854 0.965894 255 0 0
7.721888 27.232086 -70.941223 0.000000 -0.983852 -0.178985 0.640316 0.977195 255 0 0
4.767259 27.232086 -70.941223 0.000000 -0.983852 -0.178985 0.640664 0.862523 255 0 0
7.401803 28.004835 -75.188896 0.000000 -0.983852 -0.178985 0.529716 0.963979 255 0 0
4.767259 27.232086 -70.941223 -0.000002 -0.983852 -0.178986 0.640664 0.862523 255 0 0
5.087344 28.004839 -75.188896 -0.000002 -0.983852 -0.178986 0.529953 0.874142 255 0 0
7.401803 28.004835 -75.188896 -0.000002 -0.983852 -0.178986 0.529716 0.963979 255 0 0
4.504886 34.292168 -70.941223 -0.688726 0.694299 -0.208818 0.641706 0.873819 255 0 0
5.087344 33.592419 -75.188896 -0.688726 0.694299 -0.208818 0.530390 0.875115 255 0 0
4.274396 33.424763 -73.065056 -0.688726 0.694299 -0.208818 0.585836 0.902988 255 0 0
4.043900 32.557354 -75.188896 -0.688725 0.694301 -0.208817 0.529982 0.932161 255 0 0
4.274396 33.424763 -73.065056 -0.688725 0.694301 -0.208817 0.585836 0.902988 255 0 0
5.087344 33.592419 -75.188896 -0.688725 0.694301 -0.208817 0.530390 0.875115 255 0 0
1.191095 35.521751 -74.026634 0.000000 0.981683 -0.190523 0.797504 0.976986 255 0 0
2.978570 35.521751 -74.026634 0.000000 0.981683 -0.190523 0.798047 0.878422 255 0 0
1.384735 35.054256 -76.435440 0.000000 0.981683 -0.190523 0.721547 0.965039 255 0 0
2.784930 35.054256 -76.435440 0.000000 0.981683 -0.190523 0.722079 0.887793 255 0 0
-0.007948 32.451309 -75.363876 -0.936156 -0.000000 -0.351586 0.748382 0.976765 255 0 0
-0.007948 34.276833 -75.363876 -0.936156 -0.000000 -0.351586 0.748320 0.876099 255 0 0
0.394650 32.663971 -76.435860 -0.936156 -0.000000 -0.351586 0.721642 0.965182 255 0 0
0.394650 34.064163 -76.435860 -0.936156 0.000000 -0.351586 0.721665 0.887824 255 0 0
4.043900 32.557354 -75.188896 0.994633 -0.062588 -0.082384 0.761447 0.882816 255 0 0
4.242518 34.257809 -74.082802 0.994633 -0.062588 -0.082384 0.795950 0.976920 255 0 0
4.274396 33.424763 -73.065056 0.994633 -0.062588 -0.082384 0.827472 0.930935 255 0 0
1.191095 35.521751 -72.248512 0.000000 1.000000 -0.000000 0.852535 0.977965 255 0 0
2.978570 35.521751 -72.248512 0.000000 1.000000 -0.000000 0.853091 0.879404 255 0 0
1.191095 35.521751 -74.026634 0.000000 1.000000 -0.000000 0.797504 0.976986 255 0 0
2.978570 35.521751 -74.026634 0.000000 1.000000 0.000000 0.798047 0.878422 255 0 0
2.441837 26.274027 -70.797852 0.371537 -0.896970 -0.239595 0.635159 0.982458 255 0 0
-0.007948 25.259293 -70.797852 0.371537 -0.896970 -0.239595 0.634878 0.855828 255 0 0
1.782520 26.933338 -74.288498 0.371537 -0.896970 -0.239595 0.529865 0.966136 255 0 0
-0.007948 25.259293 -70.797852 0.371536 -0.896970 -0.239596 0.634878 0.855828 255 0 0
-0.007948 26.191704 -74.288498 0.371536 -0.896970 -0.239596 0.529557 0.873589 255 0 0
1.782520 26.933338 -74.288498 0.371536 -0.896970 -0.239596 0.529865 0.966136 255 0 0
2.441837 26.274027 -70.797852 0.896970 -0.371536 -0.239596 0.634944 0.856208 255 0 0
1.782520 26.933338 -74.288498 0.896970 -0.371536 -0.239596 0.529631 0.873388 255 0 0
3.356179 28.643169 -71.048630 0.896970 -0.371536 -0.239596 0.627427 0.977456 255 0 0
3.356179 28.643169 -71.048630 0.896969 -0.371538 -0.239595 0.627427 0.977456 255 0 0
1.782520 26.933338 -74.288498 0.896969 -0.371538 -0.239595 0.529631 0.873388 255 0 0
2.524160 28.723810 -74.288498 0.896969 -0.371538 -0.239595 0.529674 0.965907 255 0 0
-0.007948 31.255919 -74.288498 0.329925 0.796510 -0.506677 0.529828 0.965320 255 0 0
1.191095 31.193233 -73.606277 0.329925 0.796510 -0.506677 0.553076 0.911387 255 0 0
1.782520 30.514282 -74.288498 0.329925 0.796510 -0.506677 0.530007 0.872728 255 0 0
2.540142 30.724161 -71.299408 0.734911 -0.676748 -0.043791 0.882441 0.858890 255 0 0
2.784930 31.193233 -74.440376 0.734911 -0.676748 -0.043791 0.784954 0.871613 255 0 0
2.992498 31.341236 -73.244164 0.734911 -0.676748 -0.043791 0.821937 0.886078 255 0 0
26.920231 32.550182 -47.939251 -1.000000 0.000000 0.000000 0.369042 0.169836 255 0 0
26.920231 32.550182 -51.397053 -1.000000 0.000000 0.000000 0.411919 0.170235 255 0 0
26.920231 27.538477 -48.616882 -1.000000 0.000000 0.000000 0.377987 0.226743 255 0 0
26.920231 27.974007 -50.798248 -1.000000 0.000000 0.000000 0.405282 0.222432 255 0 0
27.533018 27.974007 -50.798248 0.000000 -0.980645 -0.195795 0.466128 0.053543 255 0 0
27.533018 27.538477 -48.616882 0.000000 -0.980645 -0.195795 0.494307 0.053596 255 0 0
26.920231 27.974007 -50.798248 0.000000 -0.980645 -0.195795 0.466304 0.068339 255 0 0
26.920231 27.538477 -48.616882 0.000000 -0.980645 -0.195795 0.494299 0.068390 255 0 0
28.285009 32.550182 -51.397053 0.000000 -0.129747 -0.991547 0.408330 0.035824 255 0 0
27.533018 27.974007 -50.798248 0.000000 -0.129747 -0.991547 0.466128 0.053543 255 0 0
26.920231 32.550182 -51.397053 0.000000 -0.129747 -0.991547 0.408323 0.068664 255 0 0
26.920231 27.974007 -50.798248 0.000000 -0.129747 -0.991547 0.466304 0.068339 255 0 0
29.409698 36.450653 -56.924435 0.000000 0.331156 -0.943576 0.222715 0.008799 255 0 0
29.409698 33.184368 -58.070766 0.000000 0.331156 -0.943576 0.268042 0.008776 255 0 0
26.920231 36.450653 -56.924435 0.000000 0.331156 -0.943576 0.222645 0.068904 255 0 0
26.920231 33.184368 -58.070766 0.000000 0.331156 -0.943576 0.268071 0.068882 255 0 0
26.920231 45.405552 -48.616875 -1.000000 0.000000 0.000000 0.377684 0.075415 255 0 0
26.920231 44.970020 -50.798241 -1.000000 0.000000 0.000000 0.405346 0.077049 255 0 0
26.920231 37.084839 -47.880421 -1.000000 0.000000 0.000000 0.368381 0.127535 255 0 0
26.920231 37.084839 -51.455933 -1.000000 -0.000000 -0.000000 0.413197 0.127658 255 0 0
28.358936 37.084839 -51.455933 0.000000 0.083120 -0.996540 0.149847 0.033958 255 0 0
26.920231 37.084839 -51.455933 0.000000 0.083120 -0.996540 0.149809 0.068693 255 0 0
27.533018 44.970020 -50.798241 0.000000 0.083120 -0.996540 0.047763 0.053495 255 0 0
26.920231 44.970020 -50.798241 0.000000 0.083120 -0.996540 0.047589 0.068274 255 0 0
27.533018 45.405552 -48.616875 0.000000 0.980645 -0.195796 0.015511 0.053325 255 0 0
27.533018 44.970020 -50.798241 0.000000 0.980645 -0.195796 0.047763 0.053495 255 0 0
26.920231 45.405552 -48.616875 0.000000 0.980645 -0.195796 0.015403 0.068088 255 0 0
26.920231 44.970020 -50.798241 0.000000 0.980645 -0.195796 0.047589 0.068274 255 0 0
29.409698 36.450653 -56.924435 0.000000 0.993342 -0.115199 0.222715 0.008799 255 0 0
26.920231 36.450653 -56.924435 0.000000 0.993342 -0.115199 0.222645 0.068904 255 0 0
28.358936 37.084839 -51.455933 0.000000 0.993342 -0.115199 0.149847 0.033958 255 0 0
28.358936 37.084839 -51.455933 0.000000 0.993343 -0.115199 0.149847 0.033958 255 0 0
26.920231 36.450653 -56.924435 0.000000 0.993343 -0.115199 0.222645 0.068904 255 0 0
26.920231 37.084839 -51.455933 0.000000 0.993343 -0.115199 0.149809 0.068693 255 0 0
29.409698 33.184368 -58.070766 0.000000 -0.995515 -0.094601 0.268042 0.008776 255 0 0
28.285009 32.550182 -51.397053 0.000000 -0.995515 -0.094601 0.408330 0.035824 255 0 0
26.920231 33.184368 -58.070766 0.000000 -0.995515 -0.094601 0.268071 0.068882 255 0 0
26.920231 32.550182 -51.397053 0.000000 -0.995515 -0.094601 0.408323 0.068664 255 0 0
-26.936138 33.184368 -58.070766 0.999958 0.009160 0.000870 0.495655 0.165155 255 0 0
-26.943062 33.648293 -54.999195 0.999958 0.009160 0.000870 0.457077 0.160411 255 0 0
-26.936138 32.550182 -51.397053 0.999958 0.009160 0.000870 0.411921 0.170248 255 0 0
-26.936138 32.550182 -47.939251 1.000000 0.000000 -0.000000 0.369090 0.169814 255 0 0
-26.936138 27.538477 -48.616882 1.000000 0.000000 -0.000000 0.377916 0.226641 255 0 0
-26.936138 32.550182 -51.397053 1.000000 0.000000 -0.000000 0.411921 0.170248 255 0 0
-26.936138 27.974007 -50.798248 1.000000 0.000000 0.000000 0.405230 0.222478 255 0 0
-27.548914 27.974007 -50.798248 -0.000000 -0.980645 -0.195795 0.466232 0.053659 255 0 0
-26.936138 27.974007 -50.798248 -0.000000 -0.980645 -0.195795 0.466262 0.068454 255 0 0
-27.548914 27.538477 -48.616882 -0.000000 -0.980645 -0.195795 0.494314 0.053420 255 0 0
-26.936138 27.538477 -48.616882 0.000000 -0.980645 -0.195795 0.494353 0.068215 255 0 0
-28.300917 32.550182 -51.397053 -0.000000 -0.129747 -0.991547 0.408323 0.035778 255 0 0
-26.936138 32.550182 -51.397053 -0.000000 -0.129747 -0.991547 0.408356 0.068730 255 0 0
-27.548914 27.974007 -50.798248 -0.000000 -0.129747 -0.991547 0.466232 0.053659 255 0 0
-26.936138 27.974007 -50.798248 0.000000 -0.129747 -0.991547 0.466262 0.068454 255 0 0
-29.425608 36.450653 -56.924435 0.000000 0.331156 -0.943576 0.222648 0.008767 255 0 0
-26.936138 36.450653 -56.924435 0.000000 0.331156 -0.943576 0.222734 0.068873 255 0 0
-29.425608 33.184368 -58.070766 0.000000 0.331156 -0.943576 0.267971 0.008756 255 0 0
-26.936138 33.184368 -58.070766 0.000000 0.331156 -0.943576 0.268035 0.068861 255 0 0
-26.936138 45.405552 -48.616875 1.000000 -0.000000 -0.000000 0.377686 0.075394 255 0 0
-26.936138 37.084839 -47.880421 1.000000 -0.000000 -0.000000 0.368374 0.127527 255 0 0
-26.936138 44.970020 -50.798241 1.000000 -0.000000 -0.000000 0.405297 0.077064 255 0 0
-26.936138 37.084839 -51.455933 1.000000 0.000000 0.000000 0.413191 0.127563 255 0 0
-28.374832 37.084839 -51.455933 0.000000 0.083120 -0.996539 0.149864 0.033982 255 0 0
-27.548914 44.970020 -50.798241 0.000000 0.083120 -0.996539 0.047695 0.053502 255 0 0
-26.936138 37.084839 -51.455933 0.000000 0.083120 -0.996539 0.149868 0.068716 255 0 0
-27.548914 44.970020 -50.798241 0.000000 0.083120 -0.996540 0.047695 0.053502 255 0 0
-26.936138 44.970020 -50.798241 0.000000 0.083120 -0.996540 0.047610 0.068294 255 0 0
-26.936138 37.084839 -51.455933 0.000000 0.083120 -0.996540 0.149868 0.068716 255 0 0
-27.548914 45.405552 -48.616875 0.000000 0.980645 -0.195796 0.015527 0.053315 255 0 0
-26.936138 45.405552 -48.616875 0.000000 0.980645 -0.195796 0.015373 0.068107 255 0 0
-27.548914 44.970020 -50.798241 0.000000 0.980645 -0.195796 0.047695 0.053502 255 0 0
-26.936138 44.970020 -50.798241 0.000000 0.980645 -0.195796 0.047610 0.068294 255 0 0
-29.425608 36.450653 -56.924435 0.000000 0.993342 -0.115199 0.222648 0.008767 255 0 0
-28.374832 37.084839 -51.455933 0.000000 0.993342 -0.115199 0.149864 0.033982 255 0 0
-26.936138 36.450653 -56.924435 0.000000 0.993342 -0.115199 0.222734 0.068873 255 0 0
-26.936138 37.084839 -51.455933 0.000000 0.993342 -0.115199 0.149868 0.068716 255 0 0
-29.425608 33.184368 -58.070766 -0.000000 -0.995515 -0.094601 0.267971 0.008756 255 0 0
-26.936138 33.184368 -58.070766 -0.000000 -0.995515 -0.094601 0.268035 0.068861 255 0 0
-28.300917 32.550182 -51.397053 -0.000000 -0.995515 -0.094601 0.408323 0.035778 255 0 0
-26.936138 32.550182 -51.397053 0.000000 -0.995515 -0.094601 0.408356 0.068730 255 0 0
-15.361338 40.387955 -14.892306 0.466850 -0.884322 0.005166 0.286937 0.885742 255 0 0
-13.756510 41.237144 -14.554779 0.466850 -0.884322 0.005166 0.293364 0.861880 255 0 0
-15.375221 40.387955 -13.637577 0.466850 -0.884322 0.005166 0.310403 0.885529 255 0 0
-15.375221 40.387955 -13.637577 0.464562 -0.885541 0.000000 0.310403 0.885529 255 0 0
-13.756510 41.237144 -14.554779 0.464562 -0.885541 0.000000 0.293364 0.861880 255 0 0
-13.756510 41.237144 -13.637577 0.464562 -0.885541 0.000000 0.310335 0.862198 255 0 0
-15.396780 40.387955 -3.421897 -0.000000 -1.000000 0.000000 0.500564 0.885394 255 0 0
-22.317019 42.935516 -5.931558 -0.000002 1.000000 0.000000 0.011463 0.772147 255 0 0
-22.317019 42.935516 -4.023604 -0.000002 1.000000 0.000000 0.011225 0.809033 255 0 0
-20.248102 42.935520 -2.687953 -0.000002 1.000000 0.000000 0.052128 0.829660 255 0 0
-22.317019 42.935516 -1.113012 -0.000002 1.000000 0.000000 0.011207 0.840778 255 0 0
-22.317019 42.935516 -2.352448 -0.000002 1.000000 0.000000 0.011362 0.820472 255 0 0
3.187803 34.675293 70.932098 0.000000 -0.814633 0.579977 0.542325 0.662592 255 0 0
2.686184 36.917252 74.081146 0.000000 -0.814633 0.579977 0.541348 0.725567 255 0 0
-3.203698 34.675293 70.932098 0.000000 -0.814633 0.579977 0.453086 0.662871 255 0 0
2.686184 36.917252 74.081146 -0.000001 -0.814633 0.579977 0.541348 0.725567 255 0 0
-2.702080 36.917255 74.081146 -0.000001 -0.814633 0.579977 0.455879 0.726013 255 0 0
-3.203698 34.675293 70.932098 -0.000001 -0.814633 0.579977 0.453086 0.662871 255 0 0
-3.457968 31.236799 69.241623 -0.402788 -0.379670 0.832834 0.451432 0.600336 255 0 0
-3.330834 32.956051 70.086876 -0.402788 -0.379670 0.832834 0.452259 0.631603 255 0 0
-4.212438 34.324722 70.284447 -0.402788 -0.379670 0.832834 0.433012 0.652139 255 0 0
-3.330834 32.956051 70.086876 -0.402774 -0.379662 0.832844 0.452259 0.631603 255 0 0
-3.203698 34.675293 70.932098 -0.402774 -0.379662 0.832844 0.453086 0.662871 255 0 0
-4.212438 34.324722 70.284447 -0.402774 -0.379662 0.832844 0.433012 0.652139 255 0 0
-3.330834 32.956051 70.086876 0.000000 -0.441202 0.897408 0.452259 0.631603 255 0 0
-3.457968 31.236799 69.241623 0.000000 -0.441202 0.897408 0.451432 0.600336 255 0 0
-0.007947 31.236799 69.241623 0.000000 -0.441202 0.897408 0.497847 0.600266 255 0 0
3.442075 31.236799 69.241623 0.000000 -0.441196 0.897411 0.544262 0.600196 255 0 0
3.187803 34.675293 70.932098 0.000000 -0.441196 0.897411 0.542325 0.662592 255 0 0
-0.007947 31.236799 69.241623 0.000000 -0.441196 0.897411 0.497847 0.600266 255 0 0
-3.203698 34.675293 70.932098 0.000000 -0.441191 0.897413 0.453086 0.662871 255 0 0
-3.330834 32.956051 70.086876 0.000000 -0.441191 0.897413 0.452259 0.631603 255 0 0
3.187803 34.675293 70.932098 0.000000 -0.441191 0.897413 0.542325 0.662592 255 0 0
-0.007947 31.236799 69.241623 0.000002 -0.441198 0.897410 0.497847 0.600266 255 0 0
3.187803 34.675293 70.932098 0.000002 -0.441198 0.897410 0.542325 0.662592 255 0 0
-3.330834 32.956051 70.086876 0.000002 -0.441198 0.897410 0.452259 0.631603 255 0 0
-20.218933 41.237144 -5.931558 0.000000 -0.000001 -1.000000 0.116127 0.916273 255 0 0
-18.602486 40.387955 -5.931558 0.000000 -0.000001 -1.000000 0.135958 0.899033 255 0 0
-22.317019 40.387955 -5.931558 0.000000 -0.000001 -1.000000 0.135830 0.938669 255 0 0
-20.226223 42.935516 -5.938597 -0.999991 -0.004295 -0.000568 0.453911 0.976656 255 0 0
-20.221209 42.935516 -14.774232 -0.999991 -0.004295 -0.000568 0.289436 0.976775 255 0 0
-20.218933 41.237144 -5.931558 -0.999991 -0.004295 -0.000568 0.454010 0.953644 255 0 0
-22.317019 40.387955 -5.931558 -1.000000 -0.000000 0.000000 0.135830 0.938669 255 0 0
-22.317019 41.866688 -4.023600 -1.000000 -0.000000 0.000000 0.101395 0.959023 255 0 0
-22.317019 42.935516 -5.931558 -1.000000 -0.000000 0.000000 0.076504 0.938649 255 0 0
-22.317019 42.935516 -4.023604 -1.000000 0.000000 0.000000 0.076504 0.959023 255 0 0
-20.248102 42.935520 -2.687953 -0.000000 1.000000 -0.000001 0.052128 0.829660 255 0 0
-20.226223 42.935516 -5.938597 -0.000000 1.000000 -0.000001 0.052213 0.771826 255 0 0
-22.317019 42.935516 -5.931558 -0.000000 1.000000 -0.000001 0.011463 0.772147 255 0 0
-13.756510 41.237144 -1.939447 0.326752 -0.842444 0.428393 0.678935 0.096983 255 0 0
-14.493664 41.318897 -1.216423 0.326752 -0.842444 0.428393 0.663953 0.084621 255 0 0
-15.404453 40.387955 -2.352448 0.326752 -0.842444 0.428393 0.682633 0.039029 255 0 0
-15.404453 40.387955 -2.352448 0.254866 -0.838042 0.482419 0.682633 0.039029 255 0 0
-14.493664 41.318897 -1.216423 0.254866 -0.838042 0.482419 0.663953 0.084621 255 0 0
-15.857797 40.701794 -1.567752 0.254866 -0.838042 0.482419 0.663921 0.039169 255 0 0
-13.756510 41.237144 -1.939447 0.640229 -0.336120 0.690746 0.688038 0.040732 255 0 0
-13.756510 42.935516 -1.113012 0.640229 -0.336120 0.690746 0.688038 0.119701 255 0 0
-14.493664 41.318897 -1.216423 0.640229 -0.336120 0.690746 0.657545 0.044533 255 0 0
-13.756510 42.935516 -1.113012 0.625722 -0.330517 0.706563 0.688038 0.119701 255 0 0
-14.493664 42.621681 -0.607005 0.625722 -0.330517 0.706563 0.657545 0.105108 255 0 0
-14.493664 41.318897 -1.216423 0.625722 -0.330517 0.706563 0.657545 0.044533 255 0 0
-13.756510 42.935516 -1.113012 -0.000000 0.849819 0.527074 0.686257 0.020872 255 0 0
-22.317019 42.935516 -1.113012 -0.000000 0.849819 0.527074 0.683466 0.267130 255 0 0
-14.493664 42.621681 -0.607005 -0.000000 0.849819 0.527074 0.658548 0.041968 255 0 0
-21.579865 42.621681 -0.607005 0.000000 0.849819 0.527074 0.656237 0.245816 255 0 0
-22.317019 40.387955 -2.352448 -0.610571 -0.346475 0.712151 0.684567 0.019805 255 0 0
-21.579865 40.701794 -1.567752 -0.610571 -0.346475 0.712151 0.656753 0.034397 255 0 0
-22.317019 42.935516 -1.113012 -0.610571 -0.346475 0.712151 0.684567 0.138259 255 0 0
-22.317019 42.935516 -1.113012 -0.626776 -0.348702 0.696820 0.684567 0.138259 255 0 0
-21.579865 40.701794 -1.567752 -0.626776 -0.348702 0.696820 0.656753 0.034397 255 0 0
-21.579865 42.621681 -0.607005 -0.626776 -0.348702 0.696820 0.656753 0.123666 255 0 0
-22.317019 40.387955 -2.352448 0.000000 -0.928493 0.371350 0.685255 0.027704 255 0 0
-15.404453 40.387955 -2.352448 0.000000 -0.928493 0.371350 0.685172 0.206327 255 0 0
-21.579865 40.701794 -1.567752 0.000000 -0.928493 0.371350 0.657059 0.046748 255 0 0
-15.857797 40.701794 -1.567752 0.000000 -0.928493 0.371350 0.656989 0.194609 255 0 0
-20.226223 42.935516 -5.938597 -0.944208 0.329349 -0.000536 0.052213 0.771826 255 0 0
-19.597059 44.724884 -14.773740 -0.944208 0.329349 -0.000536 0.104549 0.574474 255 0 0
-20.221209 42.935516 -14.774232 -0.944208 0.329349 -0.000536 0.052255 0.568636 255 0 0
7.297131 42.304890 56.879059 0.000000 1.000000 0.000001 2.992496 -0.983852 255 0 0
7.297131 42.304897 42.284798 0.000000 1.000000 0.000001 2.992496 -0.015148 255 0 0
-0.007951 42.304890 56.879059 0.000000 1.000000 0.000001 2.509847 -0.983852 255 0 0
-0.007948 42.304897 42.284798 -0.000000 1.000000 0.000001 2.509847 -0.015148 255 0 0
-7.297131 42.304890 56.879059 0.000000 1.000000 0.000001 2.012589 -0.983852 255 0 0
-7.297131 42.304897 42.284798 -0.000000 1.000000 0.000001 2.012589 -0.015148 255 0 0
19.021141 4.000000 -6.180344 0.891007 -0.000000 -0.453990 0.375000 0.688440 255 0 0
19.021141 -0.000000 -6.180343 0.891007 -0.000000 -0.453990 0.375000 0.312500 255 0 0
16.180351 4.000000 -11.755712 0.891007 -0.000000 -0.453990 0.387500 0.688440 255 0 0
16.180351 0.000000 -11.755712 0.891007 0.000000 -0.453990 0.387500 0.312500 255 0 0
11.755712 0.000000 -16.180349 0.707107 0.000000 -0.707107 0.400000 0.312500 255 0 0
11.755712 3.999999 -16.180349 0.707107 0.000000 -0.707107 0.400000 0.688440 255 0 0
16.180351 0.000000 -11.755712 0.707107 0.000000 -0.707107 0.387500 0.312500 255 0 0
16.180351 4.000000 -11.755712 0.707107 0.000000 -0.707107 0.387500 0.688440 255 0 0
6.180343 0.000000 -19.021141 0.453990 0.000000 -0.891007 0.412500 0.312500 255 0 0
6.180343 4.000000 -19.021141 0.453990 0.000000 -0.891007 0.412500 0.688440 255 0 0
11.755712 0.000000 -16.180349 0.453990 0.000000 -0.891007 0.400000 0.312500 255 0 0
11.755712 3.999999 -16.180349 0.453990 0.000000 -0.891007 0.400000 0.688440 255 0 0
0.000000 0.000000 -20.000008 0.156434 0.000000 -0.987688 0.425000 0.312500 255 0 0
0.000000 4.000000 -20.000008 0.156434 0.000000 -0.987688 0.425000 0.688440 255 0 0
6.180343 0.000000 -19.021141 0.156434 0.000000 -0.987688 0.412500 0.312500 255 0 0
6.180343 4.000000 -19.021141 0.156434 0.000000 -0.987688 0.412500 0.688440 255 0 0
-6.180343 0.000000 -19.021139 -0.156434 -0.000000 -0.987688 0.437500 0.312500 255 0 0
-6.180343 4.000000 -19.021139 -0.156434 -0.000000 -0.987688 0.437500 0.688440 255 0 0
0.000000 0.000000 -20.000008 -0.156434 -0.000000 -0.987688 0.425000 0.312500 255 0 0
0.000000 4.000000 -20.000008 -0.156434 0.000000 -0.987688 0.425000 0.688440 255 0 0
-11.755710 3.999999 -16.180344 -0.453991 0.000000 -0.891006 0.450000 0.688440 255 0 0
-6.180343 0.000000 -19.021139 -0.453991 0.000000 -0.891006 0.437500 0.312500 255 0 0
-11.755710 0.000000 -16.180344 -0.453991 0.000000 -0.891006 0.450000 0.312500 255 0 0
-6.180343 4.000000 -19.021139 -0.453991 0.000000 -0.891006 0.437500 0.688440 255 0 0
-16.180344 4.000000 -11.755708 -0.707107 0.000000 -0.707107 0.462500 0.688440 255 0 0
-11.755710 0.000000 -16.180344 -0.707107 0.000000 -0.707107 0.450000 0.312500 255 0 0
-16.180344 0.000000 -11.755708 -0.707107 0.000000 -0.707107 0.462500 0.312500 255 0 0
-11.755710 3.999999 -16.180344 -0.707107 0.000000 -0.707107 0.450000 0.688440 255 0 0
-19.021135 4.000000 -6.180341 -0.891006 -0.000000 -0.453991 0.475000 0.688440 255 0 0
-16.180344 0.000000 -11.755708 -0.891006 -0.000000 -0.453991 0.462500 0.312500 255 0 0
-19.021135 -0.000000 -6.180341 -0.891006 -0.000000 -0.453991 0.475000 0.312500 255 0 0
-16.180344 4.000000 -11.755708 -0.891006 0.000000 -0.453991 0.462500 0.688440 255 0 0
-20.000004 4.000000 -0.000000 -0.987688 0.000000 -0.156434 0.487500 0.688440 255 0 0
-19.021135 -0.000000 -6.180341 -0.987688 0.000000 -0.156434 0.475000 0.312500 255 0 0
-20.000004 0.000000 0.000000 -0.987688 0.000000 -0.156434 0.487500 0.312500 255 0 0
-19.021135 4.000000 -6.180341 -0.987688 -0.000000 -0.156434 0.475000 0.688440 255 0 0
-19.021135 4.000000 6.180340 -0.987688 0.000000 0.156434 0.500000 0.688440 255 0 0
-20.000004 0.000000 0.000000 -0.987688 0.000000 0.156434 0.487500 0.312500 255 0 0
-19.021135 0.000000 6.180341 -0.987688 0.000000 0.156434 0.500000 0.312500 255 0 0
-20.000004 4.000000 -0.000000 -0.987688 0.000000 0.156434 0.487500 0.688440 255 0 0
-16.180344 4.000000 11.755707 -0.891006 0.000000 0.453991 0.512500 0.688440 255 0 0
-19.021135 0.000000 6.180341 -0.891006 0.000000 0.453991 0.500000 0.312500 255 0 0
-16.180344 -0.000000 11.755707 -0.891006 0.000000 0.453991 0.512500 0.312500 255 0 0
-19.021135 0.000000 6.180341 -0.891007 0.000000 0.453991 0.500000 0.312500 255 0 0
-16.180344 4.000000 11.755707 -0.891007 0.000000 0.453991 0.512500 0.688440 255 0 0
-19.021135 4.000000 6.180340 -0.891007 0.000000 0.453991 0.500000 0.688440 255 0 0
-11.755707 4.000000 16.180342 -0.707107 0.000000 0.707107 0.525000 0.688440 255 0 0
-16.180344 4.000000 11.755707 -0.707107 0.000000 0.707107 0.512500 0.688440 255 0 0
-16.180344 -0.000000 11.755707 -0.707107 0.000000 0.707107 0.512500 0.312500 255 0 0
-11.755707 -0.000000 16.180342 -0.707107 0.000000 0.707107 0.525000 0.312500 255 0 0
-6.180341 4.000000 43.510567 -0.979820 0.000000 0.199883 0.537500 0.688440 255 0 0
-11.755707 -0.000000 16.180342 -0.979820 0.000000 0.199883 0.525000 0.312500 255 0 0
-6.180341 -0.000000 43.510567 -0.979820 0.000000 0.199883 0.537500 0.312500 255 0 0
-11.755707 4.000000 16.180342 -0.979820 0.000000 0.199883 0.525000 0.688440 255 0 0
-0.000001 4.000000 44.489433 -0.156434 0.000000 0.987688 0.550000 0.688440 255 0 0
-6.180341 4.000000 43.510567 -0.156434 0.000000 0.987688 0.537500 0.688440 255 0 0
-6.180341 -0.000000 43.510567 -0.156434 0.000000 0.987688 0.537500 0.312500 255 0 0
-0.000001 -0.000000 44.489433 -0.156434 0.000000 0.987688 0.550000 0.312500 255 0 0
6.180339 4.000000 43.510567 0.156434 -0.000000 0.987688 0.562500 0.688440 255 0 0
-0.000001 4.000000 44.489433 0.156434 -0.000000 0.987688 0.550000 0.688440 255 0 0
-0.000001 -0.000000 44.489433 0.156434 -0.000000 0.987688 0.550000 0.312500 255 0 0
6.180339 -0.000000 43.510567 0.156434 0.000000 0.987688 0.562500 0.312500 255 0 0
11.755704 4.000000 16.180342 0.979820 -0.000000 0.199883 0.575000 0.688440 255 0 0
6.180339 4.000000 43.510567 0.979820 -0.000000 0.199883 0.562500 0.688440 255 0 0
6.180339 -0.000000 43.510567 0.979820 -0.000000 0.199883 0.562500 0.312500 255 0 0
11.755704 -0.000000 16.180342 0.979820 0.000000 0.199883 0.575000 0.312500 255 0 0
11.755704 4.000000 16.180342 0.707107 -0.000000 0.707107 0.575000 0.688440 255 0 0
11.755704 -0.000000 16.180342 0.707107 -0.000000 0.707107 0.575000 0.312500 255 0 0
16.180338 4.000000 11.755706 0.707107 -0.000000 0.707107 0.587500 0.688440 255 0 0
16.180338 -0.000000 11.755706 0.707107 0.000000 0.707107 0.587500 0.312500 255 0 0
16.180338 4.000000 11.755706 0.891006 -0.000000 0.453991 0.587500 0.688440 255 0 0
16.180338 -0.000000 11.755706 0.891006 -0.000000 0.453991 0.587500 0.312500 255 0 0
19.021132 4.000000 6.180339 0.891006 -0.000000 0.453991 0.600000 0.688440 255 0 0
19.021132 0.000000 6.180340 0.891006 0.000000 0.453991 0.600000 0.312500 255 0 0
19.021132 4.000000 6.180339 0.987688 0.000000 0.156434 0.600000 0.688440 255 0 0
19.021132 0.000000 6.180340 0.987688 0.000000 0.156434 0.600000 0.312500 255 0 0
20.000000 4.000000 -0.000000 0.987688 0.000000 0.156434 0.612500 0.688440 255 0 0
20.000000 0.000000 0.000000 0.987688 0.000000 0.156434 0.612500 0.312500 255 0 0
20.000000 4.000000 -0.000000 0.987689 -0.000000 -0.156433 0.612500 0.688440 255 0 0
20.000000 0.000000 0.000000 0.987689 -0.000000 -0.156433 0.612500 0.312500 255 0 0
19.021141 4.000000 -6.180344 0.987689 -0.000000 -0.156433 0.625000 0.688440 255 0 0
19.021141 -0.000000 -6.180343 0.987689 -0.000000 -0.156433 0.625000 0.312500 255 0 0
16.180351 0.000000 -11.755712 -0.000000 -1.000000 -0.000000 0.626409 0.064408 255 0 0
19.021141 -0.000000 -6.180343 -0.000000 -1.000000 -0.000000 0.648603 0.107966 255 0 0
0.000000 0.000000 0.000000 -0.000000 -1.000000 -0.000000 0.500000 0.150000 255 0 0
11.755712 0.000000 -16.180349 0.000000 -1.000000 0.000000 0.591842 0.029841 255 0 0
6.180343 0.000000 -19.021141 0.000000 -1.000000 -0.000000 0.548284 0.007647 255 0 0
0.000000 0.000000 -20.000008 0.000000 -1.000000 -0.000000 0.500000 -0.000000 255 0 0
-6.180343 0.000000 -19.021139 -0.000000 -1.000000 -0.000000 0.451716 0.007647 255 0 0
-11.755710 0.000000 -16.180344 -0.000000 -1.000000 -0.000000 0.408159 0.029841 255 0 0
-16.180344 0.000000 -11.755708 -0.000000 -1.000000 0.000000 0.373591 0.064409 255 0 0
-19.021135 -0.000000 -6.180341 0.000000 -1.000000 -0.000000 0.351397 0.107966 255 0 0
-20.000004 0.000000 0.000000 0.000000 -1.000000 0.000000 0.343750 0.156250 255 0 0
-19.021135 0.000000 6.180341 0.000000 -1.000000 0.000000 0.351397 0.204534 255 0 0
-16.180344 -0.000000 11.755707 -0.000000 -1.000000 -0.000000 0.373591 0.248091 255 0 0
-11.755707 -0.000000 16.180342 0.000000 -1.000000 0.000000 0.408159 0.282659 255 0 0
-6.180341 -0.000000 43.510567 0.000000 -1.000000 0.000000 0.451716 0.304853 255 0 0
-0.000001 -0.000000 44.489433 0.000000 -1.000000 -0.000000 0.500000 0.312500 255 0 0
6.180339 -0.000000 43.510567 -0.000000 -1.000000 -0.000000 0.548284 0.304853 255 0 0
11.755704 -0.000000 16.180342 -0.000000 -1.000000 0.000000 0.591841 0.282659 255 0 0
16.180338 -0.000000 11.755706 -0.000000 -1.000000 0.000000 0.626409 0.248091 255 0 0
19.021132 0.000000 6.180340 0.000000 -1.000000 -0.000000 0.648603 0.204534 255 0 0
20.000000 0.000000 0.000000 0.000000 -1.000000 0.000000 0.656250 0.156250 255 0 0
19.021141 4.000000 -6.180344 -0.000000 1.000000 -0.000000 0.648603 0.892034 255 0 0
16.180351 4.000000 -11.755712 -0.000000 1.000000 -0.000000 0.626409 0.935591 255 0 0
0.000000 4.000000 -0.000000 -0.000000 1.000000 -0.000000 0.500000 0.837500 255 0 0
11.755712 3.999999 -16.180349 -0.000000 1.000000 -0.000000 0.591841 0.970159 255 0 0
6.180343 4.000000 -19.021141 0.000000 1.000000 0.000000 0.548284 0.992353 255 0 0
0.000000 4.000000 -20.000008 -0.000000 1.000000 0.000000 0.500000 1.000000 255 0 0
-6.180343 4.000000 -19.021139 0.000000 1.000000 0.000000 0.451716 0.992353 255 0 0
-11.755710 3.999999 -16.180344 -0.000000 1.000000 0.000000 0.408159 0.970159 255 0 0
-16.180344 4.000000 -11.755708 0.000000 1.000000 -0.000000 0.373591 0.935591 255 0 0
-19.021135 4.000000 -6.180341 0.000000 1.000000 -0.000000 0.351397 0.892034 255 0 0
-20.000004 4.000000 -0.000000 0.000000 1.000000 0.000000 0.343750 0.843750 255 0 0
-19.021135 4.000000 6.180340 0.000000 1.000000 -0.000000 0.351397 0.795466 255 0 0
-16.180344 4.000000 11.755707 0.000000 1.000000 -0.000000 0.373591 0.751909 255 0 0
-11.755707 4.000000 16.180342 0.000000 1.000000 0.000000 0.408159 0.717341 255 0 0
-6.180341 4.000000 43.510567 -0.000000 1.000000 -0.000000 0.451716 0.695147 255 0 0
-0.000001 4.000000 44.489433 0.000000 1.000000 0.000000 0.500000 0.687500 255 0 0
6.180339 4.000000 43.510567 0.000000 1.000000 -0.000000 0.548284 0.695147 255 0 0
11.755704 4.000000 16.180342 0.000000 1.000000 -0.000000 0.591842 0.717341 255 0 0
16.180338 4.000000 11.755706 -0.000000 1.000000 0.000000 0.626409 0.751908 255 0 0
19.021132 4.000000 6.180339 -0.000000 1.000000 -0.000000 0.648603 0.795466 255 0 0
20.000000 4.000000 -0.000000 0.000000 1.000000 -0.000000 0.656250 0.843750 255 0 0
3 0 1 2
3 3 2 1
3 4 5 6
3 5 7 6
3 8 9 10
3 10 9 11
3 9 12 11
3 13 14 15
3 16 17 18
3 19 20 21
3 20 22 21
3 23 24 25
3 26 27 28
3 29 30 31
3 32 33 34
3 35 36 37
3 36 38 37
3 39 40 41
3 40 42 41
3 43 44 45
3 46 47 48
3 49 50 51
3 52 53 54
3 55 56 57
3 58 59 60
3 59 61 60
3 62 63 64
3 65 66 67
3 68 69 70
3 71 72 73
3 74 75 76
3 77 78 79
3 78 80 79
3 81 82 83
3 82 84 83
3 85 86 87
3 88 89 90
3 91 92 93
3 92 94 93
3 95 96 97
3 98 99 100
3 101 102 103
3 104 105 106
3 105 107 106
3 108 109 110
3 109 111 110
3 111 112 110
3 112 113 110
3 113 114 110
3 114 115 110
3 116 117 118
3 117 119 118
3 120 121 122
3 123 124 125
3 126 127 128
3 129 130 131
3 132 133 134
3 135 136 137
3 138 139 140
3 141 142 143
3 144 145 146
3 147 148 149
3 150 151 152
3 153 154 155
3 156 157 158
3 159 160 161
3 162 163 164
3 165 166 167
3 168 169 170
3 171 172 173
3 174 175 176
3 177 178 179
3 178 180 179
3 181 182 183
3 184 185 186
3 187 188 189
3 190 191 192
3 193 194 195
3 196 197 198
3 199 200 201
3 202 203 204
3 205 206 207
3 208 209 210
3 211 212 213
3 214 215 216
3 217 218 219
3 220 221 222
3 223 224 225
3 226 227 228
3 229 230 231
3 232 233 234
3 235 236 237
3 238 239 240
3 241 242 243
3 244 245 246
3 247 248 249
3 250 251 252
3 253 254 255
3 256 257 258
3 259 260 261
3 262 263 264
3 265 266 267
3 268 269 270
3 271 272 273
3 274 275 276
3 277 278 279
3 280 281 282
3 283 284 285
3 286 287 288
3 289 290 291
3 292 293 294
3 295 296 297
3 298 299 300
3 301 302 303
3 304 305 306
3 307 308 309
3 310 311 312
3 313 314 315
3 316 317 318
3 319 320 321
3 322 323 324
3 325 326 327
3 328 329 330
3 331 332 333
3 334 335 336
3 337 338 339
3 340 341 342
3 343 344 345
3 346 347 348
3 349 350 351
3 352 353 354
3 355 356 357
3 358 359 360
3 361 362 363
3 364 365 366
3 367 368 369
3 370 371 372
3 373 374 375
3 376 377 378
3 379 380 381
3 382 383 384
3 385 386 387
3 388 389 390
3 391 392 393
3 394 395 396
3 397 398 399
3 400 401 402
3 403 404 405
3 406 407 408
3 409 410 411
3 412 413 414
3 415 416 417
3 418 419 420
3 421 422 423
3 424 425 426
3 427 428 429
3 430 431 432
3 433 434 435
3 436 437 438
3 439 440 441
3 442 443 444
3 445 446 447
3 448 449 450
3 451 452 453
3 454 455 456
3 457 458 459
3 460 461 462
3 463 464 465
3 466 467 468
3 469 470 471
3 472 473 474
3 475 476 477
3 478 479 480
3 481 482 483
3 484 485 486
3 487 488 489
3 490 491 492
3 493 494 495
3 496 497 498
3 499 500 501
3 502 503 504
3 504 503 505
3 506 507 508
3 509 510 511
3 512 513 514
3 515 516 517
3 518 519 520
3 521 522 523
3 524 525 526
3 527 528 529
3 530 531 532
3 533 534 535
3 536 537 538
3 539 540 541
3 542 543 544
3 545 546 547
3 548 549 550
3 551 552 553
3 554 555 556
3 557 558 559
3 558 560 559
3 561 562 563
3 564 563 562
3 565 566 567
3 567 566 568
3 569 570 571
3 572 573 574
3 575 576 577
3 578 579 580
3 581 582 583
3 584 585 586
3 587 588 589
3 589 588 590
3 588 591 590
3 592 593 594
3 593 595 594
3 596 597 598
3 599 598 597
3 600 601 602
3 601 603 602
3 604 605 606
3 607 608 609
3 610 611 612
3 613 614 615
3 614 616 615
3 617 618 619
3 618 620 619
3 621 622 623
3 622 624 623
3 625 626 627
3 626 628 627
3 629 630 631
3 632 633 634
3 635 636 637
3 636 638 637
3 639 640 641
3 640 642 641
3 643 644 645
3 644 646 645
3 647 648 649
3 648 650 649
3 651 652 653
3 652 654 653
3 655 656 657
3 658 659 660
3 661 662 663
3 662 664 663
3 665 666 667
3 668 669 670
3 671 672 673
3 674 675 676
3 677 678 679
3 680 681 682
3 683 684 685
3 684 686 685
3 687 688 689
3 690 691 692
3 691 693 692
3 694 695 696
3 697 698 699
3 699 698 700
3 701 702 703
3 702 704 703
3 705 706 707
3 708 709 710
3 711 712 713
3 712 714 713
3 715 716 717
3 716 718 717
3 719 720 721
3 720 722 721
3 723 724 725
3 724 726 725
3 727 728 729
3 728 730 729
3 731 732 733
3 732 734 733
3 735 736 737
3 738 739 740
3 741 742 743
3 744 745 746
3 747 748 749
3 750 751 752
3 752 751 753
3 751 754 753
3 755 756 757
3 757 756 758
3 756 759 758
3 760 761 762
3 761 763 762
3 762 763 764
3 763 765 764
3 766 767 768
3 769 770 771
3 772 773 774
3 774 773 775
3 776 777 778
3 779 778 777
3 780 781 782
3 783 784 785
3 786 787 788
3 789 790 791
3 792 793 794
3 793 795 794
3 796 797 798
3 799 798 797
3 800 801 802
3 803 804 805
3 806 807 808
3 809 810 811
3 812 813 814
3 813 815 814
3 816 817 818
3 817 819 818
3 820 821 822
3 821 823 822
3 824 825 826
3 827 828 829
3 830 831 832
3 832 831 833
3 578 580 834
3 835 836 837
3 836 838 837
3 839 840 841
3 840 842 841
3 842 843 841
3 844 845 846
3 847 846 845
3 848 849 850
3 851 850 849
3 852 853 854
3 853 855 854
3 856 857 858
3 859 860 861
3 862 863 864
3 865 866 867
3 868 869 870
3 869 871 870
3 872 873 874
3 875 876 877
3 878 879 880
3 879 881 880
3 882 883 884
3 884 883 885
3 883 886 885
3 887 888 889
3 890 891 885
3 892 893 894
3 895 896 897
3 898 899 900
3 901 902 903
3 904 905 906
3 907 908 909
3 910 911 912
3 913 914 915
3 916 917 918
3 919 920 921
3 922 923 924
3 925 926 927
3 928 929 930
3 931 932 933
3 934 935 936
3 937 938 939
3 940 941 942
3 943 944 945
3 946 947 948
3 949 950 951
3 952 953 954
3 955 956 957
3 958 959 960
3 961 962 963
3 964 965 966
3 967 968 969
3 970 971 972
3 973 974 975
3 976 977 978
3 979 980 981
3 982 983 984
3 985 986 987
3 988 989 990
3 991 992 993
3 994 995 996
3 997 998 999
3 1000 1001 1002
3 1003 1004 1005
3 1006 1007 1008
3 1009 1010 1011
3 1012 1013 1014
3 1015 1016 1017
3 1018 1019 1020
3 1021 1022 1023
3 1024 1025 1026
3 1027 1028 1029
3 1030 1031 1032
3 1033 1034 1035
3 1036 1037 1038
3 1039 1040 1041
3 1042 1043 1044
3 1045 1046 1047
3 1048 1049 1050
3 1051 1052 1053
3 1054 1055 1056
3 1057 1058 1059
3 1060 1061 1062
3 1063 1064 1065
3 1064 1066 1065
3 1067 1068 1069
3 1068 1070 1069
3 1071 1072 1073
3 1074 1075 1076
3 1077 1078 1079
3 1078 1080 1079
3 1081 1082 1083
3 1082 1084 1083
3 1085 1086 1087
3 1087 1086 1088
3 1089 1090 1091
3 1092 1093 1094
3 1095 1096 1097
3 1097 1096 1098
3 1099 1100 1101
3 1102 1103 1104
3 1105 1106 1107
3 1108 1109 1110
3 1111 1112 1113
3 1113 1112 1114
3 1115 1116 1117
3 1116 1118 1117
3 1119 1120 1121
3 1120 1122 1121
3 1123 1124 1125
3 1126 1127 1128
3 1062 1061 1129
3 1130 1131 1132
3 1131 1133 1132
3 1134 1135 1136
3 1137 1138 1139
3 1140 1141 1142
3 1141 1143 1142
3 1144 1145 1146
3 1145 1147 1146
3 1119 1148 1149
3 1149 1148 1150
3 1151 1152 1153
3 1154 1155 1156
3 1157 1158 1159
3 1160 1161 1162
3 1163 1164 1165
3 1166 1167 1168
3 1169 1168 1167
3 1170 1171 1172
3 1171 1173 1172
3 1174 1175 1176
3 1177 1178 1179
3 1180 1181 1182
3 1183 1184 1185
3 1186 1187 1188
3 1189 1190 1191
3 1192 1193 1194
3 1195 1196 1197
3 1198 1199 1200
3 1201 1202 1203
3 1204 1205 1206
3 1205 1207 1206
3 1208 1209 1210
3 1209 1211 1210
3 1212 1213 1214
3 1214 1213 1215
3 1216 1217 1218
3 1217 1219 1218
3 1220 1221 1222
3 1222 1221 1223
3 1224 1225 1226
3 1225 1227 1226
3 1228 1229 1230
3 1231 1232 1233
3 1234 1235 1236
3 1237 1238 1239
3 1240 1241 1242
3 1243 1244 1245
3 1246 1247 1248
3 1249 1250 1251
3 1252 1253 1254
3 1255 1256 1257
3 1258 1259 1260
3 1261 1262 1263
3 1264 1265 1266
3 1267 1268 1269
3 1268 1270 1269
3 1271 1272 1273
3 1272 1274 1273
3 1275 1276 1277
3 1276 1278 1277
3 1279 1280 1281
3 1280 1282 1281
3 1283 1284 1285
3 1284 1286 1285
3 1287 1288 1289
3 1290 1291 1292
3 1293 1294 1295
3 1296 1297 1298
3 1299 1300 1301
3 1302 1303 1304
3 1305 1306 1307
3 116 118 1082
3 118 1084 1082
3 1308 1309 1310
3 1311 1312 1313
3 1314 257 1315
3 1316 1317 1318
3 1319 1320 1097
3 1320 1095 1097
3 1319 1321 1320
3 1321 1322 1320
3 1323 1324 1325
3 1326 1327 1328
3 1329 1330 1331
3 1330 1332 1331
3 1333 1334 1335
3 1336 1337 1338
3 1337 1339 1338
3 1340 1338 1339
3 1341 1342 1343
3 1342 1344 1343
3 1345 1346 1347
3 1346 1348 1347
3 1349 1350 1351
3 1350 1352 1351
3 1353 1354 1355
3 1356 1357 1358
3 1359 1360 1361
3 1361 1360 1362
3 1363 1364 1365
3 1364 1366 1365
3 1364 1367 1366
3 1367 1368 1366
3 1369 1370 1371
3 1370 1372 1371
3 1373 1374 1375
3 1376 1377 1374
3 1374 1377 1375
3 1378 1379 1380
3 1380 1379 1381
3 1379 1382 1381
3 1383 1384 1385
3 1385 1384 1386
3 1387 1388 1389
3 1390 1391 1392
3 1389 1388 1393
3 1393 1388 1394
3 1395 1396 1397
3 1396 1398 1397
3 1397 1399 1400
3 1400 1399 1401
3 1392 1391 1402
3 1403 1402 1391
3 1404 1401 1399
3 1398 1396 1405
3 1396 1406 1405
3 1400 1395 1397
3 1392 1388 1390
3 1390 1388 1387
3 1394 1405 1393
3 1406 1393 1405
3 1399 1402 1404
3 1404 1402 1403
3 1407 1408 1409
3 1408 1410 1409
3 1411 1412 1413
3 1414 1415 1416
3 1417 1418 1419
3 1418 1420 1419
3 1381 1421 1380
3 1422 1423 1424
3 1382 1425 1381
3 1381 1425 1421
3 1426 1375 1427
3 1427 1375 1377
3 1428 1429 1430
3 1431 1432 1433
3 1377 1376 1427
3 1434 1435 1436
3 1437 1438 1439
3 1440 1441 1442
3 1443 1444 1445
3 1446 1447 1448
3 1449 1450 1451
3 1452 1453 1454
3 1455 1456 1457
3 1458 1459 1460
3 1461 1462 1463
3 1464 1463 1462
3 1465 1466 1467
3 1468 1469 1470
3 1471 1472 1473
3 1474 1475 1476
3 1477 1478 1479
3 1480 1481 1482
3 1483 1484 1485
3 1486 1487 1488
3 1489 1490 1491
3 1492 1493 1494
3 1495 1496 1497
3 1498 1499 1500
3 1499 1501 1500
3 1502 1503 1504
3 1505 1506 1507
3 1506 1508 1507
3 1507 1508 1509
3 1509 1508 1510
3 1510 1508 1511
3 1508 1512 1511
3 1512 1513 1511
3 1514 1515 1516
3 1517 1518 1519
3 1518 1520 1519
3 1521 1522 1523
3 1522 1524 1523
3 1524 1525 1523
3 1525 1526 1523
3 1527 1528 1529
3 1529 1528 1530
3 1530 1528 1531
3 1532 1533 1534
3 1535 1536 1537
3 1538 1539 1540
3 1541 1542 1543
3 1544 1545 1546
3 1547 1548 1549
3 1549 1548 1550
3 1551 1552 1553
3 1552 1554 1553
3 1554 1555 1553
3 1555 1556 1553
3 1556 1557 1553
3 1557 1558 1553
3 1559 1560 1561
3 1562 1563 1564
3 1563 1565 1564
3 1565 1566 1564
3 1566 1567 1564
3 1567 1568 1564
3 1564 1568 1569
3 1568 1570 1569
3 1571 1572 1573
3 1574 1575 1576
3 1577 1578 1579
3 1580 1581 1582
3 1583 1584 1585
3 1586 1587 1588
3 1589 1590 1591
3 1592 1593 1594
3 1595 1596 1597
3 1598 1599 1600
3 1601 1602 1603
3 1604 1605 1606
3 1605 1607 1606
3 1608 1609 1610
3 1611 1612 1613
3 1614 1615 1616
3 1617 1618 1619
3 1620 1621 1622
3 1623 1624 1625
3 1626 1627 1628
3 1629 1630 1631
3 1632 1633 1634
3 1635 1636 1637
3 1637 1636 1638
3 1639 1640 1641
3 1642 1643 1644
3 1645 1646 1647
3 1648 1649 1650
3 1651 1652 1653
3 1654 1655 1656
3 1657 1658 1659
3 1660 1661 1662
3 1663 1664 1665
3 1666 1667 1668
3 1669 1670 1671
3 1672 1673 1674
3 1675 1674 1673
3 1676 1677 1678
3 1679 1680 1681
3 1682 1683 1684
3 1685 1686 1687
3 1688 1689 1690
3 1691 1692 1693
3 1694 1695 1696
3 1697 1698 1699
3 1700 1701 1702
3 1703 1704 1705
3 1706 1707 1708
3 1709 1710 1711
3 1712 1713 1714
3 1715 1716 1717
3 1718 1719 1720
3 1721 1722 1723
3 1724 1725 1726
3 1727 1728 1729
3 1730 1731 1732
3 1733 1734 1735
3 1736 1737 1738
3 1739 1740 1741
3 1742 1741 1740
3 1743 1744 1745
3 1745 1744 1746
3 1747 1748 1749
3 1750 1751 1752
3 1753 1754 1755
3 1756 1755 1754
3 1757 1758 1759
3 1760 1761 1762
3 1763 1764 1765
3 1766 1767 1768
3 1769 1770 1771
3 1765 1764 1772
3 1773 1774 1775
3 1776 1777 1778
3 1779 1780 1781
3 1780 1782 1781
3 1783 1784 1785
3 1784 1786 1785
3 1787 1788 1789
3 1788 1790 1789
3 1791 1792 1793
3 1794 1793 1792
3 1795 1796 1797
3 1798 1799 1800
3 1801 1802 1803
3 1804 1805 1806
3 1807 1808 1809
3 1810 1811 1812
3 1812 1811 1813
3 1814 1815 1816
3 1815 1817 1816
3 1818 1819 1820
3 1821 1822 1823
3 1824 1825 1826
3 1827 1828 1829
3 1830 1831 1832
3 1833 1834 1835
3 1834 1836 1835
3 1837 1838 1839
3 1840 1841 1842
3 1843 1844 1845
3 1846 1847 1848
3 1849 1850 1851
3 1852 1853 1854
3 1851 1850 1855
3 1856 1857 1858
3 1859 1860 1861
3 1860 1862 1861
3 1863 1864 1865
3 1864 1866 1865
3 1867 1868 1869
3 1869 1868 1870
3 1868 1871 1870
3 1872 1873 1874
3 1875 1874 1873
3 1876 1877 1878
3 1879 1880 1881
3 1881 1880 1882
3 1882 1880 1883
3 1883 1880 1884
3 1880 1885 1884
3 1886 1887 1888
3 1889 1890 1891
3 1890 1892 1891
3 1892 1893 1891
3 1893 1894 1891
3 1895 1896 1897
3 1898 1899 1900
3 1901 1902 1903
3 1904 1905 1906
3 1907 1908 1909
3 1910 1911 1912
3 1913 1914 1915
3 1916 1917 1918
3 1919 1920 1921
3 1922 1923 1924
3 1925 1926 1927
3 1928 1929 1930
3 1931 1932 1933
3 1934 1935 1936
3 1937 1938 1939
3 1940 1941 1942
3 1943 1944 1945
3 1946 1947 1948
3 1949 1950 1951
3 1952 1953 1954
3 1955 1956 1957
3 1958 1959 1960
3 1961 1962 1963
3 1964 1965 1966
3 1967 1968 1969
3 1970 1971 1972
3 1973 1974 1975
3 1976 1977 1978
3 1979 1980 1981
3 1982 1983 1984
3 1985 1986 1987
3 1988 1989 1990
3 1991 1992 1993
3 1994 1995 1996
3 1997 1998 1999
3 2000 2001 2002
3 2003 2004 2005
3 2006 2007 2008
3 2009 2010 2011
3 2012 2013 2014
3 2015 2016 2017
3 2018 2019 2020
3 2021 2022 2023
3 2024 2025 2026
3 2027 2028 2029
3 2030 2031 2032
3 2033 2034 2035
3 2036 2037 2038
3 2039 2040 2041
3 2042 2043 2044
3 2045 2046 2047
3 2048 2049 2050
3 2051 2052 2053
3 2054 2055 2056
3 2057 2058 2059
3 2060 2061 2062
3 2063 2064 2065
3 2066 2067 2068
3 2069 2070 2071
3 2072 2073 2074
3 2075 2076 2077
3 2077 2076 2078
3 2079 2080 2081
3 2082 2083 2084
3 2085 2086 2087
3 2088 2089 2090
3 2091 2092 2093
3 2094 2095 2096
3 2097 2098 2099
3 2100 2101 2102
3 2103 2104 2105
3 2106 2107 2108
3 2109 2110 2111
3 2112 2113 2114
3 2115 2116 2117
3 2118 2119 2120
3 2121 2122 2123
3 2124 2125 2126
3 2127 2128 2129
3 2130 2131 2132
3 2133 2134 2135
3 2136 2137 2138
3 2139 2140 2141
3 2142 2143 2144
3 2145 2146 2147
3 2148 2149 2150
3 2151 2152 2153
3 2154 2155 2156
3 2157 2158 2159
3 2160 2161 2162
3 2163 2164 2165
3 2166 2167 2168
3 2169 2170 2171
3 2170 2172 2171
3 2173 2174 2175
3 2176 2177 2178
3 2179 2180 2181
3 2180 2182 2181
3 2183 2184 2185
3 2184 2186 2185
3 2187 2188 2189
3 2190 2191 2192
3 2193 2194 2195
3 2196 2197 2198
3 2199 2200 2201
3 2202 2203 2204
3 2205 2206 2207
3 2208 2209 2210
3 2211 2212 2213
3 2214 2215 2216
3 2215 2217 2216
3 2218 2219 2220
3 2219 2221 2220
3 2222 2223 2224
3 2225 2226 2227
3 2226 2228 2227
3 2229 2230 2231
3 2232 2233 2234
3 2235 2236 2237
3 2238 2239 2240
3 2241 2242 2243
3 2244 2245 2246
3 2247 2248 2249
3 2250 2251 2252
3 2253 2254 2255
3 2254 2256 2255
3 2257 2258 2259
3 2258 2260 2259
3 2261 2262 2263
3 2264 2265 2266
3 2265 2267 2266
3 2268 2269 2270
3 2271 2272 2273
3 2274 2275 2276
3 2275 2277 2276
3 2278 2279 2280
3 2279 2281 2280
3 2282 2283 2284
3 2285 2286 2287
3 2288 2289 2290
3 2291 2292 2293
3 2294 2295 2296
3 2297 2298 2299
3 2300 2301 2302
3 2303 2304 2305
3 2306 2307 2308
3 2309 2310 2311
3 2310 2312 2311
3 2313 2314 2315
3 2314 2316 2315
3 2317 2318 2319
3 2320 2321 2322
3 2321 2323 2322
3 2324 2325 2326
3 2327 2328 2329
3 2330 2331 2332
3 2333 2334 2335
3 2336 2337 2338
3 2339 2340 2341
3 2342 2343 2344
3 2343 2345 2344
3 2346 2347 2348
3 2347 2349 2348
3 2350 2351 2352
3 2352 2351 2353
3 2354 2355 2356
3 2355 2357 2356
3 2358 2359 2360
3 2361 2360 2359
3 2362 2363 2364
3 2363 2365 2364
3 2366 2367 2368
3 2367 2369 2368
3 2370 2371 2372
3 2373 2374 2375
3 2376 2377 2378
3 2379 2378 2377
3 2380 2381 2382
3 2383 2384 2385
3 2384 2386 2385
3 2387 2388 2389
3 2388 2390 2389
3 2391 2392 2393
3 2392 2394 2393
3 2395 2396 2397
3 2396 2398 2397
3 2399 2400 2401
3 2402 2401 2400
3 2403 2404 2405
3 2406 2407 2408
3 2409 2410 2411
3 2410 2412 2411
3 2413 2414 2415
3 2414 2416 2415
3 2417 2418 2419
3 2420 2419 2418
3 2421 2422 2423
3 2424 2425 2426
3 1814 1816 2427
3 2427 1816 1637
3 1816 1635 1637
3 2428 2429 2430
3 2431 2430 2432
3 2430 2429 2432
3 2433 2434 2435
3 2436 2437 2438
3 2439 2440 2441
3 2442 2443 2444
3 2445 2446 2447
3 2448 2449 2450
3 2451 2452 2453
3 2454 2455 2456
3 2457 2458 2459
3 2460 2461 2462
3 2463 2464 2465
3 2464 2466 2465
3 2463 1810 2464
3 1810 1812 2464
3 2467 2468 2469
3 2470 2471 2472
3 2473 2474 2475
3 2476 2477 2478
3 2479 2480 2481
3 2482 2483 2484
3 2483 2485 2484
3 2486 2487 2488
3 2489 2490 2491
3 2492 2493 2494
3 2493 2495 2494
3 2496 2497 2498
3 2499 2500 2501
3 2500 2502 2501
3 2501 2502 2503
3 2502 2504 2503
3 2505 2506 2507
3 2506 2508 2507
3 2509 2510 2511
3 2511 2510 2512
3 2513 2514 2515
3 2515 2514 2516
3 2517 2518 2519
3 2519 2518 2520
3 2521 2522 2523
3 2523 2522 2524
3 2525 2526 2527
3 2526 2525 2528
3 2529 2530 2531
3 2530 2529 2532
3 2533 2534 2535
3 2534 2533 2536
3 2537 2538 2539
3 2538 2537 2540
3 2541 2542 2543
3 2542 2541 2544
3 2545 2546 2547
3 2548 2549 2550
3 2551 2552 2553
3 2551 2553 2554
3 2555 2556 2557
3 2556 2555 2558
3 2559 2560 2561
3 2559 2561 2562
3 2563 2564 2565
3 2563 2565 2566
3 2567 2568 2569
3 2569 2570 2567
3 2571 2572 2573
3 2572 2574 2573
3 2575 2576 2577
3 2576 2578 2577
3 2579 2580 2581
3 2580 2582 2581
3 2583 2584 2585
3 2584 2586 2585
3 2587 2588 2589
3 2590 2587 2589
3 2591 2590 2589
3 2592 2591 2589
3 2593 2592 2589
3 2594 2593 2589
3 2595 2594 2589
3 2596 2595 2589
3 2597 2596 2589
3 2598 2597 2589
3 2599 2598 2589
3 2600 2599 2589
3 2601 2600 2589
3 2602 2601 2589
3 2603 2602 2589
3 2604 2603 2589
3 2605 2604 2589
3 2606 2605 2589
3 2607 2606 2589
3 2588 2607 2589
3 2608 2609 2610
3 2609 2611 2610
3 2611 2612 2610
3 2612 2613 2610
3 2613 2614 2610
3 2614 2615 2610
3 2615 2616 2610
3 2616 2617 2610
3 2617 2618 2610
3 2618 2619 2610
3 2619 2620 2610
3 2620 2621 2610
3 2621 2622 2610
3 2622 2623 2610
3 2623 2624 2610
3 2624 2625 2610
3 2625 2626 2610
3 2626 2627 2610
3 2627 2628 2610
3 2628 2608 2610
