# Blender v2.78 (sub 0) OBJ File: ''
# www.blender.org
mtllib dockpathPreviewModel.mtl
o dockpathPreviewModel
v 1.346020 -1.462748 -8.649666
v 1.396881 -1.517327 -8.649533
v 1.169932 -1.526224 -5.338531
v 1.134476 -1.523037 -4.953689
v 0.948960 -1.525959 -2.105082
v 0.918151 -1.492229 -2.102691
v 2.481824 0.899294 -8.647010
v 2.143460 0.727057 -5.092460
v 2.655920 0.405027 -5.125128
v 2.995744 0.574873 -8.647010
v -3.736348 -0.829709 -8.649134
v -3.844311 -1.208443 -8.647806
v -3.426933 -1.213489 -5.078517
v -3.179268 -0.877648 -4.956344
v 2.924964 -1.732722 -2.119556
v 3.617760 -1.806690 -5.145180
v 3.463319 -1.338584 -4.934299
v 2.715412 -1.328624 -1.782786
v -2.624712 0.405028 -5.125128
v -2.112253 0.727058 -5.092460
v -2.450351 0.899295 -8.647010
v -2.964537 0.574874 -8.647010
v 0.716036 -0.134921 -10.976649
v 1.898584 -0.119782 -10.976649
v 2.052495 -0.529325 -10.884355
v 2.107605 -0.675932 -10.851291
v 2.312376 -1.222520 -10.728055
v 1.420784 -1.519319 -10.728055
v -3.432112 -1.338583 -4.934299
v -3.586421 -1.806689 -5.145180
v -2.893625 -1.732721 -2.119556
v -2.684205 -1.328623 -1.782786
v -1.314813 -1.462747 -8.649666
v -0.886944 -1.492228 -2.102691
v -0.917488 -1.525958 -2.105082
v -1.103136 -1.523037 -4.953689
v -1.138593 -1.526224 -5.338531
v -1.365674 -1.517327 -8.649533
v -0.386171 0.022841 8.149025
v -0.482448 0.119517 7.052396
v -0.662386 0.260546 4.685573
v -0.950686 0.011288 5.038678
v -0.473152 -0.070249 8.167882
v -0.446460 0.545526 1.818774
v -0.487096 0.554954 1.408434
v -0.819882 0.418839 1.411488
v -0.766764 0.365587 2.655653
v 0.064406 -1.692617 0.350581
v 0.086317 -1.702444 -1.325968
v 0.916292 -1.639499 -1.325968
v 0.870876 -1.630203 0.509405
v -1.165949 -0.805407 6.305683
v -1.258109 -0.923728 5.966921
v -0.395998 -0.920409 5.966921
v -0.395998 -0.805407 6.305683
v 1.552119 -1.864456 -5.332024
v 1.776279 -1.909606 -8.649533
v 3.458272 -1.213490 -5.078517
v 3.875651 -1.208444 -8.647806
v 3.767688 -0.829710 -8.649134
v 3.210475 -0.877649 -4.956344
v -2.480629 0.916558 -10.976649
v -2.425519 -0.190429 -10.976649
v -2.998666 0.589482 -10.976649
v -0.398520 2.597490 -5.146640
v -0.530121 2.994416 -8.647009
v -0.972199 2.566946 -8.647010
v -0.802353 2.227122 -5.125128
v -1.049487 -0.223495 -0.816562
v -0.769818 0.130140 -0.816562
v -0.773802 0.132132 -1.178299
v -1.053869 -0.221902 -1.178299
v -3.618425 -2.377048 -8.649533
v -3.260673 -2.298432 -5.332024
v -3.517235 -2.117033 -5.332024
v -3.894508 -2.181705 -8.649533
v -0.684829 -0.134921 -10.976649
v -1.389577 -1.519319 -10.728055
v -2.281036 -1.222520 -10.728055
v -2.076132 -0.675931 -10.851291
v -2.021287 -0.529325 -10.884355
v -1.867377 -0.119782 -10.976649
v 1.589036 -1.540035 -1.325968
v 1.504313 -1.533528 0.755211
v -1.753704 -0.018591 1.140850
v -1.313883 0.337036 1.140584
v -1.530473 0.268248 -1.158645
v -1.831921 0.022708 -1.158379
v 1.324241 -0.112213 3.857325
v 1.599926 -0.116064 3.857325
v 1.221723 0.342613 1.411887
v 0.950686 0.342613 1.411887
v 1.624626 -0.678056 6.464109
v 1.345090 -0.681509 8.167882
v 1.444554 -0.903278 8.167882
v 1.759281 -0.903278 6.035312
v 1.651982 -0.595192 5.876487
v 0.626266 -0.709662 -8.652719
v 0.579256 -1.134343 -2.101496
v 0.087778 -1.196093 -2.116502
v 0.015537 -1.116681 -3.818947
v 0.015537 -0.845114 -8.663477
v 1.361291 -0.897303 -1.159309
v 1.430611 -1.274310 -1.146029
v 1.436056 -1.274310 -1.539769
v 1.332740 -0.794651 -1.598996
v 0.833826 2.227121 -5.125128
v 1.155856 1.714927 -5.092460
v 1.328093 2.053026 -8.647010
v 1.003672 2.566946 -8.647010
v 1.140186 0.711388 -10.979305
v 1.055462 0.626929 -10.978376
v 0.975254 0.651629 -10.976649
v 0.308618 1.470051 -10.976649
v 1.216146 0.787613 -10.976649
v 1.660614 -0.298127 4.438042
v 1.799784 -0.485768 4.619308
v 1.836435 -0.404895 3.826649
v 1.557564 0.268248 -1.158645
v 1.340974 0.337036 1.140584
v 1.780661 -0.018592 1.140850
v 1.858878 0.022708 -1.158379
v 1.485323 1.530606 -8.647010
v 1.293566 1.257179 -5.092460
v -0.056306 -1.196093 -2.116502
v -0.548182 -1.134343 -2.101496
v -0.594926 -0.709662 -8.652719
v -1.194500 0.342614 1.411887
v -1.572968 -0.116063 3.857325
v -1.297284 -0.112212 3.857325
v -0.923729 0.342614 1.411887
v -0.416050 -0.643131 4.621565
v -0.376078 -0.643131 4.955149
v -1.213091 -0.643131 4.955149
v -1.333139 -0.643131 3.835944
v -1.404849 -0.643131 2.844888
v 0.013412 -0.643131 2.844888
v 0.013412 -0.643131 3.819212
v 0.013412 -0.643131 4.084272
v -0.115267 -0.643131 4.084272
v -1.453850 1.530606 -8.647010
v -1.262358 1.257179 -5.092460
v -1.124649 1.714927 -5.092460
v -1.296885 2.053026 -8.647010
v -1.472309 1.556767 -10.976649
v -0.206630 2.028193 -10.976649
v -0.277411 1.470051 -10.976649
v -1.526357 1.129031 -10.976649
v -1.436056 1.038464 -10.976649
v 0.668495 -1.064227 3.272889
v 1.526357 -1.064227 3.272889
v 1.664066 -0.936212 3.515906
v 0.507015 -0.936212 3.515906
v 1.678408 -0.838076 3.541403
v 1.756226 -0.833029 2.674909
v 0.507015 -0.833029 2.674909
v 0.507015 -0.838075 3.541403
v 0.646583 -1.535918 -1.468059
v 0.824131 -1.541761 -1.166081
v 0.816828 -1.570445 -0.816562
v 0.077420 -1.679603 -0.816562
v 0.078482 -1.623431 -1.491299
v -1.301533 -0.794651 -1.598996
v -1.411356 -1.274310 -2.078124
v -1.408036 -1.274310 -1.809080
v -1.404583 -1.274310 -1.539769
v 3.257485 -2.409052 -8.817254
v 2.702663 -2.338803 -8.817254
v 2.732277 -2.346638 -10.525276
v 3.291082 -2.417419 -10.525276
v 3.033326 0.590809 -10.749569
v 2.514890 0.918151 -10.749569
v 2.489128 0.903543 -8.834915
v 3.004243 0.578459 -8.834915
v -3.003580 -1.352792 -13.279596
v -3.224685 -1.131953 -13.279596
v -2.891500 -0.889998 -12.506990
v -2.761625 -1.019873 -12.506990
v -2.762820 0.519896 -13.263396
v -3.074891 0.360940 -13.263396
v -2.853786 0.056571 -12.393450
v -2.646624 0.162277 -12.393450
v 1.959405 1.056524 -8.647010
v 1.685845 0.864767 -5.092460
v 1.947054 -1.342169 -2.078124
v 2.876759 -1.716123 -2.078124
v 2.661364 -1.309634 -1.733651
v 1.725551 -0.893452 -1.733120
v 1.846130 -0.107831 -12.393450
v 1.542027 0.113009 -13.263396
v 1.382937 -0.198929 -13.263396
v 1.740557 -0.315125 -12.393450
v 3.513250 -0.890929 -13.263396
v 3.155630 -0.774865 -12.393450
v 3.049792 -0.982160 -12.393450
v 3.354160 -1.203265 -13.263396
v 0.423088 -0.920409 5.966921
v 1.285067 -0.923729 5.966921
v 1.192906 -0.805408 6.305683
v 0.423088 -0.805408 6.305683
v 1.025716 -1.010577 7.640017
v 0.311672 -1.010577 7.640017
v 0.411402 -1.106190 7.458618
v 0.940859 -1.106190 7.458618
v 1.034613 -0.937407 7.659007
v 1.082685 -0.933556 7.011893
v 0.311672 -0.933556 7.011893
v 0.311672 -0.937407 7.659007
v -1.928065 1.056525 -8.647010
v -1.654505 0.864767 -5.092460
v -2.629891 -1.309634 -1.733651
v -2.845552 -1.716122 -2.078124
v -1.915848 -1.342169 -2.078124
v -1.694211 -0.893451 -1.733120
v 3.030802 0.477534 -10.725666
v 3.436759 0.005444 -10.725666
v 3.413122 -0.000399 -11.914057
v 3.009289 0.469300 -11.914057
v 1.417995 -0.949890 -10.725666
v 1.353191 -0.533309 -10.725666
v 1.340841 -0.536363 -11.914057
v 1.405247 -0.950687 -11.914057
v -3.381649 -0.000398 -11.914057
v -3.405552 0.005445 -10.725666
v -2.999330 0.477535 -10.725666
v -2.978082 0.469301 -11.914057
v -1.309368 -0.536363 -11.914057
v -1.321718 -0.533309 -10.725666
v -1.386656 -0.949889 -10.725666
v -1.374040 -0.950686 -11.914057
v 0.413394 0.022841 8.149025
v 0.500242 -0.070249 8.167882
v 0.977644 0.011288 5.038678
v 0.689344 0.260546 4.685573
v 0.509405 0.119516 7.052396
v 0.846840 0.418838 1.411488
v 0.793854 0.365587 2.655653
v 1.058517 0.087380 3.803808
v 3.255891 -1.131953 -13.279596
v 2.922972 -0.889999 -12.506990
v 3.006235 -0.726395 -12.506990
v 3.397718 -0.853480 -13.279596
v 1.861135 0.262670 -13.279596
v 2.103090 -0.070117 -12.506990
v 1.973215 -0.199991 -12.506990
v 1.640030 0.041697 -13.279596
v -0.268513 0.982159 -10.725666
v -0.686688 1.112299 -10.725666
v -0.678986 1.098886 -11.914057
v -0.263069 0.969410 -11.914057
v 0.898100 2.580757 -11.914057
v 0.906333 2.602004 -10.725667
v 1.194102 2.158067 -10.725666
v 1.183744 2.138944 -11.914057
v 0.229604 0.954139 -13.263396
v 0.541808 1.113228 -13.263396
v 0.320703 1.417597 -12.393450
v 0.113408 1.311891 -12.393450
v -0.559602 1.789425 -12.393450
v -0.571155 1.877204 -12.497429
v -0.831435 1.777076 -13.206293
v -0.917354 1.673362 -13.263396
v 0.337169 -1.343232 -9.946153
v 0.260147 -1.312821 -10.836416
v 0.627992 -1.205256 -10.836416
v 0.797971 -1.232214 -9.946551
v 0.385374 -1.333139 -9.940708
v -1.078967 -0.664245 8.167882
v -1.284668 -0.664245 8.167882
v -0.896240 -0.672080 9.763292
v -0.679251 -0.662784 9.924640
v 0.923197 -0.672080 9.763292
v 1.311626 -0.664245 8.167882
v 1.105925 -0.664245 8.167882
v 0.706342 -0.662785 9.924640
v -0.144217 -1.390241 11.978861
v -0.302775 -1.115884 12.182304
v -0.302775 -1.115884 8.286734
v -0.144217 -1.390241 8.279430
v 0.002656 -0.950155 6.038631
v -0.302775 -0.950155 6.038631
v -0.302775 -0.950155 7.899899
v 0.002656 -0.950155 7.899899
v -2.457920 0.903544 -8.834915
v -2.483683 0.918151 -10.749569
v -3.001986 0.590810 -10.749569
v -2.972771 0.578460 -8.834915
v -3.903671 -2.183298 -8.817254
v -3.942314 -2.190071 -10.525276
v -3.663709 -2.387007 -10.525276
v -3.627057 -2.378906 -8.817254
v -0.082068 2.726832 -12.393451
v -0.198131 3.084451 -13.263395
v -0.510467 2.925362 -13.263396
v -0.289362 2.620994 -12.393451
v 0.485237 2.456460 -12.393450
v 0.591075 2.249165 -12.393450
v 0.948695 2.365361 -13.263396
v 0.789472 2.677565 -13.263396
v 0.056704 -1.282676 7.358491
v -0.000797 -1.282676 7.358491
v 0.013412 -1.293167 7.459415
v 0.004648 -1.399138 8.409172
v 0.056704 -1.393295 8.403330
v 0.004648 -2.126860 6.889853
v 0.004648 -2.126860 7.693534
v -0.291222 -2.126860 7.526743
v -0.291222 -2.126860 7.056379
v -1.063430 -0.454560 -1.615729
v -1.788762 -0.325084 -1.369392
v -1.536582 -0.006241 -1.369392
v -0.912707 -0.263600 -1.615729
v 0.947897 -1.181353 -1.615729
v 1.586248 -1.520913 -1.369126
v 0.914831 -1.620244 -1.369126
v 0.548978 -1.240314 -1.615729
v -2.127657 -0.920409 2.316626
v -2.019827 -0.920409 3.803808
v -1.964318 -0.664378 3.803808
v -2.128587 -0.625336 1.419456
v -2.254610 -0.590676 -1.158246
v -2.354738 -0.856534 -1.158246
v -2.260586 -0.866892 1.140983
v -2.162848 -0.612588 1.140983
v -3.018585 -0.982159 -12.393450
v -3.124158 -0.774864 -12.393450
v -3.481778 -0.890928 -13.263396
v -3.322688 -1.203264 -13.263396
v 3.694915 -2.387008 -10.525276
v 3.973520 -2.190072 -10.525276
v 3.935143 -2.183299 -8.817254
v 3.658263 -2.378908 -8.817254
v 3.548441 -2.117034 -5.332024
v 3.292144 -2.298433 -5.332024
v 3.649764 -2.377049 -8.649533
v 3.925714 -2.181706 -8.649533
v 1.563540 -0.006242 -1.369392
v 1.815719 -0.325085 -1.369392
v 1.090521 -0.454561 -1.615729
v 0.939664 -0.263600 -1.615729
v 1.527685 0.281660 -11.914057
v 1.398209 -0.134124 -11.914057
v 1.410691 -0.128680 -10.725666
v 1.540964 0.289362 -10.725666
v 2.328577 -1.883711 -10.725666
v 2.345708 -1.887164 -11.914057
v 2.795887 -1.982777 -11.914057
v 2.816337 -1.987425 -10.725666
v -1.379485 -0.128679 -10.725666
v -1.366736 -0.134124 -11.914057
v -1.496212 0.281660 -11.914057
v -1.509625 0.289362 -10.725666
v -2.764679 -1.982776 -11.914057
v -2.314501 -1.887163 -11.914057
v -2.297238 -1.883711 -10.725666
v -2.784997 -1.987424 -10.725666
v -2.186751 0.162277 -12.393450
v -1.979457 0.056571 -12.393450
v -1.758484 0.360940 -13.263396
v -2.070688 0.519896 -13.263396
v -1.979457 -1.146826 -12.393450
v -2.186752 -1.252399 -12.393450
v -2.070688 -1.610151 -13.263396
v -1.758484 -1.451062 -13.263396
v -0.975917 2.575445 -8.834916
v -0.532777 3.003579 -8.834915
v -0.542206 3.035848 -10.749568
v -0.988267 2.604660 -10.749569
v 0.573413 3.035848 -10.749568
v 0.564118 3.003579 -8.834915
v 1.007258 2.575445 -8.834916
v 1.019608 2.604660 -10.749569
v 3.454289 -0.545128 -13.206293
v 3.427331 -0.302776 -13.206293
v 3.167051 -0.402771 -12.497429
v 3.175816 -0.545128 -12.497429
v -1.520780 -1.864455 -5.332024
v -1.744807 -1.909606 -8.649533
v -2.701071 -2.346637 -10.525276
v -3.259743 -2.417418 -10.525276
v -3.258149 -2.417019 -10.728055
v -2.699477 -2.346239 -10.728055
v 0.423088 -1.665262 6.169834
v 0.423088 -1.571640 6.120433
v 0.423088 -1.435657 6.256417
v 0.423088 -1.483862 6.351100
v -0.395998 -1.688899 5.759229
v -0.395998 -1.074319 5.759229
v -0.395998 -1.001945 5.688050
v -0.395998 -1.821695 5.688050
v -0.396794 2.984324 -11.914056
v -0.866626 2.580757 -11.914057
v -0.874992 2.602004 -10.725667
v -0.402770 3.008227 -10.725666
v 0.299721 0.982159 -10.725666
v 0.294409 0.969410 -11.914057
v 0.710459 1.098886 -11.914057
v 0.718161 1.112299 -10.725666
v 1.991409 -0.664378 3.803808
v 2.046917 -0.920409 3.803808
v 2.154614 -0.920409 2.316626
v 2.155544 -0.625337 1.419456
v 2.287543 -0.866892 1.140983
v 2.381695 -0.856534 -1.158246
v 2.281568 -0.590677 -1.158246
v 2.189806 -0.612588 1.140983
v 0.761452 -0.120180 -1.615729
v 0.548979 0.021513 -1.615729
v 0.908989 0.471558 -1.369392
v 1.265014 0.233588 -1.369392
v -0.881898 0.471559 -1.369392
v -0.522021 0.021513 -1.615729
v -0.734495 -0.120180 -1.615729
v -1.238057 0.233588 -1.369392
v 0.423088 -1.781591 5.221405
v 0.337567 -1.824882 5.207196
v 0.337567 -1.701913 4.966038
v 0.423088 -1.665261 4.992863
v -2.585804 -2.150100 -2.114643
v -3.230130 -2.291792 -5.145180
v -2.860691 -2.319547 -5.145180
v -2.254212 -2.172143 -2.111455
v 1.265811 -0.535965 -0.816562
v 1.378688 -0.924659 -0.816562
v 1.241775 -0.474347 -1.174182
v -1.485323 -1.677346 -6.079532
v -1.540433 -1.608292 -6.079532
v -1.535918 -1.613205 -8.879667
v -0.578327 -2.812088 -8.879667
v -1.468325 -1.551588 -8.879667
v -1.472708 -1.546542 -6.079532
v -1.419589 -1.613205 -6.079532
v -0.512593 -2.747814 -8.879667
v -0.302775 -1.007921 6.418561
v -0.302775 -1.007921 7.519971
v 0.308219 -1.311626 3.328000
v 0.308219 -1.115884 5.338132
v 0.149794 -1.390241 5.338133
v 0.149794 -1.910137 3.377799
v 0.308219 -0.950155 0.877649
v 0.002656 -0.950155 0.877649
v 0.002656 -0.950155 3.297855
v 0.308219 -0.950155 3.297855
v 0.308219 -0.950155 7.899899
v 0.308219 -0.950155 6.038631
v 1.451061 -1.613206 -6.079532
v 1.503914 -1.546542 -6.079532
v 1.499532 -1.551589 -8.879667
v 0.544065 -2.747815 -8.879667
v 1.567391 -1.613206 -8.879667
v 1.571773 -1.608292 -6.079532
v 1.516662 -1.677346 -6.079532
v 0.609666 -2.812088 -8.879667
v 1.419854 -1.524233 -9.410586
v 1.418261 -1.527420 -9.896620
v 1.793144 -1.913059 -9.671133
v -0.758265 2.677565 -13.263396
v -0.454029 2.456460 -12.393450
v 0.613119 1.873485 -12.608445
v 0.812579 1.793276 -13.212270
v 0.833162 1.710810 -13.279596
v 0.441680 1.837896 -12.506990
v 3.249384 -2.407060 -8.649533
v 2.920316 -2.326453 -5.332024
v 2.617143 -2.150100 -2.114643
v 2.285419 -2.172144 -2.111455
v 2.892163 -2.319547 -5.145180
v 3.261336 -2.291794 -5.145180
v 1.332342 2.060329 -8.834915
v 1.346950 2.086224 -10.749569
v 0.308219 -1.115885 8.141853
v 0.308219 -1.115885 8.286734
v 0.149794 -1.390241 8.279430
v 0.149794 -1.390241 8.141853
v -0.066929 -1.083482 10.202847
v -0.302775 -1.083482 10.202847
v -0.302775 -1.083482 12.169424
v -0.066929 -1.083482 12.169424
v -0.078615 3.165457 -10.725666
v -0.074365 3.141023 -11.914056
v 0.015537 2.287277 -12.058804
v 0.309149 2.883399 -12.058805
v 0.758398 2.503868 -12.058805
v 0.015537 2.092333 -12.058804
v -2.071750 -0.070116 -12.506990
v -2.235355 0.013014 -12.506990
v -2.108136 0.404497 -13.279596
v -1.829796 0.262670 -13.279596
v -0.574210 -1.282676 7.358491
v -0.574210 -1.393295 8.403330
v 0.476737 -1.636710 7.860591
v 0.080873 -1.636710 7.860591
v 0.080872 -2.000970 7.422497
v 0.476737 -2.000970 7.422497
v -0.272896 -0.868618 8.283281
v -0.272896 -0.868618 12.083239
v 0.002656 -0.868618 12.083239
v 0.002656 -0.868618 8.283281
v 0.308219 -1.083482 12.169424
v 0.308219 -1.083482 10.202847
v 0.072374 -1.083482 10.202847
v 0.072374 -1.083482 12.169424
v -0.523747 1.508960 -1.483464
v -0.643927 1.575226 -2.211850
v -0.792526 1.343231 -2.219419
v -0.771146 1.122392 -1.496212
v -1.300869 2.060330 -8.834915
v -1.315477 2.086225 -10.749569
v -1.474168 1.559423 -10.749569
v -1.458498 1.537113 -8.834915
v 1.929392 -2.119955 -4.947182
v 2.353808 -2.247572 -4.947182
v 1.869103 -2.119291 -2.109198
v 1.491564 -2.007610 -2.114908
v 2.010929 -1.146827 -12.393450
v 1.789824 -1.451062 -13.263396
v 2.101894 -1.610152 -13.263396
v 2.218224 -1.252399 -12.393450
v -0.753352 -0.263467 -10.836948
v -1.390640 -1.519319 -10.525276
v -0.327873 -0.238900 -10.857400
v -0.298260 -0.117126 -11.012371
v -0.262405 -0.134788 -10.970276
v -0.173830 -0.223363 -10.851422
v -0.197335 0.303173 6.699026
v -0.320304 0.426541 4.559948
v -3.391875 0.132531 -8.647010
v -2.994815 0.001196 -5.146641
v -2.762023 -0.052056 -3.718819
v -2.227520 -0.209153 -1.474301
v -1.906286 0.126422 -1.483464
v 3.026022 0.001195 -5.146641
v 3.423082 0.132530 -8.647010
v 1.937493 0.126421 -1.483464
v 2.258860 -0.209154 -1.474301
v 2.793496 -0.052057 -3.718819
v -0.310610 -1.824882 5.955501
v -0.310610 -1.701913 6.196659
v -0.395998 -1.665261 6.169834
v -0.395998 -1.781591 5.941292
v 0.337567 -1.510554 6.387885
v 0.337567 -1.701913 6.196659
v 3.724130 -1.260102 -7.410945
v 3.667427 -1.225044 -7.414796
v 3.823860 -1.228098 -9.605532
v 4.842936 -1.859808 -9.534751
v 3.865558 -1.169535 -9.602610
v 3.709124 -1.166481 -7.412007
v 3.767953 -1.203000 -7.408023
v 4.886625 -1.802573 -9.531696
v -3.767953 -1.202998 -7.408023
v -3.709124 -1.166479 -7.412007
v -3.865558 -1.169534 -9.602610
v -4.886626 -1.802572 -9.531696
v -3.823860 -1.228097 -9.605532
v -3.667427 -1.225042 -7.414796
v -3.724130 -1.260101 -7.410945
v -4.842937 -1.859807 -9.534751
v -3.074891 -1.451061 -13.263396
v -2.762820 -1.610151 -13.263396
v -2.646624 -1.252399 -12.393450
v -2.853786 -1.146826 -12.393450
v -1.135804 -1.594747 -1.484128
v -0.959318 -1.561415 -1.527021
v -0.987471 -1.539371 -1.153599
v -1.183212 -1.504313 -1.152138
v -1.099020 -1.728074 -2.096450
v -1.480410 -1.856355 -4.947182
v 0.013412 -1.231417 1.060774
v 0.013412 -0.989064 1.678010
v -1.694610 -0.989064 1.678010
v -1.761672 -1.272716 0.961044
v 0.013412 -1.275372 0.945242
v -2.228184 -0.964895 1.422245
v -2.268023 -1.270459 1.424901
v 0.561329 2.994416 -8.647009
v 0.429994 2.597490 -5.146640
v 0.823734 1.343231 -2.219419
v 0.675400 1.575226 -2.211850
v 0.555220 1.508960 -1.483464
v 0.802619 1.122391 -1.496212
v 1.542027 -1.203265 -13.263396
v 1.846129 -0.982160 -12.393450
v 1.740557 -0.774865 -12.393450
v 1.382937 -0.890929 -13.263396
v 1.640030 -1.131953 -13.279596
v 1.973215 -0.889999 -12.506990
v 2.103090 -1.019874 -12.506990
v 1.861135 -1.352793 -13.279596
v -0.289362 1.417597 -12.393450
v -0.510468 1.113228 -13.263396
v -0.198131 0.954139 -13.263396
v -0.082068 1.311891 -12.393450
v 1.889952 -0.363463 -12.506990
v 1.498204 -0.236510 -13.279596
v -0.395998 -1.821695 5.474647
v -0.395998 -1.001945 5.474647
v -0.395998 -1.781591 5.221405
v 0.337567 -1.001945 4.609613
v 0.151786 -1.001945 4.510548
v 0.151786 -0.704084 4.557823
v 0.337567 -0.734760 4.651843
v -0.584568 -0.923728 9.863420
v -0.477136 -0.923728 10.239897
v -0.720153 -0.923728 10.287571
v -0.835021 -0.923728 9.924640
v -0.678455 -0.838739 10.315723
v -0.356425 -0.840731 11.338253
v -0.246337 -0.683102 11.338253
v -0.572616 -0.509803 9.924640
v -0.624938 -0.584833 9.924640
v -0.472754 -0.935282 2.470669
v -0.472754 -0.942851 3.748697
v -0.003054 -0.942851 3.748697
v -0.003054 -0.935282 2.470669
v -0.513257 -0.833029 2.674909
v -1.762468 -0.833029 2.674909
v -1.684650 -0.838075 3.541403
v -0.513257 -0.838075 3.541403
v -0.674736 -1.064227 3.272889
v -0.513257 -0.936212 3.515906
v -1.670308 -0.936211 3.515906
v -1.532731 -1.064226 3.272889
v -0.003054 -1.211365 2.461506
v -0.003054 -1.087333 3.710717
v -0.472754 -1.087333 3.710717
v -0.472754 -1.211365 2.461506
v -1.597801 -0.678056 6.464109
v -1.625157 -0.595191 5.876487
v -1.732324 -0.903278 6.035312
v -1.417464 -0.903278 8.167882
v -1.318133 -0.681508 8.167882
v -1.809478 -0.404895 3.826649
v -1.772826 -0.485767 4.619308
v -1.633390 -0.298127 4.438042
v -1.260367 -1.590497 -9.893831
v -0.971801 -1.636179 -9.893831
v -0.971801 -1.636179 -9.407133
v -1.260367 -1.590497 -9.407133
v -1.386789 -1.527419 -9.896620
v -1.388382 -1.524232 -9.410586
v -1.761937 -1.913059 -9.671133
v -2.235355 -1.103136 -12.506990
v -2.071750 -1.019873 -12.506990
v -1.829796 -1.352793 -13.279596
v -2.108136 -1.494619 -13.279596
v -1.608823 0.041698 -13.279596
v -1.466997 -0.236510 -13.279596
v -1.858479 -0.363463 -12.506990
v -1.941743 -0.199991 -12.506990
v 0.818023 -1.272717 -9.355874
v 1.380680 -1.503118 -9.360257
v 1.401794 -1.517726 -8.817254
v 0.673807 -0.731440 -8.824425
v -0.329334 -1.334865 -9.367163
v 0.015537 -1.407505 -9.383762
v 0.015537 -1.055064 -9.048055
v -0.611924 -0.698507 -8.824823
v 0.015537 -0.835420 -8.844211
v -0.302775 -0.949756 10.202847
v -0.066929 -0.949756 10.202847
v -0.066929 -0.949757 12.115641
v -0.302775 -0.949757 12.115641
v 0.393076 -0.520958 10.481719
v 0.201850 -0.520958 10.961643
v 0.273294 -0.683102 11.338253
v 0.599574 -0.509804 9.924640
v 0.539550 -0.465848 9.924640
v 0.401841 -0.465051 10.266854
v 0.352440 -0.464653 10.389691
v -0.667433 -0.470097 9.205151
v -0.492939 -0.492540 9.918133
v -0.382585 -0.394669 9.920789
v -0.675400 -0.241688 8.164827
v -0.839935 -0.378734 8.162570
v 0.308219 -1.233143 6.038631
v 0.308219 -1.233143 7.899899
v 0.149794 -1.507765 7.899899
v 0.149794 -1.507765 6.038631
v -3.619355 -1.810274 -5.332024
v -3.467569 -1.339247 -5.132165
v -3.878307 -1.344692 -8.648337
v -4.004596 -1.851441 -8.649533
v -3.759587 -0.827318 -8.834915
v -3.794114 -0.824530 -10.749569
v -3.890524 -1.207912 -10.666039
v -3.854005 -1.208310 -8.828409
v 3.909513 -1.344693 -8.648337
v 3.499040 -1.339248 -5.132165
v 3.650826 -1.810275 -5.332024
v 4.035802 -1.851442 -8.649533
v 3.825453 -0.824531 -10.749569
v 3.742589 -0.352176 -10.749569
v 3.708726 -0.358284 -8.834915
v 3.791059 -0.827320 -8.834915
v 2.447961 -0.545128 -12.058804
v 1.671237 -1.196891 -12.058804
v 1.525029 -0.894780 -12.058804
v 3.600763 -1.047230 -10.725666
v 3.470490 -1.465404 -10.725666
v 3.446586 -1.463412 -11.914057
v 3.576063 -1.047628 -11.914057
v -3.415114 -1.463411 -11.914057
v -3.439018 -1.465403 -10.725666
v -3.569290 -1.047229 -10.725666
v -3.544590 -1.047627 -11.914057
v -3.418036 -0.970340 -12.058804
v -2.416754 -0.545127 -12.058804
v -3.290685 -1.387054 -12.058804
v 0.541808 2.925362 -13.263396
v 0.229605 3.084451 -13.263395
v 0.113408 2.726832 -12.393451
v 0.320703 2.620994 -12.393451
v 0.485237 1.582131 -12.393450
v 0.789472 1.361025 -13.263396
v 0.358417 1.674291 -12.506990
v 0.691336 1.432337 -13.279596
v 0.145677 0.353768 -9.923975
v 0.015537 0.393076 -9.929553
v 0.015537 0.421096 -9.987452
v 0.015537 0.431852 -10.811982
v 0.165198 0.356026 -10.836948
v -0.133991 0.356026 -10.836948
v -0.114470 0.353768 -9.923975
v -0.041698 0.264662 -9.939381
v -0.066664 0.087911 -10.836416
v 1.421846 -1.519319 -10.525276
v 0.784559 -0.263468 -10.836948
v 0.073171 0.264662 -9.939381
v 0.098136 0.087911 -10.836416
v -1.163293 -0.623079 -1.615729
v -1.224246 -0.832763 -1.615729
v -2.057673 -0.953209 -1.369392
v -1.955554 -0.606877 -1.369392
v -0.417643 -1.152802 6.973117
v -0.417643 -1.106190 7.458618
v -0.559868 -1.106190 7.306700
v -0.562657 -1.152802 6.973117
v -1.181353 -1.546276 7.640017
v -1.214021 -1.609088 7.007377
v -1.064626 -1.073390 7.007378
v -1.031958 -1.010577 7.640017
v -1.088927 -0.933555 7.011893
v -1.238323 -1.469254 7.011893
v -1.190250 -1.473105 7.659007
v -1.040855 -0.937406 7.659007
v -0.317914 -0.937406 7.659007
v -0.317914 -0.933556 7.011893
v -1.351597 -0.198928 -13.263396
v -1.510554 0.113009 -13.263396
v -1.814923 -0.107830 -12.393450
v -1.709217 -0.315125 -12.393450
v -0.801822 1.710810 -13.279596
v -0.410339 1.837896 -12.506990
v -0.327076 1.674291 -12.506990
v -0.659996 1.432337 -13.279596
v -0.581779 2.165106 -12.608445
v -0.781106 2.245314 -13.212270
v -0.801822 2.327780 -13.279596
v -0.410339 2.200828 -12.506990
v 3.821470 -0.824664 -10.976649
v 3.918676 -1.207913 -10.884355
v 2.610901 -0.599973 -10.884355
v 2.456858 -0.190430 -10.976649
v 3.885477 -1.208311 -8.828409
v 3.919340 -1.344693 -8.826019
v 3.956390 -1.345224 -10.636293
v 3.921863 -1.207913 -10.666039
v -2.839709 -1.293167 -10.728055
v -4.051207 -1.856355 -10.728055
v -3.922130 -1.345223 -10.851291
v -2.634539 -0.746712 -10.851291
v 0.662785 1.111369 -1.334467
v 0.468637 1.420253 -1.334467
v 0.427736 1.366603 -1.222121
v 0.603292 1.087333 -1.222121
v 3.354160 0.113009 -13.263396
v 3.049793 -0.107831 -12.393450
v 3.155631 -0.315126 -12.393450
v 3.513250 -0.198929 -13.263396
v 3.255892 0.041697 -13.279596
v 2.922972 -0.199991 -12.506990
v 2.793097 -0.070117 -12.506990
v 3.035052 0.262670 -13.279596
v 2.677963 -1.252400 -12.393450
v 2.794027 -1.610152 -13.263396
v 3.106363 -1.451062 -13.263396
v 2.885258 -1.146827 -12.393450
v -2.263641 -1.616525 2.481824
v -2.302151 -1.356776 2.697617
v -2.249166 -1.272716 3.544590
v -2.079851 -1.369524 4.914248
v -2.129649 -1.381875 4.920489
v -2.200562 -1.045369 4.993261
v -2.426713 -1.092777 2.501876
v -2.314235 -1.627547 2.484214
v 2.242924 -1.272717 3.544590
v 2.295777 -1.356777 2.697617
v 2.257266 -1.616526 2.481824
v 2.073476 -1.369525 4.914248
v 2.420472 -1.092778 2.501876
v 2.194320 -1.045370 4.993261
v 2.123407 -1.381875 4.920489
v 2.307994 -1.627548 2.484214
v -3.124158 -0.315125 -12.393450
v -3.018585 -0.107830 -12.393450
v -3.322688 0.113010 -13.263396
v -3.481778 -0.198928 -13.263396
v -2.761625 -0.070116 -12.506990
v -2.891500 -0.199991 -12.506990
v -3.224685 0.041698 -13.279596
v -3.003580 0.262671 -13.279596
v -0.144217 -1.910137 0.897435
v -0.144217 -1.910137 3.377799
v -0.302775 -1.311626 3.328000
v -0.302775 -1.311626 0.885085
v 0.149794 -1.910137 0.897435
v 0.308219 -1.311626 0.885085
v 0.705412 -0.838739 10.315723
v 0.652028 -0.584833 9.924640
v 0.383382 -0.840731 11.338253
v 0.747110 -0.923729 10.287571
v 0.504093 -0.923729 10.239897
v 0.611525 -0.923729 9.863420
v 0.862244 -0.923729 9.924640
v 2.081577 -1.488776 -0.195741
v 3.565306 -1.504977 -0.194280
v 3.565306 -1.504977 -0.369040
v 2.081577 -1.488776 -0.369040
v 2.084631 -0.953210 -1.369392
v 1.251204 -0.832764 -1.615729
v 1.190516 -0.623079 -1.615729
v 1.982511 -0.606878 -1.369392
v -3.580047 -1.915050 -0.019919
v -3.580047 -1.915050 -0.194280
v -2.096583 -1.931252 -0.195741
v -2.096583 -1.931251 -0.019919
v 2.081577 -1.931252 -0.195741
v 3.565306 -1.915051 -0.194280
v 3.565306 -1.915051 -0.019919
v 2.081577 -1.931252 -0.019919
v 1.492627 -1.461818 6.882550
v 1.352925 -1.426096 8.743685
v 1.309368 -1.677744 8.689371
v 1.423307 -1.861136 6.869403
v 1.382937 -1.596075 7.661397
v 1.415738 -1.658887 7.028891
v 1.392100 -1.853035 6.867543
v 1.278427 -1.668449 8.684591
v 0.056704 -1.700718 6.894766
v -0.000797 -1.700718 6.894766
v 0.013412 -1.660348 6.939518
v -0.574210 -2.126860 6.878698
v -0.574210 -1.700718 6.894766
v 0.358417 2.364300 -12.506990
v 0.228542 2.494174 -12.506990
v 0.470497 2.827093 -13.279598
v 0.691336 2.606253 -13.279598
v -0.160683 2.968919 -13.279597
v -0.033597 2.577437 -12.506990
v -0.197202 2.494174 -12.506990
v -0.439156 2.827093 -13.279598
v -0.231065 -2.203218 1.132484
v -0.242486 -1.834842 -1.206053
v -0.458412 -1.361690 -1.228761
v -0.457881 -1.450397 0.278075
v -0.324421 -1.835373 0.444734
v -0.307157 -1.967505 1.133679
v -0.310610 -1.269529 6.510987
v -0.310610 -1.510554 6.387885
v -0.124828 -1.568719 6.467961
v -0.124828 -1.300072 6.605007
v -1.933642 -1.652645 -0.677392
v -0.260413 -1.686642 -0.677392
v -0.262139 -1.711076 -0.677658
v -1.939353 -1.710810 -0.677392
v -3.580047 -1.504976 -0.019919
v -3.589343 -1.601784 0.270373
v -2.104683 -1.582131 0.288566
v -2.096583 -1.488775 -0.019919
v 1.804564 -1.915450 -10.525276
v 0.782567 -0.282723 -9.923975
v 1.396482 -1.487448 -9.945754
v -0.302775 -0.896240 12.094394
v -0.302775 -0.898497 8.283680
v 0.056704 -2.126860 6.878698
v 0.318312 -2.126860 7.056379
v 0.318312 -2.126860 7.526743
v 0.056704 -2.126860 7.704424
v 1.018678 -1.539371 -1.153599
v 0.990658 -1.561415 -1.527021
v 1.167144 -1.594747 -1.484128
v 1.214552 -1.504313 -1.152138
v 1.511616 -1.856355 -4.947182
v 1.130226 -1.728074 -2.096450
v 1.431806 -0.643131 2.844888
v 1.360096 -0.643131 3.835944
v 1.240049 -0.643131 4.955149
v 0.403036 -0.643131 4.955149
v 0.443007 -0.643131 4.621565
v 0.142490 -0.643131 4.084272
v -0.615377 -1.535918 -1.468059
v -0.047276 -1.623431 -1.491299
v -0.045948 -1.679603 -0.816562
v -0.785356 -1.570445 -0.816562
v -0.792925 -1.541761 -1.166081
v 0.308219 -1.115884 12.182304
v 0.308219 -0.896240 12.094394
v 0.308219 -0.949757 12.115641
v 0.308219 -0.949757 10.202847
v 0.308219 -0.898497 8.283680
v -1.773225 -1.915449 -10.525276
v -0.751094 -0.282723 -9.923975
v -1.365143 -1.487448 -9.945754
v -1.723161 -1.020271 2.668801
v -1.572039 -1.126641 2.623119
v -2.263641 -1.174846 3.570086
v -2.341459 -1.169799 2.703726
v -2.375986 -1.082021 2.499486
v -2.150498 -1.033019 4.986887
v 1.565664 -1.126641 2.623119
v 1.716919 -1.020272 2.668801
v 2.369744 -1.082022 2.499486
v 2.335084 -1.169800 2.703726
v 2.257266 -1.174846 3.570086
v 2.144256 -1.033020 4.986887
v 0.205037 0.652028 -0.816562
v 0.558806 0.372493 -0.816562
v 0.560930 0.376476 -1.178299
v 0.206631 0.656543 -1.178299
v 2.788184 -1.812798 -12.058804
v 2.364698 -1.723958 -12.058804
v -2.333225 -1.723957 -12.058804
v -2.756845 -1.812798 -12.058804
v 0.553626 -1.106190 7.306700
v 0.411402 -1.152802 6.973117
v 0.556415 -1.152802 6.973117
v 2.447961 0.460934 -13.206293
v 2.205874 0.433977 -13.206293
v 2.305736 0.173829 -12.497429
v 2.447961 0.182594 -12.497429
v 0.754547 -1.077374 -10.836416
v 0.015537 -0.861182 -10.836283
v 0.015537 -0.648177 -10.836283
v 0.015537 -0.548315 -10.836283
v 0.015537 -0.419104 -10.836283
v 0.627992 -0.492939 -10.836416
v 0.506617 -0.249391 -10.811584
v 0.359080 -0.238900 -10.857400
v 0.329732 -0.117126 -11.012371
v 0.677658 -0.057501 -10.991124
v 0.754148 -0.188039 -10.811982
v 1.721567 -0.989065 1.678010
v 1.788629 -1.272717 0.961044
v 2.295245 -1.270459 1.424901
v 2.255141 -0.964896 1.422245
v -1.944266 -2.131641 -5.332024
v -2.200961 -2.197507 -8.649533
v -1.460092 -2.007609 -2.114908
v -1.898053 -2.119955 -4.947182
v -0.596520 -0.492939 -10.836416
v -0.723340 -1.077374 -10.836416
v -0.864768 -1.089325 -9.945754
v -0.773404 -0.518170 -9.939381
v 0.466512 -1.211365 2.461506
v 0.466512 -1.087334 3.710717
v -0.449780 -1.636710 7.860591
v -0.053915 -1.636710 7.860591
v -0.041698 -1.591028 8.500801
v -0.536629 -1.591028 8.500801
v -0.045150 3.313790 -10.749568
v -0.038909 3.279928 -8.834915
v -0.144217 -1.390241 5.338133
v -0.302775 -1.115884 5.338132
v -0.144217 -1.507765 7.899899
v -0.302775 -1.233143 7.899899
v -0.302775 -1.233143 6.038631
v -0.144217 -1.507765 6.038631
v -1.284668 -1.668448 8.684591
v -1.389179 -1.596074 7.661397
v -1.398209 -1.523037 7.680653
v -1.328491 -1.416933 8.739038
v -1.498868 -1.461818 6.882550
v -1.429549 -1.861135 6.869403
v -1.315743 -1.677744 8.689371
v -1.359300 -1.426096 8.743685
v -0.889202 -1.639499 -1.325968
v -0.059227 -1.702444 -1.325968
v 0.003187 -1.691555 0.353237
v -0.843919 -1.630203 0.509405
v 2.232167 -2.197508 -8.649533
v 1.975605 -2.131641 -5.332024
v 0.694390 -0.470098 9.205151
v 0.866892 -0.378734 8.162570
v 0.702491 -0.241689 8.164827
v 0.409543 -0.394669 9.920789
v 0.519896 -0.492540 9.918133
v 0.101987 -0.489619 10.956066
v 0.246336 -0.379265 10.204706
v 0.192687 -0.255101 9.942699
v 0.013412 -0.433180 10.992054
v 0.013412 -0.490150 11.182750
v -1.213356 1.526623 -11.914057
v -1.007921 1.269264 -11.914057
v -1.017350 1.283606 -10.725666
v -1.224113 1.542425 -10.725666
v 0.336107 0.113939 -1.615729
v 0.056704 0.204639 -1.615729
v 0.082732 0.778848 -1.369392
v 0.551767 0.626531 -1.369392
v 0.199327 0.671682 1.409098
v 0.514053 0.554954 1.408434
v 0.613119 0.547119 0.274755
v 0.104776 0.757867 0.288964
v -1.370455 -1.517725 -8.817254
v -1.349473 -1.503118 -9.360257
v -0.786551 -1.272717 -9.355874
v -0.642600 -0.731440 -8.824425
v -0.752555 -1.277232 -9.355874
v -0.379266 -1.359300 -9.367163
v 0.027621 -1.140983 -6.044873
v 0.026559 -1.136335 -5.627628
v -0.267451 -1.139655 -5.923497
v -3.135711 -0.402770 -12.497429
v -3.395858 -0.302775 -13.206293
v -3.422816 -0.545127 -13.206293
v -3.144608 -0.545127 -12.497429
v 0.423088 -1.001945 5.474647
v 0.507015 -1.020272 2.668801
v 0.668495 -1.126641 2.623119
v 1.348145 -1.029833 2.627767
v 0.908191 -1.029833 2.627767
v 0.668495 -0.987869 2.627767
v 1.594880 -0.987869 2.627767
v -3.580047 -1.504976 -0.369040
v -2.096583 -1.488775 -0.369040
v -2.104683 -1.582131 -0.677392
v -3.589343 -1.601785 -0.659332
v -3.303698 -2.096051 -11.551789
v -3.269835 -2.124603 -11.194967
v -3.459867 -2.349957 -11.194967
v -3.493730 -2.321273 -11.551789
v -3.555613 -2.269084 -11.194967
v -3.365448 -2.043995 -11.194967
v -3.331718 -2.072281 -11.551789
v -3.521750 -2.297635 -11.551789
v 3.491338 -2.349959 -11.194967
v 3.301042 -2.124604 -11.194967
v 3.334905 -2.096052 -11.551789
v 3.525202 -2.321274 -11.551789
v 3.362792 -2.072282 -11.551789
v 3.396655 -2.043996 -11.194967
v 3.586951 -2.269086 -11.194967
v 3.553089 -2.297637 -11.551789
v -0.395998 -0.920409 5.232692
v -1.400201 -0.920408 5.232692
v -0.395998 -1.255320 4.695135
v -0.395998 -1.001945 4.655029
v -1.553713 -0.923728 5.796809
v -1.721302 -0.923728 6.003572
v -1.617057 -0.589083 5.832266
v -1.341771 -0.408879 5.266024
v -1.122524 -0.228807 5.715007
v -1.065422 -0.114868 5.130439
v 0.329865 -1.835373 0.444734
v 0.463458 -1.450397 0.278075
v 0.463856 -1.361690 -1.228761
v 0.248063 -1.834842 -1.206053
v 0.236509 -2.203218 1.132484
v 0.312601 -1.967505 1.133679
v 0.259749 -2.232566 1.128235
v 0.271169 -1.864455 -1.210303
v 0.505952 -1.367799 -1.229558
v 0.505820 -1.456506 0.277411
v 0.370766 -1.851176 0.443140
v 0.353635 -1.983308 1.131953
v -2.671324 -2.338802 -8.817254
v -3.226146 -2.409051 -8.817254
v -2.374658 -2.261382 -5.332024
v -2.664419 -2.336943 -8.649533
v 2.405997 -2.261383 -5.332024
v 2.695625 -2.336944 -8.649533
v 1.003273 -1.636179 -9.407133
v 1.003273 -1.636180 -9.893831
v 1.291706 -1.590498 -9.893831
v 1.291706 -1.590498 -9.407133
v 0.360674 -1.334865 -9.367163
v 0.410738 -1.359300 -9.367163
v 0.784027 -1.277232 -9.355874
v 0.643396 -0.698507 -8.824823
v -2.416754 -0.545127 -12.506990
v -2.725372 0.404497 -13.279596
v -2.598153 0.013014 -12.506990
v 0.889733 2.019428 -13.206293
v 0.862776 2.261515 -13.206293
v 0.602628 2.161520 -12.497429
v 0.611393 2.019428 -12.497429
v 0.514053 1.561016 -12.319084
v 0.624938 1.778536 -12.319084
v 0.633437 1.775615 -11.958011
v 0.521357 1.555837 -11.958011
v 2.629360 0.013013 -12.506990
v 2.756579 0.404496 -13.279596
v 2.447961 -0.545128 -12.506990
v 2.266562 -1.103137 -12.506990
v 2.139343 -1.494619 -13.279596
v -0.174627 -0.520958 10.961643
v -0.365986 -0.520958 10.481719
v -0.325483 -0.464653 10.389691
v -0.374883 -0.465051 10.266854
v -0.512460 -0.465848 9.924640
v -0.075030 -0.489619 10.956066
v -0.165597 -0.255101 9.942699
v -0.219512 -0.379265 10.204706
v -1.474301 -0.548580 5.107333
v -1.597801 -0.580584 4.283998
v -1.666855 -0.774200 4.450789
v -1.596739 -0.869680 5.386470
v -1.883313 -0.911777 4.940276
v -1.749056 -0.920409 3.803808
v -1.569117 -0.920409 5.483412
v 1.693812 -0.774201 4.450789
v 1.624626 -0.580584 4.283998
v 1.501524 -0.548580 5.107333
v 1.623696 -0.869681 5.386470
v 1.776279 -0.920409 3.803808
v 1.910137 -0.911777 4.940276
v 1.596075 -0.920409 5.483412
v -0.262405 0.287370 -10.976649
v -0.572218 0.558805 -10.976649
v -0.147935 0.077818 -10.811584
v -0.158426 -0.069320 -10.857400
v -0.262405 -0.069320 -10.992849
v -0.339559 0.248992 -10.991124
v -0.209154 0.325616 -10.811982
v -1.639898 -1.196890 -12.058804
v -1.493822 -0.894779 -12.058804
v -2.229511 0.866892 -11.914057
v -2.246908 0.877649 -10.725666
v -1.939750 0.826788 -10.725666
v -1.924214 0.816031 -11.914057
v 1.971224 0.826787 -10.725666
v 2.278115 0.877648 -10.725666
v 2.260719 0.866892 -11.914057
v 1.955421 0.816031 -11.914057
v 1.998579 0.657472 -12.058804
v 2.256868 0.696249 -12.058804
v -1.477223 -1.533528 0.755211
v -1.562079 -1.540035 -1.325968
v -0.920940 -1.181353 -1.615729
v -0.522021 -1.240314 -1.615729
v -0.887741 -1.620243 -1.369126
v -1.559291 -1.520912 -1.369126
v -1.697664 -0.687352 -12.497429
v -1.437516 -0.787215 -13.206293
v -1.410559 -0.545128 -13.206293
v -1.688899 -0.545127 -12.497429
v -1.958608 -1.175643 -12.319084
v -1.786239 -1.003273 -12.319084
v -1.778935 -1.008453 -11.958011
v -1.953296 -1.182814 -11.958011
v -0.390420 -1.172588 -4.418387
v 0.026559 -1.172588 -4.417325
v -0.269045 -1.169136 -4.123182
v 0.286706 -1.009913 6.859310
v -0.003054 -1.009913 6.859310
v -0.003054 -1.015623 7.813848
v 0.286706 -1.015623 7.813848
v -0.292948 -1.123321 7.785695
v -0.292948 -1.216145 6.852538
v -0.003054 -1.216145 6.852538
v -0.003054 -1.123321 7.785695
v 2.089943 -1.582132 -0.677392
v 3.574602 -1.601785 -0.659332
v 2.089943 -1.837896 0.288566
v 3.574602 -1.818243 0.270373
v -0.269045 -1.063164 -6.543920
v 0.026559 -1.066485 -6.838196
v 0.025497 -1.061836 -6.420951
v 0.601433 -2.126860 6.878698
v 0.601433 -1.700718 6.894766
v -2.104683 -1.837896 0.288566
v -3.589343 -1.818242 0.270373
v 0.015537 1.876938 -12.058804
v 0.015537 1.647334 -12.058804
v -0.183922 1.084677 -12.058804
v -0.600769 1.211763 -12.058804
v -0.674736 -1.126641 2.623119
v -0.905403 -1.064227 3.069711
v -0.910051 -1.126641 2.623119
v -0.674736 -0.987869 2.627767
v -0.914433 -1.029833 2.627767
v -1.354386 -1.029833 2.627767
v -1.601121 -0.987869 2.627767
v 1.643881 -0.589083 5.832266
v 1.748259 -0.923729 6.003572
v 1.580670 -0.923729 5.796809
v 1.368728 -0.408879 5.266024
v 1.149482 -0.228808 5.715007
v 1.092380 -0.114869 5.130439
v -1.772827 -1.998712 -2.119158
v -1.539769 -1.393959 -2.119158
v -1.975208 -1.460091 -2.119158
v -2.216365 -2.065243 -2.119158
v -1.359831 -1.512015 -1.791418
v -1.359300 -1.476956 -1.509359
v 1.184009 -1.473106 7.659007
v 1.231948 -1.469255 7.011893
v 1.175111 -1.546276 7.640017
v 1.058384 -1.073390 7.007378
v 1.207646 -1.609089 7.007377
v 1.461420 -1.453717 6.880690
v 1.440039 -1.519186 7.033538
v 1.391834 -1.523037 7.680653
v 1.322117 -1.416933 8.739038
v 0.151786 -1.966177 5.688050
v 0.337567 -1.867244 5.688050
v 0.337567 -1.824882 5.955501
v 0.151786 -1.918902 5.985911
v -0.301713 -1.760210 5.680082
v -0.301713 -1.001945 5.680082
v -0.301713 -1.001945 5.482615
v -0.301713 -1.760210 5.482614
v -0.310610 -1.001945 4.609613
v -0.310610 -1.269529 4.651844
v -0.310610 -1.824882 5.207196
v -0.310610 -1.701913 4.966038
v -0.124828 -1.781989 4.907874
v -0.124829 -1.918902 5.176785
v 0.286706 -1.123321 7.785695
v 0.286706 -1.216145 6.852538
v -0.292948 -1.009913 6.859310
v -0.292948 -1.015623 7.813848
v 0.443140 -2.845552 -9.089751
v 1.487713 -1.541363 -9.095329
v 1.491166 -1.547737 -10.088776
v 0.131468 -3.247791 -10.085986
v 1.572968 -1.622103 -10.088776
v 1.580139 -1.625556 -9.095329
v 0.534371 -2.930807 -9.089752
v 0.211809 -3.324415 -10.085986
v -1.459693 -1.547737 -10.088776
v -1.456241 -1.541363 -9.095329
v -0.411801 -2.845552 -9.089751
v -0.100129 -3.247791 -10.085986
v -0.503164 -2.930807 -9.089752
v -1.548667 -1.625556 -9.095329
v -1.541629 -1.622103 -10.088776
v -0.180337 -3.324415 -10.085986
v -0.305962 -1.343231 -9.946153
v -0.354167 -1.333139 -9.940708
v -0.766764 -1.232214 -9.946551
v -0.596520 -1.205256 -10.836416
v -0.228808 -1.312821 -10.836416
v -0.571155 2.161520 -12.497429
v -0.831435 2.261515 -13.206293
v -0.858393 2.019428 -13.206293
v -0.580185 2.019428 -12.497429
v -0.490150 2.482886 -11.958012
v -0.482846 2.477574 -12.319086
v -0.593465 2.260187 -12.319084
v -0.601964 2.262976 -11.958011
v 0.804611 -0.518170 -9.939381
v 0.895974 -1.089326 -9.945754
v 2.006680 -1.460092 -2.119158
v 1.571242 -1.393960 -2.119158
v 1.804166 -1.998713 -2.119158
v 2.247571 -2.065244 -2.119158
v 1.426096 -1.274310 -0.816562
v 1.370587 -1.367002 -0.816562
v 1.395553 -1.433400 -1.139124
v 0.441680 2.200828 -12.506990
v 0.015537 2.040676 -12.506990
v 0.015537 2.115307 -12.506990
v 0.833162 2.327780 -13.279596
v 0.308219 -1.007921 6.418561
v 0.308219 -1.007921 7.519971
v -1.031559 0.087380 3.803808
v -1.539371 -0.895974 5.480091
v -1.515069 -0.895974 5.706110
v -1.274974 -0.411933 5.232162
v -1.394358 -0.536761 5.125526
v -0.302775 -0.950155 -1.502454
v -0.302775 -0.950155 0.877649
v 0.002656 -0.950155 -1.502454
v -1.463412 -0.545128 -13.212270
v -1.677744 -0.545127 -12.608445
v -1.687040 -0.399185 -12.608445
v -1.487713 -0.318976 -13.212270
v 0.002656 -1.911864 -1.219598
v 0.002656 -2.271873 1.120533
v -0.254305 -2.232566 1.128235
v -0.265592 -1.864455 -1.210303
v 0.002656 -2.228980 1.127172
v 0.002656 -1.868838 -1.212958
v 2.593904 0.184453 -12.608445
v 2.447961 0.193749 -12.608445
v 2.447961 0.408081 -13.212270
v 2.674113 0.383780 -13.212270
v 2.885258 0.056570 -12.393450
v 3.106364 0.360939 -13.263396
v 2.794027 0.519896 -13.263396
v 2.677964 0.162276 -12.393450
v 3.236371 -0.545128 -11.958011
v 3.227473 -0.545128 -12.319084
v 3.189361 -0.304103 -12.319084
v 3.197860 -0.301315 -11.958011
v 2.836389 -1.995127 -2.113979
v 3.516304 -2.111589 -5.145180
v -0.536629 -2.046518 7.953018
v -0.449780 -2.000970 7.422497
v 0.068921 -2.046518 7.953018
v 0.563719 -2.046518 7.953018
v 2.730816 -2.346240 -10.728055
v 2.870916 -1.293168 -10.728055
v 3.289356 -2.417020 -10.728055
v 1.994463 -0.351378 1.417464
v 1.749852 -0.043159 1.414808
v -1.722762 -0.043158 1.414808
v -1.967505 -0.351378 1.417464
v -0.249657 -1.826741 -0.194280
v -0.250852 -1.826741 -0.019919
v -1.925542 -1.860737 -0.019919
v -1.925542 -1.860737 -0.194280
v -1.933642 -1.767381 -0.677392
v -2.104683 -1.837896 -0.677392
v -2.122744 -1.709216 -0.677392
v -1.939353 -1.709216 -0.677392
v 2.590185 -1.263953 -12.497429
v 2.447961 -1.272717 -12.497429
v 2.447961 -1.551190 -13.206293
v 2.690314 -1.524233 -13.206293
v 2.447961 -1.498205 -13.212270
v 2.447961 -1.283872 -12.608445
v 2.593904 -1.274576 -12.608445
v 2.674112 -1.473903 -13.212270
v 1.910668 -1.559025 -0.019919
v 1.910668 -1.559025 -0.194280
v 0.234783 -1.593286 -0.194280
v 0.236111 -1.593286 -0.019919
v 2.107737 -1.710811 0.288566
v 2.089943 -1.582132 0.288566
v 1.918902 -1.652646 0.288566
v 1.924612 -1.710811 0.288566
v -0.094418 1.040058 -13.206293
v 0.015537 1.294362 -12.508184
v -0.439156 1.211497 -13.279596
v -0.197202 1.544417 -12.506990
v -0.033597 1.461154 -12.506990
v -0.160683 1.069672 -13.279596
v 2.107737 -1.709217 -0.677392
v 2.089943 -1.837896 -0.677392
v 1.918902 -1.767382 -0.677392
v 1.924612 -1.709217 -0.677392
v -4.013891 -1.852238 -8.817254
v -4.053465 -1.856487 -10.525276
v -0.141295 -0.249391 9.906979
v 0.013412 -0.156433 10.031275
v 0.013412 -0.077951 9.513504
v -0.102120 0.125891 8.087541
v -0.340356 -0.005046 8.144377
v 1.351730 -0.380195 5.241059
v 1.229956 -0.175424 5.063511
v 1.208842 -0.425346 6.435292
v 1.364877 -0.547252 6.007025
v 1.360627 -0.398521 5.273859
v -1.324640 -0.380195 5.241059
v -1.333670 -0.398520 5.273859
v -1.337919 -0.547252 6.007025
v -1.181884 -0.425345 6.435292
v -1.202999 -0.175423 5.063511
v 0.805275 0.132132 -1.178299
v 0.801158 0.130140 -0.816562
v 1.080826 -0.223496 -0.816562
v 1.085341 -0.221902 -1.178299
v -1.446414 -1.519186 7.033538
v -1.467661 -1.453717 6.880690
v -1.398209 -1.853034 6.867543
v -1.422112 -1.658887 7.028891
v 0.293612 0.287370 -10.976649
v 0.603691 0.558805 -10.976649
v 0.987604 0.174892 -10.976649
v 1.080428 0.546455 -10.976649
v -1.954225 1.074983 -10.976649
v -0.475144 -0.249391 -10.811584
v -0.722941 -0.188039 -10.811982
v -0.646451 -0.057501 -10.991124
v -3.561456 -2.334287 -11.616859
v -3.684690 -2.479964 -11.616858
v -3.730638 -2.441055 -11.130028
v -3.607669 -2.295378 -11.130028
v -3.600365 -2.551276 -11.130028
v -3.646312 -2.512367 -11.616858
v -3.523343 -2.366556 -11.616859
v -3.477130 -2.405466 -11.130028
v 3.761977 -2.441056 -11.130028
v 3.715897 -2.479965 -11.616858
v 3.592794 -2.334288 -11.616859
v 3.638875 -2.295379 -11.130028
v 3.554549 -2.366558 -11.616859
v 3.677784 -2.512368 -11.616858
v 3.631571 -2.551277 -11.130028
v 3.508602 -2.405467 -11.130028
v -0.055774 0.778848 -1.369392
v -0.029746 0.204639 -1.615729
v -0.309149 0.113939 -1.615729
v -0.524810 0.626531 -1.369392
v -0.586028 0.547120 0.274755
v -0.172236 0.671682 1.409098
v -0.077553 0.757867 0.288964
v -1.275107 1.849582 -10.725666
v -1.264217 1.832186 -11.914057
v 0.015537 1.982378 -12.058804
v -1.055064 1.570047 -12.058804
v -1.093575 1.828069 -12.058804
v -1.740557 0.394935 -2.219419
v -1.972551 0.246602 -2.211850
v -1.519717 0.373821 -1.496212
v -0.789871 0.317382 -1.222121
v -0.781504 0.384046 -1.333537
v -1.165550 0.332123 -1.334467
v -1.162230 0.266654 -1.222121
v -0.188039 1.830194 -1.474301
v -0.345136 2.364698 -3.718819
v 0.376477 2.364698 -3.718819
v 0.219512 1.830194 -1.474301
v -0.439156 2.019428 -12.506990
v 1.489706 1.537113 -8.834915
v 1.505375 1.559423 -10.749569
v 1.503516 1.556767 -10.976649
v 0.238103 2.028193 -10.976649
v 1.345091 2.083303 -10.976649
v -3.887469 -1.235002 -10.551834
v -3.828906 -1.238322 -9.774845
v -4.939745 -1.929259 -9.693441
v -5.335610 -2.133898 -10.449052
v -4.997511 -1.849980 -9.689325
v -3.885610 -1.158644 -9.770863
v -3.937666 -1.164355 -10.548383
v -5.387533 -2.064445 -10.445465
v 4.939744 -1.929261 -9.693441
v 3.828906 -1.238323 -9.774845
v 3.887469 -1.235003 -10.551834
v 5.335609 -2.133899 -10.449052
v 3.937666 -1.164356 -10.548383
v 3.885610 -1.158646 -9.770863
v 4.997510 -1.849982 -9.689325
v 5.387532 -2.064447 -10.445465
v -2.274529 0.173830 -12.497429
v -2.174401 0.433977 -13.206293
v -2.416754 0.460935 -13.206293
v -2.416754 0.182595 -12.497429
v -1.786239 -0.086716 -12.319084
v -1.958608 0.085521 -12.319084
v -1.953296 0.092559 -11.958011
v -1.778935 -0.081670 -11.958011
v 1.441899 -0.545128 -13.206293
v 1.468856 -0.787215 -13.206293
v 1.729003 -0.687352 -12.497429
v 1.720106 -0.545128 -12.497429
v 1.810142 -1.008453 -11.958011
v 1.817446 -1.003274 -12.319084
v 1.989815 -1.175643 -12.319084
v 1.984503 -1.182814 -11.958011
v 1.206053 -0.207427 4.836430
v 0.674338 0.220840 4.463406
v 0.660527 0.207029 4.680394
v 1.186798 -0.217653 5.057800
v 1.301932 -0.411933 5.232162
v 1.542160 -0.895975 5.706110
v 1.566328 -0.895974 5.480091
v 1.421448 -0.536761 5.125526
v 0.002656 -1.115884 12.182304
v 0.149794 -1.390241 11.978861
v 0.002656 -1.390241 11.978861
v 0.002656 -1.390241 8.279430
v 2.004024 0.246602 -2.211850
v 1.772029 0.394935 -2.219419
v 1.550924 0.373820 -1.496212
v 1.196890 0.332123 -1.334467
v 0.812711 0.384046 -1.333537
v 0.821210 0.317382 -1.222121
v 1.193703 0.266654 -1.222121
v 0.015537 -1.349340 -10.836416
v 0.015537 -1.387585 -10.120380
v 0.015537 -1.411090 -9.636870
v -0.317383 -1.362088 -9.403415
v -1.313883 2.083303 -10.976649
v 0.002656 -1.953296 0.483245
v 0.002656 -2.049971 1.061438
v -0.049002 -2.157271 1.046963
v 1.581733 -1.314282 -11.914057
v 1.595278 -1.315477 -10.725666
v -1.564071 -1.315477 -10.725666
v -1.550260 -1.314282 -11.914057
v -1.455843 -1.966310 -2.078124
v -1.160903 -1.730730 -2.078124
v -1.416800 -1.562477 -2.078124
v -1.478019 -1.301268 -2.078124
v -0.144217 -1.390241 8.141853
v -0.302775 -1.115884 8.141853
v 0.013412 -0.920409 11.865850
v 0.013412 -0.912839 12.203419
v -0.390420 -0.920409 11.329887
v -0.171174 -0.920409 11.244367
v 0.013412 -0.920409 11.639566
v 1.910668 -1.559025 -0.369040
v 0.236111 -1.593286 -0.369040
v 0.247266 -1.711076 -0.677658
v 0.245540 -1.686642 -0.677392
v 1.918902 -1.652646 -0.677392
v 1.924612 -1.710811 -0.677392
v 1.910668 -1.860737 -0.019919
v 0.236111 -1.826741 -0.019919
v 0.234783 -1.826741 -0.194280
v 1.910668 -1.860737 -0.194280
v 1.918902 -1.767382 0.288566
v 2.107737 -1.709217 0.288566
v 1.924612 -1.709217 0.288566
v -1.856886 -0.920409 2.316626
v 1.883844 -0.920409 2.316626
v 1.669511 -0.920409 2.567344
v 0.013412 -0.920409 2.567344
v 0.013412 -0.920409 2.504665
v 0.013412 -0.920409 2.316626
v -0.593465 1.778536 -12.319084
v -0.601964 1.775615 -11.958011
v -0.640740 2.019428 -11.958011
v -0.631577 2.019428 -12.319084
v -0.482846 1.561016 -12.319084
v -0.490150 1.555837 -11.958011
v -1.364081 -1.433400 -1.139124
v -1.234604 -1.435790 -0.816562
v -1.339248 -1.367001 -0.816562
v -2.122744 -1.709217 0.288566
v -1.933642 -1.767381 0.288566
v -1.939353 -1.709217 0.288566
v 1.988221 1.076576 -10.749569
v 1.965912 1.061039 -8.834915
v 0.328670 -1.001945 5.482615
v 0.328670 -1.001945 5.680082
v 0.328670 -1.760211 5.680082
v 0.328670 -1.760211 5.482614
v 0.077818 -1.893803 5.680082
v 0.077818 -1.893803 5.482614
v 0.249656 -1.802174 5.482614
v 0.249656 -1.802174 5.680082
v -0.633570 0.207029 4.680394
v -0.647380 0.220840 4.463406
v -1.178963 -0.207427 4.836430
v -1.159840 -0.217652 5.057800
v -0.529723 0.376477 -1.178299
v -0.527466 0.372493 -0.816562
v -0.173697 0.652028 -0.816562
v -0.175291 0.656543 -1.178299
v -3.681237 -0.358416 -8.645018
v -3.163731 -0.450842 -5.178246
v -1.443094 -0.468902 -1.334467
v -2.235886 -0.539550 -1.334467
v -2.268421 -0.838872 -1.334467
v 3.195071 -0.450843 -5.178246
v 3.712577 -0.358417 -8.645018
v 2.267093 -0.539550 -1.334467
v 1.474301 -0.468903 -1.334467
v 2.299628 -0.838872 -1.334467
v -0.302775 -1.176041 -1.480011
v -0.144217 -1.550260 -1.442563
v 0.965161 -1.152802 6.973117
v 0.830772 -1.080694 6.976569
v 0.559204 -1.080694 6.976569
v 0.411402 -1.049221 6.976569
v 0.983221 -1.049221 6.976569
v -0.971403 -1.152802 6.973117
v -0.947101 -1.106190 7.458618
v -0.417643 -1.049221 6.976569
v -0.565578 -1.080693 6.976569
v -0.837013 -1.080693 6.976569
v -0.989463 -1.049221 6.976569
v 0.432251 0.217652 -11.010910
v 0.568367 0.134124 -11.111304
v 0.475410 0.046611 -11.065490
v 0.343278 -0.079014 -11.021269
v 0.665175 0.457747 -11.011176
v 0.224292 0.303173 6.699026
v 0.347262 0.426541 4.559948
v 0.473551 0.545526 1.818774
v -1.897389 -2.069625 -4.947182
v -1.943602 -2.080780 -5.332024
v -1.547870 -1.830991 -5.332024
v -1.507102 -1.823288 -4.947182
v -3.181659 -2.234026 -5.145180
v -3.212070 -2.240533 -5.332024
v -2.854848 -2.265764 -5.332024
v -2.826961 -2.259125 -5.145180
v 0.948695 1.673362 -13.263396
v 0.862776 1.777075 -13.206293
v 0.602628 1.877203 -12.497429
v 0.591075 1.789425 -12.393450
v 1.295558 1.832186 -11.914057
v 1.306314 1.849582 -10.725666
v 1.255321 1.542425 -10.725666
v 1.244697 1.526622 -11.914057
v 0.215395 1.084677 -12.058804
v 0.631976 1.211763 -12.058804
v -1.482003 -0.213138 -12.058804
v -1.609089 0.203443 -12.058804
v 1.513476 -0.213138 -12.058804
v 1.640561 0.203443 -12.058804
v 0.151786 -1.568719 6.467961
v 0.337567 -1.269529 6.510987
v 0.151786 -1.300073 6.605007
v 3.219373 0.157628 -11.130028
v 3.176612 0.200388 -11.616859
v 3.394265 0.417775 -11.616859
v 3.436759 0.375015 -11.130028
v 3.141421 0.235712 -11.616859
v 3.098661 0.278472 -11.130028
v 3.316314 0.495859 -11.130028
v 3.358809 0.453099 -11.616859
v -3.362792 0.417776 -11.616859
v -3.145405 0.200389 -11.616859
v -3.188033 0.157629 -11.130028
v -3.405420 0.375016 -11.130028
v -3.284841 0.495860 -11.130028
v -3.067454 0.278473 -11.130028
v -3.109949 0.235713 -11.616859
v -3.327336 0.453100 -11.616859
v 0.846575 2.965466 -11.616858
v 0.628922 2.748079 -11.616859
v 0.586427 2.790574 -11.130029
v 0.803814 3.008094 -11.130028
v 0.924659 2.887515 -11.130029
v 0.707006 2.670128 -11.130029
v 0.664379 2.712623 -11.616859
v 0.881898 2.930010 -11.616858
v -0.554954 2.790574 -11.130029
v -0.597714 2.748080 -11.616859
v -0.815234 2.965467 -11.616858
v -0.772607 3.008094 -11.130028
v -0.633038 2.712623 -11.616859
v -0.675798 2.670129 -11.130029
v -0.893185 2.887516 -11.130029
v -0.850425 2.930010 -11.616858
v 1.871493 -0.863440 4.956078
v 1.825280 -0.724402 4.175636
v 1.655434 -0.341419 4.523296
v 1.660746 -0.383515 3.888532
v 1.748923 -0.541277 4.023054
v 1.764858 -0.498649 4.662333
v -1.798323 -0.724402 4.175636
v -1.844536 -0.863439 4.956078
v -1.721700 -0.541276 4.023054
v -1.633789 -0.383514 3.888532
v -1.628344 -0.341418 4.523296
v -1.737901 -0.498648 4.662333
v -0.267451 -1.069937 -7.133800
v -0.390420 -1.066485 -6.839125
v -0.817226 0.419901 -11.066286
v -0.733565 0.330662 -11.111304
v -0.855073 0.236510 -11.011176
v -0.937141 0.546057 -11.014629
v -0.400778 0.217652 -11.010910
v -0.537160 0.134124 -11.111304
v -0.633835 0.457748 -11.011176
v -0.124828 -1.300073 4.557824
v -0.124828 -1.568719 4.694736
v -0.310610 -1.510554 4.774811
v 0.423088 -1.001945 4.655029
v 0.423088 -1.255320 4.695135
v 0.337567 -1.269529 4.651844
v 0.168120 -0.249391 9.906979
v 0.367314 -0.005046 8.144377
v 0.129078 0.125891 8.087541
v 1.902435 -1.412949 1.062368
v 2.173206 -1.412949 1.062368
v -1.379086 -1.474168 0.906332
v -0.787879 -1.564337 0.676994
v -1.694610 -0.989064 2.141866
v -1.875610 -1.412949 1.062368
v -1.713467 -1.372845 1.164488
v -2.558978 0.173830 -12.497429
v -2.658974 0.433977 -13.206293
v -2.270944 0.184454 -12.608445
v -2.416754 0.193749 -12.608445
v -2.416754 0.408082 -13.212270
v -2.190602 0.383780 -13.212270
v 0.025497 -1.167941 -4.000080
v 0.320702 -1.169136 -4.121721
v -2.274530 -1.263952 -12.497429
v -2.416754 -1.272717 -12.497429
v -2.416754 -1.551190 -13.206293
v -2.174401 -1.524232 -13.206293
v -2.562431 -1.274576 -12.608445
v -2.416754 -1.283871 -12.608445
v -2.416754 -1.498204 -13.212270
v -2.642772 -1.473902 -13.212270
v 0.993048 -1.590099 -9.940840
v 0.693461 -0.355362 -9.939381
v 1.277630 -1.546542 -9.947083
v -0.961841 -1.590099 -9.940840
v -1.246158 -1.546542 -9.947083
v -0.662254 -0.355362 -9.939381
v 0.054446 -2.157271 1.046963
v -0.317914 -1.010577 7.640017
v -0.395998 -0.880039 5.481552
v -0.395998 -0.881101 5.707305
v 0.423088 -0.881101 5.707305
v 0.423088 -0.880039 5.481552
v 3.565306 -1.915051 -0.369040
v 2.081577 -1.931252 -0.369040
v 3.574602 -1.818243 -0.659332
v -2.096583 -1.931252 -0.369040
v -3.580047 -1.915050 -0.369040
v -3.589343 -1.818242 -0.659332
v 3.565306 -1.504977 -0.019919
v 2.081577 -1.488776 -0.019919
v 3.574602 -1.601786 0.270373
v -0.579123 -1.341771 -1.740158
v -0.568632 -1.257976 -1.855956
v -0.043424 -1.326233 -1.874946
v -0.041300 -1.411887 -1.760609
v 0.074631 -1.326233 -1.874946
v 0.599839 -1.257976 -1.855956
v 0.610463 -1.341771 -1.740158
v 0.072506 -1.411887 -1.760609
v -1.965115 -1.290113 2.668801
v -1.912262 -1.206053 3.515906
v -1.926604 -1.108049 3.541403
v -2.004688 -1.102870 2.674909
v 1.905888 -1.206053 3.515906
v 1.958873 -1.290113 2.668801
v 1.920362 -1.108050 3.541403
v 1.998314 -1.102871 2.674909
v -0.958255 1.772428 -4.382134
v -0.857065 1.932314 -4.391829
v 2.200960 0.560930 -4.382134
v 2.361113 0.459739 -4.391829
v -2.169753 0.560930 -4.382134
v -2.329905 0.459740 -4.391829
v 0.989596 1.772428 -4.382134
v 0.888538 1.932314 -4.391829
v -1.162628 2.158067 -10.725666
v -1.152536 2.138944 -11.914057
v -0.727058 2.503868 -12.058805
v -0.277809 2.883399 -12.058805
v -0.729448 0.768225 -1.334467
v -0.714708 0.392545 -1.222121
v -0.663980 0.764905 -1.222121
v -1.085872 1.005265 -3.122697
v -0.891194 0.727191 -1.501657
v 1.579342 -1.830992 -5.332024
v 1.975074 -2.080780 -5.332024
v 1.928861 -2.069626 -4.947182
v 1.538574 -1.823289 -4.947182
v 2.858300 -2.259125 -5.145180
v 2.718732 -2.241065 -5.153148
v 2.744892 -2.247439 -5.333883
v 2.886320 -2.265765 -5.332024
v 0.514054 2.477574 -12.319086
v 0.341684 2.649944 -12.319086
v 0.346863 2.657114 -11.958012
v 0.521357 2.482886 -11.958012
v 0.671948 2.019428 -11.958011
v 0.663051 2.019428 -12.319084
v 2.911419 -1.182815 -11.958011
v 2.906106 -1.175643 -12.319084
v 3.078609 -1.003274 -12.319084
v 3.085913 -1.008453 -11.958011
v -3.047402 -1.003273 -12.319084
v -2.874900 -1.175643 -12.319084
v -2.880212 -1.182814 -11.958011
v -3.054706 -1.008452 -11.958011
v -3.205163 -0.545127 -11.958011
v -3.166520 -0.301314 -11.958011
v -3.158021 -0.304103 -12.319084
v -3.196266 -0.545127 -12.319084
v -0.390420 -1.136335 -5.628823
v -0.269045 -1.132883 -5.333617
v 2.691774 -1.294761 -11.958011
v 2.688853 -1.286263 -12.319084
v 2.207201 -1.286262 -12.319084
v 2.204413 -1.294761 -11.958011
v -0.147138 -0.854276 11.805828
v -0.089505 -0.761319 11.834247
v -2.660302 -1.294760 -11.958011
v -2.657513 -1.286262 -12.319084
v -2.173074 -1.294761 -11.958011
v -2.175862 -1.286262 -12.319084
v -0.591075 2.019428 -12.608445
v -0.805407 2.019428 -13.212270
v 0.076358 3.313790 -10.749568
v 0.026560 3.284177 -8.829604
v -0.395998 -1.001945 6.507667
v -0.395998 -1.255320 6.467563
v -0.310610 -1.001945 6.553083
v -0.395998 -1.074319 6.373941
v -0.395998 -1.001945 6.134377
v -3.135712 -0.687352 -12.497429
v -3.395858 -0.787214 -13.206293
v -3.370096 -0.545127 -13.212270
v -3.155631 -0.545127 -12.608445
v -3.146202 -0.690804 -12.608445
v -3.345662 -0.771013 -13.212270
v 1.729003 -0.402771 -12.497429
v 1.468856 -0.302775 -13.206293
v 1.718513 -0.399185 -12.608445
v 1.709217 -0.545128 -12.608445
v 1.494751 -0.545128 -13.212270
v 1.519186 -0.318976 -13.212270
v -1.956748 1.076577 -10.749569
v -1.934572 1.061040 -8.834915
v 0.125891 2.998533 -13.206292
v 0.015538 2.744229 -12.508186
v 0.192156 2.968919 -13.279597
v 0.032004 2.582749 -12.506990
v 0.015538 2.744627 -12.605261
v 0.109690 2.948336 -13.212269
v 0.250719 -1.153598 12.154417
v 0.028949 -1.153598 12.154417
v 0.622548 2.019428 -12.608445
v 0.836881 2.019428 -13.212270
v -3.484832 -2.111588 -5.145180
v -2.805049 -1.995127 -2.113979
v -3.423215 -2.062985 -5.145180
v -3.455219 -2.068297 -5.332024
v 0.346863 1.381476 -11.958011
v 0.127219 1.269529 -11.958011
v 0.124430 1.278028 -12.319084
v 0.341684 1.388647 -12.319084
v -0.092957 1.278028 -12.319084
v -0.095878 1.269529 -11.958011
v -0.315656 1.381476 -11.958011
v -0.310477 1.388647 -12.319084
v -1.146295 -0.205435 5.718194
v -1.085076 -0.087778 5.133228
v 1.173252 -0.205435 5.718194
v 1.112299 -0.087778 5.133228
v -1.129828 -1.488908 10.358484
v -1.099285 -1.478550 10.352375
v 0.013412 -1.599926 8.377169
v 0.013412 -1.591028 8.500801
v 0.013412 -1.636710 7.860591
v 0.563719 -1.591029 8.500801
v 0.213801 -0.219246 9.891839
v -1.136999 -1.447741 10.391152
v -1.178299 -1.463942 10.070715
v -1.189454 -1.420385 10.070715
v 2.264835 -2.205874 -10.525276
v 2.238409 -2.199102 -8.817254
v 2.263374 -2.205476 -10.728055
v 1.803369 -1.915051 -10.728055
v -3.400905 0.135319 -8.834915
v -3.433175 0.144615 -10.749569
v -3.711117 -0.352175 -10.749569
v -3.677386 -0.358283 -8.834915
v 0.322163 -1.139655 -5.921904
v 2.527373 -2.049574 -2.119158
v 2.728559 -1.921558 -2.119158
v 1.434064 0.688547 -3.122697
v 1.117346 1.005265 -3.122697
v -2.207069 -2.199101 -8.817254
v -2.233363 -2.205874 -10.525276
v -2.232035 -2.205475 -10.728055
v -1.772030 -1.915051 -10.728055
v 0.903676 -1.126641 2.623119
v -0.139967 1.603777 -1.222121
v -0.156433 1.680400 -1.334467
v -0.437297 1.420253 -1.334467
v -0.396396 1.366604 -1.222121
v 0.516709 -0.330529 -10.836416
v -0.485236 -0.330529 -10.836416
v 0.443538 -1.066485 -6.837134
v 0.322163 -1.069937 -7.132339
v 0.404098 -0.871673 -7.216133
v 0.559071 -0.867423 -6.838992
v 0.071577 -0.882695 -7.349195
v 0.027621 -1.071132 -7.255441
v -0.001859 -0.890796 -7.350257
v -0.045549 -0.351777 -10.836416
v -0.309016 -0.322562 -10.836948
v -0.128679 -0.268646 -10.836683
v 0.105971 -0.088310 -10.836948
v 0.179142 0.077818 -10.811584
v 0.189633 -0.069320 -10.857400
v -0.310477 2.649944 -12.319086
v -0.315656 2.657115 -11.958012
v -0.095878 2.769194 -11.958012
v -0.092957 2.760695 -12.319086
v 0.127219 2.769194 -11.958012
v 0.124430 2.760695 -12.319086
v 0.326014 0.370235 4.554902
v 0.336372 0.384975 4.339507
v -0.298924 0.370235 4.554902
v -0.309415 0.384976 4.339507
v -0.395998 -0.920409 5.808230
v -1.194765 -0.923728 8.167882
v -0.940860 -0.923728 8.122864
v 0.423088 -0.920409 5.808230
v 1.096629 -0.923729 9.794498
v 1.221856 -0.923729 8.167882
v 1.427557 -0.923729 8.167882
v 3.167051 -0.687353 -12.497429
v 3.427331 -0.787215 -13.206293
v 3.401304 -0.545128 -13.212270
v 3.186971 -0.545128 -12.608445
v 3.177675 -0.399185 -12.608445
v 3.377001 -0.318977 -13.212270
v -1.628344 -0.545128 -11.958011
v -1.666855 -0.788675 -11.958011
v -1.675354 -0.785754 -12.319084
v -1.637241 -0.545127 -12.319084
v -1.666855 -0.301314 -11.958011
v -1.675354 -0.304103 -12.319084
v -3.429589 0.143686 -10.976649
v -3.707265 -0.352839 -10.976649
v 2.100434 -0.952147 -1.325968
v 1.997915 -0.598512 -1.325968
v 2.268686 -0.598512 -1.325968
v 2.371205 -0.952147 -1.325968
v 2.268686 -1.417597 -1.325968
v 2.345310 -1.340177 -1.325968
v 2.414364 -1.270460 -1.325968
v 2.303877 -1.270459 1.304587
v -2.241463 -0.598511 -1.325968
v -1.970825 -0.598511 -1.325968
v -2.073477 -0.952147 -1.325968
v -2.344247 -0.952147 -1.325968
v -3.485098 0.464653 -9.179123
v -3.374346 0.575272 -9.179123
v -3.341943 0.669292 -10.912510
v -3.578851 0.432251 -10.912510
v -3.341943 0.669292 -11.028572
v -3.359871 0.519498 -11.718183
v -3.429323 0.450046 -11.718183
v -3.578851 0.432251 -11.028572
v -3.320696 0.521623 -9.179123
v -3.431182 0.410871 -9.179123
v -3.463584 0.316852 -10.912510
v -3.226677 0.554025 -10.912510
v 0.893452 3.087639 -9.179124
v 1.004071 2.977020 -9.179124
v 1.098090 2.944617 -10.912509
v 0.860917 3.181525 -10.912509
v 1.098090 2.944618 -11.028571
v 0.948296 2.962412 -11.718182
v 0.878844 3.031997 -11.718182
v 0.860917 3.181525 -11.028571
v 0.950156 2.923105 -9.179125
v 0.839669 3.033724 -9.179124
v 0.745650 3.066259 -10.912509
v 0.982558 2.829350 -10.912510
v -1.066617 2.944618 -10.912509
v -0.972597 2.977020 -9.179124
v -0.862244 3.087639 -9.179124
v -0.829709 3.181526 -10.912509
v -0.847636 3.031997 -11.718182
v -0.916956 2.962413 -11.718182
v -1.066617 2.944618 -11.028571
v -0.829709 3.181526 -11.028571
v -0.714442 3.066259 -10.912509
v -0.808329 3.033724 -9.179124
v -0.918948 2.923105 -9.179125
v -0.951350 2.829350 -10.912510
v 3.373416 0.669291 -10.912510
v 3.405818 0.575271 -9.179123
v 3.516304 0.464652 -9.179123
v 3.610324 0.432250 -10.912510
v 3.460530 0.450045 -11.718183
v 3.391211 0.519497 -11.718183
v 3.373416 0.669291 -11.028572
v 3.610324 0.432250 -11.028572
v 3.494925 0.316850 -10.912510
v 3.462522 0.410870 -9.179123
v 3.351903 0.521622 -9.179123
v 3.258149 0.554024 -10.912510
v 1.448140 -1.562478 -2.078124
v 1.192242 -1.730730 -2.078124
v 1.487049 -1.966310 -2.078124
v 1.509226 -1.301268 -2.078124
v -1.933642 -1.652646 0.288566
v -2.122744 -1.710810 0.288566
v -1.939353 -1.710810 0.288566
v 3.464381 0.144614 -10.749569
v 3.432378 0.135318 -8.834915
v 0.105573 3.141023 -11.914056
v 0.110088 3.165457 -10.725666
v 0.434243 3.008226 -10.725666
v 0.428135 2.984324 -11.914056
v 1.024920 2.084498 -12.058804
v -2.496034 -2.049573 -2.119158
v -2.697352 -1.921557 -2.119158
v -0.810056 -1.457701 0.235447
v -1.356777 -1.404583 0.447655
v 0.013412 -1.620908 0.511397
v 0.814969 -1.564337 0.676994
v 0.837278 -1.457701 0.235447
v 0.068124 -1.496611 0.079810
v -0.222699 -1.802174 5.680082
v -0.222699 -1.802174 5.482614
v 0.013412 -1.910137 5.157397
v 0.013412 -1.767780 4.892336
v 0.151786 -1.781989 4.907874
v 0.151786 -1.918902 5.176785
v 0.643795 -1.519584 -1.548534
v 0.079279 -1.594083 -1.564868
v 0.082466 -1.442297 -1.766585
v 0.625336 -1.372447 -1.750915
v 0.612720 -1.159442 -2.066969
v 0.669026 -0.738346 -8.651922
v -0.051127 -1.442297 -1.766585
v -0.047807 -1.594083 -1.564868
v -0.612588 -1.519584 -1.548534
v -0.593864 -1.372446 -1.750915
v -0.637686 -0.738346 -8.651922
v -0.581514 -1.159441 -2.066969
v 3.460663 0.143685 -10.976649
v 3.738738 -0.352840 -10.976649
v -0.502367 0.783762 -1.146029
v -0.502500 0.784160 -1.158645
v -0.878976 0.631047 -1.158645
v -0.855472 0.607276 -0.210880
v -0.530520 0.644326 -1.325968
v -0.797174 0.623743 -1.325968
v -0.329865 0.797573 -1.325968
v -0.059227 0.797573 -1.325968
v 0.027621 -1.177236 -4.834305
v -0.267451 -1.175908 -4.712930
v 0.559071 -0.973660 -4.418122
v 0.401973 -0.969411 -4.042044
v 0.443538 -1.172589 -4.416395
v 0.905934 0.631046 -1.158645
v 0.529458 0.784160 -1.158645
v 0.529458 0.783762 -1.146029
v 0.882695 0.607276 -0.210880
v 0.357088 0.797573 -1.325968
v 0.824132 0.623743 -1.325968
v 0.557478 0.644326 -1.325968
v 0.086317 0.797573 -1.325968
v -1.090786 -0.903145 9.780821
v -0.934087 -0.688945 9.748553
v -0.933157 -0.905402 10.125028
v -0.718294 -0.907394 10.301780
v 1.184540 -1.515069 -4.953689
v 1.220793 -1.518124 -5.338531
v -1.189454 -1.518124 -5.338531
v -1.153333 -1.515069 -4.953689
v 0.002656 -1.910137 3.377799
v 0.002656 -1.910137 0.897435
v 2.207202 0.196139 -12.319084
v 2.204413 0.204638 -11.958011
v 2.447961 0.243149 -11.958011
v 2.447961 0.234251 -12.319084
v 2.688853 0.196139 -12.319084
v 2.691774 0.204638 -11.958011
v 2.911419 0.092558 -11.958011
v 2.906107 0.085520 -12.319084
v -3.263992 -2.059399 -11.616859
v -3.096537 -1.861135 -11.616859
v -3.050456 -1.900045 -11.130028
v -3.217780 -2.098176 -11.130028
v -3.134649 -1.828999 -11.616859
v -3.302105 -2.027130 -11.616859
v -3.348318 -1.988221 -11.130028
v -3.180862 -1.790090 -11.130028
v 3.081796 -1.900045 -11.130028
v 3.128009 -1.861136 -11.616859
v 3.295199 -2.059401 -11.616859
v 3.249119 -2.098177 -11.130028
v 3.379524 -1.988222 -11.130028
v 3.333444 -2.027131 -11.616859
v 3.166121 -1.829000 -11.616859
v 3.212069 -1.790091 -11.130028
v 0.151786 -1.781989 6.254823
v 0.041963 -1.861003 6.168240
v 0.056704 -1.799385 6.299840
v 0.056704 -1.654505 6.435558
v -0.124828 -1.781989 6.254823
v 0.004648 -1.651849 6.438347
v -0.029614 -1.799385 6.299840
v -0.000664 -1.864854 6.176739
v -1.402591 0.688547 -3.122697
v -1.681064 0.620024 -10.725666
v -1.666589 0.610463 -11.914057
v 1.698062 0.610463 -11.914057
v 1.712271 0.620024 -10.725666
v 0.229338 -1.172588 11.898917
v 0.050197 -1.172588 11.898917
v -2.853387 -0.506351 -3.100919
v -2.434150 -0.582576 -1.466599
v 2.465357 -0.582576 -1.466599
v 2.884860 -0.506352 -3.100919
v 0.848566 0.419900 -11.066286
v 0.968348 0.546057 -11.014629
v 0.886280 0.236509 -11.011176
v 0.764905 0.330662 -11.111304
v 0.646451 0.003452 -11.010910
v 0.423088 -0.748969 4.695135
v 0.423088 -0.957990 5.200157
v 1.706694 -0.785754 -12.319084
v 1.698195 -0.788676 -11.958011
v 1.659551 -0.545128 -11.958011
v 1.668448 -0.545128 -12.319084
v 1.810142 -0.081670 -11.958011
v 1.817446 -0.086716 -12.319084
v 1.706694 -0.304103 -12.319084
v 1.698195 -0.301315 -11.958011
v -2.416754 0.243150 -11.958011
v -2.173073 0.204639 -11.958011
v -2.175862 0.196140 -12.319084
v -2.416754 0.234252 -12.319084
v -2.657513 0.196140 -12.319084
v -2.874900 0.085521 -12.319084
v -2.880212 0.092559 -11.958011
v -2.660301 0.204639 -11.958011
v -0.454029 1.582131 -12.393450
v -0.758265 1.361026 -13.263396
v -3.081796 -1.473504 0.142888
v -3.143015 -1.465005 0.145146
v -3.143148 -1.564735 0.162675
v -2.499486 -1.554642 0.122040
v -3.140625 -1.534723 0.013014
v -3.141555 -1.449202 0.069054
v -3.076351 -1.458896 0.069851
v -2.498689 -1.545214 0.077022
v -3.140625 -1.885304 -0.401841
v -3.141555 -1.970824 -0.457881
v -3.076351 -1.960998 -0.458810
v -2.498689 -1.874681 -0.466114
v -3.081796 -1.946523 -0.531848
v -3.143015 -1.955022 -0.534105
v -3.143148 -1.855292 -0.551502
v -2.499486 -1.865252 -0.510866
v 3.125618 -1.534724 -0.401841
v 3.126813 -1.449203 -0.457880
v 3.061345 -1.458897 -0.458810
v 2.483816 -1.545214 -0.466114
v 3.066790 -1.473504 -0.531848
v 3.128274 -1.465006 -0.534105
v 3.128407 -1.564736 -0.551502
v 2.484612 -1.554643 -0.510866
v 1.274576 0.249258 -1.325968
v 0.916292 0.488556 -1.325968
v 1.187063 0.488556 -1.325968
v 1.545214 0.249258 -1.325968
v -1.160106 0.488557 -1.325968
v -0.889202 0.488556 -1.325968
v -1.247618 0.249258 -1.325968
v -1.518256 0.249258 -1.325968
v 3.061345 -1.458897 0.069851
v 3.126813 -1.449203 0.069054
v 3.125618 -1.534724 0.013014
v 2.483816 -1.545215 0.077022
v 3.128407 -1.564735 0.162675
v 3.128274 -1.465006 0.145146
v 3.066790 -1.473505 0.142888
v 2.484612 -1.554643 0.122040
v -3.076351 -1.960998 0.069851
v -3.141555 -1.970825 0.069054
v -3.140625 -1.885304 0.013014
v -2.498689 -1.874680 0.077022
v -3.143148 -1.855292 0.162675
v -3.143015 -1.955022 0.145146
v -3.081796 -1.946523 0.142888
v -2.499486 -1.865252 0.122040
v 0.961044 -0.688945 9.748553
v 1.117876 -0.903145 9.780821
v 0.745517 -0.907395 10.301780
v 0.960115 -0.905403 10.125028
v -2.494042 -2.219419 -5.333883
v -2.469209 -2.213575 -5.153148
v -2.687260 -2.241064 -5.153148
v -2.713686 -2.247439 -5.333883
v -2.818197 -2.355800 -8.544491
v -2.522327 -2.279974 -5.333883
v 2.511969 0.916557 -10.976649
v 3.029873 0.589481 -10.976649
v 0.481916 -1.419988 -9.367163
v 0.724667 -1.545081 -9.360125
v 0.348589 -1.362088 -9.403415
v 0.454295 -1.457967 -9.893831
v 0.454295 -1.457967 -9.407133
v 0.080209 -0.805275 7.332330
v 0.151786 -1.001945 6.652149
v 0.337567 -1.001946 6.553083
v 0.423088 -1.001946 6.507667
v -0.124828 -1.001945 6.652149
v -0.053251 -0.805275 7.332330
v -2.100301 -0.475011 -1.222121
v -1.404583 -0.424947 -1.222121
v -1.342169 -0.832631 -1.728207
v 1.048823 1.283605 -10.725666
v 1.039261 1.269264 -11.914057
v 2.131641 -0.475011 -1.222121
v 1.435790 -0.424947 -1.222121
v 1.442695 -1.274310 -2.078124
v 1.373641 -0.832631 -1.728207
v -3.876315 -2.486338 -11.028571
v -3.738472 -2.506789 -11.718182
v -3.663575 -2.570000 -11.718182
v -3.620417 -2.702530 -11.028571
v 3.694915 -2.570001 -11.718182
v 3.769945 -2.506790 -11.718182
v 3.907787 -2.486340 -11.028571
v 3.651623 -2.702532 -11.028571
v 0.015537 -1.083881 -10.836283
v -3.390679 -1.214153 -4.877463
v -2.707577 -1.222652 -2.013585
v -2.493112 -0.937141 -1.456108
v -2.833335 -0.907395 -2.663754
v 3.422019 -1.214154 -4.877463
v 2.864542 -0.907396 -2.663754
v 2.524318 -0.937142 -1.456108
v 2.738917 -1.222653 -2.013585
v -1.551721 -0.920409 3.819211
v -1.642288 -0.920409 2.567344
v 0.013412 -0.695452 2.792699
v -0.143022 -2.049175 1.056525
v -0.112213 -1.952499 0.478464
v -0.143022 -2.156341 1.041917
v -0.151786 -2.136554 1.495681
v -0.084326 -2.137086 1.499001
v 0.148466 -2.049175 1.056525
v 0.148466 -2.156341 1.041917
v 0.117790 -1.952499 0.478464
v 0.089770 -2.137086 1.499001
v 0.157230 -2.136554 1.495681
v -1.709217 -0.774864 -12.393450
v -1.814923 -0.982159 -12.393450
v -1.510554 -1.203264 -13.263396
v -1.351598 -0.890928 -13.263396
v -1.941743 -0.889998 -12.506990
v -1.858480 -0.726394 -12.506990
v -1.466997 -0.853480 -13.279596
v -1.608824 -1.131953 -13.279596
v 2.756579 -1.494619 -13.279596
v 2.629360 -1.103137 -12.506990
v 2.793097 -1.019874 -12.506990
v 3.035052 -1.352793 -13.279596
v -0.074366 -0.557477 11.338253
v 0.476339 -2.126860 7.526743
v 0.601433 -2.126860 7.704424
v 0.476339 -2.126860 7.056379
v 0.002656 -1.507765 7.899899
v 0.002656 -1.507765 6.038631
v 0.002656 -1.390241 5.338133
v 3.061345 -1.960999 -0.458810
v 3.126813 -1.970825 -0.457881
v 3.125618 -1.885305 -0.401841
v 2.483816 -1.874681 -0.466114
v 3.128407 -1.855293 -0.551502
v 3.128274 -1.955023 -0.534105
v 3.066790 -1.946524 -0.531848
v 2.484612 -1.865253 -0.510866
v -0.183126 -2.191665 0.310875
v -0.185383 -2.203616 0.371430
v -0.203045 -2.104152 0.377273
v -0.161480 -2.077726 -0.265857
v -0.053252 -2.133898 0.373024
v -0.109424 -2.219419 0.369173
v -0.110221 -2.206007 0.304501
v -0.116728 -2.087154 -0.267053
v 0.120180 -2.206007 0.304501
v 0.119383 -2.219419 0.369173
v 0.063211 -2.133898 0.373024
v 0.126687 -2.087154 -0.267053
v 0.213004 -2.104152 0.377273
v 0.195475 -2.203616 0.371430
v 0.193085 -2.191665 0.310875
v 0.171439 -2.077726 -0.265857
v -3.076351 -1.458896 -0.458810
v -3.141555 -1.449202 -0.457880
v -3.140625 -1.534723 -0.401841
v -2.498689 -1.545214 -0.466114
v -3.143148 -1.564734 -0.551502
v -3.143015 -1.465005 -0.534105
v -3.081796 -1.473504 -0.531848
v -2.499486 -1.554642 -0.510866
v 1.524631 0.309016 -1.334467
v 1.146029 0.429329 -1.334467
v 1.540168 0.233986 -1.334467
v 1.072062 0.643396 -2.461905
v 1.337919 0.909387 -5.094186
v 1.262757 0.834091 -4.294489
v 1.198617 0.769818 -3.700625
v 1.133281 0.704482 -3.131595
v 3.322157 -1.387055 -12.058804
v 3.449376 -0.970341 -12.058804
v 0.443538 -1.136335 -5.626698
v 0.404098 -0.941391 -6.005566
v 0.559071 -0.937407 -5.628690
v 0.401973 -0.933157 -5.252612
v 0.025098 -0.931298 -5.097639
v 0.025497 -1.131687 -5.210649
v 0.320702 -1.132883 -5.332024
v -0.365322 -1.851176 0.443140
v -0.500243 -1.456506 0.277411
v -0.500641 -1.367798 -1.229558
v -0.348059 -1.983308 1.131953
v -0.450444 -1.419987 -9.367163
v -0.693461 -1.545081 -9.360125
v -0.422955 -1.457967 -9.893831
v -0.422955 -1.457967 -9.407133
v -0.124829 -1.966177 5.688050
v -0.124829 -1.918902 5.985911
v -0.310610 -1.867244 5.688050
v 1.721567 -0.989065 2.141866
v 1.740557 -1.372845 1.164488
v 0.013412 -0.980167 2.164309
v -0.781106 1.793277 -13.212270
v -0.581779 1.873485 -12.608445
v -1.335928 -1.126641 2.623119
v 1.329686 -1.126641 2.623119
v 0.072374 -0.949757 12.115641
v 0.072374 -0.949757 10.202847
v 0.278473 -0.868618 8.283281
v 0.278473 -0.868618 12.083239
v -0.443937 0.046611 -11.065490
v -0.311805 -0.079014 -11.021269
v -0.614978 0.003453 -11.010910
v -4.458492 -1.710544 -0.379664
v -4.458492 -1.710544 -0.008897
v 4.443485 -1.709350 -0.008897
v 4.443485 -1.709351 -0.379664
v -4.458492 -1.709349 -0.008897
v -4.458492 -1.709349 -0.379664
v 4.443485 -1.710546 -0.379664
v 4.443485 -1.710546 -0.008897
v -0.574210 -2.126860 7.704424
v -0.449249 -2.126860 7.056379
v -0.449249 -2.126860 7.526743
v 1.578678 -0.920409 3.819211
v 1.427291 -0.920409 5.232692
v 0.714708 -1.590498 -9.893831
v 0.714708 -1.590497 -9.407133
v 0.481916 -1.419988 -9.940043
v 0.725199 -1.545214 -9.940840
v -0.683236 -1.590497 -9.407133
v -0.683236 -1.590497 -9.893831
v -0.450444 -1.419987 -9.940043
v -0.693859 -1.545214 -9.940840
v -3.003580 -0.545127 -12.506990
v -2.975029 -0.726394 -12.506990
v 1.383734 -1.404583 0.447655
v 1.406044 -1.474168 0.906332
v 1.740557 -1.337920 0.731839
v 3.125618 -1.885305 0.013014
v 3.126813 -1.970825 0.069054
v 3.061345 -1.960999 0.069851
v 2.483816 -1.874681 0.077022
v 3.066790 -1.946524 0.142888
v 3.128274 -1.955023 0.145146
v 3.128407 -1.855293 0.162675
v 2.484612 -1.865253 0.122040
v -0.078216 2.948336 -13.212269
v 0.125891 1.040058 -13.206293
v 0.032004 1.455842 -12.506990
v 0.228542 1.544417 -12.506990
v 0.470496 1.211497 -13.279596
v 0.192156 1.069671 -13.279596
v -0.144217 -1.390241 5.666139
v -0.302775 -1.115884 5.666138
v -2.555393 0.765303 -10.725666
v -2.536270 0.754945 -11.914057
v -3.280857 -0.119383 -12.058804
v -2.901327 0.329733 -12.058804
v 2.586733 0.765303 -10.725666
v 2.567743 0.754945 -11.914057
v 2.513164 0.596120 -12.058804
v 2.932534 0.329732 -12.058804
v 3.594255 -0.318578 -10.725666
v 3.651756 -0.688282 -10.725666
v 3.626923 -0.690540 -11.914057
v 3.569689 -0.322961 -11.914057
v -3.595451 -0.690539 -11.914057
v -3.620416 -0.688281 -10.725666
v -3.563049 -0.318577 -10.725666
v -3.538349 -0.322960 -11.914057
v 0.071577 -0.988666 -4.928191
v 0.404098 -0.977910 -4.794997
v 0.322163 -1.175908 -4.711601
v -0.001859 -0.996767 -4.929386
v 1.265811 -1.435790 -0.816562
v 0.013412 -1.719177 7.761526
v 0.013412 -2.000970 7.422497
v 0.313000 -1.623696 7.877722
v 0.296268 -1.623696 7.936418
v 0.296267 -2.044527 7.936418
v 0.313000 -2.044527 7.321041
v 0.467309 -1.623696 7.877722
v 0.450444 -1.623696 7.936418
v 0.450444 -2.044527 7.936418
v 0.467309 -2.044527 7.321041
v -0.269311 -2.044526 7.936418
v -0.269310 -1.623696 7.936418
v -0.286176 -1.623696 7.877722
v -0.286176 -2.044527 7.321041
v 0.109689 -2.044527 7.936418
v 0.109689 -1.623696 7.936418
v 0.092824 -1.623696 7.877722
v 0.092824 -2.044527 7.321041
v -0.423487 -2.044526 7.936418
v -0.423487 -1.623696 7.936418
v -0.440352 -1.623696 7.877722
v -0.440352 -2.044527 7.321041
v -0.115134 -2.044526 7.936418
v -0.115134 -1.623696 7.936418
v -0.131867 -1.623696 7.877722
v -0.131867 -2.044527 7.321041
v 1.390507 -1.476957 -1.509359
v -0.513257 -1.020271 2.668801
v 0.400645 0.499446 3.502494
v 0.747509 0.323358 3.666364
v -0.720551 0.323358 3.666364
v -0.373422 0.499446 3.502494
v 0.884023 1.389444 -12.500218
v 0.954803 1.526622 -12.500218
v 0.954803 1.526622 -12.051633
v 0.884023 1.389444 -12.051633
v 0.646849 1.512014 -12.500218
v 0.730112 1.382406 -12.500218
v 0.730112 1.382406 -12.051633
v 0.646849 1.512014 -12.051633
v 3.162802 -1.528615 -12.051633
v 3.162802 -1.528615 -12.500218
v 3.286302 -1.436189 -12.500218
v 3.286302 -1.436189 -12.051633
v 3.126150 -1.222520 -12.051633
v 3.126150 -1.222520 -12.500218
v 3.002782 -1.314814 -12.500218
v 3.002782 -1.314814 -12.051633
v -3.254829 -1.436188 -12.500218
v -3.131462 -1.528614 -12.500218
v -3.131462 -1.528614 -12.051633
v -3.254829 -1.436188 -12.051633
v -2.989769 -1.467794 -12.500218
v -2.971310 -1.314813 -12.500218
v -2.971310 -1.314813 -12.051633
v -2.989769 -1.467794 -12.051633
v 0.002656 -1.390241 8.141853
v 0.717497 1.649060 -12.051633
v 0.871275 1.656364 -12.051633
v 0.871275 1.656364 -12.500218
v 0.717497 1.649060 -12.500218
v -0.698639 1.382406 -12.051633
v -0.698639 1.382406 -12.500218
v -0.615376 1.512015 -12.500218
v -0.615376 1.512015 -12.051633
v -0.686157 1.649060 -12.051633
v -0.686157 1.649060 -12.500218
v -0.840067 1.656364 -12.500218
v -0.840067 1.656364 -12.051633
v -2.337740 0.441547 -12.051633
v -2.345044 0.595590 -12.051633
v -2.345044 0.595590 -12.500218
v -2.337740 0.441547 -12.500218
v -2.078390 0.608073 -12.051633
v -2.071086 0.454029 -12.051633
v -2.071086 0.454029 -12.500218
v -2.078390 0.608073 -12.500218
v -1.076311 1.817977 -12.500218
v -1.076311 1.817977 -12.051633
v -0.993048 1.947718 -12.051633
v -0.993048 1.947718 -12.500218
v -0.768357 1.803369 -12.500218
v -0.768357 1.803369 -12.051633
v -0.851620 1.673760 -12.051633
v -0.851620 1.673760 -12.500218
v 3.007298 -1.629540 -12.500218
v 3.007298 -1.629540 -12.051633
v 2.883797 -1.721966 -12.051633
v 2.883797 -1.721966 -12.500218
v 2.723911 -1.508165 -12.500218
v 2.723911 -1.508165 -12.051633
v 2.847411 -1.415739 -12.051633
v 2.847411 -1.415739 -12.500218
v -2.215302 0.678853 -12.500218
v -2.215302 0.678853 -12.051633
v -1.005664 1.680799 -12.051633
v -1.005664 1.680798 -12.500218
v -2.957765 -1.476558 -12.500218
v -2.976091 -1.629539 -12.500218
v -2.976091 -1.629539 -12.051633
v -2.957765 -1.476558 -12.051633
v -2.710764 -1.661410 -12.500218
v -2.692571 -1.508164 -12.500218
v -2.692571 -1.508164 -12.051633
v -2.710764 -1.661410 -12.051633
v 2.246510 0.678852 -12.051633
v 2.246510 0.678852 -12.500218
v 2.109597 0.608072 -12.500218
v 2.109597 0.608072 -12.051633
v 2.102293 0.454029 -12.051633
v 2.102293 0.454029 -12.500218
v 2.232168 0.370766 -12.500218
v 2.232168 0.370766 -12.051633
v 0.799565 1.803369 -12.051633
v 0.870345 1.940415 -12.051633
v 0.870345 1.940414 -12.500218
v 0.799565 1.803369 -12.500218
v 1.107519 1.817976 -12.051633
v 1.036871 1.680798 -12.051633
v 1.036871 1.680798 -12.500218
v 1.107519 1.817976 -12.500218
v -1.909341 0.218051 -12.500218
v -1.779732 0.301314 -12.500218
v -1.779732 0.301314 -12.051633
v -1.909341 0.218051 -12.051633
v -2.053690 0.442742 -12.500218
v -2.046386 0.288698 -12.500218
v -2.046386 0.288698 -12.051633
v -2.053690 0.442742 -12.051633
v -1.787035 0.455357 -12.051633
v -1.787035 0.455357 -12.500218
v 1.810939 0.301314 -12.051633
v 1.810939 0.301314 -12.500218
v 1.940813 0.218050 -12.500218
v 1.940813 0.218050 -12.051633
v 2.077726 0.288698 -12.051633
v 2.077726 0.288698 -12.500218
v 2.085030 0.442741 -12.500218
v 2.085030 0.442741 -12.051633
v 3.267843 -1.283076 -12.500218
v 3.267843 -1.283075 -12.051633
v 2.376517 0.595589 -12.500218
v 2.376517 0.595589 -12.051633
v 2.369213 0.441546 -12.051633
v 2.369213 0.441546 -12.500218
v 1.818242 0.455357 -12.051633
v 1.818242 0.455357 -12.500218
v 1.955155 0.526004 -12.500218
v 1.955155 0.526004 -12.051633
v -2.852591 -1.721965 -12.051633
v -2.852591 -1.721965 -12.500218
v 0.882828 1.673760 -12.500218
v 0.882828 1.673760 -12.051633
v 1.024256 1.947718 -12.500218
v 1.024256 1.947718 -12.051633
v -3.236636 -1.283074 -12.051633
v -3.094810 -1.222519 -12.051633
v -3.094810 -1.222519 -12.500218
v -3.236636 -1.283074 -12.500218
v 2.742237 -1.661411 -12.051633
v 2.742237 -1.661411 -12.500218
v 2.988972 -1.476559 -12.500218
v 2.988972 -1.476559 -12.051633
v -0.395998 -0.748969 4.695135
v -0.310610 -0.734760 4.651843
v -0.124828 -0.704084 4.557823
v -1.925542 -1.559024 -0.369040
v -0.250852 -1.593286 -0.369040
v -0.256164 -1.645342 -0.541276
v -0.258156 -1.664996 -0.606081
v 1.018280 2.601340 -10.976650
v 0.572484 3.031997 -10.976649
v 0.015538 3.293606 -9.059873
v 0.015538 3.324414 -10.764176
v 0.601433 -1.282676 7.358491
v -1.273115 -1.067281 3.021241
v -1.291308 -1.116150 2.671456
v -0.957592 -1.116150 2.671456
v -0.954006 -1.067281 3.021241
v 2.384351 -2.202156 -5.332024
v 2.525381 -2.219419 -5.333883
v 2.500681 -2.213576 -5.153148
v 2.332428 -2.189408 -4.947182
v 2.002164 -2.138547 -2.230574
v 2.528568 -2.273467 -5.153148
v -2.353012 -2.202155 -5.332024
v -2.301089 -2.189407 -4.947182
v -2.322602 -2.247571 -4.947182
v -1.837631 -2.119291 -2.109198
v -1.970958 -2.138546 -2.230574
v -2.497361 -2.273466 -5.153148
v -1.827140 -1.574031 -10.725666
v -1.811868 -1.571375 -11.914057
v 1.843341 -1.571375 -11.914057
v 1.858346 -1.574031 -10.725666
v -1.234604 -0.535964 -0.816562
v -1.210303 -0.474347 -1.174182
v -1.329819 -0.897302 -1.159309
v -1.347481 -0.924658 -0.816562
v 0.455756 0.757203 -1.219200
v 0.861979 0.597316 -1.219200
v 1.177502 0.473152 -1.219200
v 1.532333 0.234252 -1.219200
v -0.428798 0.757203 -1.219200
v -0.834888 0.597316 -1.219200
v -1.505375 0.234252 -1.219200
v -1.150279 0.473152 -1.219200
v 0.423088 -0.920409 5.232692
v 0.015537 1.663801 -1.229558
v 0.015537 1.771365 -1.334467
v 0.171440 1.603777 -1.222121
v 0.187774 1.680400 -1.334467
v 0.401973 -0.863174 -6.462915
v 0.025098 -0.861580 -6.307942
v 0.320702 -1.063164 -6.542592
v 3.971529 -2.189674 -10.728055
v 3.693189 -2.386610 -10.728055
v -0.070780 -0.989064 1.618252
v -0.113010 -0.989064 2.081975
v -0.113010 -1.640694 0.422690
v -0.070780 -1.492627 0.022443
v 0.231065 -0.989064 1.618252
v 0.188703 -0.989064 2.081975
v 0.188703 -1.640694 0.422690
v 0.231065 -1.492627 0.022443
v -1.114822 0.429329 -1.334467
v -1.493424 0.309016 -1.334467
v -1.508828 0.233987 -1.334467
v -1.124649 0.493868 -1.501657
v -0.044752 -1.172588 11.898917
v -0.044752 -1.333537 11.779667
v -0.023505 -1.352527 12.006881
v -0.023505 -1.153598 12.154417
v -0.223894 -1.172588 11.898917
v -0.245142 -1.153598 12.154417
v -0.130140 -1.352527 12.006881
v -0.130937 -1.333537 11.779667
v 3.454687 -2.062986 -5.145180
v 3.213131 -2.234027 -5.145180
v 3.243541 -2.240534 -5.332024
v 3.486691 -2.068298 -5.332024
v 0.695187 0.764905 -1.222121
v 0.760921 0.768225 -1.334467
v 0.922534 0.727190 -1.501657
v 1.190516 -1.108847 -1.615728
v 1.246821 -1.071531 -1.615728
v 2.081046 -1.343630 -1.369392
v 1.990080 -1.400599 -1.369392
v -2.053823 -1.343629 -1.369392
v -1.219864 -1.071531 -1.615728
v -1.163293 -1.108846 -1.615728
v -1.962857 -1.400599 -1.369392
v 1.718512 -0.690805 -12.608445
v 1.519186 -0.771014 -13.212270
v 1.861135 -0.545128 -12.506990
v 3.397718 -0.236510 -13.279596
v 3.006235 -0.363463 -12.506990
v 3.035052 -0.545128 -12.506990
v -2.562431 0.184454 -12.608445
v -2.642772 0.383780 -13.212270
v -1.487713 -0.771013 -13.212270
v -1.687040 -0.690805 -12.608445
v -1.829796 -0.545127 -12.506990
v 4.084671 -1.856489 -10.525276
v 4.045098 -1.852239 -8.817254
v -2.146249 -1.412949 1.062368
v -2.276787 -1.270459 1.304587
v -2.387141 -1.270459 -1.325968
v -2.318352 -1.340177 -1.325968
v -2.241463 -1.417597 -1.325968
v -0.065867 -1.623696 7.877722
v -0.082732 -1.623696 7.936418
v -0.082732 -2.044527 7.936418
v -0.065867 -2.044527 7.321041
v -0.220043 -1.623696 7.877722
v -0.236908 -1.623696 7.936418
v -0.236908 -2.044526 7.936418
v -0.220043 -2.044527 7.321041
v -0.374219 -1.623696 7.877722
v -0.391084 -1.623696 7.936418
v -0.391084 -2.044526 7.936418
v -0.374219 -2.044527 7.321041
v 0.158824 -1.623696 7.877722
v 0.142091 -1.623696 7.936418
v 0.142091 -2.044527 7.936418
v 0.158824 -2.044527 7.321041
v 0.418041 -2.044527 7.936418
v 0.418041 -1.623696 7.936418
v 0.401176 -1.623696 7.877722
v 0.401176 -2.044527 7.321041
v 0.263865 -2.044527 7.936418
v 0.263865 -1.623696 7.936418
v 0.247000 -1.623696 7.877722
v 0.247000 -2.044527 7.321041
v -0.410472 -0.989064 1.618252
v -0.452834 -0.989064 2.081975
v -0.452835 -1.585318 0.563453
v -0.410473 -1.492627 0.022443
v 0.570624 -0.989064 1.618252
v 0.528262 -0.989064 2.081975
v 0.528262 -1.585318 0.563453
v 0.570624 -1.492627 0.022443
v -0.350714 -0.969411 -4.043903
v -0.505820 -0.973660 -4.420777
v -0.348988 -0.977910 -4.797121
v 0.025098 -0.967552 -3.887071
v 0.417643 -0.920409 11.329887
v 0.198397 -0.920409 11.244367
v -0.840864 -1.556767 0.636491
v -0.840864 -0.989064 2.081975
v -0.883226 -0.989064 1.618252
v -0.883226 -1.492627 0.022443
v 0.819616 -1.556767 0.636491
v 0.819617 -0.989064 2.081975
v 0.777255 -0.989064 1.618252
v 0.777255 -1.492627 0.022443
v 1.467263 1.038464 -10.976649
v 1.985566 1.074983 -10.976649
v 1.557830 1.129031 -10.976649
v -1.341372 -0.663980 6.582431
v -1.547339 -0.663979 6.582431
v -1.594481 -0.567968 5.854974
v 1.368330 -0.663980 6.582431
v 1.574296 -0.663980 6.582431
v 1.621439 -0.567968 5.854974
v -0.355362 -0.491610 10.259151
v -0.283652 -0.403434 10.125427
v 0.310610 -0.403434 10.125427
v 0.382320 -0.491611 10.259151
v -0.943914 0.651630 -10.976649
v 0.423088 -1.255320 6.467563
v 0.423088 -1.264218 6.343797
v 0.423088 -1.074319 6.373941
v -3.166520 -0.788675 -11.958011
v -3.158021 -0.785753 -12.319084
v 3.189360 -0.785754 -12.319084
v 3.197859 -0.788676 -11.958011
v 0.633437 2.262976 -11.958011
v 0.624938 2.260187 -12.319084
v -0.917354 2.365361 -13.263396
v -0.559602 2.249165 -12.393450
v 0.149794 -1.390241 5.666139
v 0.308219 -1.115884 5.666138
v 1.789824 0.360939 -13.263396
v 2.010929 0.056571 -12.393450
v 2.218224 0.162276 -12.393450
v 2.101894 0.519896 -13.263396
v 0.015537 0.428931 -10.926851
v 0.240361 0.325616 -10.811982
v 0.371032 0.248992 -10.991124
v 0.293612 -0.069320 -10.992849
v 0.013412 -1.300338 4.556761
v 0.013412 -1.550260 4.684245
v -0.574210 -1.545479 8.555646
v 0.004648 -1.547737 8.552990
v 0.650434 -1.440305 8.381020
v 0.650434 -1.542160 8.482741
v 0.650434 -2.046120 7.876792
v 0.650434 -2.077593 7.700174
v 0.650434 -2.077593 6.929825
v 0.650434 -1.723161 6.942971
v 0.650434 -1.333670 7.375090
v -1.089989 -0.989064 1.618252
v -1.132351 -0.989064 2.081975
v -1.132351 -1.508031 0.760523
v -1.089989 -1.492627 0.022443
v 1.250008 -0.989064 1.618252
v 1.207647 -0.989064 2.081975
v 1.207646 -1.508031 0.760523
v 1.250008 -1.492627 0.022443
v -0.505820 -0.867423 -6.841782
v -0.348988 -0.871673 -7.217859
v -0.016599 3.009422 -12.058805
v 0.022045 3.019647 -12.052696
v 3.085913 -0.081670 -11.958011
v 3.078609 -0.086716 -12.319084
v -0.935946 -0.923728 10.120115
v -1.069539 -0.923728 9.794498
v 0.101323 -0.557477 11.338253
v -0.350714 -0.933157 -5.254471
v -0.505820 -0.937407 -5.631346
v -0.348988 -0.941391 -6.007424
v 2.027263 -0.333584 1.140850
v 2.113182 -0.303306 -1.158379
v 1.829397 -0.314328 -1.325968
v 1.574827 0.007436 -1.325968
v 1.845731 0.007436 -1.325968
v 2.100036 -0.314328 -1.325968
v -2.000306 -0.333583 1.140850
v -2.086225 -0.303306 -1.158379
v -1.818641 0.007437 -1.325968
v -1.547870 0.007437 -1.325968
v -1.802440 -0.314328 -1.325968
v -2.073078 -0.314328 -1.325968
v -1.429814 -0.989064 1.618252
v -1.472176 -0.989064 2.081975
v -1.472176 -1.468059 0.862244
v -1.429814 -1.389842 0.347925
v 1.499001 -1.468060 0.862244
v 1.499001 -0.989065 2.081975
v 1.456772 -0.989065 1.618252
v 1.456772 -1.389843 0.347925
v 0.703155 0.274356 4.468585
v 1.233409 -0.171440 4.835765
v 1.528880 -0.396131 4.116277
v 1.399935 -0.366119 4.964445
v -0.675931 0.274357 4.468585
v -1.206319 -0.171439 4.835765
v -1.501923 -0.396130 4.116277
v -1.372978 -0.366118 4.964445
v 3.551495 -1.775217 -5.145180
v 3.584163 -1.778670 -5.332024
v 3.432776 -1.318532 -5.132165
v 3.397718 -1.318266 -4.934299
v -3.401569 -1.318531 -5.132165
v -3.552691 -1.778669 -5.332024
v -3.520289 -1.775216 -5.145180
v -3.366511 -1.318265 -4.934299
v -0.571819 1.087334 -1.222121
v -0.631445 1.111370 -1.334467
v 0.466512 -0.942852 3.748697
v 1.843075 -0.678056 4.810268
v -1.816118 -0.678056 4.810268
v 2.584608 -2.118096 -2.078124
v 2.798941 -1.972021 -2.078124
v 2.752329 -1.937361 -2.078124
v 2.546893 -2.072282 -2.078124
v -1.484659 0.174494 -1.222121
v -1.817578 0.039972 -1.334467
v -2.077726 -0.240759 -1.334467
v -2.001235 -0.257093 -1.222121
v -1.763929 -0.000797 -1.222121
v 1.515866 0.174494 -1.222121
v 2.032575 -0.257093 -1.222121
v 2.108933 -0.240759 -1.334467
v 1.849051 0.039971 -1.334467
v 1.795269 -0.000797 -1.222121
v -2.225528 0.696249 -12.058804
v -1.967372 0.657473 -12.058804
v 1.124782 1.828069 -12.058804
v 1.086271 1.570046 -12.058804
v -3.218178 -2.407060 -8.649533
v -2.888844 -2.326452 -5.332024
v -3.218975 -2.344645 -8.719251
v -2.645562 -2.281966 -8.726554
v 3.250181 -2.344646 -8.719251
v 2.676901 -2.281967 -8.726554
v 0.002656 -1.550260 -1.442563
v 0.149794 -1.550260 -1.442563
v 0.015538 2.752064 -5.175590
v 0.026560 3.286700 -8.649267
v 0.015538 2.978481 -6.600092
v 0.015538 2.781146 -5.403733
v 0.015537 2.259523 -2.590053
v 0.015537 1.934572 -1.444156
v 0.015537 2.437204 -3.227872
v 0.311672 -1.073390 7.007378
v 1.131554 0.432782 0.924658
v 0.860784 0.432782 0.924658
v 0.934353 0.362666 1.304587
v 1.204991 0.362666 1.304587
v 1.756359 -0.039706 1.304588
v 1.747329 -0.050064 1.197687
v 1.273513 0.317382 1.197687
v 0.135584 -1.352527 12.006881
v 0.136381 -1.333537 11.779667
v 0.050197 -1.333537 11.779667
v 0.028949 -1.352527 12.006881
v -0.659996 2.606254 -13.279598
v -0.907395 0.362666 1.304587
v -0.833560 0.432782 0.924658
v -1.104331 0.432782 0.924658
v -1.178033 0.362666 1.304587
v -1.246556 0.317383 1.197687
v -1.720372 -0.050064 1.197687
v -1.729269 -0.039706 1.304588
v 2.266562 0.013013 -12.506990
v 2.447961 0.041697 -12.506990
v 0.466512 -0.935282 2.470669
v 0.015537 1.949976 -12.506990
v 0.470496 2.019428 -12.506990
v -0.317914 -1.073390 7.007378
v 0.982558 2.829350 -11.028572
v 0.898896 2.913013 -11.718183
v -3.226677 0.554025 -11.028572
v -3.310338 0.470098 -11.718183
v -0.867689 2.913013 -11.718183
v -0.951350 2.829351 -11.028572
v 3.341811 0.470097 -11.718183
v 3.258149 0.554024 -11.028572
v 0.241290 -1.645342 0.152317
v 0.243415 -1.664996 0.217254
v 0.245540 -1.686642 0.288566
v -0.993712 2.084499 -12.058804
v -0.395998 -1.665261 4.992863
v -0.395998 -1.483862 4.811729
v 0.354167 0.791331 -1.114689
v 0.083529 0.791331 -1.114689
v 0.989994 -1.590099 -9.360125
v 1.277231 -1.546011 -9.360787
v -1.246025 -1.546011 -9.360787
v -0.958787 -1.590099 -9.360125
v -0.327209 0.791331 -1.114689
v -0.856932 0.546854 0.275153
v -0.056571 0.791331 -1.114689
v -0.001859 -0.960513 -6.139689
v 2.306135 -1.384000 1.532465
v 2.257133 -1.616791 1.594349
v 2.307994 -1.627548 1.594349
v 2.356996 -1.394756 1.532465
v -2.363237 -1.394756 1.532465
v -2.314235 -1.627547 1.594349
v -2.263375 -1.616790 1.594349
v -2.312376 -1.383999 1.532465
v 0.585763 -1.145100 7.009370
v 0.791862 -1.145100 7.009370
v 0.780707 -1.108448 7.270579
v 0.583638 -1.108448 7.270579
v -0.787082 -1.108448 7.270579
v -0.798104 -1.145099 7.009370
v -0.592137 -1.145099 7.009370
v -0.589880 -1.108448 7.270579
v -2.245315 -2.134961 -2.078124
v -1.804565 -2.075734 -2.078124
v -1.855691 -1.414941 -12.058804
v -0.094417 2.998533 -13.206292
v 1.887163 -1.414942 -12.058804
v -0.090434 -2.266827 1.631000
v -0.167323 -2.269616 1.624228
v -0.155239 -2.247837 1.471645
v -0.078217 -2.244783 1.478418
v -0.084857 -2.112386 1.496876
v -0.161879 -2.115307 1.490369
v -0.174096 -2.137351 1.642952
v -0.097074 -2.134297 1.649459
v 0.884023 0.546854 0.275153
v 1.541230 1.112431 -8.647010
v 1.493556 1.064758 -7.806543
v 1.545878 1.117079 -8.834915
v 1.559423 1.130624 -10.775862
v 1.549065 1.120399 -9.218033
v -1.306712 0.909387 -5.094186
v -1.462216 1.064758 -7.806543
v -1.509757 1.112432 -8.647010
v -1.514405 1.117080 -8.834915
v -1.517725 1.120400 -9.218033
v -1.528083 1.130625 -10.775862
v -3.940323 -2.189672 -10.728055
v -3.661717 -2.386609 -10.728055
v -2.598153 -1.103136 -12.506990
v -2.416754 -1.131953 -12.506990
v -2.270944 -1.274576 -12.608445
v -2.190603 -1.473902 -13.212270
v -0.327076 2.364300 -12.506990
v 0.015537 2.200960 -12.506990
v 0.963169 -0.923729 10.120115
v 0.423088 -0.920409 5.483412
v -2.136554 -0.623477 1.304587
v -2.121548 -0.630781 1.197687
v -2.219818 -0.912706 1.197687
v -2.236417 -0.964099 1.304588
v -2.258727 -1.166081 1.197687
v -2.360183 -1.166081 -1.219200
v 2.246775 -0.912707 1.197687
v 2.148506 -0.630781 1.197687
v 2.163512 -0.623477 1.304587
v 2.263374 -0.964099 1.304588
v 2.387140 -1.166082 -1.219200
v 2.285684 -1.166082 1.197687
v -0.350714 -0.863174 -6.464906
v 2.020225 0.414589 -2.188212
v 1.917441 0.480455 -2.191665
v 1.900310 0.458943 -2.195250
v 1.809345 0.386038 -1.572039
v 1.871892 0.346066 -1.570047
v 2.004024 0.393740 -2.191797
v 1.856355 0.277012 -1.668316
v 1.753305 0.342613 -1.671769
v 1.821031 0.385772 -2.213576
v 1.967903 0.291752 -2.208928
v -0.812180 1.591693 -2.188212
v -0.877781 1.488776 -2.191664
v -0.856268 1.471645 -2.195250
v -0.783363 1.380680 -1.572039
v -0.743392 1.443094 -1.570047
v -0.791065 1.575226 -2.191797
v -0.674338 1.427557 -1.668316
v -0.740205 1.324640 -1.671769
v -0.783230 1.392233 -2.213576
v -0.689211 1.539238 -2.208928
v -1.989018 0.414589 -2.188212
v -1.886101 0.480456 -2.191665
v -1.840552 0.346067 -1.570047
v -1.778138 0.386038 -1.572039
v -1.869103 0.458943 -2.195250
v -1.972551 0.393740 -2.191797
v -1.789691 0.385772 -2.213576
v -1.721965 0.342614 -1.671769
v -1.824882 0.277013 -1.668316
v -1.936564 0.291753 -2.208928
v 0.843388 1.591692 -2.188212
v 0.909254 1.488775 -2.191664
v 0.774599 1.443094 -1.570047
v 0.814836 1.380679 -1.572039
v 0.887476 1.471645 -2.195250
v 0.822538 1.575226 -2.191797
v 0.814438 1.392233 -2.213576
v 0.771412 1.324640 -1.671769
v 0.705811 1.427557 -1.668316
v 0.720551 1.539238 -2.208928
v 3.487621 -0.678190 -12.058804
v 3.438221 -0.380594 -12.058804
v 3.312197 -0.119384 -12.058804
v -3.407013 -0.380593 -12.058804
v -3.456281 -0.678189 -12.058804
v -0.161480 -1.640694 0.422690
v -0.161480 -0.989064 2.081975
v -0.203842 -0.989064 1.618252
v -0.203842 -1.492627 0.022443
v 0.140232 -1.640694 0.422690
v 0.140232 -0.989064 2.081975
v 0.097870 -0.989064 1.618252
v 0.097870 -1.492627 0.022443
v -1.923948 0.526005 -12.500218
v -1.923948 0.526005 -12.051633
v -0.923330 1.526622 -12.051633
v -0.923330 1.526622 -12.500218
v -0.852683 1.389444 -12.500218
v -0.852683 1.389444 -12.051633
v -2.815939 -1.415738 -12.051633
v -2.815939 -1.415738 -12.500218
v -2.834132 -1.568984 -12.500218
v -1.916644 0.372094 -12.500218
v 0.013412 -1.300338 6.605936
v -0.087114 -1.568984 6.468226
v 0.013412 -1.547073 6.480178
v 0.013412 -0.825460 7.262745
v 0.013412 -0.805275 7.332994
v 0.013412 -1.024919 6.650687
v 3.144475 -1.375502 -12.500218
v 3.020975 -1.467795 -12.051633
v 3.020975 -1.467795 -12.500218
v -3.113269 -1.375501 -12.500218
v 1.948117 0.372094 -12.500218
v -0.769420 1.519318 -12.500218
v 2.239205 0.524809 -12.500218
v 3.012078 -1.781060 -12.058804
v 3.200516 -1.629938 -12.058804
v 3.295332 -1.755430 -11.914057
v 3.067056 -1.937494 -11.914057
v 3.318438 -1.758883 -10.725666
v 3.088834 -1.942275 -10.725666
v -0.450046 -0.805407 10.222502
v -0.169581 -0.805407 11.143309
v 0.196538 -0.805407 11.143309
v 0.477003 -0.805407 10.222502
v -3.263992 -1.755430 -11.914057
v -3.169176 -1.629938 -12.058804
v -2.980739 -1.781059 -12.058804
v -3.035583 -1.937493 -11.914057
v -3.057494 -1.942274 -10.725666
v -3.287099 -1.758883 -10.725666
v -0.986806 2.601340 -10.976650
v -0.541010 3.031997 -10.976649
v -1.713467 -1.337919 0.731839
v 0.293877 -0.134788 -10.970276
v 0.205037 -0.223363 -10.851422
v -0.501305 -1.585318 0.563453
v -0.501305 -0.989064 2.081975
v -0.543667 -0.989064 1.618252
v -0.543667 -1.492627 0.022443
v 0.479792 -1.585318 0.563453
v 0.479792 -0.989064 2.081975
v 0.437430 -0.989064 1.618252
v 0.437430 -1.492627 0.022443
v 0.013412 -1.023060 4.513204
v 0.151786 -1.300073 4.557824
v 0.013412 -0.923197 4.522367
v 0.013412 -0.703951 4.556894
v -0.625469 -0.660926 -8.762939
v -1.410692 -1.502719 -8.726554
v 0.656676 -0.660926 -8.762939
v 1.442164 -1.502720 -8.726554
v 0.899029 -1.064227 3.069711
v 0.951350 -1.116150 2.671456
v 1.285066 -1.116150 2.671456
v 1.266873 -1.067281 3.021241
v 0.947765 -1.067281 3.021241
v -0.750297 -0.989064 1.618252
v -0.792659 -0.989064 2.081975
v -0.792659 -1.556767 0.636491
v -0.750297 -1.492627 0.022443
v 0.910449 -0.989064 1.618252
v 0.868087 -0.989064 2.081975
v 0.868087 -1.556767 0.636491
v 0.910449 -1.492627 0.022443
v -3.580047 -1.504976 -0.194280
v -4.445877 -1.710544 -0.194280
v -4.445877 -1.709349 -0.194280
v 4.430870 -1.710546 -0.194280
v 4.430870 -1.709350 -0.194280
v 0.013412 0.203842 -1.588240
v 0.013413 0.770349 0.290159
v 0.013413 0.770217 -0.213802
v 0.013413 0.792659 -1.160106
v -3.054706 -0.081669 -11.958011
v -3.047402 -0.086716 -12.319084
v 1.989815 0.085520 -12.319084
v 1.984503 0.092558 -11.958011
v -2.481957 0.596121 -12.058804
v -0.260413 -1.686641 0.288566
v -0.258156 -1.664996 0.217254
v -0.256164 -1.645342 0.152317
v -0.250852 -1.593286 -0.019919
v -1.925542 -1.559024 -0.019919
v 0.245540 -1.733253 0.288566
v 0.243415 -1.755032 0.217254
v 0.241290 -1.774685 0.152317
v -2.416754 -1.324374 -12.319084
v -2.416754 -1.333537 -11.958011
v 2.447961 -1.333538 -11.958011
v 2.447961 -1.324375 -12.319084
v 0.015537 1.055462 -13.209482
v 0.015537 1.268732 -12.665283
v 0.015537 1.293964 -12.605259
v 0.109690 1.090387 -13.212270
v 0.745915 0.392545 -1.222121
v -0.310610 -1.867244 5.474647
v -0.581779 -1.276435 -1.883047
v -0.055907 -1.219067 -2.063384
v -0.053251 -1.343231 -1.898185
v 0.087380 -1.219067 -2.063384
v 0.613119 -1.276435 -1.883047
v 0.084458 -1.343231 -1.898185
v -1.180689 -1.508031 0.760523
v -1.180689 -0.989064 2.081975
v -1.223051 -0.989064 1.618252
v -1.223051 -1.492627 0.022443
v 1.159309 -1.508031 0.760523
v 1.159309 -0.989064 2.081975
v 1.116947 -0.989064 1.618252
v 1.116947 -1.492627 0.022443
v 4.082546 -1.856356 -10.728055
v 2.278115 -0.287769 -1.136999
v 2.278115 -0.287769 -1.048557
v 1.988221 -0.026958 -1.048557
v 1.988221 -0.026958 -1.136999
v 2.007078 0.018060 -1.048557
v 2.317422 -0.255367 -1.048557
v 2.317422 -0.255367 -1.136999
v 2.007078 0.018060 -1.136999
v 2.155146 -0.287769 1.017748
v 2.155146 -0.287769 1.106190
v 1.865252 -0.026958 1.106190
v 1.865252 -0.026958 1.017748
v 1.884242 0.018060 1.106190
v 2.194719 -0.255367 1.106190
v 2.194719 -0.255367 1.017748
v 1.884242 0.018060 1.017748
v -1.960998 -0.026957 -1.048557
v -2.251290 -0.287769 -1.048557
v -2.251290 -0.287769 -1.136999
v -1.960998 -0.026957 -1.136999
v -2.290597 -0.255366 -1.136999
v -2.290597 -0.255366 -1.048557
v -1.980121 0.018061 -1.048557
v -1.980121 0.018061 -1.136999
v -1.838295 -0.026957 1.106190
v -2.128188 -0.287769 1.106190
v -2.128188 -0.287769 1.017748
v -1.838295 -0.026957 1.017748
v -2.167496 -0.255366 1.017748
v -2.167496 -0.255366 1.106190
v -1.857284 0.018061 1.106190
v -1.857284 0.018061 1.017748
v -0.826788 0.717364 -1.334467
v -0.861979 0.464653 -1.334467
v 0.613119 2.165105 -12.608445
v 0.812579 2.245314 -13.212270
v -1.520514 -1.456240 0.891990
v -1.520514 -0.989064 2.081975
v -1.562876 -0.989064 1.618252
v -1.562876 -1.356245 0.454561
v 1.589833 -0.989065 1.618252
v 1.547471 -0.989065 2.081975
v 1.547471 -1.456241 0.891990
v 1.589833 -1.356246 0.454561
v -0.038643 3.283779 -8.645018
v -1.782786 -2.024076 -2.078124
v -2.226059 -2.088482 -2.078124
v -2.720989 -1.937360 -2.078124
v -2.767468 -1.972020 -2.078124
v -2.553136 -2.118096 -2.078124
v -2.515422 -2.072281 -2.078124
v -0.074631 -0.088310 -10.836948
v -2.200828 0.370766 -12.500218
v -2.200828 0.370766 -12.051633
v -0.839137 1.940415 -12.500218
v -0.839137 1.940415 -12.051633
v 0.013412 -2.102027 6.812433
v 0.829311 2.982465 -11.718182
v 0.745650 3.066259 -11.028571
v -0.714442 3.066259 -11.028571
v -0.798103 2.982465 -11.718182
v -3.379923 0.400779 -11.718183
v -3.463584 0.316851 -11.028572
v 3.494925 0.316850 -11.028572
v 3.411263 0.400777 -11.718183
v 1.772826 -1.115486 7.146814
v 1.783981 -1.062766 7.188777
v 1.851043 -1.084545 6.760510
v 1.869103 -1.026115 6.760377
v -0.180735 -0.225753 9.946153
v -0.275153 -0.292549 9.924640
v -0.304103 -0.378734 10.136583
v -0.231065 -0.341817 10.192755
v 0.331060 -0.378734 10.136583
v 0.302376 -0.292549 9.924640
v 0.207693 -0.225753 9.946153
v 0.257890 -0.341817 10.192755
v -2.558979 -1.263952 -12.497429
v -2.658974 -1.524232 -13.206293
v -1.828733 -1.129031 7.154649
v -1.840287 -1.074186 7.198472
v -1.907349 -1.095965 6.769674
v -1.925143 -1.037402 6.769541
v 0.308219 -1.176041 -1.480011
v -1.243368 2.052229 -8.729078
v -1.392631 1.555572 -8.729078
v -1.461154 1.063829 -8.729742
v -1.952897 0.995306 -8.729078
v 1.424104 1.555572 -8.729078
v 1.274576 2.052228 -8.729078
v 1.984370 0.995305 -8.729078
v 1.492627 1.063828 -8.729742
v -0.084857 -2.202820 1.488909
v -0.151122 -2.202156 1.485456
v 0.090434 -2.202820 1.488909
v 0.156699 -2.202156 1.485456
v -1.312688 -1.064227 3.069711
v 1.306314 -1.064227 3.069711
v 1.910668 -1.860737 -0.369040
v 0.236111 -1.826741 -0.369040
v 0.241290 -1.774686 -0.541276
v 0.243415 -1.755032 -0.606081
v 0.245540 -1.733253 -0.677392
v -1.925542 -1.860737 -0.369040
v -0.260413 -1.733253 -0.677392
v -0.258156 -1.755031 -0.606081
v -0.256164 -1.774685 -0.541276
v -0.250852 -1.826741 -0.369040
v 2.773178 -2.307729 -5.333883
v -3.627854 -2.527771 -11.718182
v -3.537552 -2.604261 -11.028571
v -3.793450 -2.388203 -11.028572
v -3.761845 -2.445703 -10.946771
v -3.599568 -2.582748 -10.946770
v 3.568758 -2.604263 -11.028571
v 3.659326 -2.527772 -11.718182
v 3.793051 -2.445704 -10.946771
v 3.824789 -2.388204 -11.028572
v 3.630907 -2.582750 -10.946770
v 0.060820 -2.199101 1.643483
v 0.048603 -2.177058 1.490901
v 0.083661 -2.244783 1.478418
v 0.095878 -2.266827 1.631000
v 0.214598 -2.205077 1.630336
v 0.202381 -2.182900 1.477754
v 0.167323 -2.115307 1.490369
v 0.179540 -2.137351 1.642952
v 0.160683 -2.247837 1.471645
v 0.172900 -2.269616 1.624228
v 0.102518 -2.134297 1.649459
v 0.090434 -2.112386 1.496876
v -1.970825 -1.417597 -1.325968
v -2.066040 -1.354784 -1.325968
v 1.997782 -1.417597 -1.325968
v 2.092997 -1.354785 -1.325968
v 0.858128 0.717364 -1.334467
v 0.893451 0.464653 -1.334467
v 0.819484 -1.152802 6.973117
v -0.825725 -1.152802 6.973117
v 0.807266 -1.489705 -1.602980
v -0.775927 -1.489705 -1.602980
v 0.974855 -0.411933 7.896315
v 0.935149 -0.419237 8.167882
v 1.040058 -0.569827 8.167882
v 1.197554 -0.560930 7.179349
v -1.013101 -0.569827 8.167882
v -0.908192 -0.419237 8.167882
v -0.947898 -0.411933 7.896315
v -1.170597 -0.560930 7.179349
v -1.437251 -0.550572 -12.058804
v 1.468458 -0.550573 -12.058804
v -3.703016 -2.464560 -11.718183
v -3.814299 -2.507984 -10.946770
v -3.652022 -2.644897 -10.946770
v 3.734222 -2.464561 -11.718183
v 3.683362 -2.644898 -10.946770
v 3.845506 -2.507986 -10.946770
v 0.423088 -1.688899 5.759229
v 0.423088 -1.658887 5.949259
v 0.423088 -1.781591 5.941292
v 0.423088 -1.821695 5.688050
v 2.205874 -1.524233 -13.206293
v 2.305736 -1.263953 -12.497429
v 2.302284 -1.274576 -12.608445
v 2.222075 -1.473903 -13.212270
v 1.422112 -1.679205 6.158546
v 1.391834 -1.853300 6.204493
v 1.423307 -1.861136 6.204493
v 1.453452 -1.687306 6.158546
v -1.459694 -1.687305 6.158546
v -1.429549 -1.861135 6.204493
v -1.398209 -1.853300 6.204493
v -1.428354 -1.679205 6.158546
v -1.908145 -1.037402 7.011362
v -1.834577 -1.013366 7.495934
v -1.911200 -1.030629 7.510941
v -1.988620 -1.056126 7.000340
v -1.921160 -0.964497 7.055450
v -1.848254 -0.948694 7.547194
v 1.904958 -1.030630 7.510941
v 1.828335 -1.013366 7.495934
v 1.901904 -1.037402 7.011362
v 1.982378 -1.056127 7.000340
v 1.841880 -0.948695 7.547194
v 1.914917 -0.964497 7.055450
v -3.366511 -0.236509 -13.279596
v 1.498204 -0.853480 -13.279596
v -0.514318 2.947274 -8.729078
v -0.045549 3.209413 -8.729078
v 0.077022 3.209413 -8.729078
v 0.545526 2.947274 -8.729078
v 0.116728 -0.761319 11.834247
v 0.174095 -0.854276 11.805828
v -0.004648 -1.496212 0.080076
v 0.013412 -1.459162 0.225488
v 0.013412 -1.317469 0.778716
v 2.447961 -1.131953 -12.506990
v -0.209154 -2.205077 1.630336
v -0.196937 -2.182900 1.477754
v -0.956264 0.174892 -10.976649
v -1.048955 0.546455 -10.976649
v -2.416754 0.041698 -12.506990
v -3.146202 -0.399184 -12.608445
v -3.345662 -0.318976 -13.212270
v -2.975028 -0.363462 -12.506990
v 2.467880 -0.612987 -1.136999
v 2.467880 -0.612987 -1.048557
v 2.514890 -0.592138 -1.136999
v 2.514890 -0.592138 -1.048557
v -2.440922 -0.612986 -1.048557
v -2.440922 -0.612986 -1.136999
v -2.487667 -0.592137 -1.136999
v -2.487667 -0.592137 -1.048557
v -2.318086 -0.612986 1.106190
v -2.318086 -0.612986 1.017748
v -2.364964 -0.592137 1.017748
v -2.364964 -0.592137 1.106190
v 2.345044 -0.612987 1.017748
v 2.345044 -0.612987 1.106190
v 2.391788 -0.592138 1.017748
v 2.391788 -0.592138 1.106190
v -3.790263 -0.824663 -10.976649
v 2.690314 0.433977 -13.206293
v 2.590185 0.173829 -12.497429
v -0.436235 0.091364 7.048279
v -0.174892 0.231198 7.051731
v 0.201850 0.231198 7.051731
v 0.463192 0.091364 7.048279
v 0.166526 -0.688281 11.552586
v 0.013412 -0.702092 11.863859
v 0.013412 -0.627726 11.683256
v 0.013412 -0.676994 11.735579
v 0.116329 -0.651231 11.550993
v 0.075827 3.309939 -10.976649
v -0.050861 -1.893803 5.680082
v -1.697664 -0.402770 -12.497429
v -1.437516 -0.302775 -13.206293
v -2.725372 -1.494619 -13.279596
v -0.395998 -0.957990 5.200157
v -0.186844 -0.219246 9.891839
v -0.395998 -0.920409 5.483412
v -0.110486 -0.980698 10.363530
v -0.280996 -0.980698 10.363530
v -0.280996 -0.980698 13.279596
v -0.110486 -0.980698 13.279596
v -0.280996 -1.052275 10.363530
v -0.110486 -1.052275 10.363530
v -0.110486 -1.052275 13.279596
v -0.280996 -1.052275 13.279596
v 0.291354 -1.052275 10.363530
v 0.291354 -1.052275 13.279596
v 0.120711 -1.052275 13.279596
v 0.120711 -1.052275 10.363530
v 0.120711 -0.980698 10.363530
v 0.120711 -0.980698 13.279596
v 0.291354 -0.980698 13.279596
v 0.291354 -0.980698 10.363530
v 0.423088 -1.483862 4.811729
v 0.337567 -1.510554 4.774811
v 2.139343 0.404496 -13.279596
v 2.222075 0.383780 -13.212270
v 2.302284 0.184453 -12.608445
v 2.001766 -0.348722 1.304588
v 1.989416 -0.357487 1.197687
v -1.974809 -0.348722 1.304588
v -1.962459 -0.357486 1.197687
v -1.903498 -1.030363 6.913094
v -1.911465 -0.984416 6.940714
v -1.790223 -1.062766 7.188777
v -1.857285 -1.084544 6.760510
v -1.875345 -1.026114 6.760377
v -1.851043 -1.018279 6.920397
v -1.040722 0.643397 -2.461905
v -1.231417 0.834092 -4.294489
v -1.167409 0.769818 -3.700625
v -1.102074 0.704483 -3.131595
v -0.873797 0.702358 -1.370587
v -0.889202 0.491744 -1.360495
v -1.847325 0.081006 -1.334467
v -2.148905 -0.227745 -1.334467
v 1.878798 0.081005 -1.334467
v 2.180112 -0.227745 -1.334467
v -0.078217 1.090388 -13.212270
v 0.013412 -1.918503 5.979670
v 0.013412 -1.967107 5.688050
v -0.064672 -1.872157 6.078736
v -0.080475 -1.782388 6.254956
v 1.918902 -1.037402 6.769541
v 1.901107 -1.095965 6.769674
v 1.834045 -1.074187 7.198472
v 1.822492 -1.129031 7.154649
v 1.905091 -0.984417 6.940714
v 1.897256 -1.030364 6.913094
v 1.844802 -1.018280 6.920397
v 1.853300 -0.970606 6.948948
v 3.177675 -0.690805 -12.608445
v 3.377001 -0.771014 -13.212270
v 2.276521 -2.134962 -2.078124
v 1.835771 -2.075734 -2.078124
v 0.015538 2.767733 -12.340597
v 0.015538 2.781943 -12.156010
v 0.015538 2.786723 -11.958012
v 0.575405 -0.805407 9.877364
v 0.902083 -0.805408 8.281689
v 0.967950 -0.923729 8.122864
v -0.874993 -0.805407 8.281689
v -0.548315 -0.805407 9.877364
v -3.817353 -1.315078 -8.727881
v -3.782561 -1.178564 -8.728148
v 2.601606 -0.865697 -1.048557
v 2.601606 -0.865697 -1.136999
v 2.414762 -1.097028 -1.048557
v 2.414762 -1.097028 -1.136999
v 2.399357 -1.044308 -1.136999
v 2.399357 -1.044308 -1.048557
v 2.556854 -0.857066 -1.048557
v 2.556854 -0.857066 -1.136999
v -2.574648 -0.865697 -1.136999
v -2.574648 -0.865697 -1.048557
v -2.387805 -1.097027 -1.136999
v -2.387805 -1.097027 -1.048557
v -2.529896 -0.857065 -1.048557
v -2.372401 -1.044307 -1.048557
v -2.372401 -1.044307 -1.136999
v -2.529896 -0.857065 -1.136999
v 0.013412 -1.896858 5.482349
v -0.050861 -1.893803 5.482614
v -0.124829 -1.966177 5.474647
v 0.013412 -1.963919 5.453665
v 0.337567 -1.867244 5.474647
v 0.423088 -1.821695 5.474647
v 2.478769 -0.865697 1.106190
v 2.478769 -0.865697 1.017748
v 2.291925 -1.097028 1.106191
v 2.291925 -1.097028 1.017748
v 2.276521 -1.044308 1.017748
v 2.276521 -1.044308 1.106191
v 2.434017 -0.857065 1.106190
v 2.434017 -0.857065 1.017748
v -2.451679 -0.865696 1.017748
v -2.451679 -0.865696 1.106190
v -2.264968 -1.097027 1.017748
v -2.264968 -1.097027 1.106191
v -2.407060 -0.857065 1.106190
v -2.249431 -1.044307 1.106191
v -2.249431 -1.044307 1.017748
v -2.407060 -0.857065 1.017748
v 0.013412 -0.989064 1.741752
v 1.353191 -0.329467 4.969890
v -1.326233 -0.329466 4.969890
v -0.395998 -0.805275 6.726116
v 0.423088 -0.805275 6.726116
v 0.423088 -1.001945 6.134377
v 0.151786 -1.568719 4.694736
v 0.015538 2.983128 -13.209482
v -0.256164 -1.774685 0.152317
v -0.258156 -1.755032 0.217254
v -0.260413 -1.733253 0.288566
v 0.308219 -1.187993 6.335696
v 0.308219 -1.091716 6.418561
v 0.351776 -1.074187 6.460922
v 0.351776 -1.050283 6.460922
v 0.351776 -1.050283 7.477741
v 0.351776 -1.074186 7.477741
v 0.351776 -1.133281 7.418648
v 0.351776 -1.133281 6.519884
v 3.848825 -1.315079 -8.727881
v 3.813767 -1.178565 -8.728148
v -0.249657 -1.593286 -0.194280
v -1.925542 -1.559024 -0.194280
v -2.096583 -1.488775 -0.195741
v -0.302775 -1.187992 7.602702
v -0.302775 -1.175510 7.436176
v -0.302775 -1.175510 6.502222
v -0.302775 -1.187993 6.335696
v 0.308219 -1.175510 6.502222
v 0.308219 -1.175510 7.436176
v 0.308219 -1.187993 7.602702
v 1.148951 -1.656099 -1.773224
v 0.996368 -1.601652 -1.798987
v 1.043909 -1.519717 -0.816562
v -1.117478 -1.656098 -1.773224
v -0.964896 -1.601652 -1.798987
v -1.012702 -1.519717 -0.816562
v 1.155989 0.493868 -1.501657
v 1.131023 0.476206 -1.370587
v 0.920542 0.491743 -1.360495
v 0.071577 -0.952413 -6.138760
v -0.574210 -2.092200 7.898172
v 0.007303 -2.091536 7.894721
v -0.041698 -2.046518 7.953018
v -0.585365 -2.072281 7.922208
v -0.585365 -1.565531 8.531610
v 1.889952 -0.726394 -12.506990
v 0.423088 -1.001945 5.688050
v 0.423088 -1.074319 5.759229
v 0.805009 -1.106190 7.306700
v -0.811383 -1.106190 7.306700
v -3.842718 -2.138147 -8.726554
v -3.580047 -2.323531 -8.726554
v 3.874057 -2.138148 -8.726554
v 3.611519 -2.323532 -8.726554
v -2.052627 -0.325615 -1.219200
v -1.802440 -0.006507 -1.219200
v -2.318883 -0.901684 -1.219200
v -2.217958 -0.607940 -1.219200
v 1.829530 -0.006507 -1.219200
v 2.079851 -0.325616 -1.219200
v 2.345841 -0.901685 -1.219200
v 2.245182 -0.607940 -1.219200
v -1.859542 -0.970605 6.948948
v -1.779068 -1.115486 7.146814
v -0.302775 -1.091716 6.418561
v 0.002656 -1.390241 5.666139
v 0.015537 0.237306 -10.314263
v 0.015537 0.304103 -9.939381
v 0.015537 0.144482 -10.836416
v 0.076756 -0.351777 -10.836416
v 0.015537 -0.112611 -10.836416
v -0.302775 -0.950155 3.297855
v -0.302775 -0.950155 5.666138
v 0.308219 -0.950155 5.666138
v 0.717895 -0.447257 9.210995
v -0.690938 -0.447256 9.210995
v 0.107432 -1.782388 6.254956
v 0.114337 -1.568985 6.468226
v -3.366511 -0.853479 -13.279596
v 1.698461 0.028551 1.017748
v 1.698461 0.028551 1.106190
v 1.709748 -0.019256 1.106190
v 1.709748 -0.019256 1.017748
v -1.671503 0.028551 1.106190
v -1.671503 0.028551 1.017748
v -1.682791 -0.019255 1.017748
v -1.682791 -0.019255 1.106190
v -1.794339 0.028551 -1.048557
v -1.794339 0.028551 -1.136999
v -1.805627 -0.019255 -1.136999
v -1.805627 -0.019255 -1.048557
v 1.821429 0.028551 -1.136999
v 1.821429 0.028551 -1.048557
v 1.832850 -0.019256 -1.048557
v 1.832850 -0.019256 -1.136999
v 0.480456 -0.097207 8.162969
v 0.957990 -0.015537 5.035756
v -0.453498 -0.097206 8.162969
v -0.930900 -0.015537 5.035756
v -1.750384 -1.910801 -8.817254
v 1.781723 -1.910802 -8.817254
v 0.357885 0.441281 4.344553
v 1.093043 -1.478550 10.352375
v 1.099816 -1.439243 10.383848
v 1.141248 -1.455444 10.063810
v 1.152403 -1.411887 10.063810
v 0.905005 0.702358 -1.370587
v -1.099683 0.476206 -1.370587
v -0.623477 -2.046120 7.876792
v -0.623477 -1.542159 8.482741
v -0.623477 -1.440305 8.381020
v -0.623477 -1.333670 7.375090
v -0.623477 -1.723160 6.942971
v -0.623477 -2.077593 6.929825
v -0.623477 -2.077593 7.700174
v 1.341372 -0.400247 5.246503
v 1.880656 0.478995 -2.196047
v -0.876320 1.451859 -2.196047
v -1.314282 -0.400247 5.246503
v 0.907793 1.451858 -2.196047
v -1.849184 0.478995 -2.196047
v -0.880570 1.352527 -12.058804
v -1.749852 0.483245 -12.058804
v 0.912043 1.352527 -12.058804
v 1.781325 0.483244 -12.058804
v -0.390686 -1.118540 6.286561
v -0.390288 -1.162230 5.761354
v -0.468637 -1.149349 6.286561
v -0.391881 -1.243369 6.286561
v -0.468637 -1.212693 6.286561
v -0.390288 -1.199811 5.761354
v 0.417245 -1.162230 5.761354
v 0.417776 -1.118540 6.286561
v 0.495594 -1.149349 6.286561
v 0.495594 -1.212693 6.286561
v 0.418838 -1.243369 6.286561
v 0.417245 -1.199812 5.761354
v -1.188657 -1.369524 10.660594
v -1.141780 -1.354120 10.651432
v -1.186798 -1.365673 10.284119
v -1.236065 -1.381742 10.274557
v -1.178963 -1.420253 10.251451
v -1.133547 -1.402192 10.613188
v -1.180689 -1.415206 10.624475
v -1.228496 -1.434196 10.243217
v 1.180556 -1.365674 10.284119
v 1.135538 -1.354120 10.651432
v 1.182415 -1.369525 10.660594
v 1.229823 -1.381742 10.274557
v 1.174447 -1.415207 10.624475
v 1.127172 -1.402193 10.613188
v 1.172588 -1.420253 10.251451
v 1.222254 -1.434196 10.243217
v 0.015537 1.831123 -1.334467
v -0.169447 1.751579 -1.334467
v -0.139436 -0.688281 11.552586
v -0.089372 -0.651231 11.550993
v -0.207958 0.700233 -1.222121
v -0.557610 0.417776 -1.222121
v -0.815235 0.160285 -1.222121
v -1.097692 -0.189500 -1.222121
v 0.125492 -2.180112 1.484261
v -0.055376 -2.199101 1.643483
v -0.043159 -2.177058 1.490901
v -0.120181 -2.180112 1.484261
v 0.953608 1.810673 -12.500218
v -0.922401 1.810673 -12.500218
v 0.800760 1.519318 -12.500218
v 2.865604 -1.568985 -12.500218
v -2.208131 0.524810 -12.500218
v 3.978700 -1.823821 -8.726554
v -1.241111 -0.534371 -1.315742
v -1.227964 -0.402637 -1.222121
v -1.260101 -0.445796 -1.334467
v -0.144881 -2.156208 0.490017
v -0.151122 -2.121150 0.492009
v -3.258149 -1.514006 -0.469699
v -3.257751 -1.543885 -0.449780
v 3.243276 -1.905888 -0.469699
v 3.242877 -1.876142 -0.449780
v 0.131335 -2.161254 0.489088
v 0.111416 -2.131508 0.490548
v -3.257751 -1.876141 -0.449780
v -3.258149 -1.905887 -0.469699
v 3.242877 -1.543887 -0.449780
v 3.243276 -1.514007 -0.469699
v 1.551190 -1.353722 -2.078124
v 1.978660 -1.412684 -2.078124
v 1.529278 -1.936564 -2.078124
v 2.236284 -2.149569 -8.726554
v -0.427603 0.754812 -1.135937
v -0.808329 0.569960 -0.124563
v -1.103933 0.426541 0.660793
v 0.091629 -1.872157 6.078736
v 0.013412 -1.878797 6.083782
v -0.124828 -1.001945 4.510548
v 1.131023 0.426540 0.660793
v -2.768796 -1.752110 -2.119158
v -2.795223 -1.740158 -2.078124
v 2.800136 -1.752111 -2.119158
v 2.826429 -1.740159 -2.078124
v -3.258149 -1.514006 0.080607
v -3.258548 -1.519185 0.104378
v 3.243276 -1.905888 0.080607
v 3.243674 -1.900842 0.104378
v 3.243276 -1.514007 0.080607
v 3.243674 -1.519186 0.104378
v -3.258149 -1.905887 0.080607
v -3.258548 -1.900841 0.104378
v -1.777076 -1.492361 -1.325968
v 0.085653 -1.683056 -1.369126
v 0.056704 -1.277763 -1.615729
v 1.259171 -0.402638 -1.222121
v 1.272584 -0.534371 -1.315742
v 1.291308 -0.445796 -1.334467
v 0.846442 0.160285 -1.222121
v 1.129031 -0.189500 -1.222121
v 0.243415 -1.664996 -0.606081
v 0.241290 -1.645342 -0.541276
v 1.804166 -1.492361 -1.325968
v -0.330662 0.441281 4.344553
v 0.013412 0.419635 6.098124
v 0.013412 0.507945 4.449196
v 0.013412 0.379265 6.621207
v -1.400599 -0.923728 8.167882
v 3.191884 -0.545128 -12.393450
v -3.160677 -0.545127 -12.393450
v -1.672964 -0.545127 -12.393450
v 1.704171 -0.545128 -12.393450
v -0.395998 -1.571640 6.120433
v -0.395998 -1.658887 5.949259
v -0.777919 1.605636 -2.191001
v -2.002962 0.380594 -2.191001
v -1.175909 -1.414941 10.177881
v -1.180955 -1.380679 10.198598
v -1.148685 -1.370454 10.204706
v -1.143639 -1.406043 10.183459
v -1.158645 -1.411886 10.063810
v -1.147490 -1.455444 10.063810
v -1.106191 -1.439242 10.383848
v 2.034434 0.380593 -2.191001
v 0.809259 1.605636 -2.191001
v 2.447961 0.198529 -12.393450
v -2.416754 0.198530 -12.393450
v 1.466200 -0.531051 5.142922
v -1.439110 -0.531051 5.142922
v 0.454693 0.754812 -1.135937
v 0.835287 0.569960 -0.124563
v 1.183212 -1.420386 10.070715
v 1.172057 -1.463943 10.070715
v 1.130625 -1.447742 10.391152
v 1.123587 -1.488908 10.358484
v 1.174713 -1.380680 10.198598
v 1.169534 -1.414941 10.177881
v 1.137397 -1.406044 10.183459
v 1.142443 -1.370454 10.204706
v -3.685088 -0.796775 -8.729078
v -3.607004 -0.351511 -8.729078
v -3.344865 0.116861 -8.729078
v 1.882648 -0.670089 4.754097
v -1.855691 -0.670088 4.754097
v 0.013412 -0.658137 4.201930
v -3.085249 -1.969098 -0.469699
v -3.031732 -2.070687 -0.500110
v -3.033592 -2.065641 -0.526005
v -3.089100 -1.958873 -0.521357
v -3.258548 -1.900841 -0.493470
v -3.055503 -2.068695 -0.526802
v -3.054839 -2.074140 -0.499844
v -3.131462 -1.976003 -0.469035
v -3.132524 -1.964849 -0.522951
v 3.018851 -2.065642 -0.526005
v 3.016726 -2.070688 -0.500110
v 3.070242 -1.969099 -0.469699
v 3.074359 -1.958874 -0.521357
v 3.243674 -1.900842 -0.493470
v 3.116721 -1.976004 -0.469035
v 3.040098 -2.074141 -0.499844
v 3.040496 -2.068696 -0.526802
v 3.117651 -1.964850 -0.522951
v -3.085249 -1.450795 0.080607
v -3.031732 -1.349339 0.111283
v -3.033592 -1.354385 0.136913
v -3.089100 -1.461154 0.132530
v -3.055503 -1.351331 0.137842
v -3.054839 -1.345621 0.110885
v -3.131462 -1.443890 0.080209
v -3.132524 -1.455045 0.133991
v 3.018851 -1.354386 0.136913
v 3.016726 -1.349340 0.111283
v 3.070242 -1.450796 0.080607
v 3.074359 -1.461155 0.132530
v 3.116721 -1.443891 0.080209
v 3.040098 -1.345622 0.110885
v 3.040496 -1.351332 0.137842
v 3.117651 -1.455046 0.133991
v -3.033592 -1.354385 -0.526005
v -3.031732 -1.349339 -0.500110
v -3.085249 -1.450796 -0.469699
v -3.089100 -1.461154 -0.521357
v -3.258548 -1.519185 -0.493470
v -3.131462 -1.443890 -0.469035
v -3.054839 -1.345621 -0.499844
v -3.055503 -1.351331 -0.526802
v -3.132524 -1.455045 -0.522951
v 3.070242 -1.450796 -0.469699
v 3.016726 -1.349340 -0.500110
v 3.018851 -1.354386 -0.526005
v 3.074359 -1.461154 -0.521357
v 3.243674 -1.519186 -0.493470
v 3.040496 -1.351332 -0.526802
v 3.040098 -1.345622 -0.499844
v 3.116721 -1.443891 -0.469035
v 3.117651 -1.455046 -0.522951
v 1.994462 -0.985745 7.042436
v 1.917706 -0.969544 7.559278
v 0.187242 -2.307994 0.256163
v 0.161480 -2.313040 0.253906
v 0.131069 -2.214506 0.313000
v 0.182727 -2.204413 0.317515
v 0.154840 -2.156208 0.490017
v 0.130538 -2.224067 0.358815
v 0.161081 -2.317688 0.276747
v 0.188039 -2.312243 0.277544
v 0.184453 -2.212912 0.360541
v -2.000837 -0.985744 7.042436
v -1.923948 -0.969543 7.559278
v -3.033592 -2.065641 0.136913
v -3.031732 -2.070687 0.111283
v -3.085249 -1.969098 0.080607
v -3.089100 -1.958873 0.132530
v -3.131462 -1.976003 0.080209
v -3.054839 -2.074140 0.110885
v -3.055503 -2.068695 0.137842
v -3.132524 -1.964849 0.133991
v 3.070242 -1.969099 0.080607
v 3.016726 -2.070688 0.111283
v 3.018851 -2.065642 0.136913
v 3.074359 -1.958874 0.132530
v 3.040496 -2.068696 0.137842
v 3.040098 -2.074141 0.110885
v 3.116721 -1.976004 0.080209
v 3.117651 -1.964849 0.133991
v -0.120977 -2.214506 0.313000
v -0.151388 -2.313040 0.253906
v -0.177283 -2.307994 0.256163
v -0.172901 -2.204413 0.317515
v -0.121110 -2.161254 0.489088
v -0.178080 -2.312243 0.277544
v -0.151122 -2.317688 0.276747
v -0.120579 -2.224067 0.358815
v -0.174494 -2.212912 0.360541
v -3.887868 -1.344692 -8.826019
v -3.947228 -1.823819 -8.726554
v 0.589083 0.417776 -1.222121
v 0.239166 0.700233 -1.222121
v 0.627328 2.019428 -12.393450
v -0.596121 2.019428 -12.393450
v -1.947453 -1.412683 -2.078124
v -1.519717 -1.353722 -2.078124
v -1.497806 -1.936564 -2.078124
v -0.337966 -2.084631 7.103256
v -0.337966 -2.084631 7.480131
v -0.402638 -2.084631 7.480131
v -0.402638 -2.084631 7.103256
v 0.429595 -2.084631 7.480131
v 0.364923 -2.084631 7.480131
v 0.364923 -2.084631 7.103256
v 0.429595 -2.084631 7.103256
v 0.002656 -0.950155 8.141853
v 0.278473 -0.950155 8.141853
v 0.308219 -0.979901 8.141853
v 0.015538 3.320563 -10.976649
v 0.015537 2.506789 -10.976650
v -1.043511 -1.153997 -1.615729
v -1.761406 -1.476160 -1.369126
v 1.070734 -1.153997 -1.615729
v 1.788363 -1.476160 -1.369126
v -2.351551 -0.575670 -1.334467
v -2.413567 -0.916956 -1.334467
v 2.382758 -0.575671 -1.334467
v 2.444906 -0.916957 -1.334467
v 0.612587 -2.072281 7.922208
v 0.612588 -1.565532 8.531610
v 0.200788 1.751579 -1.334467
v 0.737815 1.095832 -1.334467
v 0.509804 1.449999 -1.334467
v -0.706342 1.095832 -1.334467
v -0.478464 1.449999 -1.334467
v 0.736221 0.307423 -1.222121
v 0.692133 0.263467 -1.215747
v 0.015537 1.485456 -1.222121
v 0.015537 0.933689 -1.222121
v 0.015537 0.831967 -1.228894
v 0.786816 1.094637 -1.370455
v 0.543269 1.480675 -1.370189
v 0.210880 1.801377 -1.369790
v -0.511795 1.480675 -1.370189
v -0.755609 1.094637 -1.370455
v -0.179673 1.801377 -1.369790
v -0.305962 -0.491212 10.381989
v -0.346730 -0.547518 10.474016
v -0.155371 -0.547518 10.953808
v 0.013412 -0.493204 11.338253
v 0.013412 -0.471558 11.217408
v -0.094418 -0.463059 10.963769
v 0.373688 -0.547518 10.474016
v 0.332919 -0.491212 10.381989
v 0.182329 -0.547518 10.953808
v 0.121375 -0.463059 10.963769
v -1.491963 0.358284 -1.370455
v -1.878001 0.114470 -1.370189
v -2.198969 -0.217652 -1.369790
v 1.909208 0.114470 -1.370189
v 1.523435 0.358283 -1.370455
v 2.230175 -0.217653 -1.369790
v 3.716428 -0.796776 -8.729078
v 3.638211 -0.351512 -8.729078
v 3.376072 0.116860 -8.729078
v 0.013412 -1.896061 5.675700
v 0.548978 -2.754321 -8.899188
v 1.504976 -1.556369 -8.896268
v 1.499266 -1.551721 -9.056951
v 0.486564 -2.819790 -9.056951
v 0.552431 -2.884063 -9.056951
v 0.603292 -2.808901 -8.899587
v 0.858526 -1.494353 -1.840951
v -0.827186 -1.494353 -1.840951
v -1.468060 -1.551721 -9.056951
v -1.473504 -1.556369 -8.896268
v -0.517506 -2.754321 -8.899188
v -0.455358 -2.819790 -9.056951
v -0.571820 -2.808900 -8.899587
v -0.520959 -2.884063 -9.056951
v 1.567125 -1.613604 -9.056951
v 1.561415 -1.607894 -8.896268
v -1.530208 -1.607894 -8.896268
v -1.535785 -1.613604 -9.056951
v -0.594660 -0.627992 -8.764401
v 0.015537 -0.774865 -8.774759
v 0.625867 -0.627992 -8.764401
v 0.015538 2.728028 -5.039474
v -0.961310 -1.040324 2.675174
v -1.305783 -1.040324 2.675174
v 0.954936 -1.040324 2.675174
v 1.299408 -1.040324 2.675174
v -2.299097 -1.095832 1.140983
v -2.395507 -1.095832 -1.158246
v 2.326054 -1.095833 1.140983
v 2.422464 -1.095833 -1.158246
v 0.947499 -0.431056 7.891798
v 1.137397 -0.395732 6.595577
v 1.164886 -0.376477 6.600225
v 0.050861 0.718559 1.347481
v 0.013412 0.646584 2.789379
v 0.013412 0.615775 3.325211
v -1.352527 -1.547338 -2.087287
v 1.439242 -1.274310 -1.809080
v 1.391303 -1.512015 -1.791418
v 1.383999 -1.547339 -2.087287
v -1.641491 -0.805275 -1.647600
v -2.574648 -1.206318 -1.629141
v -0.975519 -0.902879 10.103914
v 1.002477 -0.902880 10.103914
v -0.272896 -0.950155 8.141853
v -0.302775 -0.979901 8.141853
v -0.029746 -1.277763 -1.615729
v -0.058563 -1.683056 -1.369126
v -1.110440 -0.395732 6.595577
v -0.920542 -0.431055 7.891798
v -1.137796 -0.376476 6.600225
v 1.672964 -0.805275 -1.647600
v 2.605855 -1.206319 -1.629141
v 2.500017 -0.939133 -1.373774
v 2.659505 -1.223715 -1.680799
v 0.013412 0.490017 4.232739
v 0.013412 0.550971 4.233005
v 2.257266 -2.088483 -2.078124
v 0.015537 1.296487 -12.393450
v -0.419104 -1.171260 6.381643
v -0.392147 -1.160238 6.381643
v 0.419104 -1.160239 6.381643
v 0.446194 -1.171260 6.381643
v 0.948562 0.519763 -1.500063
v 0.981362 0.552829 -1.744009
v -0.950155 0.552830 -1.744009
v -0.917354 0.519763 -1.500063
v 0.966091 2.541051 -8.729079
v -0.934750 2.541051 -8.729079
v -2.205078 -2.149568 -8.726554
v -2.449554 0.845778 -8.729078
v 2.481027 0.845777 -8.729078
v -0.302775 -1.091715 7.519971
v -0.346332 -1.050283 6.460922
v -0.346332 -1.050283 7.477741
v 0.308219 -1.091715 7.519971
v -1.171260 0.511796 -1.158645
v 1.198351 0.511795 -1.158645
v 0.601433 -1.393295 8.403330
v 0.056704 -1.545479 8.555646
v 0.601433 -1.545479 8.555646
v 2.969717 0.537425 -8.729078
v -2.938376 0.537426 -8.729078
v -2.741839 -2.307728 -5.333883
v 4.848514 -1.855293 -9.549757
v 3.828110 -1.223450 -9.618412
v 3.833819 -1.228364 -9.744303
v 4.913849 -1.897788 -9.669140
v 4.957539 -1.840553 -9.666086
v 4.885829 -1.807885 -9.547366
v -3.833819 -1.228362 -9.744303
v -3.828110 -1.223449 -9.618412
v -4.848515 -1.855292 -9.549757
v -4.913850 -1.897654 -9.669140
v -4.885830 -1.807884 -9.547366
v -4.957539 -1.840552 -9.666086
v -0.101324 -2.131508 0.490548
v 3.243674 -1.554112 -0.499711
v -3.258680 -1.865783 -0.499711
v 0.161347 -2.121150 0.492009
v 3.243674 -1.865784 -0.499711
v -3.258680 -1.554111 -0.499711
v 0.015538 2.742236 -12.393451
v -0.044353 3.309939 -10.976649
v 3.875517 -1.169801 -9.741514
v 3.862902 -1.174714 -9.616022
v -3.862902 -1.174713 -9.616022
v -3.875517 -1.169799 -9.741514
v -0.395998 -1.435657 6.256417
v -0.395998 -1.483862 6.351100
v -1.771366 -1.875743 -8.726554
v 1.802572 -1.875743 -8.726554
v 0.015537 -1.342567 -1.939751
v 0.015537 -1.437915 -1.814790
v 0.015537 -1.603777 -1.619181
v 1.315477 -0.345137 4.957406
v 1.814125 -2.024077 -2.078124
v -1.288519 -0.345136 4.957406
v 0.340223 -0.322562 -10.836948
v 0.159886 -0.268647 -10.836683
v 0.668495 0.239697 -1.018678
v 0.666901 0.238103 -0.816562
v 0.669690 0.241157 -1.169933
v 0.969411 0.601831 -10.998428
v 0.633570 0.511795 -10.998428
v 0.940594 0.204904 -10.998428
v 1.013765 0.576334 -11.013832
v 0.151786 -1.966177 5.474647
v -3.360800 -1.193039 -5.078517
v -3.325211 -1.193702 -4.877463
v 3.356418 -1.193704 -4.877463
v 3.392273 -1.193040 -5.078517
v 0.015538 2.769991 -12.665283
v -0.982557 0.576334 -11.013832
v -0.909387 0.204904 -10.998428
v -0.602230 0.511796 -10.998428
v -0.937938 0.601831 -10.998428
v 0.308219 -0.950155 5.338132
v -0.302775 -0.950155 5.338132
v -1.331944 -0.752156 -1.641358
v 1.363283 -0.752157 -1.641358
v 0.013412 -0.870477 11.594151
v 0.013412 -0.805407 11.520185
v 0.013412 -0.805275 7.850101
v 0.013412 -0.805275 9.050312
v 0.013412 -0.805275 9.725313
v 0.013412 -0.805407 11.313420
v 0.015537 1.268865 -12.335950
v 0.015537 1.255851 -12.123342
v 0.015537 1.251868 -11.958011
v 0.898630 -1.525162 -1.812266
v 0.832365 -1.510023 -1.554775
v -0.801158 -1.510023 -1.554775
v -0.867291 -1.525162 -1.812266
v 0.588020 -1.088263 7.012025
v 0.800760 -1.088263 7.012025
v -0.594262 -1.088263 7.012025
v -0.807134 -1.088263 7.012025
v -0.610729 0.497454 -11.035080
v -0.359877 0.237837 -11.035080
v 3.689072 -1.709350 -0.677392
v 2.838514 -1.710811 0.288566
v 3.008891 -1.710811 0.288566
v 3.689072 -1.710546 0.288566
v -3.703945 -1.710544 -0.677392
v 3.689072 -1.710545 -0.677392
v 3.689072 -1.709350 0.288566
v -3.703945 -1.710544 0.288566
v -3.023897 -1.710810 0.288566
v -2.853255 -1.710810 0.288566
v -3.703945 -1.709349 -0.677392
v -3.023897 -1.709216 -0.677392
v -2.853255 -1.709216 -0.677392
v -2.853255 -1.709217 0.288566
v -3.023897 -1.709216 0.288566
v -3.703945 -1.709349 0.288566
v 3.085514 -2.385813 -8.544491
v -3.054042 -2.385812 -8.544491
v 0.642201 0.497453 -11.035080
v 0.391084 0.237837 -11.035080
v -0.491212 -1.323843 0.233854
v -0.447390 -1.327428 0.233588
v 0.496657 -1.323843 0.233854
v 0.452834 -1.327428 0.233588
v 0.015537 -1.209904 -2.157802
v 0.015537 -1.236065 -2.113050
v 2.447961 -1.288918 -12.393450
v -2.416754 -1.288918 -12.393450
v 0.013412 -0.818687 12.117102
v 0.013412 -0.133593 10.011753
v 0.601433 -2.092201 7.898172
v 0.056704 -2.092201 7.898172
v 0.137576 -2.202023 1.636843
v -0.132132 -2.202023 1.636843
v -0.635429 -0.037449 -11.035080
v -0.894779 0.213403 -11.035080
v 0.666636 -0.037449 -11.035080
v 0.925986 0.213403 -11.035080
v 2.190868 -2.162450 -2.230574
v 2.746884 -2.301222 -5.153148
v -2.715412 -2.301221 -5.153148
v -2.159396 -2.162450 -2.230574
v 0.015538 3.220170 -8.729078
v -0.705014 0.307423 -1.222121
v -0.660793 0.263467 -1.215747
v -0.880836 -0.438226 8.162304
v 0.013412 -1.891811 6.256018
v 0.013412 0.473152 4.433924
v -1.519186 -1.921558 -2.119158
v 1.550260 -1.921558 -2.119158
v 0.001062 0.721348 1.347481
v -3.257751 -1.543886 0.060953
v -3.257751 -1.876141 0.060953
v 3.242877 -1.543886 0.060953
v 3.242877 -1.876142 0.060953
v -0.346332 -1.133281 6.519884
v -0.346332 -1.133281 7.418648
v -0.346332 -1.074186 7.477741
v -0.392147 -1.201803 6.381643
v -0.419104 -1.190914 6.381643
v 1.156786 0.470363 0.515248
v -1.129828 0.470363 0.515248
v 0.446194 -1.190914 6.381643
v 0.419104 -1.201804 6.381643
v 0.907793 -0.438227 8.162304
v -2.468810 -0.939133 -1.373774
v -2.628165 -1.223715 -1.680799
v -2.405865 -0.587622 -1.369525
v 2.437205 -0.587623 -1.369525
v 3.243674 -1.865784 0.110619
v -3.258680 -1.554111 0.110619
v 3.243674 -1.554112 0.110619
v -3.258680 -1.865783 0.110619
v -1.394756 -1.274310 -0.816562
v -1.399139 -1.274310 -1.146029
v 0.013412 -1.696601 6.854397
v 0.015537 0.929704 -11.914057
v 0.015537 0.937938 -11.083949
v 0.015537 0.941656 -10.725666
v 0.015537 1.058118 -12.058804
v 0.015537 0.977909 -11.969431
v 0.015538 2.814478 -12.058805
v -0.255765 -0.319374 9.918133
v 0.282723 -0.319374 9.918133
v 0.727589 0.298923 -11.166149
v 0.562258 0.141295 -11.156057
v -0.696249 0.298924 -11.166149
v -0.530918 0.141295 -11.156057
v -0.637288 0.239697 -1.018678
v -0.635429 0.238103 -0.816562
v -0.638483 0.241158 -1.169933
v 0.015537 2.425651 -12.506990
v 0.013412 0.223761 7.541881
v 0.013412 0.288167 7.053590
v 0.013412 0.160285 8.066292
v 0.015537 2.111854 -10.926584
v -2.116502 -1.270459 -1.325968
v -2.100301 -1.264881 -1.369392
v -1.249876 -1.021599 -1.615728
v 2.143592 -1.270460 -1.325968
v 2.127391 -1.264882 -1.369392
v 1.276833 -1.021600 -1.615728
v 0.013412 0.319374 6.914022
v 0.308219 -0.950155 -1.502454
v 0.013412 -0.880570 12.188413
v -0.398521 -0.901153 11.338253
v -0.346332 -1.074187 6.460922
v 0.015538 3.180330 -10.725666
v 0.015538 3.173823 -11.027112
v 0.015538 3.154966 -11.914056
v -2.122744 -1.710810 -0.677392
v 2.107737 -1.710811 -0.677392
v 0.133725 -0.685493 11.576090
v -0.106768 -0.685493 11.576090
v -0.302775 -0.950155 8.112108
v 0.015537 1.897787 -1.360229
v 0.013412 -1.866580 5.615543
v 0.015537 0.773404 -1.086537
v 0.015537 0.764374 -0.816562
v 0.015537 0.774864 -1.175111
v 0.013413 0.731042 1.177900
v 0.015537 -1.632328 -1.547737
v 0.015537 1.837631 -12.506990
v 0.247266 -1.708951 -0.677658
v 0.013412 0.559071 4.169129
v 0.015537 1.612940 -12.506990
v 0.939133 0.510468 -1.432736
v -0.907793 0.510468 -1.432736
v 0.425478 -0.901153 11.338253
v 0.013412 -2.126860 7.507488
v 0.013412 -2.126860 7.646923
v 0.013412 -2.126860 6.936464
v 0.247266 -1.711076 0.288698
v 0.247266 -1.708951 0.288698
v 0.068655 -1.591028 8.500801
v -0.070116 -0.658402 11.575294
v 0.097074 -0.658402 11.575294
v 0.015537 1.580139 -10.910649
v 0.015537 1.229823 -10.911713
v 0.015537 1.002477 -10.912243
v 0.015537 0.695585 -10.913040
v 0.015537 -1.684251 -0.816562
v 0.015537 -1.632195 -1.444820
v -0.739010 0.349386 -11.150745
v 0.770350 0.349386 -11.150745
v -0.262139 -1.708951 -0.677658
v 0.308219 -0.950155 8.112108
v 0.013412 -1.703374 -1.197288
v 0.013412 -1.691821 -1.353324
v 0.015537 1.904692 -10.920343
v -0.053915 -2.000970 7.422497
v 0.013412 -1.278161 -1.614799
v -0.262139 -1.708951 0.288698
v -0.262139 -1.711076 0.288698
v 0.013412 0.708334 1.625688
v -2.853255 -1.710810 -0.677392
v -3.023897 -1.710810 -0.677392
v 2.838514 -1.709217 -0.677392
v 3.008891 -1.709217 -0.677392
v -2.579429 -0.599972 -10.884355
v -3.887204 -1.207912 -10.884355
v -3.925184 -1.345223 -10.636293
v -1.108846 0.711388 -10.979305
v -1.024255 0.626930 -10.978376
v -1.184938 0.787613 -10.976649
v 2.553799 -2.279975 -5.333883
v 2.849403 -2.355801 -8.544491
v 2.666012 -0.746712 -10.851291
v 3.953468 -1.345224 -10.851291
v 0.013412 -2.046518 7.953018
v 0.013412 -2.037887 7.850499
v -0.395998 -1.264218 6.343797
v 0.002656 -0.950155 5.338132
v 0.002656 -0.950155 5.666138
v 3.008891 -1.710811 -0.677392
v 2.838514 -1.710811 -0.677392
v 3.008891 -1.709217 0.288566
v 2.838514 -1.709217 0.288566
v 0.015538 2.983128 -13.209482
v 0.015538 2.744627 -12.605261
v -0.000664 -1.864854 6.176739
v 0.013412 -1.878797 6.083782
v 0.764905 0.330662 -11.111304
v 0.568367 0.134124 -11.111304
v -0.537160 0.134124 -11.111304
v -0.733565 0.330662 -11.111304
v -0.733565 0.330662 -11.111304
v -0.537160 0.134124 -11.111304
v 0.568367 0.134124 -11.111304
v 0.764905 0.330662 -11.111304
v 0.013412 -0.133593 10.011753
v 0.013412 -0.156433 10.031275
v 0.013412 -0.156433 10.031275
v 0.013412 -0.133593 10.011753
v 0.013412 -1.878797 6.083782
v -0.000664 -1.864854 6.176739
v 0.015538 2.744627 -12.605261
v 0.015538 2.983128 -13.209482
v 0.568367 0.134124 -11.111304
v -0.733565 0.330662 -11.111304
v -0.537160 0.134124 -11.111304
v 0.213801 -0.219246 9.891839
v 0.041963 -1.861003 6.168240
v 0.764905 0.330662 -11.111304
v 0.207693 -0.225753 9.946153
v 0.091629 -1.872157 6.078736
v 0.015538 2.769991 -12.665283
v 0.013412 -0.133593 10.011753
v 0.727589 0.298923 -11.166149
v 0.562258 0.141295 -11.156057
v -0.696249 0.298924 -11.166149
v -0.530918 0.141295 -11.156057
v 0.013412 -1.866580 5.615543
vt 0.9263 0.7895
vt 0.8297 0.7849
vt 0.9261 0.7850
vt 0.8185 0.7838
vt 0.7355 0.7798
vt 0.7354 0.7770
vt 0.8167 0.2469
vt 0.8175 0.2095
vt 0.9213 0.2333
vt 0.9214 0.1970
vt 0.9193 0.0736
vt 0.8128 0.0936
vt 0.9198 0.0976
vt 0.8093 0.1197
vt 0.8116 0.0535
vt 0.8072 0.0856
vt 0.7187 0.0921
vt 0.7095 0.1229
vt 0.8167 0.2469
vt 0.9213 0.2333
vt 0.8175 0.2095
vt 0.9214 0.1970
vt 0.5706 0.1248
vt 0.5596 0.1328
vt 0.5702 0.0631
vt 0.5557 0.1357
vt 0.5411 0.1464
vt 0.5334 0.0998
vt 0.8116 0.0535
vt 0.7187 0.0921
vt 0.8072 0.0856
vt 0.7095 0.1229
vt 0.7354 0.7770
vt 0.7355 0.7798
vt 0.9261 0.7850
vt 0.8185 0.7838
vt 0.8297 0.7849
vt 0.9263 0.7895
vt 0.3977 0.4114
vt 0.4747 0.3980
vt 0.3620 0.4166
vt 0.4622 0.3740
vt 0.3611 0.4081
vt 0.5865 0.4101
vt 0.5864 0.3855
vt 0.5729 0.4127
vt 0.5452 0.3884
vt 0.6875 0.6615
vt 0.6880 0.7173
vt 0.6340 0.6608
vt 0.6286 0.7128
vt 0.4451 0.7396
vt 0.4451 0.6839
vt 0.4337 0.7336
vt 0.4337 0.6839
vt 0.8306 0.8156
vt 0.9267 0.8227
vt 0.9193 0.0736
vt 0.9198 0.0976
vt 0.8128 0.0936
vt 0.8093 0.1197
vt 0.5688 0.1540
vt 0.5892 0.1837
vt 0.5977 0.1567
vt 0.9211 0.1602
vt 0.9214 0.1970
vt 0.8176 0.1753
vt 0.8175 0.2095
vt 0.6837 0.3229
vt 0.6952 0.3238
vt 0.6843 0.2934
vt 0.6957 0.2937
vt 0.8333 0.9252
vt 0.8333 0.9436
vt 0.9277 0.9400
vt 0.9277 0.9597
vt 0.5334 0.0998
vt 0.5411 0.1464
vt 0.5702 0.0631
vt 0.5557 0.1357
vt 0.5596 0.1328
vt 0.5706 0.1248
vt 0.6204 0.7537
vt 0.6877 0.7643
vt 0.5964 0.3504
vt 0.6691 0.3357
vt 0.5962 0.3127
vt 0.6688 0.3106
vt 0.5053 0.3232
vt 0.5870 0.3582
vt 0.5048 0.3420
vt 0.5864 0.3767
vt 0.3592 0.3292
vt 0.3583 0.3126
vt 0.4148 0.3110
vt 0.4283 0.2910
vt 0.4335 0.3121
vt 0.7355 0.7474
vt 0.7349 0.7182
vt 0.9245 0.7226
vt 0.7838 0.7067
vt 0.9235 0.6860
vt 0.5805 0.6839
vt 0.5970 0.6828
vt 0.5810 0.7166
vt 0.5995 0.7261
vt 0.8167 0.2469
vt 0.9213 0.2333
vt 0.8175 0.2095
vt 0.9214 0.1970
vt 0.5901 0.0807
vt 0.5880 0.0820
vt 0.5922 0.0851
vt 0.5706 0.1248
vt 0.5942 0.0891
vt 0.4805 0.3001
vt 0.5054 0.2977
vt 0.4863 0.3142
vt 0.5964 0.3504
vt 0.5962 0.3127
vt 0.6691 0.3357
vt 0.6688 0.3106
vt 0.9211 0.2659
vt 0.8164 0.2766
vt 0.7349 0.7182
vt 0.7355 0.7474
vt 0.9245 0.7226
vt 0.5053 0.3232
vt 0.5048 0.3420
vt 0.5870 0.3582
vt 0.5864 0.3767
vt 0.4792 0.6826
vt 0.4792 0.7367
vt 0.4904 0.6852
vt 0.5168 0.7444
vt 0.5501 0.7491
vt 0.5501 0.6575
vt 0.5173 0.6575
vt 0.5084 0.6575
vt 0.5084 0.6658
vt 0.8164 0.2766
vt 0.8167 0.2469
vt 0.9211 0.2659
vt 0.9213 0.2333
vt 0.5688 0.1540
vt 0.5706 0.1248
vt 0.6018 0.1292
vt 0.6032 0.1069
vt 0.6008 0.1022
vt 0.7022 0.7664
vt 0.6908 0.7646
vt 0.7124 0.7543
vt 0.6910 0.7172
vt 0.7119 0.7154
vt 0.6197 0.6801
vt 0.6084 0.6814
vt 0.5995 0.7261
vt 0.5970 0.6828
vt 0.9329 0.8842
vt 0.9799 0.8855
vt 0.9334 0.9169
vt 0.9803 0.9172
vt 0.9828 0.2323
vt 0.9275 0.2330
vt 0.9829 0.1956
vt 0.9275 0.1967
vt 0.5702 0.8858
vt 0.5625 0.8742
vt 0.5651 0.8963
vt 0.5595 0.8804
vt 0.6395 0.8323
vt 0.6396 0.8798
vt 0.6467 0.8321
vt 0.6470 0.8797
vt 0.9211 0.2659
vt 0.8164 0.2766
vt 0.2094 0.6458
vt 0.2276 0.6715
vt 0.2109 0.7229
vt 0.2297 0.7513
vt 0.6771 0.8322
vt 0.6843 0.8320
vt 0.6771 0.8798
vt 0.6845 0.8797
vt 0.6094 0.8798
vt 0.6021 0.8801
vt 0.6088 0.8318
vt 0.6015 0.8321
vt 0.4451 0.7396
vt 0.4337 0.7336
vt 0.4451 0.6839
vt 0.4337 0.6839
vt 0.9211 0.2659
vt 0.8164 0.2766
vt 0.2094 0.6458
vt 0.2109 0.7229
vt 0.2276 0.6715
vt 0.2297 0.7513
vt 0.7012 0.0071
vt 0.7011 0.0569
vt 0.6890 0.0071
vt 0.6887 0.0569
vt 0.6353 0.0071
vt 0.6354 0.0569
vt 0.6267 0.0071
vt 0.6271 0.0569
vt 0.7012 0.0071
vt 0.6890 0.0071
vt 0.7011 0.0569
vt 0.6887 0.0569
vt 0.6353 0.0071
vt 0.6267 0.0071
vt 0.6354 0.0569
vt 0.6271 0.0569
vt 0.3611 0.4081
vt 0.4622 0.3740
vt 0.3620 0.4166
vt 0.4747 0.3980
vt 0.3977 0.4114
vt 0.5864 0.3855
vt 0.5452 0.3884
vt 0.5069 0.3647
vt 0.5625 0.8742
vt 0.5644 0.8664
vt 0.5702 0.8858
vt 0.5735 0.8725
vt 0.5434 0.8351
vt 0.5404 0.8413
vt 0.5378 0.8192
vt 0.5327 0.8297
vt 0.6522 0.0071
vt 0.6523 0.0569
vt 0.6435 0.0071
vt 0.6435 0.0569
vt 0.6890 0.0071
vt 0.6786 0.0071
vt 0.6887 0.0569
vt 0.6783 0.0569
vt 0.6771 0.8322
vt 0.6771 0.8798
vt 0.6843 0.8320
vt 0.6845 0.8797
vt 0.6592 0.8746
vt 0.6602 0.8357
vt 0.6624 0.8797
vt 0.6626 0.8321
vt 0.9916 0.6883
vt 0.9907 0.7071
vt 0.9697 0.6954
vt 0.9718 0.7149
vt 0.9698 0.6976
vt 0.3592 0.3318
vt 0.3063 0.3582
vt 0.3592 0.3459
vt 0.3008 0.3728
vt 0.3592 0.3318
vt 0.3592 0.3459
vt 0.3063 0.3582
vt 0.3008 0.3728
vt 0.9828 0.2323
vt 0.9829 0.1956
vt 0.9275 0.2330
vt 0.9275 0.1967
vt 0.9808 0.9595
vt 0.9806 0.9401
vt 0.9339 0.9597
vt 0.9337 0.9402
vt 0.6250 0.8320
vt 0.6322 0.8322
vt 0.6248 0.8797
vt 0.6322 0.8798
vt 0.6470 0.8797
vt 0.6467 0.8321
vt 0.6396 0.8798
vt 0.6395 0.8323
vt 0.0678 0.7380
vt 0.0627 0.7381
vt 0.0677 0.7337
vt 0.0152 0.7384
vt 0.0152 0.7340
vt 0.1618 0.9332
vt 0.1708 0.9601
vt 0.2022 0.9401
vt 0.1924 0.9589
vt 0.6830 0.2933
vt 0.6824 0.3227
vt 0.6908 0.2936
vt 0.6902 0.3235
vt 0.6893 0.7645
vt 0.6896 0.7173
vt 0.6974 0.7650
vt 0.6972 0.7169
vt 0.5038 0.2589
vt 0.5052 0.2768
vt 0.5550 0.2482
vt 0.5861 0.2641
vt 0.6682 0.2463
vt 0.5960 0.2460
vt 0.6683 0.2636
vt 0.5960 0.2642
vt 0.6094 0.8798
vt 0.6088 0.8318
vt 0.6021 0.8801
vt 0.6015 0.8321
vt 0.9808 0.9595
vt 0.9339 0.9597
vt 0.9806 0.9401
vt 0.9337 0.9402
vt 0.8333 0.9252
vt 0.9277 0.9400
vt 0.8333 0.9436
vt 0.9277 0.9597
vt 0.6830 0.2933
vt 0.6908 0.2933
vt 0.6824 0.3227
vt 0.6903 0.3228
vt 0.6435 0.0569
vt 0.6435 0.0071
vt 0.6523 0.0569
vt 0.6522 0.0071
vt 0.7580 0.0569
vt 0.7490 0.0569
vt 0.7590 0.0071
vt 0.7491 0.0071
vt 0.6435 0.0569
vt 0.6523 0.0569
vt 0.6435 0.0071
vt 0.6522 0.0071
vt 0.7580 0.0569
vt 0.7590 0.0071
vt 0.7490 0.0569
vt 0.7491 0.0071
vt 0.6698 0.8798
vt 0.6698 0.8323
vt 0.6624 0.8797
vt 0.6626 0.8321
vt 0.7218 0.8805
vt 0.7227 0.8324
vt 0.7146 0.8803
vt 0.7152 0.8323
vt 0.9274 0.1598
vt 0.9830 0.1584
vt 0.9275 0.1967
vt 0.9829 0.1956
vt 0.9274 0.1598
vt 0.9275 0.1967
vt 0.9830 0.1584
vt 0.9829 0.1956
vt 0.6225 0.8355
vt 0.6216 0.8746
vt 0.6169 0.8356
vt 0.6171 0.8746
vt 0.8306 0.8156
vt 0.9267 0.8227
vt 0.9803 0.9172
vt 0.9858 0.9167
vt 0.9799 0.8855
vt 0.9853 0.8851
vt 0.2596 0.0323
vt 0.2537 0.0439
vt 0.2576 0.0238
vt 0.2496 0.0394
vt 0.2757 0.0735
vt 0.2789 0.0789
vt 0.2745 0.0244
vt 0.2771 0.0144
vt 0.6887 0.0569
vt 0.6890 0.0071
vt 0.7011 0.0569
vt 0.7012 0.0071
vt 0.6435 0.0569
vt 0.6523 0.0569
vt 0.6435 0.0071
vt 0.6522 0.0071
vt 0.5038 0.2589
vt 0.5550 0.2482
vt 0.5052 0.2768
vt 0.5861 0.2641
vt 0.6682 0.2463
vt 0.6683 0.2636
vt 0.5960 0.2460
vt 0.5960 0.2642
vt 0.6884 0.3799
vt 0.6807 0.3796
vt 0.6893 0.3502
vt 0.6817 0.3498
vt 0.6883 0.3805
vt 0.6893 0.3504
vt 0.6807 0.3796
vt 0.6817 0.3498
vt 0.1205 0.1203
vt 0.1325 0.1203
vt 0.1205 0.1275
vt 0.1325 0.1275
vt 0.8238 0.9236
vt 0.8238 0.9019
vt 0.7375 0.8907
vt 0.7371 0.8712
vt 0.6842 0.2424
vt 0.6949 0.2440
vt 0.6843 0.2693
vt 0.6956 0.2736
vt 0.1205 0.6671
vt 0.1526 0.6325
vt 0.1211 0.6691
vt 0.1619 0.6672
vt 0.1205 0.6735
vt 0.1210 0.6715
vt 0.1533 0.7056
vt 0.1619 0.6696
vt 0.1205 0.6735
vt 0.1533 0.7056
vt 0.1210 0.6715
vt 0.1619 0.6696
vt 0.1205 0.6671
vt 0.1211 0.6691
vt 0.1526 0.6325
vt 0.1619 0.6672
vt 0.9666 0.7992
vt 0.9575 0.8262
vt 0.9520 0.7910
vt 0.6396 0.8798
vt 0.6395 0.8323
vt 0.5462 0.8134
vt 0.5443 0.8124
vt 0.5480 0.8229
vt 0.5472 0.8311
vt 0.9275 0.9166
vt 0.8327 0.9032
vt 0.7371 0.8712
vt 0.8238 0.9019
vt 0.7375 0.8907
vt 0.8238 0.9236
vt 0.9828 0.2323
vt 0.9275 0.2330
vt 0.7083 0.0071
vt 0.7082 0.0569
vt 0.6173 0.0968
vt 0.6112 0.1070
vt 0.6213 0.1129
vt 0.6213 0.1182
vt 0.5472 0.8311
vt 0.5443 0.8124
vt 0.5434 0.8351
vt 0.5378 0.8192
vt 0.0677 0.7337
vt 0.0681 0.6799
vt 0.0152 0.7340
vt 0.0151 0.6786
vt 0.0223 0.2761
vt 0.0225 0.2243
vt 0.0403 0.2764
vt 0.0405 0.2246
vt 0.7267 0.2376
vt 0.7273 0.2611
vt 0.7038 0.2368
vt 0.7047 0.2735
vt 0.9828 0.2323
vt 0.9827 0.2651
vt 0.9275 0.2330
vt 0.9273 0.2656
vt 0.8181 0.8702
vt 0.7366 0.8464
vt 0.8178 0.8437
vt 0.7363 0.8232
vt 0.7152 0.8323
vt 0.7227 0.8324
vt 0.7146 0.8803
vt 0.7218 0.8805
vt 0.9797 0.8053
vt 0.9835 0.8065
vt 0.9911 0.7567
vt 0.9940 0.7528
vt 0.4803 0.1824
vt 0.4800 0.1772
vt 0.4739 0.1815
vt 0.4754 0.1712
vt 0.4097 0.4336
vt 0.4796 0.4224
vt 0.9211 0.1602
vt 0.8176 0.1753
vt 0.7029 0.2058
vt 0.7038 0.2368
vt 0.7738 0.1858
vt 0.9211 0.1602
vt 0.8176 0.1753
vt 0.7029 0.2058
vt 0.7738 0.1858
vt 0.7038 0.2368
vt 0.0697 0.1203
vt 0.0697 0.1275
vt 0.0813 0.1203
vt 0.0813 0.1275
vt 0.0583 0.1203
vt 0.0697 0.1203
vt 0.0583 0.1275
vt 0.0697 0.1275
vt 0.5866 0.8324
vt 0.5875 0.8805
vt 0.5941 0.8323
vt 0.5947 0.8803
vt 0.7146 0.7805
vt 0.7013 0.7800
vt 0.7124 0.7936
vt 0.7003 0.7936
vt 0.8178 0.8141
vt 0.7353 0.7962
vt 0.0574 0.6216
vt 0.0587 0.5191
vt 0.0373 0.6222
vt 0.0332 0.5146
vt 0.0337 0.6222
vt 0.5861 0.2397
vt 0.5861 0.2177
vt 0.9211 0.1602
vt 0.8176 0.1753
vt 0.7267 0.2376
vt 0.7038 0.2368
vt 0.7273 0.2611
vt 0.7047 0.2735
vt 0.7073 0.8801
vt 0.6999 0.8798
vt 0.7078 0.8321
vt 0.7005 0.8318
vt 0.5404 0.8742
vt 0.5434 0.8804
vt 0.5327 0.8858
vt 0.5378 0.8963
vt 0.6771 0.8322
vt 0.6843 0.8320
vt 0.6771 0.8798
vt 0.6845 0.8797
vt 0.5294 0.8430
vt 0.5385 0.8491
vt 0.2901 0.0789
vt 0.3015 0.0148
vt 0.2915 0.0140
vt 0.1678 0.1044
vt 0.1794 0.1044
vt 0.1671 0.1203
vt 0.1770 0.1203
vt 0.3015 0.6892
vt 0.2998 0.7048
vt 0.3141 0.6961
vt 0.3121 0.7123
vt 0.2521 0.3915
vt 0.2531 0.4048
vt 0.2864 0.3672
vt 0.3016 0.3857
vt 0.3012 0.3794
vt 0.4335 0.3121
vt 0.4283 0.2910
vt 0.4148 0.3110
vt 0.3583 0.3126
vt 0.3592 0.3292
vt 0.4805 0.3001
vt 0.4863 0.3142
vt 0.5054 0.2977
vt 0.6643 0.1477
vt 0.6788 0.1478
vt 0.6637 0.1298
vt 0.6794 0.1299
vt 0.9520 0.7910
vt 0.9575 0.8262
vt 0.9666 0.7992
vt 0.5434 0.8804
vt 0.5378 0.8963
vt 0.5472 0.8844
vt 0.5443 0.9031
vt 0.5294 0.8430
vt 0.5385 0.8491
vt 0.5327 0.8297
vt 0.5404 0.8413
vt 0.9504 0.7875
vt 0.9324 0.7885
vt 0.9499 0.7417
vt 0.9295 0.7245
vt 0.9523 0.6826
vt 0.9389 0.6855
vt 0.9528 0.7053
vt 0.9291 0.7222
vt 0.9300 0.6857
vt 0.2664 0.4136
vt 0.2531 0.4048
vt 0.2827 0.4003
vt 0.3016 0.3857
vt 0.3017 0.3907
vt 0.2905 0.4010
vt 0.2863 0.4046
vt 0.3020 0.3928
vt 0.3022 0.4026
vt 0.3256 0.3822
vt 0.3607 0.3880
vt 0.3604 0.3736
vt 0.8143 0.0853
vt 0.9191 0.0650
vt 0.8195 0.0543
vt 0.9183 0.0327
vt 0.9829 0.0947
vt 0.9804 0.0705
vt 0.9263 0.0970
vt 0.9257 0.0730
vt 0.8143 0.0853
vt 0.8195 0.0543
vt 0.9191 0.0650
vt 0.9183 0.0327
vt 0.9830 0.1240
vt 0.9270 0.1258
vt 0.9829 0.0947
vt 0.9263 0.0970
vt 0.6319 0.1412
vt 0.6278 0.1452
vt 0.6231 0.1202
vt 0.7314 0.0071
vt 0.7317 0.0569
vt 0.7228 0.0071
vt 0.7229 0.0569
vt 0.7314 0.0071
vt 0.7228 0.0071
vt 0.7317 0.0569
vt 0.7229 0.0569
vt 0.6231 0.1202
vt 0.6345 0.0965
vt 0.6288 0.0930
vt 0.6250 0.8320
vt 0.6248 0.8797
vt 0.6322 0.8322
vt 0.6322 0.8798
vt 0.6698 0.8798
vt 0.6698 0.8323
vt 0.5434 0.8351
vt 0.5378 0.8192
vt 0.9742 0.7554
vt 0.9754 0.7561
vt 0.9749 0.7503
vt 0.9897 0.7624
vt 0.9911 0.7567
vt 0.9749 0.7503
vt 0.9755 0.7468
vt 0.9911 0.7567
vt 0.9919 0.7465
vt 0.9797 0.8053
vt 0.9911 0.7567
vt 0.9835 0.8065
vt 0.9940 0.7528
vt 0.9755 0.7468
vt 0.9919 0.7465
vt 0.6907 0.2423
vt 0.6829 0.2426
vt 0.6908 0.2697
vt 0.6830 0.2692
vt 0.6771 0.8322
vt 0.6771 0.8798
vt 0.6843 0.8320
vt 0.6845 0.8797
vt 0.5472 0.8311
vt 0.5434 0.8351
vt 0.5443 0.8124
vt 0.5378 0.8192
vt 0.5567 0.8134
vt 0.5586 0.8124
vt 0.5548 0.8229
vt 0.5556 0.8311
vt 0.5424 0.2303
vt 0.5578 0.1620
vt 0.5526 0.2253
vt 0.5688 0.1540
vt 0.9254 0.0643
vt 0.9795 0.0617
vt 0.9257 0.0730
vt 0.9804 0.0705
vt 0.5251 0.2387
vt 0.5387 0.2320
vt 0.5393 0.1754
vt 0.5539 0.1648
vt 0.2801 0.7620
vt 0.2755 0.7682
vt 0.2858 0.7914
vt 0.2803 0.7939
vt 0.6322 0.8798
vt 0.6248 0.8797
vt 0.6322 0.8322
vt 0.6250 0.8320
vt 0.5625 0.8413
vt 0.5595 0.8351
vt 0.5702 0.8297
vt 0.5651 0.8192
vt 0.5866 0.8324
vt 0.5941 0.8323
vt 0.5875 0.8805
vt 0.5947 0.8803
vt 0.6322 0.8798
vt 0.6322 0.8322
vt 0.6248 0.8797
vt 0.6250 0.8320
vt 0.5625 0.8413
vt 0.5702 0.8297
vt 0.5595 0.8351
vt 0.5651 0.8192
vt 0.3012 0.3794
vt 0.2864 0.3672
vt 0.2521 0.3915
vt 0.3015 0.6892
vt 0.3141 0.6961
vt 0.2998 0.7048
vt 0.3121 0.7123
vt 0.6906 0.2419
vt 0.6909 0.2689
vt 0.6829 0.2426
vt 0.6830 0.2692
vt 0.0974 0.7368
vt 0.0946 0.7372
vt 0.0974 0.7328
vt 0.2052 0.9717
vt 0.2087 0.9658
vt 0.1988 0.9767
vt 0.5625 0.8413
vt 0.5702 0.8297
vt 0.5595 0.8351
vt 0.5651 0.8192
vt 0.5644 0.8491
vt 0.5625 0.8413
vt 0.5735 0.8430
vt 0.5702 0.8297
vt 0.0583 0.1203
vt 0.0582 0.1044
vt 0.0469 0.1203
vt 0.0461 0.1044
vt 0.9793 0.8302
vt 0.9749 0.7503
vt 0.9682 0.7980
vt 0.1924 0.9589
vt 0.1708 0.9601
vt 0.2022 0.9401
vt 0.1618 0.9332
vt 0.7146 0.7805
vt 0.7124 0.7936
vt 0.7013 0.7800
vt 0.7003 0.7936
vt 0.8178 0.8141
vt 0.7353 0.7962
vt 0.5501 0.7491
vt 0.5168 0.7444
vt 0.4792 0.7367
vt 0.4792 0.6826
vt 0.4904 0.6852
vt 0.5084 0.6658
vt 0.7119 0.7154
vt 0.6910 0.7172
vt 0.7124 0.7543
vt 0.6908 0.7646
vt 0.7022 0.7664
vt 0.9793 0.8302
vt 0.9749 0.7503
vt 0.9682 0.7980
vt 0.6837 0.3229
vt 0.6952 0.3238
vt 0.6843 0.2934
vt 0.6957 0.2937
vt 0.6390 0.1224
vt 0.6402 0.1109
vt 0.6402 0.1109
vt 0.6390 0.1224
vt 0.6602 0.8357
vt 0.6592 0.8746
vt 0.6547 0.8359
vt 0.6547 0.8746
vt 0.4505 0.1574
vt 0.4570 0.1561
vt 0.4424 0.2137
vt 0.4608 0.1557
vt 0.4660 0.1545
vt 0.4642 0.2022
vt 0.4739 0.1815
vt 0.4803 0.1824
vt 0.4731 0.1929
vt 0.4822 0.2048
vt 0.4744 0.2104
vt 0.0587 0.5191
vt 0.0332 0.5146
vt 0.5861 0.2397
vt 0.5861 0.2177
vt 0.9271 0.8552
vt 0.8313 0.8456
vt 0.7363 0.8232
vt 0.8178 0.8437
vt 0.4642 0.2022
vt 0.4424 0.2137
vt 0.9726 0.7212
vt 0.9749 0.7408
vt 0.9905 0.7151
vt 0.9915 0.7389
vt 0.0778 0.2110
vt 0.0913 0.1592
vt 0.0617 0.1949
vt 0.0712 0.1392
vt 0.9830 0.1240
vt 0.9270 0.1258
vt 0.6875 0.6615
vt 0.6340 0.6608
vt 0.6880 0.7173
vt 0.6286 0.7128
vt 0.9271 0.8552
vt 0.8313 0.8456
vt 0.3604 0.3736
vt 0.3607 0.3880
vt 0.3256 0.3822
vt 0.3022 0.4026
vt 0.3020 0.3928
vt 0.2918 0.4157
vt 0.3006 0.4229
vt 0.2669 0.4220
vt 0.2659 0.4294
vt 0.2595 0.4278
vt 0.6597 0.0569
vt 0.6596 0.0071
vt 0.6660 0.0569
vt 0.6661 0.0071
vt 0.6862 0.4392
vt 0.6783 0.4427
vt 0.6878 0.4077
vt 0.6800 0.4071
vt 0.5865 0.4101
vt 0.6235 0.4033
vt 0.5865 0.4330
vt 0.6233 0.4403
vt 0.9504 0.7875
vt 0.9499 0.7417
vt 0.9324 0.7885
vt 0.9295 0.7245
vt 0.9535 0.7094
vt 0.9503 0.7389
vt 0.6276 0.5547
vt 0.6369 0.5538
vt 0.6338 0.5413
vt 0.6225 0.8355
vt 0.6169 0.8356
vt 0.6216 0.8746
vt 0.6171 0.8746
vt 0.3015 0.0148
vt 0.3112 0.0235
vt 0.2901 0.0789
vt 0.1830 0.8656
vt 0.1834 0.8551
vt 0.1770 0.8628
vt 0.1784 0.8535
vt 0.1902 0.8639
vt 0.1974 0.8635
vt 0.1903 0.8527
vt 0.1969 0.8521
vt 0.1830 0.8656
vt 0.1770 0.8628
vt 0.1834 0.8551
vt 0.1784 0.8535
vt 0.1902 0.8639
vt 0.1903 0.8527
vt 0.1974 0.8635
vt 0.1969 0.8521
vt 0.4698 0.7488
vt 0.4698 0.6839
vt 0.3259 0.0818
vt 0.3242 0.0590
vt 0.4292 0.2890
vt 0.4349 0.3127
vt 0.4383 0.2913
vt 0.4534 0.3333
vt 0.4396 0.3568
vt 0.4586 0.3621
vt 0.9329 0.8842
vt 0.9334 0.9169
vt 0.8320 0.8723
vt 0.9273 0.8839
vt 0.8320 0.8723
vt 0.9273 0.8839
vt 0.6643 0.1477
vt 0.6637 0.1298
vt 0.6788 0.1478
vt 0.6794 0.1299
vt 0.9535 0.7094
vt 0.9503 0.7389
vt 0.9528 0.7053
vt 0.9291 0.7222
vt 0.5514 0.8577
vt 0.5586 0.8124
vt 0.5556 0.8311
vt 0.6491 0.8357
vt 0.6501 0.8746
vt 0.6547 0.8359
vt 0.6547 0.8746
vt 0.6623 0.8851
vt 0.6622 0.9073
vt 0.6697 0.8850
vt 0.6697 0.9072
vt 0.5586 0.8124
vt 0.5556 0.8311
vt 0.5514 0.8577
vt 0.5443 0.9031
vt 0.5472 0.8844
vt 0.2664 0.4136
vt 0.2827 0.4003
vt 0.2863 0.4046
vt 0.2905 0.4010
vt 0.3017 0.3907
vt 0.2669 0.4220
vt 0.3006 0.4229
vt 0.2918 0.4157
vt 0.3501 0.8355
vt 0.3441 0.8193
vt 0.3186 0.8382
vt 0.3087 0.8111
vt 0.5179 0.7888
vt 0.5179 0.7713
vt 0.4796 0.7800
vt 0.4614 0.7597
vt 0.3501 0.8355
vt 0.3186 0.8382
vt 0.3441 0.8193
vt 0.3087 0.8111
vt 0.5179 0.7888
vt 0.4796 0.7800
vt 0.5179 0.7713
vt 0.4614 0.7597
vt 0.5702 0.0631
vt 0.5783 0.0772
vt 0.4739 0.1815
vt 0.4803 0.1824
vt 0.4731 0.1929
vt 0.4822 0.2048
vt 0.4744 0.2104
vt 0.6278 0.1452
vt 0.6319 0.1412
vt 0.6722 0.0071
vt 0.6661 0.0071
vt 0.6720 0.0569
vt 0.6660 0.0569
vt 0.6722 0.0071
vt 0.6720 0.0569
vt 0.6661 0.0071
vt 0.6660 0.0569
vt 0.6068 0.1323
vt 0.6063 0.1254
vt 0.6204 0.7537
vt 0.6877 0.7643
vt 0.6971 0.7171
vt 0.6896 0.7173
vt 0.6972 0.7652
vt 0.6893 0.7645
vt 0.6980 0.8354
vt 0.6924 0.8356
vt 0.6968 0.8746
vt 0.6922 0.8746
vt 0.7072 0.8853
vt 0.7072 0.9074
vt 0.7146 0.8855
vt 0.7146 0.9075
vt 0.6276 0.5547
vt 0.6289 0.5745
vt 0.6349 0.5674
vt 0.6276 0.5547
vt 0.6201 0.5678
vt 0.6289 0.5745
vt 0.2087 0.9658
vt 0.1988 0.9767
vt 0.2052 0.9717
vt 0.6213 0.1302
vt 0.6186 0.1455
vt 0.6213 0.1240
vt 0.6129 0.1420
vt 0.4292 0.2890
vt 0.4383 0.2913
vt 0.4349 0.3127
vt 0.4534 0.3333
vt 0.4396 0.3568
vt 0.4586 0.3621
vt 0.2041 0.7482
vt 0.2068 0.7155
vt 0.1849 0.7173
vt 0.1879 0.6829
vt 0.5958 0.6650
vt 0.6076 0.6610
vt 0.0931 0.1203
vt 0.0813 0.1203
vt 0.0934 0.1044
vt 0.0812 0.1044
vt 0.2815 0.0767
vt 0.2875 0.0767
vt 0.2807 0.0195
vt 0.2879 0.0193
vt 0.1561 0.1203
vt 0.1560 0.1275
vt 0.1671 0.1203
vt 0.1669 0.1275
vt 0.1325 0.1203
vt 0.1326 0.1044
vt 0.1205 0.1203
vt 0.1204 0.1044
vt 0.1559 0.7083
vt 0.1679 0.7196
vt 0.1651 0.6693
vt 0.1800 0.6666
vt 0.1552 0.6299
vt 0.1652 0.6670
vt 0.1666 0.6184
vt 0.1792 0.6666
vt 0.1559 0.7083
vt 0.1651 0.6693
vt 0.1679 0.7196
vt 0.1800 0.6666
vt 0.1552 0.6299
vt 0.1666 0.6184
vt 0.1652 0.6670
vt 0.1792 0.6666
vt 0.9698 0.6976
vt 0.9718 0.7149
vt 0.9697 0.6954
vt 0.9907 0.7071
vt 0.9916 0.6883
vt 0.6491 0.8357
vt 0.6547 0.8359
vt 0.6501 0.8746
vt 0.6547 0.8746
vt 0.6396 0.8850
vt 0.6470 0.8851
vt 0.6396 0.9072
vt 0.6471 0.9073
vt 0.9726 0.7212
vt 0.9905 0.7151
vt 0.9749 0.7408
vt 0.9915 0.7389
vt 0.2041 0.7482
vt 0.1849 0.7173
vt 0.2068 0.7155
vt 0.1879 0.6829
vt 0.6837 0.2184
vt 0.6837 0.2115
vt 0.6940 0.2186
vt 0.6937 0.2085
vt 0.5524 0.8514
vt 0.5537 0.8514
vt 0.5556 0.8311
vt 0.5586 0.8124
vt 0.5069 0.3647
vt 0.4412 0.2945
vt 0.4559 0.3328
vt 0.4483 0.2946
vt 0.4593 0.3209
vt 0.5343 0.8577
vt 0.5345 0.8508
vt 0.5293 0.8577
vt 0.5299 0.8470
vt 0.5514 0.8225
vt 0.5514 0.8122
vt 0.5548 0.8229
vt 0.5567 0.8134
vt 0.6395 0.8323
vt 0.6467 0.8321
vt 0.6396 0.8798
vt 0.6470 0.8797
vt 0.6171 0.8856
vt 0.6247 0.8851
vt 0.6171 0.9075
vt 0.6247 0.9073
vt 0.7372 0.9065
vt 0.8235 0.9416
vt 0.7361 0.9227
vt 0.8222 0.9602
vt 0.0405 0.2246
vt 0.0446 0.1763
vt 0.0446 0.1763
vt 0.0221 0.1759
vt 0.5393 0.1754
vt 0.5118 0.1681
vt 0.5099 0.1973
vt 0.5864 0.2862
vt 0.5867 0.3133
vt 0.5864 0.2862
vt 0.5867 0.3133
vt 0.5802 0.8762
vt 0.5779 0.8371
vt 0.5844 0.8757
vt 0.5841 0.8362
vt 0.5514 0.8930
vt 0.5548 0.8926
vt 0.5514 0.9032
vt 0.5567 0.9021
vt 0.6877 0.8746
vt 0.6868 0.8355
vt 0.5404 0.8413
vt 0.5385 0.8491
vt 0.5327 0.8297
vt 0.5294 0.8430
vt 0.9338 0.9799
vt 0.9809 0.9796
vt 0.5118 0.1681
vt 0.5099 0.1973
vt 0.3003 0.4379
vt 0.3166 0.4404
vt 0.3032 0.4262
vt 0.3640 0.4385
vt 0.3620 0.4203
vt 0.4609 0.3506
vt 0.4159 0.3458
vt 0.4544 0.3354
vt 0.4291 0.3309
vt 0.4532 0.3342
vt 0.4532 0.3342
vt 0.4291 0.3309
vt 0.4544 0.3354
vt 0.4159 0.3458
vt 0.4609 0.3506
vt 0.6837 0.3229
vt 0.6843 0.2934
vt 0.6952 0.3238
vt 0.6957 0.2937
vt 0.5783 0.0772
vt 0.5702 0.0631
vt 0.5783 0.0772
vt 0.5880 0.0820
vt 0.6018 0.1292
vt 0.4744 0.2104
vt 0.4822 0.2048
vt 0.4731 0.1929
vt 0.1977 0.8434
vt 0.1891 0.8441
vt 0.1978 0.8500
vt 0.1891 0.8508
vt 0.1785 0.8472
vt 0.1778 0.8517
vt 0.1844 0.8492
vt 0.1841 0.8536
vt 0.1977 0.8434
vt 0.1978 0.8500
vt 0.1891 0.8441
vt 0.1891 0.8508
vt 0.1785 0.8472
vt 0.1844 0.8492
vt 0.1778 0.8517
vt 0.1841 0.8536
vt 0.6864 0.4426
vt 0.6875 0.4079
vt 0.6783 0.4427
vt 0.6800 0.4071
vt 0.5865 0.4330
vt 0.6235 0.4033
vt 0.6233 0.4403
vt 0.6722 0.0071
vt 0.6720 0.0569
vt 0.6068 0.1323
vt 0.6063 0.1254
vt 0.6213 0.1207
vt 0.7267 0.2376
vt 0.7273 0.2611
vt 0.7047 0.2735
vt 0.2890 0.8595
vt 0.2879 0.8229
vt 0.2825 0.8587
vt 0.2820 0.8230
vt 0.7029 0.2058
vt 0.7738 0.1858
vt 0.7029 0.2058
vt 0.7738 0.1858
vt 0.5514 0.8297
vt 0.9273 0.2656
vt 0.9827 0.2651
vt 0.5688 0.1540
vt 0.5977 0.1567
vt 0.6018 0.1292
vt 0.6602 0.8357
vt 0.6547 0.8359
vt 0.6592 0.8746
vt 0.6547 0.8746
vt 0.6697 0.8850
vt 0.6697 0.9072
vt 0.6772 0.8850
vt 0.6772 0.9072
vt 0.6980 0.8354
vt 0.6968 0.8746
vt 0.6924 0.8356
vt 0.6922 0.8746
vt 0.7072 0.8853
vt 0.7146 0.8855
vt 0.7072 0.9074
vt 0.7146 0.9075
vt 0.4836 0.3951
vt 0.4764 0.3958
vt 0.4704 0.3478
vt 0.4626 0.3486
vt 0.4412 0.2945
vt 0.4483 0.2946
vt 0.4559 0.3328
vt 0.4593 0.3209
vt 0.7267 0.2376
vt 0.7273 0.2611
vt 0.7047 0.2735
vt 0.2890 0.8595
vt 0.2825 0.8587
vt 0.2879 0.8229
vt 0.2820 0.8230
vt 0.9914 0.6749
vt 0.9724 0.6773
vt 0.9603 0.6788
vt 0.9543 0.7035
vt 0.9536 0.6820
vt 0.5977 0.1567
vt 0.6191 0.0569
vt 0.6184 0.0071
vt 0.6191 0.0569
vt 0.6184 0.0071
vt 0.1872 0.7695
vt 0.1965 0.7547
vt 0.1820 0.7422
vt 0.2070 0.7563
vt 0.2358 0.6575
vt 0.2648 0.6836
vt 0.2468 0.6575
vt 0.2677 0.6694
vt 0.2544 0.6575
vt 0.5679 0.7957
vt 0.5679 0.7782
vt 0.5594 0.7644
vt 0.5594 0.6575
vt 0.5679 0.7782
vt 0.5616 0.6575
vt 0.5679 0.6575
vt 0.6622 0.9073
vt 0.6547 0.9075
vt 0.6623 0.8851
vt 0.6547 0.8856
vt 0.6697 0.8850
vt 0.6697 0.9072
vt 0.6930 0.1967
vt 0.6834 0.2045
vt 0.6937 0.2085
vt 0.6837 0.2115
vt 0.9827 0.2651
vt 0.9273 0.2656
vt 0.2815 0.0767
vt 0.2807 0.0195
vt 0.2875 0.0767
vt 0.2879 0.0193
vt 0.1051 0.0981
vt 0.1046 0.1128
vt 0.0966 0.0981
vt 0.0971 0.1128
vt 0.4836 0.3951
vt 0.4704 0.3478
vt 0.4764 0.3958
vt 0.4626 0.3486
vt 0.2971 0.4360
vt 0.5679 0.7957
vt 0.6837 0.3229
vt 0.6843 0.2934
vt 0.6952 0.3238
vt 0.6957 0.2937
vt 0.9206 0.1262
vt 0.8174 0.1449
vt 0.2587 0.7203
vt 0.2477 0.7100
vt 0.2499 0.7821
vt 0.9206 0.1262
vt 0.8174 0.1449
vt 0.2499 0.7821
vt 0.2477 0.7100
vt 0.2587 0.7203
vt 0.5782 0.0539
vt 0.5760 0.0504
vt 0.5745 0.0587
vt 0.5728 0.0447
vt 0.5803 0.0706
vt 0.5784 0.0554
vt 0.4097 0.4336
vt 0.4796 0.4224
vt 0.5729 0.4127
vt 0.8300 0.8443
vt 0.8294 0.8158
vt 0.8190 0.8423
vt 0.8189 0.8142
vt 0.8313 0.9237
vt 0.8310 0.9013
vt 0.8257 0.9221
vt 0.8255 0.8999
vt 0.6698 0.8271
vt 0.6626 0.8321
vt 0.6623 0.8289
vt 0.6592 0.8746
vt 0.6624 0.8797
vt 0.6602 0.8357
vt 0.6722 0.0071
vt 0.6661 0.0071
vt 0.6720 0.0569
vt 0.6660 0.0569
vt 0.6186 0.1455
vt 0.6129 0.1420
vt 0.6129 0.1420
vt 0.6186 0.1455
vt 0.6186 0.1455
vt 0.6129 0.1420
vt 0.0469 0.1203
vt 0.0582 0.1044
vt 0.0461 0.1044
vt 0.3663 0.0278
vt 0.3660 0.0201
vt 0.3720 0.0281
vt 0.3725 0.0204
vt 0.3742 0.0286
vt 0.3746 0.0209
vt 0.3809 0.0281
vt 0.3801 0.0204
vt 0.3663 0.0278
vt 0.3720 0.0281
vt 0.3660 0.0201
vt 0.3725 0.0204
vt 0.3742 0.0286
vt 0.3809 0.0281
vt 0.3746 0.0209
vt 0.3801 0.0204
vt 0.3663 0.0278
vt 0.3720 0.0281
vt 0.3660 0.0201
vt 0.3725 0.0204
vt 0.3742 0.0286
vt 0.3809 0.0281
vt 0.3746 0.0209
vt 0.3801 0.0204
vt 0.3663 0.0278
vt 0.3660 0.0201
vt 0.3720 0.0281
vt 0.3725 0.0204
vt 0.3742 0.0286
vt 0.3746 0.0209
vt 0.3809 0.0281
vt 0.3801 0.0204
vt 0.3543 0.8978
vt 0.3446 0.9126
vt 0.3242 0.9052
vt 0.3095 0.9283
vt 0.3653 0.8649
vt 0.3604 0.8815
vt 0.3410 0.8658
vt 0.3359 0.8787
vt 0.3543 0.8978
vt 0.3242 0.9052
vt 0.3446 0.9126
vt 0.3095 0.9283
vt 0.3653 0.8649
vt 0.3410 0.8658
vt 0.3604 0.8815
vt 0.3359 0.8787
vt 0.6349 0.5674
vt 0.6369 0.5538
vt 0.5824 0.0635
vt 0.5803 0.0706
vt 0.5848 0.0681
vt 0.5878 0.0746
vt 0.5784 0.0554
vt 0.5803 0.0706
vt 0.5745 0.0587
vt 0.1446 0.1044
vt 0.1444 0.1203
vt 0.1565 0.1044
vt 0.1669 0.1275
vt 0.1560 0.1275
vt 0.1561 0.1203
vt 0.3620 0.4203
vt 0.3640 0.4385
vt 0.3032 0.4262
vt 0.6100 0.7969
vt 0.5979 0.8048
vt 0.6100 0.7794
vt 0.6153 0.7474
vt 0.6230 0.7092
vt 0.6100 0.7794
vt 0.5737 0.7678
vt 0.6066 0.7690
vt 0.6501 0.8746
vt 0.6491 0.8357
vt 0.5514 0.8225
vt 0.5514 0.8122
vt 0.5480 0.8229
vt 0.5462 0.8134
vt 0.6179 0.5545
vt 0.6201 0.5678
vt 0.7292 0.8762
vt 0.7315 0.8371
vt 0.7249 0.8757
vt 0.7252 0.8362
vt 0.5514 0.8930
vt 0.5514 0.9032
vt 0.5548 0.8926
vt 0.5567 0.9021
vt 0.6461 0.1567
vt 0.6264 0.1629
vt 0.6625 0.1485
vt 0.6209 0.1705
vt 0.6184 0.1644
vt 0.6598 0.1222
vt 0.6616 0.1305
vt 0.6616 0.1305
vt 0.6598 0.1222
vt 0.6625 0.1485
vt 0.6209 0.1705
vt 0.6264 0.1629
vt 0.6184 0.1644
vt 0.6461 0.1567
vt 0.4539 0.6839
vt 0.4539 0.7562
vt 0.4615 0.6839
vt 0.4615 0.7577
vt 0.4539 0.6839
vt 0.4615 0.6839
vt 0.4539 0.7562
vt 0.4615 0.7577
vt 0.7274 0.7499
vt 0.7268 0.7177
vt 0.7238 0.7510
vt 0.7227 0.7173
vt 0.7274 0.7499
vt 0.7238 0.7510
vt 0.7268 0.7177
vt 0.7227 0.7173
vt 0.7944 0.2392
vt 0.7946 0.2270
vt 0.7944 0.2392
vt 0.7946 0.2270
vt 0.7944 0.2392
vt 0.7946 0.2270
vt 0.7944 0.2392
vt 0.7946 0.2270
vt 0.6786 0.0071
vt 0.6783 0.0569
vt 0.6894 0.0630
vt 0.7019 0.0630
vt 0.2825 0.8587
vt 0.2879 0.8229
vt 0.2820 0.8230
vt 0.7044 0.3021
vt 0.7557 0.2881
vt 0.8300 0.8443
vt 0.8190 0.8423
vt 0.8294 0.8158
vt 0.8189 0.8142
vt 0.8256 0.8912
vt 0.8309 0.8924
vt 0.8255 0.8999
vt 0.8310 0.9013
vt 0.6322 0.8850
vt 0.6322 0.9072
vt 0.6396 0.8850
vt 0.6396 0.9072
vt 0.6547 0.9075
vt 0.6547 0.8856
vt 0.5947 0.8855
vt 0.6021 0.8853
vt 0.5947 0.9075
vt 0.6021 0.9074
vt 0.5947 0.8855
vt 0.5947 0.9075
vt 0.6021 0.8853
vt 0.6021 0.9074
vt 0.6247 0.9073
vt 0.6247 0.8851
vt 0.6171 0.9075
vt 0.6171 0.8856
vt 0.6289 0.5745
vt 0.6349 0.5674
vt 0.5872 0.9077
vt 0.5874 0.8857
vt 0.7221 0.9077
vt 0.7219 0.8857
vt 0.2366 0.4118
vt 0.2368 0.4046
vt 0.5872 0.9077
vt 0.5874 0.8857
vt 0.7221 0.9077
vt 0.7219 0.8857
vt 0.5514 0.8225
vt 0.5514 0.8122
vt 0.9830 0.1240
vt 0.9270 0.1258
vt 0.0471 0.1275
vt 0.0380 0.1275
vt 0.0366 0.1203
vt 0.2488 0.0760
vt 0.2429 0.0827
vt 0.2594 0.0817
vt 0.6125 0.8746
vt 0.6113 0.8354
vt 0.5686 0.8577
vt 0.5684 0.8647
vt 0.5736 0.8577
vt 0.5730 0.8685
vt 0.6877 0.8746
vt 0.6868 0.8355
vt 0.5343 0.8577
vt 0.5293 0.8577
vt 0.5345 0.8508
vt 0.5299 0.8470
vt 0.9827 0.2651
vt 0.9273 0.2656
vt 0.6216 0.8746
vt 0.6225 0.8355
vt 0.5644 0.8491
vt 0.5684 0.8508
vt 0.5735 0.8430
vt 0.5730 0.8470
vt 0.5514 0.8225
vt 0.5514 0.8122
vt 0.7372 0.9065
vt 0.7361 0.9227
vt 0.8235 0.9416
vt 0.8222 0.9602
vt 0.8255 0.9419
vt 0.8312 0.9435
vt 0.6846 0.9073
vt 0.6846 0.8851
vt 0.6772 0.9072
vt 0.6772 0.8850
vt 0.6846 0.9073
vt 0.6772 0.9072
vt 0.6846 0.8851
vt 0.6772 0.8850
vt 0.4397 0.3547
vt 0.4589 0.3605
vt 0.4589 0.3605
vt 0.4397 0.3547
vt 0.0935 0.1612
vt 0.0912 0.1716
vt 0.0808 0.2137
vt 0.0617 0.1949
vt 0.0712 0.1392
vt 0.3036 0.4227
vt 0.9328 0.8558
vt 0.9797 0.8584
vt 0.5155 0.1437
vt 0.5231 0.1197
vt 0.9830 0.1584
vt 0.9830 0.1240
vt 0.9274 0.1598
vt 0.9270 0.1258
vt 0.6274 0.5364
vt 0.1921 0.6629
vt 0.1993 0.6517
vt 0.7557 0.2881
vt 0.7557 0.2881
vt 0.9328 0.8558
vt 0.9797 0.8584
vt 0.5231 0.1197
vt 0.5155 0.1437
vt 0.2708 0.7362
vt 0.2801 0.7620
vt 0.2678 0.7454
vt 0.2755 0.7682
vt 0.9919 0.7465
vt 0.9755 0.7468
vt 0.9919 0.7465
vt 0.9755 0.7468
vt 0.6274 0.5364
vt 0.6273 0.5256
vt 0.6209 0.5416
vt 0.6171 0.5337
vt 0.6294 0.5277
vt 0.6365 0.5336
vt 0.6338 0.5413
vt 0.6368 0.5347
vt 0.4705 0.1797
vt 0.4726 0.1656
vt 0.4692 0.1597
vt 0.4704 0.1934
vt 0.4731 0.1929
vt 0.4705 0.1797
vt 0.4739 0.1815
vt 0.6322 0.9072
vt 0.6247 0.9073
vt 0.6322 0.8850
vt 0.6247 0.8851
vt 0.6247 0.9073
vt 0.6247 0.8851
vt 0.4814 0.4210
vt 0.4882 0.4202
vt 0.4814 0.4210
vt 0.4882 0.4202
vt 0.4505 0.6839
vt 0.4509 0.7587
vt 0.3711 0.7355
vt 0.3726 0.7191
vt 0.4505 0.6839
vt 0.4509 0.7587
vt 0.3711 0.7355
vt 0.3164 0.7274
vt 0.3711 0.7488
vt 0.6125 0.8746
vt 0.6113 0.8354
vt 0.5686 0.8577
vt 0.5684 0.8508
vt 0.5736 0.8577
vt 0.5730 0.8470
vt 0.6997 0.9074
vt 0.6998 0.8852
vt 0.6922 0.9075
vt 0.6922 0.8856
vt 0.6846 0.9073
vt 0.6846 0.8851
vt 0.5648 0.2208
vt 0.5776 0.2062
vt 0.6814 0.2693
vt 0.6736 0.2629
vt 0.6813 0.2425
vt 0.6734 0.2399
vt 0.5983 0.2050
vt 0.6743 0.2079
vt 0.6740 0.2148
vt 0.6737 0.2206
vt 0.5906 0.2181
vt 0.6814 0.2693
vt 0.6813 0.2425
vt 0.6736 0.2629
vt 0.6734 0.2399
vt 0.3363 0.0478
vt 0.3686 0.0478
vt 0.3362 0.0421
vt 0.3685 0.0356
vt 0.3833 0.0462
vt 0.3834 0.0424
vt 0.3703 0.0478
vt 0.3705 0.0359
vt 0.3360 0.0568
vt 0.3683 0.0662
vt 0.3363 0.0508
vt 0.3686 0.0537
vt 0.3363 0.0478
vt 0.3686 0.0478
vt 0.3362 0.0421
vt 0.3685 0.0356
vt 0.3833 0.0462
vt 0.3834 0.0424
vt 0.3703 0.0478
vt 0.3705 0.0359
vt 0.3360 0.0568
vt 0.3683 0.0662
vt 0.3363 0.0508
vt 0.3686 0.0537
vt 0.3363 0.0478
vt 0.3362 0.0421
vt 0.3686 0.0478
vt 0.3685 0.0356
vt 0.3833 0.0462
vt 0.3703 0.0478
vt 0.3834 0.0424
vt 0.3705 0.0359
vt 0.3360 0.0568
vt 0.3363 0.0508
vt 0.3683 0.0662
vt 0.3686 0.0537
vt 0.3363 0.0478
vt 0.3362 0.0421
vt 0.3686 0.0478
vt 0.3685 0.0356
vt 0.3833 0.0462
vt 0.3703 0.0478
vt 0.3834 0.0424
vt 0.3705 0.0359
vt 0.3360 0.0568
vt 0.3363 0.0508
vt 0.3683 0.0662
vt 0.3686 0.0537
vt 0.1872 0.7695
vt 0.1820 0.7422
vt 0.1965 0.7547
vt 0.2070 0.7563
vt 0.9830 0.1584
vt 0.9274 0.1598
vt 0.7083 0.0071
vt 0.7012 0.0071
vt 0.7082 0.0569
vt 0.7011 0.0569
vt 0.6787 0.0630
vt 0.6894 0.0630
vt 0.1993 0.6517
vt 0.1921 0.6629
vt 0.0197 0.4384
vt 0.0256 0.4714
vt 0.0332 0.4368
vt 0.0394 0.4729
vt 0.0332 0.4368
vt 0.0197 0.4384
vt 0.0290 0.3903
vt 0.0152 0.3924
vt 0.0974 0.1195
vt 0.1043 0.1195
vt 0.0971 0.1128
vt 0.1046 0.1128
vt 0.1326 0.0927
vt 0.1326 0.1044
vt 0.1222 0.0927
vt 0.1204 0.1044
vt 0.7143 0.7155
vt 0.7219 0.7168
vt 0.7152 0.7539
vt 0.7231 0.7522
vt 0.9246 0.7257
vt 0.7345 0.7499
vt 0.7143 0.7155
vt 0.7152 0.7539
vt 0.7219 0.7168
vt 0.7231 0.7522
vt 0.9246 0.7257
vt 0.7345 0.7499
vt 0.5776 0.2062
vt 0.5648 0.2208
vt 0.6701 0.4116
vt 0.6699 0.3845
vt 0.6698 0.4115
vt 0.6396 0.3858
vt 0.6761 0.3891
vt 0.6754 0.4234
vt 0.6784 0.4070
vt 0.6766 0.4427
vt 0.6369 0.5538
vt 0.6338 0.5413
vt 0.6122 0.5541
vt 0.6171 0.5337
vt 0.6209 0.5416
vt 0.6701 0.4116
vt 0.6698 0.4115
vt 0.6699 0.3845
vt 0.6396 0.3858
vt 0.6761 0.3891
vt 0.6784 0.4070
vt 0.6754 0.4234
vt 0.6766 0.4427
vt 0.3067 0.3554
vt 0.3046 0.3376
vt 0.2864 0.3616
vt 0.2932 0.3490
vt 0.8191 0.7862
vt 0.8291 0.7874
vt 0.8191 0.7862
vt 0.8291 0.7874
vt 0.6622 0.9073
vt 0.6547 0.9075
vt 0.6623 0.8851
vt 0.6547 0.8856
vt 0.6471 0.9073
vt 0.6396 0.9072
vt 0.6470 0.8851
vt 0.6396 0.8850
vt 0.1746 0.8735
vt 0.1829 0.8772
vt 0.1757 0.8642
vt 0.1836 0.8682
vt 0.1986 0.8657
vt 0.1893 0.8664
vt 0.1989 0.8758
vt 0.1892 0.8760
vt 0.1746 0.8735
vt 0.1757 0.8642
vt 0.1829 0.8772
vt 0.1836 0.8682
vt 0.1986 0.8657
vt 0.1989 0.8758
vt 0.1893 0.8664
vt 0.1892 0.8760
vt 0.0696 0.1044
vt 0.2395 0.9464
vt 0.2339 0.9564
vt 0.2278 0.9720
vt 0.0696 0.1044
vt 0.2278 0.9720
vt 0.2339 0.9564
vt 0.2395 0.9464
vt 0.7557 0.2881
vt 0.6597 0.0569
vt 0.6596 0.0071
vt 0.6597 0.0569
vt 0.6596 0.0071
vt 0.7018 0.1770
vt 0.7536 0.1611
vt 0.7018 0.1770
vt 0.7536 0.1611
vt 0.5878 0.0746
vt 0.5803 0.0706
vt 0.5848 0.0681
vt 0.5824 0.0635
vt 0.5745 0.0587
vt 0.1762 0.1275
vt 0.3259 0.0818
vt 0.3020 0.0840
vt 0.3240 0.1046
vt 0.6997 0.9074
vt 0.6922 0.9075
vt 0.6998 0.8852
vt 0.6922 0.8856
vt 0.6772 0.8850
vt 0.6846 0.8851
vt 0.6772 0.9072
vt 0.6846 0.9073
vt 0.6622 0.9073
vt 0.6623 0.8851
vt 0.6547 0.9075
vt 0.6547 0.8856
vt 0.6396 0.8850
vt 0.6396 0.9072
vt 0.6470 0.8851
vt 0.6471 0.9073
vt 0.6698 0.8798
vt 0.6698 0.8323
vt 0.6698 0.8271
vt 0.6623 0.8289
vt 0.6791 0.3795
vt 0.6751 0.3633
vt 0.6801 0.3497
vt 0.6750 0.3350
vt 0.6791 0.3795
vt 0.6801 0.3497
vt 0.6751 0.3633
vt 0.6750 0.3350
vt 0.3067 0.3554
vt 0.3046 0.3376
vt 0.2864 0.3616
vt 0.2932 0.3490
vt 0.8250 0.8776
vt 0.8256 0.8912
vt 0.8305 0.8791
vt 0.8309 0.8924
vt 0.9243 0.8932
vt 0.8322 0.8812
vt 0.5977 0.1567
vt 0.5892 0.1837
vt 0.6829 0.1896
vt 0.6818 0.1828
vt 0.6902 0.1644
vt 0.6809 0.1649
vt 0.6606 0.1946
vt 0.6631 0.1833
vt 0.6803 0.1937
vt 0.6798 0.1836
vt 0.0336 0.1044
vt 0.0366 0.1203
vt 0.0049 0.0984
vt 0.0380 0.1275
vt 0.0336 0.1044
vt 0.0049 0.0984
vt 0.2611 0.7340
vt 0.2543 0.7881
vt 0.2071 0.7621
vt 0.2281 0.7788
vt 0.2312 0.7880
vt 0.6597 0.0569
vt 0.6596 0.0071
vt 0.2611 0.7340
vt 0.2543 0.7881
vt 0.2281 0.7788
vt 0.2071 0.7621
vt 0.2312 0.7880
vt 0.1855 0.8537
vt 0.1855 0.8507
vt 0.1774 0.8424
vt 0.1775 0.8447
vt 0.1852 0.8375
vt 0.1857 0.8452
vt 0.1855 0.8537
vt 0.1855 0.8507
vt 0.1774 0.8424
vt 0.1852 0.8375
vt 0.1775 0.8447
vt 0.1857 0.8452
vt 0.4417 0.1571
vt 0.4476 0.1562
vt 0.4330 0.1772
vt 0.4375 0.2045
vt 0.7170 0.1272
vt 0.7002 0.1531
vt 0.8062 0.0943
vt 0.7386 0.1404
vt 0.7386 0.1404
vt 0.8062 0.0943
vt 0.7002 0.1531
vt 0.7170 0.1272
vt 0.5173 0.7585
vt 0.5519 0.6575
vt 0.5594 0.7644
vt 0.7073 0.8801
vt 0.7078 0.8321
vt 0.6999 0.8798
vt 0.7005 0.8318
vt 0.5385 0.8664
vt 0.5294 0.8725
vt 0.5404 0.8742
vt 0.5327 0.8858
vt 0.5556 0.8844
vt 0.5595 0.8804
vt 0.5586 0.9031
vt 0.5651 0.8963
vt 0.2536 0.4191
vt 0.1712 0.9777
vt 0.1636 0.9932
vt 0.1916 0.9705
vt 0.2920 0.8283
vt 0.2888 0.7938
vt 0.2858 0.7914
vt 0.7349 0.3111
vt 0.8163 0.2983
vt 0.7916 0.3014
vt 0.7735 0.3046
vt 0.7555 0.3089
vt 0.7219 0.0630
vt 0.7312 0.0630
vt 0.7588 0.0630
vt 0.7492 0.0630
vt 0.7219 0.0630
vt 0.7312 0.0630
vt 0.7588 0.0630
vt 0.7492 0.0630
vt 0.6273 0.5256
vt 0.6209 0.5416
vt 0.6171 0.5337
vt 0.6161 0.5766
vt 0.6201 0.5678
vt 0.6122 0.5541
vt 0.6179 0.5545
vt 0.6829 0.1896
vt 0.6902 0.1644
vt 0.6818 0.1828
vt 0.6809 0.1649
vt 0.6606 0.1946
vt 0.6803 0.1937
vt 0.6631 0.1833
vt 0.6798 0.1836
vt 0.0812 0.1044
vt 0.0934 0.1044
vt 0.0931 0.1203
vt 0.6066 0.7690
vt 0.5737 0.7678
vt 0.5722 0.6575
vt 0.5462 0.8134
vt 0.5480 0.8229
vt 0.5782 0.0539
vt 0.5760 0.0504
vt 0.5728 0.0447
vt 0.5745 0.0587
vt 0.1916 0.9705
vt 0.1636 0.9932
vt 0.1712 0.9777
vt 0.4698 0.7488
vt 0.5173 0.7585
vt 0.6790 0.1649
vt 0.6640 0.1648
vt 0.6592 0.1912
vt 0.6512 0.1635
vt 0.6609 0.1823
vt 0.6621 0.1647
vt 0.6790 0.1649
vt 0.6640 0.1648
vt 0.6592 0.1912
vt 0.6609 0.1823
vt 0.6512 0.1635
vt 0.6621 0.1647
vt 0.5644 0.8664
vt 0.5651 0.8577
vt 0.0256 0.4714
vt 0.0394 0.4729
vt 0.0336 0.4938
vt 0.0465 0.4946
vt 0.0401 0.4999
vt 0.0747 0.5218
vt 0.5730 0.8470
vt 0.6868 0.8355
vt 0.5404 0.8413
vt 0.5327 0.8297
vt 0.5385 0.8491
vt 0.5294 0.8430
vt 0.6786 0.0071
vt 0.6783 0.0569
vt 0.6112 0.1070
vt 0.6173 0.0968
vt 0.6786 0.0071
vt 0.6783 0.0569
vt 0.6112 0.1070
vt 0.6076 0.1184
vt 0.7157 0.0071
vt 0.7157 0.0569
vt 0.7083 0.0071
vt 0.7082 0.0569
vt 0.7157 0.0071
vt 0.7083 0.0071
vt 0.7157 0.0569
vt 0.7082 0.0569
vt 0.6294 0.5277
vt 0.6274 0.5364
vt 0.6365 0.5336
vt 0.6368 0.5347
vt 0.6930 0.1967
vt 0.6834 0.2045
vt 0.0192 0.2760
vt 0.0193 0.2643
vt 0.0194 0.2243
vt 0.7152 0.8269
vt 0.7078 0.8268
vt 0.3855 0.1025
vt 0.3836 0.0836
vt 0.3869 0.1019
vt 0.3974 0.0778
vt 0.3846 0.1421
vt 0.3827 0.1233
vt 0.3860 0.1415
vt 0.3965 0.1174
vt 0.3855 0.1025
vt 0.3869 0.1019
vt 0.3836 0.0836
vt 0.3974 0.0778
vt 0.4023 0.0500
vt 0.4037 0.0494
vt 0.4043 0.0688
vt 0.4180 0.0632
vt 0.3846 0.1421
vt 0.3860 0.1415
vt 0.3827 0.1233
vt 0.3965 0.1174
vt 0.4015 0.0502
vt 0.4002 0.0508
vt 0.4035 0.0691
vt 0.3898 0.0750
vt 0.5802 0.6703
vt 0.5807 0.6543
vt 0.5947 0.6446
vt 0.5802 0.6703
vt 0.5807 0.6543
vt 0.5958 0.6650
vt 0.5947 0.6446
vt 0.5118 0.3910
vt 0.5173 0.4172
vt 0.5118 0.3910
vt 0.5173 0.4172
vt 0.6395 0.8271
vt 0.6322 0.8270
vt 0.2608 0.9747
vt 0.2534 0.9746
vt 0.2608 0.9798
vt 0.2533 0.9798
vt 0.2608 0.9849
vt 0.2533 0.9849
vt 0.2608 0.9901
vt 0.2533 0.9900
vt 0.2665 0.9330
vt 0.2665 0.9280
vt 0.2738 0.9332
vt 0.2738 0.9282
vt 0.2664 0.9481
vt 0.2664 0.9431
vt 0.2737 0.9483
vt 0.2737 0.9433
vt 0.2665 0.9330
vt 0.2738 0.9332
vt 0.2665 0.9280
vt 0.2738 0.9282
vt 0.2664 0.9431
vt 0.2737 0.9433
vt 0.2664 0.9380
vt 0.2737 0.9382
vt 0.2534 0.9695
vt 0.2608 0.9695
vt 0.2534 0.9644
vt 0.2608 0.9644
vt 0.2608 0.9849
vt 0.2608 0.9901
vt 0.2533 0.9849
vt 0.2533 0.9900
vt 0.2608 0.9644
vt 0.2608 0.9695
vt 0.2534 0.9644
vt 0.2534 0.9695
vt 0.2533 0.9362
vt 0.2607 0.9362
vt 0.2533 0.9310
vt 0.2607 0.9311
vt 0.2532 0.9516
vt 0.2607 0.9516
vt 0.2532 0.9464
vt 0.2607 0.9465
vt 0.2532 0.9413
vt 0.2533 0.9362
vt 0.2607 0.9413
vt 0.2607 0.9362
vt 0.2532 0.9567
vt 0.2532 0.9516
vt 0.2607 0.9567
vt 0.2607 0.9516
vt 0.2740 0.9632
vt 0.2739 0.9682
vt 0.2667 0.9630
vt 0.2666 0.9680
vt 0.2738 0.9782
vt 0.2738 0.9832
vt 0.2666 0.9780
vt 0.2665 0.9830
vt 0.2607 0.9413
vt 0.2532 0.9413
vt 0.2607 0.9465
vt 0.2532 0.9464
vt 0.2667 0.9630
vt 0.2740 0.9632
vt 0.2667 0.9580
vt 0.2740 0.9582
vt 0.2666 0.9780
vt 0.2738 0.9782
vt 0.2666 0.9730
vt 0.2739 0.9732
vt 0.2607 0.9413
vt 0.2607 0.9465
vt 0.2532 0.9413
vt 0.2532 0.9464
vt 0.2607 0.9516
vt 0.2607 0.9567
vt 0.2532 0.9516
vt 0.2532 0.9567
vt 0.2532 0.9618
vt 0.2607 0.9619
vt 0.2532 0.9567
vt 0.2607 0.9567
vt 0.2532 0.9464
vt 0.2607 0.9465
vt 0.2532 0.9413
vt 0.2607 0.9413
vt 0.2608 0.9849
vt 0.2533 0.9849
vt 0.2608 0.9901
vt 0.2533 0.9900
vt 0.2608 0.9644
vt 0.2534 0.9644
vt 0.2608 0.9695
vt 0.2534 0.9695
vt 0.2533 0.9952
vt 0.2608 0.9952
vt 0.2533 0.9798
vt 0.2608 0.9798
vt 0.2608 0.9849
vt 0.2608 0.9901
vt 0.2533 0.9849
vt 0.2533 0.9900
vt 0.2608 0.9644
vt 0.2608 0.9695
vt 0.2534 0.9644
vt 0.2534 0.9695
vt 0.2738 0.9232
vt 0.2665 0.9230
vt 0.2533 0.9362
vt 0.2533 0.9310
vt 0.2607 0.9362
vt 0.2607 0.9311
vt 0.2533 0.9798
vt 0.2608 0.9798
vt 0.2534 0.9746
vt 0.2608 0.9747
vt 0.2739 0.9682
vt 0.2666 0.9680
vt 0.2607 0.9516
vt 0.2532 0.9516
vt 0.2607 0.9311
vt 0.2533 0.9310
vt 0.2607 0.9362
vt 0.2533 0.9362
vt 0.2739 0.9182
vt 0.2666 0.9180
vt 0.2738 0.9232
vt 0.2665 0.9230
vt 0.2666 0.9730
vt 0.2739 0.9732
vt 0.2667 0.9580
vt 0.2740 0.9582
vt 0.1762 0.1275
vt 0.1770 0.1203
vt 0.1794 0.1044
vt 0.1976 0.1036
vt 0.1795 0.1293
vt 0.5776 0.2062
vt 0.5892 0.1837
vt 0.9336 0.1222
vt 0.9830 0.1202
vt 0.0978 0.6843
vt 0.0974 0.7328
vt 0.0681 0.6799
vt 0.0978 0.6843
vt 0.6395 0.8271
vt 0.6322 0.8270
vt 0.8305 0.8791
vt 0.8250 0.8776
vt 0.8304 0.8703
vt 0.8192 0.8674
vt 0.7402 0.8541
vt 0.8240 0.8804
vt 0.8304 0.8703
vt 0.8192 0.8674
vt 0.7366 0.8464
vt 0.7402 0.8541
vt 0.8181 0.8702
vt 0.8240 0.8804
vt 0.6201 0.0630
vt 0.6274 0.0630
vt 0.6108 0.0071
vt 0.6119 0.0569
vt 0.6201 0.0630
vt 0.6274 0.0630
vt 0.6108 0.0071
vt 0.6119 0.0569
vt 0.6956 0.2736
vt 0.6949 0.2440
vt 0.6843 0.2693
vt 0.6842 0.2424
vt 0.6722 0.4160
vt 0.6725 0.3863
vt 0.6715 0.3355
vt 0.6718 0.3637
vt 0.6722 0.4160
vt 0.6725 0.3863
vt 0.6715 0.3355
vt 0.6718 0.3637
vt 0.4698 0.6839
vt 0.2697 0.7421
vt 0.2637 0.7346
vt 0.2638 0.7270
vt 0.2697 0.7421
vt 0.2708 0.7362
vt 0.6161 0.5766
vt 0.6122 0.5541
vt 0.6179 0.5545
vt 0.5158 0.2329
vt 0.5107 0.2184
vt 0.0031 0.3114
vt 0.0298 0.3116
vt 0.0106 0.3059
vt 0.0363 0.3035
vt 0.0031 0.3130
vt 0.0298 0.3129
vt 0.0106 0.3186
vt 0.0363 0.3209
vt 0.2920 0.8283
vt 0.2888 0.7938
vt 0.2858 0.7914
vt 0.7044 0.3021
vt 0.8257 0.9221
vt 0.8313 0.9237
vt 0.8255 0.9419
vt 0.8312 0.9435
vt 0.2820 0.8230
vt 0.2879 0.8229
vt 0.7044 0.3021
vt 0.6907 0.2119
vt 0.6824 0.2111
vt 0.6873 0.2043
vt 0.6826 0.2052
vt 0.6900 0.2128
vt 0.6874 0.2018
vt 0.6824 0.2111
vt 0.6826 0.2052
vt 0.5299 0.8685
vt 0.5345 0.8647
vt 0.5378 0.8577
vt 0.5735 0.8430
vt 0.5644 0.8491
vt 0.5651 0.8577
vt 0.5567 0.8134
vt 0.5548 0.8229
vt 0.5299 0.8685
vt 0.5345 0.8647
vt 0.5378 0.8577
vt 0.9809 0.9796
vt 0.9338 0.9799
vt 0.8326 0.9626
vt 0.9272 0.9800
vt 0.6100 0.7969
vt 0.5979 0.8048
vt 0.5906 0.2181
vt 0.6737 0.2206
vt 0.6740 0.2148
vt 0.6743 0.2079
vt 0.5983 0.2050
vt 0.4023 0.0500
vt 0.4043 0.0688
vt 0.4037 0.0494
vt 0.4180 0.0632
vt 0.3848 0.1028
vt 0.3829 0.0839
vt 0.3835 0.1033
vt 0.3691 0.0896
vt 0.3839 0.1424
vt 0.3820 0.1235
vt 0.3826 0.1430
vt 0.3682 0.1292
vt 0.4015 0.0502
vt 0.4035 0.0691
vt 0.4002 0.0508
vt 0.3898 0.0750
vt 0.3839 0.1424
vt 0.3826 0.1430
vt 0.3820 0.1235
vt 0.3682 0.1292
vt 0.3848 0.1028
vt 0.3835 0.1033
vt 0.3829 0.0839
vt 0.3691 0.0896
vt 0.0031 0.2928
vt 0.0276 0.2930
vt 0.0106 0.2872
vt 0.0363 0.2852
vt 0.0031 0.2944
vt 0.0276 0.2943
vt 0.0106 0.3001
vt 0.0363 0.3021
vt 0.6289 0.5863
vt 0.6393 0.5746
vt 0.6424 0.5529
vt 0.6161 0.5766
vt 0.8326 0.9626
vt 0.9272 0.9800
vt 0.6016 0.8268
vt 0.5941 0.8269
vt 0.0974 0.1195
vt 0.1043 0.1195
vt 0.2648 0.6836
vt 0.2677 0.6694
vt 0.0462 0.2653
vt 0.0537 0.2710
vt 0.0695 0.2652
vt 0.0793 0.2729
vt 0.0462 0.2637
vt 0.0537 0.2581
vt 0.0695 0.2639
vt 0.0793 0.2561
vt 0.6008 0.1022
vt 0.6018 0.1292
vt 0.6032 0.1069
vt 0.4107 0.3281
vt 0.4110 0.3145
vt 0.4342 0.3147
vt 0.4107 0.3281
vt 0.4110 0.3145
vt 0.4342 0.3147
vt 0.2911 0.4017
vt 0.2955 0.4076
vt 0.2911 0.4017
vt 0.2955 0.4076
vt 0.5880 0.0820
vt 0.0471 0.1275
vt 0.2500 0.0590
vt 0.2488 0.0760
vt 0.2444 0.0597
vt 0.2429 0.0827
vt 0.6096 0.9074
vt 0.6095 0.8852
vt 0.6096 0.9074
vt 0.6095 0.8852
vt 0.6471 0.9073
vt 0.6470 0.8851
vt 0.6467 0.8321
vt 0.6470 0.8797
vt 0.6698 0.8798
vt 0.6624 0.8797
vt 0.6698 0.8323
vt 0.6626 0.8321
vt 0.6772 0.8270
vt 0.6698 0.8271
vt 0.9902 0.7626
vt 0.9919 0.7636
vt 0.9940 0.7528
vt 0.4744 0.2104
vt 0.4822 0.2048
vt 0.4803 0.1824
vt 0.9940 0.7528
vt 0.1568 0.0927
vt 0.1466 0.0927
vt 0.0042 0.6803
vt 0.0046 0.7339
vt 0.0071 0.9657
vt 0.0409 0.9107
vt 0.0128 0.9768
vt 0.0508 0.9075
vt 0.0938 0.9017
vt 0.0930 0.9424
vt 0.0689 0.9869
vt 0.0462 0.2449
vt 0.0675 0.2450
vt 0.0537 0.2391
vt 0.0793 0.2376
vt 0.0462 0.2465
vt 0.0675 0.2463
vt 0.0537 0.2522
vt 0.0793 0.2537
vt 0.6424 0.5529
vt 0.6393 0.5746
vt 0.7085 0.0630
vt 0.7085 0.0630
vt 0.7019 0.0630
vt 0.6322 0.8850
vt 0.6322 0.9072
vt 0.3164 0.7274
vt 0.3055 0.7188
vt 0.2536 0.4191
vt 0.6393 0.5746
vt 0.6289 0.5863
vt 0.6424 0.5529
vt 0.5961 0.2859
vt 0.6685 0.2843
vt 0.6807 0.3227
vt 0.6745 0.3099
vt 0.6814 0.2933
vt 0.6741 0.2835
vt 0.5961 0.2859
vt 0.6685 0.2843
vt 0.6807 0.3227
vt 0.6814 0.2933
vt 0.6745 0.3099
vt 0.6741 0.2835
vt 0.0462 0.2270
vt 0.0658 0.2276
vt 0.0537 0.2215
vt 0.0741 0.2209
vt 0.0462 0.2270
vt 0.0537 0.2215
vt 0.0658 0.2276
vt 0.0741 0.2209
vt 0.4855 0.3934
vt 0.4718 0.3463
vt 0.3561 0.8528
vt 0.3234 0.8537
vt 0.4855 0.3934
vt 0.4718 0.3463
vt 0.3561 0.8528
vt 0.3234 0.8537
vt 0.8176 0.0561
vt 0.8127 0.0862
vt 0.8126 0.0576
vt 0.8081 0.0883
vt 0.8176 0.0561
vt 0.8126 0.0576
vt 0.8127 0.0862
vt 0.8081 0.0883
vt 0.6395 0.8271
vt 0.6322 0.8270
vt 0.2803 0.7939
vt 0.2858 0.7914
vt 0.3301 0.8926
vt 0.3301 0.8926
vt 0.1982 0.6435
vt 0.1988 0.6480
vt 0.1896 0.6557
vt 0.1908 0.6598
vt 0.2803 0.7939
vt 0.2708 0.7362
vt 0.2678 0.7454
vt 0.2801 0.7620
vt 0.2755 0.7682
vt 0.2803 0.7939
vt 0.2708 0.7362
vt 0.2801 0.7620
vt 0.2678 0.7454
vt 0.2755 0.7682
vt 0.6721 0.0630
vt 0.6657 0.0630
vt 0.6425 0.0630
vt 0.6517 0.0630
vt 0.8303 0.9628
vt 0.8244 0.9612
vt 0.8303 0.9628
vt 0.8244 0.9612
vt 0.6721 0.0630
vt 0.6657 0.0630
vt 0.6425 0.0630
vt 0.6517 0.0630
vt 0.6721 0.0630
vt 0.6657 0.0630
vt 0.6425 0.0630
vt 0.6517 0.0630
vt 0.6721 0.0630
vt 0.6657 0.0630
vt 0.6425 0.0630
vt 0.6517 0.0630
vt 0.4832 0.3129
vt 0.4791 0.3011
vt 0.4832 0.3129
vt 0.4791 0.3011
vt 0.8327 0.9032
vt 0.9275 0.9166
vt 0.9301 0.9165
vt 0.9299 0.8822
vt 0.9301 0.9165
vt 0.9299 0.8822
vt 0.8174 0.1475
vt 0.8597 0.1372
vt 0.8241 0.1459
vt 0.9206 0.1262
vt 0.7023 0.1901
vt 0.7377 0.1752
vt 0.7578 0.1662
vt 0.6024 0.3849
vt 0.5899 0.3783
vt 0.6029 0.3666
vt 0.5906 0.3597
vt 0.5939 0.3129
vt 0.5941 0.3539
vt 0.5903 0.3130
vt 0.6322 0.8270
vt 0.6395 0.8271
vt 0.6497 0.8333
vt 0.6547 0.8336
vt 0.6024 0.3849
vt 0.6029 0.3666
vt 0.5899 0.3783
vt 0.5906 0.3597
vt 0.5939 0.3129
vt 0.5903 0.3130
vt 0.5941 0.3539
vt 0.5472 0.8311
vt 0.5514 0.8297
vt 0.5504 0.8514
vt 0.5514 0.8514
vt 0.5514 0.8297
vt 0.3835 0.0492
vt 0.3706 0.0535
vt 0.3835 0.0492
vt 0.3706 0.0535
vt 0.3835 0.0492
vt 0.3706 0.0535
vt 0.3835 0.0492
vt 0.3706 0.0535
vt 0.6787 0.0630
vt 0.1325 0.1275
vt 0.1444 0.1275
vt 0.3191 0.0388
vt 0.3112 0.0235
vt 0.6689 0.4241
vt 0.6691 0.4427
vt 0.6814 0.1305
vt 0.6826 0.1232
vt 0.6806 0.1488
vt 0.6906 0.1618
vt 0.6814 0.1305
vt 0.6806 0.1488
vt 0.6826 0.1232
vt 0.6906 0.1618
vt 0.6237 0.3852
vt 0.6689 0.4241
vt 0.6691 0.4427
vt 0.6368 0.5347
vt 0.6772 0.8270
vt 0.6847 0.8287
vt 0.1829 0.6765
vt 0.1797 0.7094
vt 0.1847 0.6785
vt 0.1815 0.7130
vt 0.6772 0.8270
vt 0.6847 0.8287
vt 0.6349 0.1354
vt 0.7705 0.0071
vt 0.7695 0.0569
vt 0.6246 0.8287
vt 0.6225 0.8355
vt 0.6349 0.1354
vt 0.7705 0.0071
vt 0.7695 0.0569
vt 0.6237 0.3852
vt 0.9208 0.2909
vt 0.8961 0.2925
vt 0.9270 0.2908
vt 0.9827 0.2909
vt 0.9381 0.2907
vt 0.8163 0.2983
vt 0.8961 0.2925
vt 0.9208 0.2909
vt 0.9270 0.2908
vt 0.9381 0.2907
vt 0.9827 0.2909
vt 0.5107 0.2184
vt 0.5158 0.2329
vt 0.5514 0.8858
vt 0.5556 0.8844
vt 0.5462 0.9021
vt 0.5480 0.8926
vt 0.6153 0.7474
vt 0.6230 0.7092
vt 0.5651 0.8192
vt 0.5595 0.8351
vt 0.5557 0.8514
vt 0.3055 0.7188
vt 0.4614 0.6839
vt 0.5936 0.2642
vt 0.5935 0.2436
vt 0.5900 0.2641
vt 0.5901 0.2397
vt 0.6702 0.2270
vt 0.5940 0.2254
vt 0.5936 0.2642
vt 0.5900 0.2641
vt 0.5935 0.2436
vt 0.5901 0.2397
vt 0.6702 0.2270
vt 0.5940 0.2254
vt 0.6289 0.5863
vt 0.7270 0.2462
vt 0.7271 0.2523
vt 0.5180 0.5715
vt 0.5184 0.5640
vt 0.5489 0.5756
vt 0.5487 0.5642
vt 0.5217 0.5429
vt 0.5499 0.5370
vt 0.5226 0.5554
vt 0.5496 0.5542
vt 0.7270 0.2462
vt 0.7271 0.2523
vt 0.5180 0.5715
vt 0.5184 0.5640
vt 0.5489 0.5756
vt 0.5487 0.5642
vt 0.5217 0.5429
vt 0.5499 0.5370
vt 0.5226 0.5554
vt 0.5496 0.5542
vt 0.7270 0.2462
vt 0.7271 0.2523
vt 0.5180 0.5715
vt 0.5489 0.5756
vt 0.5184 0.5640
vt 0.5487 0.5642
vt 0.5217 0.5429
vt 0.5226 0.5554
vt 0.5499 0.5370
vt 0.5496 0.5542
vt 0.7270 0.2462
vt 0.7271 0.2523
vt 0.5180 0.5715
vt 0.5489 0.5756
vt 0.5184 0.5640
vt 0.5487 0.5642
vt 0.5217 0.5429
vt 0.5226 0.5554
vt 0.5499 0.5370
vt 0.5496 0.5542
vt 0.7153 0.0630
vt 0.7085 0.0630
vt 0.6894 0.0630
vt 0.7019 0.0630
vt 0.7153 0.0630
vt 0.7085 0.0630
vt 0.6894 0.0630
vt 0.7019 0.0630
vt 0.0031 0.3130
vt 0.0106 0.3186
vt 0.0298 0.3129
vt 0.0363 0.3209
vt 0.0031 0.3114
vt 0.0106 0.3059
vt 0.0298 0.3116
vt 0.0363 0.3035
vt 0.2608 0.9747
vt 0.2534 0.9746
vt 0.2608 0.9747
vt 0.2608 0.9798
vt 0.2534 0.9746
vt 0.2533 0.9798
vt 0.2738 0.9832
vt 0.2665 0.9830
vt 0.2645 0.9654
vt 0.2645 0.9604
vt 0.2630 0.9772
vt 0.2653 0.9798
vt 0.2653 0.9747
vt 0.0457 0.0927
vt 0.0582 0.1012
vt 0.0562 0.0927
vt 0.0050 0.0927
vt 0.0078 0.0927
vt 0.0335 0.0927
vt 0.2644 0.9255
vt 0.2643 0.9305
vt 0.2737 0.9382
vt 0.2664 0.9380
vt 0.2643 0.9305
vt 0.2621 0.9329
vt 0.2643 0.9355
vt 0.2631 0.9721
vt 0.2630 0.9772
vt 0.2533 0.9952
vt 0.2608 0.9952
vt 0.2653 0.9798
vt 0.2630 0.9824
vt 0.2630 0.9772
vt 0.2651 0.9465
vt 0.2629 0.9490
vt 0.2629 0.9439
vt 0.7375 0.0630
vt 0.7382 0.0569
vt 0.7436 0.0630
vt 0.7438 0.0569
vt 0.7379 0.0071
vt 0.7436 0.0071
vt 0.3020 0.6874
vt 0.2711 0.6693
vt 0.3020 0.6874
vt 0.2711 0.6693
vt 0.7375 0.0630
vt 0.7436 0.0630
vt 0.7382 0.0569
vt 0.7438 0.0569
vt 0.7379 0.0071
vt 0.7436 0.0071
vt 0.5892 0.1837
vt 0.5776 0.2062
vt 0.0465 0.4946
vt 0.0336 0.4938
vt 0.0401 0.4999
vt 0.0747 0.5218
vt 0.4800 0.1772
vt 0.4754 0.1712
vt 0.0031 0.2944
vt 0.0106 0.3001
vt 0.0276 0.2943
vt 0.0363 0.3021
vt 0.0031 0.2928
vt 0.0106 0.2872
vt 0.0276 0.2930
vt 0.0363 0.2852
vt 0.1666 0.0927
vt 0.1565 0.1044
vt 0.1686 0.0927
vt 0.1709 0.0927
vt 0.1794 0.0927
vt 0.9275 0.7217
vt 0.9292 0.7902
vt 0.9275 0.7217
vt 0.9292 0.7902
vt 0.0462 0.2637
vt 0.0695 0.2639
vt 0.0537 0.2581
vt 0.0793 0.2561
vt 0.0462 0.2653
vt 0.0695 0.2652
vt 0.0537 0.2710
vt 0.0793 0.2729
vt 0.6837 0.4539
vt 0.6232 0.4465
vt 0.6398 0.4470
vt 0.6707 0.4477
vt 0.6273 0.5256
vt 0.6322 0.9072
vt 0.6322 0.8850
vt 0.6697 0.9072
vt 0.6697 0.8850
vt 0.6787 0.0630
vt 0.6787 0.0630
vt 0.5799 0.8861
vt 0.5796 0.9077
vt 0.5799 0.8861
vt 0.5796 0.9077
vt 0.6893 0.8356
vt 0.5345 0.8508
vt 0.5299 0.8470
vt 0.5340 0.8514
vt 0.5296 0.8514
vt 0.2825 0.8587
vt 0.1085 0.1275
vt 0.1086 0.1203
vt 0.1205 0.1275
vt 0.7333 0.7184
vt 0.7282 0.7508
vt 0.7276 0.7180
vt 0.7282 0.7508
vt 0.7333 0.7184
vt 0.7276 0.7180
vt 0.0462 0.2465
vt 0.0537 0.2522
vt 0.0675 0.2463
vt 0.0793 0.2537
vt 0.0462 0.2449
vt 0.0537 0.2391
vt 0.0675 0.2450
vt 0.0793 0.2376
vt 0.5245 0.2387
vt 0.2311 0.8256
vt 0.2443 0.8260
vt 0.2313 0.8318
vt 0.2443 0.8320
vt 0.2313 0.8412
vt 0.2313 0.8353
vt 0.2445 0.8405
vt 0.2445 0.8350
vt 0.2309 0.8540
vt 0.2441 0.8544
vt 0.2310 0.8602
vt 0.2441 0.8604
vt 0.2310 0.8695
vt 0.2310 0.8636
vt 0.2443 0.8688
vt 0.2443 0.8634
vt 0.2311 0.8256
vt 0.2313 0.8318
vt 0.2443 0.8260
vt 0.2443 0.8320
vt 0.2313 0.8412
vt 0.2445 0.8405
vt 0.2313 0.8353
vt 0.2445 0.8350
vt 0.2309 0.8540
vt 0.2310 0.8602
vt 0.2441 0.8544
vt 0.2441 0.8604
vt 0.2310 0.8695
vt 0.2443 0.8688
vt 0.2310 0.8636
vt 0.2443 0.8634
vt 0.2920 0.8283
vt 0.2892 0.8593
vt 0.2934 0.8518
vt 0.5567 0.8134
vt 0.5548 0.8229
vt 0.0462 0.2286
vt 0.0537 0.2344
vt 0.0653 0.2289
vt 0.0724 0.2357
vt 0.0462 0.2286
vt 0.0653 0.2289
vt 0.0537 0.2344
vt 0.0724 0.2357
vt 0.9206 0.1262
vt 0.1832 0.7159
vt 0.1862 0.6811
vt 0.1982 0.6435
vt 0.1896 0.6557
vt 0.1988 0.6480
vt 0.1908 0.6598
vt 0.4704 0.1934
vt 0.4705 0.1797
vt 0.2607 0.9567
vt 0.2532 0.9567
vt 0.2607 0.9619
vt 0.2532 0.9618
vt 0.2607 0.9619
vt 0.2532 0.9618
vt 0.2397 0.9416
vt 0.2060 0.9360
vt 0.2024 0.9354
vt 0.3360 0.0391
vt 0.3682 0.0295
vt 0.3839 0.0397
vt 0.3712 0.0300
vt 0.3360 0.0391
vt 0.3682 0.0295
vt 0.3839 0.0397
vt 0.3712 0.0300
vt 0.3360 0.0391
vt 0.3682 0.0295
vt 0.3839 0.0397
vt 0.3712 0.0300
vt 0.3360 0.0391
vt 0.3682 0.0295
vt 0.3839 0.0397
vt 0.3712 0.0300
vt 0.9543 0.7035
vt 0.3023 0.4149
vt 0.2949 0.4093
vt 0.3015 0.4227
vt 0.2930 0.4145
vt 0.3023 0.4149
vt 0.3015 0.4227
vt 0.2949 0.4093
vt 0.2930 0.4145
vt 0.5841 0.8362
vt 0.5779 0.8371
vt 0.5844 0.8757
vt 0.5802 0.8762
vt 0.6847 0.8287
vt 0.6772 0.8270
vt 0.6623 0.8289
vt 0.6698 0.8271
vt 0.7231 0.8290
vt 0.7152 0.8269
vt 0.7001 0.8285
vt 0.7078 0.8268
vt 0.9241 0.2320
vt 0.9239 0.2636
vt 0.9239 0.2636
vt 0.9234 0.2936
vt 0.9241 0.2320
vt 0.9239 0.2636
vt 0.9239 0.2636
vt 0.9234 0.2936
vt 0.6092 0.8285
vt 0.6016 0.8268
vt 0.5863 0.8290
vt 0.5941 0.8269
vt 0.1853 0.8555
vt 0.1853 0.8655
vt 0.1859 0.8775
vt 0.1862 0.8683
vt 0.1853 0.8555
vt 0.1853 0.8655
vt 0.1859 0.8775
vt 0.1862 0.8683
vt 0.8326 0.8944
vt 0.1774 0.8459
vt 0.1855 0.8478
vt 0.1863 0.8510
vt 0.1866 0.8500
vt 0.1861 0.8479
vt 0.1774 0.8459
vt 0.1855 0.8478
vt 0.1863 0.8510
vt 0.1866 0.8500
vt 0.1861 0.8479
vt 0.6808 0.2101
vt 0.6826 0.2045
vt 0.6869 0.7933
vt 0.6864 0.8113
vt 0.6826 0.2045
vt 0.6808 0.2101
vt 0.6869 0.7933
vt 0.6864 0.8113
vt 0.2892 0.8593
vt 0.2920 0.8283
vt 0.2934 0.8518
vt 0.7181 0.7659
vt 0.7181 0.7659
vt 0.3601 0.3663
vt 0.3595 0.3538
vt 0.3688 0.3638
vt 0.3916 0.3432
vt 0.3601 0.3663
vt 0.3688 0.3638
vt 0.3595 0.3538
vt 0.3916 0.3432
vt 0.6350 0.0630
vt 0.6350 0.0630
vt 0.1993 0.8419
vt 0.1994 0.8401
vt 0.1871 0.8418
vt 0.1871 0.8373
vt 0.1865 0.8471
vt 0.1870 0.8498
vt 0.1993 0.8419
vt 0.1871 0.8418
vt 0.1994 0.8401
vt 0.1871 0.8373
vt 0.1865 0.8471
vt 0.1870 0.8498
vt 0.2669 0.0255
vt 0.2676 0.0146
vt 0.2745 0.0244
vt 0.2771 0.0144
vt 0.6596 0.8333
vt 0.6547 0.8336
vt 0.7249 0.8757
vt 0.7252 0.8362
vt 0.5480 0.8926
vt 0.5462 0.9021
vt 0.2666 0.9180
vt 0.2739 0.9182
vt 0.6246 0.8287
vt 0.6119 0.8329
vt 0.6169 0.8333
vt 0.7001 0.8285
vt 0.6874 0.8330
vt 0.6924 0.8333
vt 0.9239 0.1611
vt 0.9236 0.1279
vt 0.9239 0.1611
vt 0.9236 0.1279
vt 0.2366 0.4118
vt 0.2368 0.4046
vt 0.0108 0.6223
vt 0.0281 0.6223
vt 0.0062 0.6190
vt 0.0108 0.5726
vt 0.0327 0.6222
vt 0.0331 0.5146
vt 0.0260 0.5176
vt 0.0173 0.5394
vt 0.0152 0.3924
vt 0.4439 0.7695
vt 0.5514 0.8858
vt 0.6246 0.8287
vt 0.6219 0.8330
vt 0.6169 0.8333
vt 0.5783 0.0772
vt 0.5880 0.0820
vt 0.5514 0.8297
vt 0.5730 0.8470
vt 0.5735 0.8430
vt 0.5684 0.8508
vt 0.5644 0.8491
vt 0.2190 0.8275
vt 0.2192 0.8327
vt 0.2192 0.8357
vt 0.2192 0.8407
vt 0.2190 0.8275
vt 0.2192 0.8327
vt 0.2192 0.8357
vt 0.2192 0.8407
vt 0.2188 0.8558
vt 0.2190 0.8611
vt 0.2190 0.8640
vt 0.2190 0.8690
vt 0.2188 0.8558
vt 0.2190 0.8611
vt 0.2190 0.8640
vt 0.2190 0.8690
vt 0.5526 0.2253
vt 0.6501 0.8746
vt 0.6491 0.8357
vt 0.6497 0.8333
vt 0.6547 0.8336
vt 0.3975 0.4150
vt 0.3979 0.4348
vt 0.3975 0.4150
vt 0.3979 0.4348
vt 0.2460 0.4113
vt 0.2363 0.4189
vt 0.2395 0.4225
vt 0.2462 0.4160
vt 0.2423 0.4232
vt 0.5648 0.2208
vt 0.0966 0.0981
vt 0.6877 0.8746
vt 0.6868 0.8355
vt 0.6874 0.8330
vt 0.6924 0.8333
vt 0.5586 0.9031
vt 0.3004 0.0874
vt 0.3122 0.1139
vt 0.3020 0.0840
vt 0.3240 0.1046
vt 0.3036 0.4227
vt 0.2737 0.0871
vt 0.2894 0.0864
vt 0.1444 0.1203
vt 0.1444 0.1275
vt 0.3191 0.0388
vt 0.3242 0.0590
vt 0.5462 0.8134
vt 0.5480 0.8229
vt 0.5443 0.8124
vt 0.5901 0.2860
vt 0.5937 0.2860
vt 0.5901 0.2860
vt 0.5937 0.2860
vt 0.7349 0.3111
vt 0.7916 0.3014
vt 0.7735 0.3046
vt 0.7555 0.3089
vt 0.2944 0.8502
vt 0.2946 0.8298
vt 0.7700 0.0630
vt 0.6140 0.0630
vt 0.7700 0.0630
vt 0.6140 0.0630
vt 0.2820 0.7602
vt 0.2717 0.7306
vt 0.2820 0.7602
vt 0.2717 0.7306
vt 0.5299 0.8470
vt 0.0935 0.0927
vt 0.0830 0.0927
vt 0.0696 0.1007
vt 0.0770 0.0993
vt 0.5684 0.8647
vt 0.5730 0.8685
vt 0.6470 0.8289
vt 0.1829 0.6765
vt 0.1847 0.6785
vt 0.1797 0.7094
vt 0.1815 0.7130
vt 0.1884 0.6516
vt 0.6213 0.8853
vt 0.6213 0.8952
vt 0.6212 0.9074
vt 0.3136 0.6938
vt 0.3673 0.7148
vt 0.3726 0.7191
vt 0.3136 0.6938
vt 0.3673 0.7148
vt 0.9220 0.0674
vt 0.9222 0.0761
vt 0.2123 0.8399
vt 0.2123 0.8360
vt 0.2060 0.8406
vt 0.2059 0.8366
vt 0.2064 0.8304
vt 0.2121 0.8296
vt 0.2065 0.8345
vt 0.2123 0.8341
vt 0.2123 0.8399
vt 0.2123 0.8360
vt 0.2060 0.8406
vt 0.2059 0.8366
vt 0.2064 0.8304
vt 0.2065 0.8345
vt 0.2121 0.8296
vt 0.2123 0.8341
vt 0.1051 0.0981
vt 0.1083 0.1044
vt 0.1053 0.0927
vt 0.1082 0.0927
vt 0.1085 0.1275
vt 0.1086 0.1203
vt 0.2121 0.8682
vt 0.2121 0.8643
vt 0.2058 0.8689
vt 0.2057 0.8649
vt 0.2062 0.8587
vt 0.2119 0.8579
vt 0.2063 0.8628
vt 0.2121 0.8624
vt 0.2121 0.8682
vt 0.2121 0.8643
vt 0.2058 0.8689
vt 0.2057 0.8649
vt 0.2062 0.8587
vt 0.2063 0.8628
vt 0.2119 0.8579
vt 0.2121 0.8624
vt 0.0715 0.6235
vt 0.0596 0.6219
vt 0.4669 0.3326
vt 0.4669 0.3326
vt 0.2329 0.0982
vt 0.2518 0.1005
vt 0.2035 0.0860
vt 0.2329 0.0982
vt 0.2518 0.1005
vt 0.2594 0.0817
vt 0.2035 0.0860
vt 0.1448 0.0927
vt 0.1446 0.1044
vt 0.1344 0.0927
vt 0.6213 0.8718
vt 0.6200 0.8356
vt 0.9220 0.0674
vt 0.9222 0.0761
vt 0.5245 0.2387
vt 0.7234 0.7962
vt 0.7246 0.7844
vt 0.6903 0.7795
vt 0.7234 0.7962
vt 0.7246 0.7844
vt 0.6903 0.7795
vt 0.7044 0.3021
vt 0.2944 0.8502
vt 0.2946 0.8298
vt 0.3709 0.0658
vt 0.3843 0.0537
vt 0.3726 0.0616
vt 0.3821 0.0538
vt 0.3709 0.0658
vt 0.3843 0.0537
vt 0.3726 0.0616
vt 0.3821 0.0538
vt 0.3709 0.0658
vt 0.3726 0.0616
vt 0.3843 0.0537
vt 0.3821 0.0538
vt 0.3709 0.0658
vt 0.3726 0.0616
vt 0.3843 0.0537
vt 0.3821 0.0538
vt 0.6294 0.5277
vt 0.6365 0.5336
vt 0.1516 0.9333
vt 0.1479 0.9346
vt 0.1524 0.9917
vt 0.1488 0.9877
vt 0.1508 0.9927
vt 0.1142 0.9795
vt 0.1121 0.9835
vt 0.5385 0.8664
vt 0.5294 0.8725
vt 0.2757 0.0735
vt 0.2789 0.0789
vt 0.2894 0.0864
vt 0.2737 0.0871
vt 0.3004 0.0874
vt 0.3122 0.1139
vt 0.1799 0.7412
vt 0.1865 0.7743
vt 0.1799 0.7412
vt 0.1865 0.7743
vt 0.7297 0.9077
vt 0.7294 0.8861
vt 0.7297 0.9077
vt 0.7294 0.8861
vt 0.9305 0.9598
vt 0.9305 0.9388
vt 0.9305 0.9598
vt 0.9305 0.9388
vt 0.6213 0.1200
vt 0.6076 0.1184
vt 0.6112 0.1070
vt 0.6711 0.3104
vt 0.6707 0.2841
vt 0.6704 0.2439
vt 0.6704 0.2634
vt 0.6711 0.3104
vt 0.6707 0.2841
vt 0.6704 0.2439
vt 0.6704 0.2634
vt 0.9753 0.7447
vt 0.9822 0.7435
vt 0.9917 0.7427
vt 0.4664 0.1544
vt 0.4668 0.1776
vt 0.4687 0.1587
vt 0.4673 0.1979
vt 0.6596 0.8333
vt 0.6547 0.8336
vt 0.3254 0.3799
vt 0.3254 0.3799
vt 0.6847 0.8287
vt 0.2276 0.9833
vt 0.2369 0.9601
vt 0.6092 0.8285
vt 0.2499 0.8632
vt 0.2499 0.8691
vt 0.2494 0.8601
vt 0.2493 0.8541
vt 0.2499 0.8632
vt 0.2499 0.8691
vt 0.2494 0.8601
vt 0.2493 0.8541
vt 0.2502 0.8349
vt 0.2502 0.8408
vt 0.2496 0.8317
vt 0.2496 0.8257
vt 0.2502 0.8349
vt 0.2502 0.8408
vt 0.2496 0.8317
vt 0.2496 0.8257
vt 0.3610 0.4059
vt 0.4619 0.3721
vt 0.3610 0.4059
vt 0.4619 0.3721
vt 0.9325 0.8231
vt 0.9325 0.8231
vt 0.4900 0.4189
vt 0.4614 0.6839
vt 0.6497 0.8333
vt 0.6470 0.8289
vt 0.2946 0.8298
vt 0.2946 0.8298
vt 0.0071 0.9657
vt 0.0128 0.9768
vt 0.0409 0.9107
vt 0.0689 0.9869
vt 0.0930 0.9424
vt 0.0938 0.9017
vt 0.0508 0.9075
vt 0.4545 0.3338
vt 0.7271 0.2541
vt 0.5219 0.5810
vt 0.5499 0.5865
vt 0.7271 0.2541
vt 0.5219 0.5810
vt 0.5499 0.5865
vt 0.4545 0.3338
vt 0.7271 0.2541
vt 0.5219 0.5810
vt 0.5499 0.5865
vt 0.7271 0.2541
vt 0.5219 0.5810
vt 0.5499 0.5865
vt 0.6281 0.6591
vt 0.6588 0.0630
vt 0.6588 0.0630
vt 0.6588 0.0630
vt 0.6588 0.0630
vt 0.2990 0.1052
vt 0.2862 0.1057
vt 0.2863 0.1097
vt 0.2862 0.1028
vt 0.2990 0.1032
vt 0.2863 0.0988
vt 0.2863 0.1097
vt 0.2862 0.1057
vt 0.2990 0.1052
vt 0.2863 0.0988
vt 0.2990 0.1032
vt 0.2862 0.1028
vt 0.2639 0.7245
vt 0.2717 0.7306
vt 0.2460 0.4113
vt 0.2462 0.4160
vt 0.2608 0.8203
vt 0.2746 0.8543
vt 0.2584 0.8244
vt 0.2720 0.8590
vt 0.2608 0.8203
vt 0.2584 0.8244
vt 0.2746 0.8543
vt 0.2720 0.8590
vt 0.1205 0.0927
vt 0.1100 0.0927
vt 0.2629 0.9439
vt 0.2651 0.9413
vt 0.2629 0.9388
vt 0.2629 0.9439
vt 0.2630 0.9772
vt 0.2630 0.9824
vt 0.2653 0.9798
vt 0.2645 0.9604
vt 0.2645 0.9654
vt 0.2629 0.9439
vt 0.2629 0.9388
vt 0.5735 0.8725
vt 0.2623 0.9679
vt 0.2623 0.9629
vt 0.2653 0.9747
vt 0.2631 0.9721
vt 0.2651 0.9465
vt 0.2629 0.9490
vt 0.2629 0.9490
vt 0.9303 0.9805
vt 0.6378 0.0998
vt 0.6398 0.1049
vt 0.6398 0.1049
vt 0.6378 0.0998
vt 0.2915 0.0140
vt 0.0350 0.0927
vt 0.2496 0.8075
vt 0.2528 0.8042
vt 0.2458 0.8012
vt 0.2487 0.7969
vt 0.2088 0.7188
vt 0.2055 0.7519
vt 0.1836 0.7397
vt 0.9297 0.8543
vt 0.6693 0.4168
vt 0.6366 0.3888
vt 0.6114 0.3667
vt 0.6470 0.8289
vt 0.0770 0.0993
vt 0.0769 0.0927
vt 0.0802 0.0927
vt 0.1678 0.1044
vt 0.6114 0.3667
vt 0.2062 0.6509
vt 0.2078 0.6489
vt 0.2062 0.6509
vt 0.2078 0.6489
vt 0.6873 0.7793
vt 0.6965 0.6612
vt 0.6891 0.6614
vt 0.2496 0.8075
vt 0.2458 0.8012
vt 0.2528 0.8042
vt 0.2487 0.7969
vt 0.2720 0.8590
vt 0.2584 0.8244
vt 0.2746 0.8543
vt 0.2608 0.8203
vt 0.6873 0.7793
vt 0.3727 0.0554
vt 0.3818 0.0514
vt 0.3727 0.0554
vt 0.3818 0.0514
vt 0.3727 0.0554
vt 0.3818 0.0514
vt 0.3727 0.0554
vt 0.3818 0.0514
vt 0.4900 0.4189
vt 0.4840 0.4450
vt 0.4297 0.4483
vt 0.4126 0.4488
vt 0.3711 0.7488
vt 0.4439 0.7695
vt 0.6171 0.8808
vt 0.6171 0.8808
vt 0.6922 0.8808
vt 0.6922 0.8808
vt 0.2596 0.0323
vt 0.2669 0.0255
vt 0.2576 0.0238
vt 0.2676 0.0146
vt 0.7270 0.2444
vt 0.7270 0.2444
vt 0.7270 0.2444
vt 0.7270 0.2444
vt 0.6547 0.8808
vt 0.6547 0.8808
vt 0.4483 0.2921
vt 0.4518 0.2934
vt 0.4598 0.3178
vt 0.4608 0.3153
vt 0.4669 0.3283
vt 0.4483 0.2921
vt 0.4598 0.3178
vt 0.4518 0.2934
vt 0.4608 0.3153
vt 0.4669 0.3283
vt 0.6693 0.4168
vt 0.6366 0.3888
vt 0.9227 0.1000
vt 0.9239 0.1611
vt 0.9236 0.1279
vt 0.4676 0.2807
vt 0.4679 0.2762
vt 0.4742 0.2907
vt 0.4757 0.2890
vt 0.4676 0.2807
vt 0.4742 0.2907
vt 0.4679 0.2762
vt 0.4757 0.2890
vt 0.1970 0.0927
vt 0.1931 0.0927
vt 0.7258 0.8336
vt 0.7231 0.8290
vt 0.9254 0.0643
vt 0.9303 0.9805
vt 0.6497 0.8333
vt 0.6470 0.8289
vt 0.2720 0.8590
vt 0.2746 0.8543
vt 0.2584 0.8244
vt 0.2608 0.8203
vt 0.6547 0.8808
vt 0.6547 0.8808
vt 0.2088 0.7188
vt 0.2055 0.7519
vt 0.1836 0.7397
vt 0.1732 0.9654
vt 0.1733 0.9714
vt 0.1899 0.9631
vt 0.1896 0.9672
vt 0.1732 0.9654
vt 0.1899 0.9631
vt 0.1733 0.9714
vt 0.1896 0.9672
vt 0.5632 0.2214
vt 0.5631 0.1790
vt 0.1984 0.8441
vt 0.1999 0.8436
vt 0.1984 0.8441
vt 0.1999 0.8436
vt 0.6953 0.7947
vt 0.6968 0.7806
vt 0.6883 0.7937
vt 0.6890 0.7790
vt 0.6954 0.7969
vt 0.6883 0.7937
vt 0.6969 0.7802
vt 0.6890 0.7790
vt 0.2583 0.7100
vt 0.2469 0.6975
vt 0.2583 0.7100
vt 0.2469 0.6975
vt 0.1154 0.9346
vt 0.1121 0.9334
vt 0.1107 0.9825
vt 0.1508 0.9927
vt 0.1121 0.9835
vt 0.1488 0.9877
vt 0.1142 0.9795
vt 0.2717 0.7306
vt 0.2607 0.9311
vt 0.2533 0.9310
vt 0.2664 0.9481
vt 0.2737 0.9483
vt 0.2888 0.7938
vt 0.2820 0.7602
vt 0.2888 0.7938
vt 0.2820 0.7602
vt 0.6895 0.7944
vt 0.6895 0.7944
vt 0.6228 0.1678
vt 0.6209 0.1705
vt 0.6228 0.1636
vt 0.6184 0.1644
vt 0.2821 0.8700
vt 0.2800 0.8724
vt 0.2679 0.7468
vt 0.2628 0.7414
vt 0.2610 0.7527
vt 0.2528 0.8042
vt 0.2540 0.7941
vt 0.2915 0.7943
vt 0.2841 0.7576
vt 0.2728 0.7259
vt 0.2915 0.7943
vt 0.2841 0.7576
vt 0.2728 0.7259
vt 0.2858 0.4067
vt 0.2828 0.4026
vt 0.2669 0.4154
vt 0.2539 0.4264
vt 0.2575 0.4272
vt 0.2663 0.4202
vt 0.6623 0.8289
vt 0.6596 0.8333
vt 0.6246 0.8287
vt 0.6219 0.8330
vt 0.5863 0.8290
vt 0.5835 0.8336
vt 0.2858 0.4067
vt 0.2828 0.4026
vt 0.2669 0.4154
vt 0.2663 0.4202
vt 0.2915 0.7943
vt 0.2841 0.7576
vt 0.2728 0.7259
vt 0.2915 0.7943
vt 0.2841 0.7576
vt 0.2728 0.7259
vt 0.1976 0.1036
vt 0.9236 0.1279
vt 0.9227 0.1000
vt 0.9239 0.1611
vt 0.0964 0.0927
vt 0.3554 0.8183
vt 0.3609 0.8326
vt 0.3554 0.8183
vt 0.3609 0.8326
vt 0.2369 0.9601
vt 0.2455 0.9497
vt 0.1535 0.7059
vt 0.1554 0.7078
vt 0.1621 0.6698
vt 0.1644 0.6698
vt 0.1645 0.6666
vt 0.1622 0.6669
vt 0.7262 0.7723
vt 0.7262 0.7723
vt 0.1535 0.7059
vt 0.1621 0.6698
vt 0.1554 0.7078
vt 0.1644 0.6698
vt 0.1645 0.6666
vt 0.1622 0.6669
vt 0.6173 0.0968
vt 0.7292 0.8762
vt 0.7315 0.8371
vt 0.5835 0.8336
vt 0.5782 0.8344
vt 0.1528 0.6322
vt 0.1547 0.6304
vt 0.1528 0.6322
vt 0.1547 0.6304
vt 0.0932 0.1275
vt 0.9273 0.7218
vt 0.9274 0.6863
vt 0.9247 0.6871
vt 0.9273 0.7218
vt 0.6249 0.0920
vt 0.6209 0.0933
vt 0.2993 0.4378
vt 0.2276 0.9833
vt 0.5733 0.8514
vt 0.5782 0.8344
vt 0.8132 0.1488
vt 0.9238 0.2936
vt 0.9238 0.2936
vt 0.5959 0.2306
vt 0.6683 0.2317
vt 0.5959 0.2306
vt 0.6683 0.2317
vt 0.3273 0.1144
vt 0.3690 0.3660
vt 0.4108 0.3533
vt 0.4108 0.3511
vt 0.0966 0.8939
vt 0.0505 0.9005
vt 0.0043 0.9623
vt 0.0384 0.9066
vt 0.5885 0.4436
vt 0.5407 0.4451
vt 0.5239 0.4446
vt 0.6874 0.8330
vt 0.6201 0.6579
vt 0.6205 0.6306
vt 0.6069 0.6370
vt 0.6084 0.6814
vt 0.6076 0.6610
vt 0.6197 0.6801
vt 0.6201 0.6579
vt 0.6205 0.6306
vt 0.6069 0.6370
vt 0.2339 0.7576
vt 0.2328 0.6782
vt 0.2942 0.3468
vt 0.2942 0.3468
vt 0.1678 0.6170
vt 0.1678 0.6170
vt 0.6963 0.6614
vt 0.6891 0.6614
vt 0.3690 0.3660
vt 0.4108 0.3533
vt 0.4108 0.3511
vt 0.2328 0.6782
vt 0.2339 0.7576
vt 0.6974 0.1538
vt 0.7065 0.1310
vt 0.6798 0.1202
vt 0.6630 0.1204
vt 0.4915 0.4425
vt 0.4931 0.4427
vt 0.7258 0.8336
vt 0.6798 0.1202
vt 0.6630 0.1204
vt 0.6119 0.8329
vt 0.1862 0.6811
vt 0.1985 0.8502
vt 0.1985 0.8502
vt 0.6219 0.8330
vt 0.6974 0.8329
vt 0.6878 0.8801
vt 0.6880 0.8750
vt 0.2836 0.1058
vt 0.2840 0.1047
vt 0.2836 0.1058
vt 0.2840 0.1047
vt 0.7040 0.3171
vt 0.7121 0.3151
vt 0.7121 0.3151
vt 0.7040 0.3171
vt 0.9241 0.1968
vt 0.9241 0.1968
vt 0.1795 0.1293
vt 0.3273 0.1144
vt 0.9297 0.8543
vt 0.9241 0.2320
vt 0.9241 0.2320
vt 0.2455 0.9497
vt 0.6695 0.3639
vt 0.6695 0.3639
vt 0.0151 0.6786
vt 0.0042 0.6803
vt 0.0046 0.7339
vt 0.9241 0.1968
vt 0.9241 0.1968
vt 0.8326 0.8944
vt 0.6874 0.8330
vt 0.6216 0.8813
vt 0.5648 0.2208
vt 0.2310 0.8730
vt 0.2190 0.8720
vt 0.2066 0.8709
vt 0.2121 0.8701
vt 0.2312 0.8446
vt 0.2192 0.8437
vt 0.2067 0.8426
vt 0.2123 0.8418
vt 0.2312 0.8446
vt 0.2192 0.8437
vt 0.2067 0.8426
vt 0.2123 0.8418
vt 0.2310 0.8730
vt 0.2190 0.8720
vt 0.2066 0.8709
vt 0.2121 0.8701
vt 0.2537 0.0439
vt 0.2496 0.0394
vt 0.9295 0.8227
vt 0.9295 0.8227
vt 0.0966 0.8939
vt 0.0505 0.9005
vt 0.0043 0.9623
vt 0.0384 0.9066
vt 0.7278 0.7138
vt 0.7240 0.7135
vt 0.7157 0.7113
vt 0.7228 0.7123
vt 0.4660 0.3353
vt 0.1832 0.7159
vt 0.4660 0.3353
vt 0.4704 0.1934
vt 0.4705 0.1797
vt 0.4737 0.1678
vt 0.6596 0.8333
vt 0.4704 0.1934
vt 0.4737 0.1678
vt 0.6974 0.8329
vt 0.6209 0.1705
vt 0.6184 0.1644
vt 0.6834 0.3340
vt 0.6898 0.3345
vt 0.6945 0.3349
vt 0.2653 0.9747
vt 0.2533 0.9952
vt 0.2608 0.9952
vt 0.2630 0.9824
vt 0.2623 0.9629
vt 0.2740 0.9532
vt 0.2667 0.9530
vt 0.2651 0.9413
vt 0.2532 0.9618
vt 0.2607 0.9619
vt 0.2533 0.9952
vt 0.2608 0.9952
vt 0.2622 0.9279
vt 0.2653 0.9747
vt 0.2631 0.9721
vt 0.2622 0.9279
vt 0.2740 0.9532
vt 0.2667 0.9530
vt 0.2630 0.9824
vt 0.2645 0.9705
vt 0.2629 0.9388
vt 0.2629 0.9388
vt 0.2629 0.9490
vt 0.2643 0.9355
vt 0.2644 0.9255
vt 0.2651 0.9465
vt 0.5125 0.5606
vt 0.5118 0.5730
vt 0.5125 0.5606
vt 0.5118 0.5730
vt 0.5125 0.5606
vt 0.5118 0.5730
vt 0.5125 0.5606
vt 0.5118 0.5730
vt 0.5791 0.0746
vt 0.5878 0.0792
vt 0.5791 0.0746
vt 0.5878 0.0792
vt 0.2678 0.7454
vt 0.1083 0.1044
vt 0.8069 0.0931
vt 0.8115 0.0919
vt 0.8069 0.0931
vt 0.8115 0.0919
vt 0.5689 0.8514
vt 0.5733 0.8514
vt 0.5684 0.8508
vt 0.5791 0.0746
vt 0.5878 0.0792
vt 0.5791 0.0746
vt 0.5878 0.0792
vt 0.2323 0.7826
vt 0.2323 0.7826
vt 0.2559 0.6575
vt 0.2579 0.6575
vt 0.2589 0.6575
vt 0.4196 0.6839
vt 0.3992 0.6575
vt 0.3818 0.6575
vt 0.3992 0.6618
vt 0.3415 0.6575
vt 0.3188 0.6575
vt 0.2654 0.6575
vt 0.9931 0.7477
vt 0.9919 0.7554
vt 0.9941 0.7502
vt 0.9931 0.7477
vt 0.9919 0.7554
vt 0.9941 0.7502
vt 0.9931 0.7477
vt 0.9919 0.7554
vt 0.9941 0.7502
vt 0.9931 0.7477
vt 0.9919 0.7554
vt 0.9941 0.7502
vt 0.6880 0.8853
vt 0.6881 0.8974
vt 0.6881 0.9074
vt 0.7161 0.7680
vt 0.7252 0.7756
vt 0.7161 0.7680
vt 0.7252 0.7756
vt 0.5878 0.0772
vt 0.5797 0.0728
vt 0.5723 0.0611
vt 0.5734 0.0599
vt 0.0972 0.0927
vt 0.1051 0.0927
vt 0.9244 0.9071
vt 0.9244 0.9071
vt 0.5878 0.0772
vt 0.5797 0.0728
vt 0.5723 0.0611
vt 0.5734 0.0599
vt 0.7348 0.7140
vt 0.7344 0.7138
vt 0.7291 0.7136
vt 0.7292 0.8816
vt 0.5801 0.8816
vt 0.7292 0.8816
vt 0.5801 0.8816
vt 0.6219 0.8330
vt 0.2349 0.4191
vt 0.2270 0.4165
vt 0.5715 0.0447
vt 0.2993 0.4378
vt 0.0397 0.9037
vt 0.1516 0.9333
vt 0.1524 0.9917
vt 0.5715 0.0447
vt 0.5723 0.0611
vt 0.5734 0.0599
vt 0.5703 0.0446
vt 0.5797 0.0728
vt 0.5703 0.0446
vt 0.5734 0.0599
vt 0.5723 0.0611
vt 0.5797 0.0728
vt 0.5878 0.0772
vt 0.1863 0.8387
vt 0.1866 0.8436
vt 0.1863 0.8387
vt 0.1866 0.8436
vt 0.5878 0.0772
vt 0.8240 0.8933
vt 0.7404 0.8653
vt 0.8240 0.8933
vt 0.7404 0.8653
vt 0.1978 0.6388
vt 0.1884 0.6516
vt 0.9209 0.1229
vt 0.9235 0.1241
vt 0.9265 0.1226
vt 0.7365 0.7137
vt 0.2821 0.8700
vt 0.2800 0.8724
vt 0.2679 0.7468
vt 0.1208 0.7351
vt 0.1173 0.7373
vt 0.1205 0.7422
vt 0.6091 0.1382
vt 0.6091 0.1382
vt 0.6213 0.1215
vt 0.6068 0.1323
vt 0.6091 0.1382
vt 0.3602 0.3686
vt 0.6068 0.1323
vt 0.6091 0.1382
vt 0.7439 0.9903
vt 0.7472 0.9926
vt 0.7497 0.9901
vt 0.4687 0.1587
vt 0.4852 0.4430
vt 0.4854 0.4426
vt 0.4864 0.4426
vt 0.9760 0.0290
vt 0.9246 0.0319
vt 0.9212 0.0349
vt 0.1849 0.7373
vt 0.1849 0.7373
vt 0.5885 0.4436
vt 0.0030 0.9657
vt 0.0115 0.9841
vt 0.0698 0.9945
vt 0.0030 0.9657
vt 0.0115 0.9841
vt 0.0698 0.9945
vt 0.3843 0.0452
vt 0.3844 0.0434
vt 0.3843 0.0452
vt 0.3844 0.0434
vt 0.3843 0.0452
vt 0.3844 0.0434
vt 0.3843 0.0452
vt 0.3844 0.0434
vt 0.4809 0.1788
vt 0.4726 0.1656
vt 0.4692 0.1597
vt 0.4809 0.1788
vt 0.7311 0.8344
vt 0.2005 0.8423
vt 0.2835 0.1026
vt 0.2840 0.1037
vt 0.6163 0.3654
vt 0.6163 0.3654
vt 0.2005 0.8423
vt 0.7311 0.8344
vt 0.2835 0.1026
vt 0.2840 0.1037
vt 0.3602 0.3686
vt 0.2315 0.6728
vt 0.2461 0.6924
vt 0.2586 0.7046
vt 0.2315 0.6728
vt 0.2461 0.6924
vt 0.2586 0.7046
vt 0.2448 0.9411
vt 0.2455 0.9497
vt 0.2397 0.9416
vt 0.6837 0.2184
vt 0.6940 0.2186
vt 0.1173 0.7373
vt 0.1171 0.7406
vt 0.0992 0.7365
vt 0.5703 0.0446
vt 0.9212 0.0349
vt 0.6379 0.0569
vt 0.6377 0.0221
vt 0.6377 0.0071
vt 0.6381 0.0630
vt 0.6381 0.0592
vt 0.6209 0.0933
vt 0.6213 0.0986
vt 0.6173 0.0968
vt 0.2993 0.4378
vt 0.3992 0.6618
vt 0.4196 0.6839
vt 0.1479 0.9346
vt 0.5703 0.0446
vt 0.2441 0.8718
vt 0.2441 0.8718
vt 0.2443 0.8434
vt 0.2443 0.8434
vt 0.1871 0.8512
vt 0.1871 0.8512
vt 0.3024 0.4126
vt 0.3024 0.4126
vt 0.0957 0.9460
vt 0.5715 0.0447
vt 0.5829 0.0617
vt 0.5792 0.0545
vt 0.5832 0.0606
vt 0.5801 0.0546
vt 0.5832 0.0606
vt 0.5792 0.0545
vt 0.5715 0.0447
vt 0.0957 0.9460
vt 0.2792 0.8734
vt 0.2769 0.8769
vt 0.1981 0.8631
vt 0.1995 0.8653
vt 0.2000 0.8756
vt 0.1975 0.8522
vt 0.6232 0.1467
vt 0.1975 0.8522
vt 0.5829 0.0617
vt 0.5832 0.0606
vt 0.5792 0.0545
vt 0.5801 0.0546
vt 0.5792 0.0545
vt 0.5832 0.0606
vt 0.6834 0.3340
vt 0.6898 0.3345
vt 0.6945 0.3349
vt 0.2792 0.8734
vt 0.2769 0.8769
vt 0.5609 0.8514
vt 0.5681 0.8514
vt 0.5646 0.8514
vt 0.1981 0.8631
vt 0.1995 0.8653
vt 0.2000 0.8756
vt 0.2587 0.4276
vt 0.2669 0.0882
vt 0.2669 0.0882
vt 0.6232 0.1467
vt 0.2085 0.6411
vt 0.2265 0.6661
vt 0.9849 0.8579
vt 0.2494 0.8723
vt 0.2496 0.8439
vt 0.2494 0.8723
vt 0.2496 0.8439
vt 0.3980 0.4482
vt 0.3818 0.4474
vt 0.3646 0.4466
vt 0.5628 0.1583
vt 0.0397 0.9037
vt 0.2085 0.6411
vt 0.2265 0.6661
vt 0.5792 0.0545
vt 0.5824 0.0635
vt 0.5784 0.0554
vt 0.5784 0.0554
vt 0.5824 0.0635
vt 0.5792 0.0545
vt 0.3351 0.0469
vt 0.3351 0.0430
vt 0.3351 0.0469
vt 0.3351 0.0430
vt 0.3351 0.0469
vt 0.3351 0.0430
vt 0.2972 0.4362
vt 0.3351 0.0430
vt 0.3351 0.0469
vt 0.6805 0.2182
vt 0.6822 0.2187
vt 0.6909 0.2193
vt 0.0696 0.1007
vt 0.6805 0.2182
vt 0.6822 0.2187
vt 0.6906 0.2171
vt 0.6821 0.4479
vt 0.6895 0.8341
vt 0.5878 0.0747
vt 0.1978 0.6388
vt 0.2096 0.6402
vt 0.2096 0.6402
vt 0.5878 0.0747
vt 0.5876 0.7496
vt 0.5817 0.7549
vt 0.3807 0.0201
vt 0.3817 0.0278
vt 0.0813 0.1275
vt 0.3807 0.0201
vt 0.3817 0.0278
vt 0.3807 0.0201
vt 0.3817 0.0278
vt 0.3807 0.0201
vt 0.3817 0.0278
vt 0.4027 0.4483
vt 0.2236 0.4139
vt 0.2517 0.3865
vt 0.2231 0.4135
vt 0.1208 0.7351
vt 0.1174 0.7405
vt 0.7102 0.0071
vt 0.7102 0.0198
vt 0.7100 0.0569
vt 0.7093 0.0623
vt 0.2452 0.4132
vt 0.2397 0.4186
vt 0.2452 0.4132
vt 0.2649 0.7172
vt 0.2646 0.7196
vt 0.6209 0.0933
vt 0.0582 0.1012
vt 0.6215 0.8801
vt 0.7472 0.9926
vt 0.7643 0.9841
vt 0.7271 0.2418
vt 0.7265 0.2456
vt 0.7265 0.2534
vt 0.7271 0.2418
vt 0.7265 0.2456
vt 0.7265 0.2534
vt 0.7271 0.2418
vt 0.7265 0.2456
vt 0.7265 0.2534
vt 0.7271 0.2418
vt 0.7265 0.2456
vt 0.7265 0.2534
vt 0.3037 0.3361
vt 0.2928 0.3458
vt 0.3037 0.3361
vt 0.2928 0.3458
vt 0.6843 0.2788
vt 0.6929 0.2784
vt 0.6956 0.2785
vt 0.5941 0.4462
vt 0.5885 0.4461
vt 0.7133 0.7113
vt 0.7156 0.7113
vt 0.6880 0.8831
vt 0.5472 0.8514
vt 0.5492 0.8514
vt 0.2787 0.0905
vt 0.2895 0.0901
vt 0.9530 0.6822
vt 0.2787 0.0905
vt 0.2895 0.0901
vt 0.5221 0.4446
vt 0.4954 0.4428
vt 0.4933 0.4427
vt 0.5420 0.8514
vt 0.5383 0.8514
vt 0.6994 0.3180
vt 0.7016 0.3174
vt 0.6996 0.3032
vt 0.6996 0.3032
vt 0.6994 0.3180
vt 0.6996 0.3032
vt 0.7016 0.3174
vt 0.6996 0.3032
vt 0.2929 0.3478
vt 0.2866 0.3601
vt 0.2516 0.3850
vt 0.2929 0.3478
vt 0.2866 0.3601
vt 0.2517 0.3865
vt 0.2516 0.3850
vt 0.1647 0.9291
vt 0.1715 0.9302
vt 0.1995 0.9350
vt 0.6213 0.1225
vt 0.2990 0.4377
vt 0.3015 0.4227
vt 0.2993 0.4378
vt 0.6864 0.4504
vt 0.6854 0.4452
vt 0.2990 0.4377
vt 0.2993 0.4378
vt 0.2993 0.4378
vt 0.3036 0.4227
vt 0.7275 0.2574
vt 0.7275 0.2574
vt 0.6076 0.1184
vt 0.7275 0.2574
vt 0.7275 0.2574
vt 0.1107 0.9825
vt 0.1121 0.9334
vt 0.1154 0.9346
vt 0.6209 0.0933
vt 0.2452 0.4163
vt 0.2452 0.4163
vt 0.2517 0.8116
vt 0.7290 0.7136
vt 0.7239 0.7135
vt 0.6345 0.0965
vt 0.9270 0.1225
vt 0.5805 0.6839
vt 0.5810 0.7166
vt 0.5876 0.7496
vt 0.5817 0.7549
vt 0.6076 0.1184
vt 0.6861 0.4412
vt 0.3580 0.3109
vt 0.6249 0.0920
vt 0.3580 0.3109
vt 0.5627 0.1306
vt 0.5627 0.1123
vt 0.5628 0.1004
vt 0.5628 0.0844
vt 0.5628 0.0705
vt 0.3663 0.8454
vt 0.3663 0.8454
vt 0.2233 0.4119
vt 0.6909 0.7134
vt 0.7104 0.7117
vt 0.2251 0.4148
vt 0.2823 0.8677
vt 0.2823 0.8677
vt 0.5824 0.0635
vt 0.5792 0.0545
vt 0.5829 0.0617
vt 0.4312 0.1593
vt 0.4399 0.1579
vt 0.5829 0.0617
vt 0.5792 0.0545
vt 0.5824 0.0635
vt 0.2448 0.9411
vt 0.7643 0.9841
vt 0.7497 0.9901
vt 0.7472 0.9926
vt 0.9205 0.1229
vt 0.6851 0.4437
vt 0.6213 0.1462
vt 0.6341 0.6575
vt 0.6834 0.6568
vt 0.6875 0.6567
vt 0.5628 0.1475
vt 0.0225 0.2243
vt 0.0221 0.1759
vt 0.9278 0.6861
vt 0.1963 0.7599
vt 0.1963 0.7599
vt 0.7363 0.7138
vt 0.6949 0.6571
vt 0.6890 0.6567
vt 0.9869 0.0706
vt 0.9896 0.0948
vt 0.9896 0.1240
vt 0.5793 0.4460
vt 0.5578 0.1620
vt 0.5424 0.2303
vt 0.5716 0.0428
vt 0.5890 0.0783
vt 0.5892 0.0788
vt 0.6949 0.6563
vt 0.9896 0.1203
vt 0.9838 0.1202
vt 0.9896 0.1240
vt 0.9895 0.1586
vt 0.6992 0.2068
vt 0.6988 0.1915
vt 0.7005 0.1908
vt 0.6992 0.2068
vt 0.9896 0.1240
vt 0.9895 0.1586
vt 0.9895 0.1586
vt 0.7065 0.1310
vt 0.9896 0.0948
vt 0.9869 0.0706
vt 0.9896 0.1240
vt 0.9760 0.0290
vt 0.9795 0.0617
vt 0.9822 0.0289
vt 0.9860 0.0618
vt 0.9864 0.9593
vt 0.9865 0.9795
vt 0.6288 0.0930
vt 0.6992 0.2068
vt 0.6996 0.2383
vt 0.7000 0.2746
vt 0.6996 0.2383
vt 0.7000 0.2746
vt 0.6996 0.2383
vt 0.7000 0.2746
vt 0.6992 0.2068
vt 0.6996 0.2383
vt 0.7000 0.2746
vt 0.5901 0.0807
vt 0.5922 0.0851
vt 0.5942 0.0891
vt 0.5892 0.0788
vt 0.9865 0.9795
vt 0.9864 0.9593
vt 0.9862 0.9397
vt 0.9895 0.1586
vt 0.9894 0.1958
vt 0.9885 0.2910
vt 0.9893 0.2652
vt 0.9893 0.2324
vt 0.5716 0.0428
vt 0.9894 0.1958
vt 0.9894 0.1958
vt 0.9894 0.1958
vt 0.9893 0.2324
vt 0.9893 0.2652
vt 0.9893 0.2652
vt 0.9893 0.2324
vt 0.9893 0.2324
vt 0.0045 0.7382
vt 0.0142 0.7382
vt 0.9839 0.8299
vt 0.5890 0.0783
vt 0.5829 0.0617
vt 0.5838 0.0619
vt 0.8322 0.8812
vt 0.9243 0.8932
vt 0.9893 0.2652
vt 0.9862 0.9397
vt 0.9885 0.2910
vt 0.5838 0.0619
vt 0.5829 0.0617
vt 0.6974 0.1538
vt 0.6985 0.1778
vt 0.5539 0.1648
vt 0.5251 0.2387
vt 0.5387 0.2320
vt 0.9839 0.8299
vt 0.6985 0.1778
vt 0.9246 0.0319
vt 0.0152 0.3891
vt 0.2407 0.4199
vt 0.6337 0.6575
vt 0.6282 0.6575
vt 0.6063 0.1254
vt 0.6063 0.1254
vt 0.9853 0.8851
vt 0.9849 0.8579
vt 0.1512 0.9288
vt 0.1479 0.9288
vt 0.4330 0.1772
vt 0.4375 0.2045
vt 0.9858 0.9167
vt 0.9860 0.0618
vt 0.9822 0.0289
vt 0.1526 0.9287
vt 0.1618 0.9286
vt 0.5689 0.8514
vt 0.5684 0.8508
vt 0.5733 0.8514
vt 0.0583 0.1275
vt 0.1152 0.9295
vt 0.1124 0.9295
vt 0.0223 0.2761
vt 0.0913 0.1592
vt 0.0778 0.2110
vt 0.0196 0.1759
vt 0.0196 0.1852
vt 0.2010 0.9351
vt 0.0403 0.2764
vt 0.0932 0.1275
vt 0.2500 0.0590
vt 0.2444 0.0597
vt 0.6213 0.0932
vt 0.2623 0.9679
vt 0.0062 0.6223
vt 0.0062 0.6190
vt 0.0173 0.5394
vt 0.0260 0.5176
vt 0.0108 0.5726
vt 0.0331 0.5146
vt 0.2651 0.9465
vt 0.2645 0.9705
vt 0.2631 0.9721
vt 0.2651 0.9413
vt 0.2651 0.9413
vt 0.2653 0.9798
vt 0.2621 0.9329
vt 0.1632 0.9287
vt 0.1006 0.3665
vt 0.1141 0.3513
vt 0.0974 0.4419
vt 0.1075 0.4604
vt 0.1841 0.2656
vt 0.1814 0.4051
vt 0.1348 0.2761
vt 0.1346 0.4046
vt 0.1075 0.4604
vt 0.0974 0.4419
vt 0.1141 0.3513
vt 0.1006 0.3665
vt 0.1841 0.2656
vt 0.1814 0.4051
vt 0.1348 0.2761
vt 0.1346 0.4046
vt 0.2887 0.9626
vt 0.3743 0.9630
vt 0.2932 0.9487
vt 0.3744 0.9490
vt 0.4237 0.9718
vt 0.3828 0.9719
vt 0.4237 0.9852
vt 0.3828 0.9854
vt 0.4153 0.9694
vt 0.3911 0.9695
vt 0.4390 0.9635
vt 0.4390 0.9493
vt 0.4832 0.9574
vt 0.4821 0.9305
vt 0.5370 0.9865
vt 0.4839 0.9866
vt 0.5370 0.9731
vt 0.4839 0.9732
vt 0.3828 0.9719
vt 0.4237 0.9718
vt 0.3743 0.9630
vt 0.3744 0.9490
vt 0.3775 0.9636
vt 0.3775 0.9488
vt 0.3654 0.7682
vt 0.3110 0.7681
vt 0.3654 0.7813
vt 0.3110 0.7812
vt 0.2909 0.9742
vt 0.2909 0.9863
vt 0.3743 0.9742
vt 0.3743 0.9861
vt 0.3654 0.7682
vt 0.3654 0.7813
vt 0.3110 0.7681
vt 0.3110 0.7812
vt 0.1205 0.6735
vt 0.1533 0.7056
vt 0.1210 0.6715
vt 0.1619 0.6696
vt 0.1205 0.6671
vt 0.1211 0.6691
vt 0.1526 0.6325
vt 0.1619 0.6672
vt 0.1205 0.6671
vt 0.1526 0.6325
vt 0.1211 0.6691
vt 0.1619 0.6672
vt 0.1205 0.6735
vt 0.1210 0.6715
vt 0.1533 0.7056
vt 0.1619 0.6696
vt 0.1247 0.4172
vt 0.1245 0.4574
vt 0.1916 0.4169
vt 0.1910 0.4591
vt 0.1841 0.2656
vt 0.1348 0.2761
vt 0.1814 0.4051
vt 0.1346 0.4046
vt 0.1075 0.4604
vt 0.1141 0.3513
vt 0.0974 0.4419
vt 0.1006 0.3665
vt 0.1066 0.5078
vt 0.1117 0.4773
vt 0.0606 0.4844
vt 0.0649 0.4597
vt 0.3654 0.7887
vt 0.3125 0.7886
vt 0.3654 0.8018
vt 0.3125 0.8016
vt 0.3828 0.9590
vt 0.3828 0.9455
vt 0.4237 0.9590
vt 0.4237 0.9454
vt 0.0974 0.4419
vt 0.0902 0.4207
vt 0.0730 0.4336
vt 0.0733 0.4181
vt 0.0674 0.3187
vt 0.0692 0.3531
vt 0.1103 0.3123
vt 0.1141 0.3513
vt 0.1824 0.2223
vt 0.1308 0.2367
vt 0.1841 0.2656
vt 0.1348 0.2761
vt 0.1346 0.4046
vt 0.1814 0.4051
vt 0.3788 0.2472
vt 0.3459 0.2419
vt 0.3872 0.2675
vt 0.2927 0.2524
vt 0.2896 0.2008
vt 0.3864 0.2017
vt 0.2924 0.1744
vt 0.3871 0.1599
vt 0.3788 0.2472
vt 0.3872 0.2675
vt 0.3459 0.2419
vt 0.2927 0.2524
vt 0.2896 0.2008
vt 0.2924 0.1744
vt 0.3864 0.2017
vt 0.3871 0.1599
vt 0.4821 0.9305
vt 0.4832 0.9574
vt 0.5366 0.9303
vt 0.5369 0.9573
vt 0.5369 0.9573
vt 0.5366 0.9303
vt 0.4621 0.5118
vt 0.4625 0.4965
vt 0.5252 0.5153
vt 0.5253 0.5001
vt 0.4621 0.5118
vt 0.5252 0.5153
vt 0.4625 0.4965
vt 0.5253 0.5001
vt 0.4621 0.5118
vt 0.4625 0.4965
vt 0.5252 0.5153
vt 0.5253 0.5001
vt 0.2896 0.2008
vt 0.2924 0.1744
vt 0.3864 0.2017
vt 0.3871 0.1599
vt 0.3788 0.2472
vt 0.3872 0.2675
vt 0.3459 0.2419
vt 0.2927 0.2524
vt 0.4337 0.5592
vt 0.4345 0.5375
vt 0.3854 0.5695
vt 0.4035 0.5390
vt 0.3998 0.5553
vt 0.3856 0.5595
vt 0.5882 0.4708
vt 0.5883 0.4628
vt 0.5328 0.4693
vt 0.5327 0.4622
vt 0.4623 0.4695
vt 0.5252 0.4725
vt 0.4625 0.4965
vt 0.5253 0.5001
vt 0.2890 0.9640
vt 0.3322 0.9642
vt 0.2902 0.9701
vt 0.2906 0.9724
vt 0.3322 0.9701
vt 0.3743 0.9724
vt 0.2890 0.9640
vt 0.2887 0.9626
vt 0.3322 0.9642
vt 0.2902 0.9701
vt 0.3322 0.9701
vt 0.2906 0.9724
vt 0.3743 0.9724
vt 0.0705 0.3694
vt 0.0692 0.3531
vt 0.3786 0.2323
vt 0.3865 0.2251
vt 0.3449 0.2339
vt 0.2898 0.2249
vt 0.0705 0.3694
vt 0.0692 0.3531
vt 0.3786 0.2323
vt 0.3449 0.2339
vt 0.3865 0.2251
vt 0.2898 0.2249
vt 0.0730 0.4336
vt 0.0902 0.4207
vt 0.0733 0.4181
vt 0.0649 0.4597
vt 0.1117 0.4773
vt 0.4390 0.9635
vt 0.4390 0.9493
vt 0.3828 0.9590
vt 0.4237 0.9590
vt 0.3828 0.9455
vt 0.4237 0.9454
vt 0.3459 0.2416
vt 0.3449 0.2339
vt 0.2927 0.2514
vt 0.2898 0.2249
vt 0.3871 0.1599
vt 0.2924 0.1744
vt 0.3864 0.2017
vt 0.2896 0.2008
vt 0.0730 0.4336
vt 0.0725 0.4488
vt 0.0705 0.4170
vt 0.0697 0.4343
vt 0.0690 0.3854
vt 0.0666 0.3677
vt 0.5253 0.5001
vt 0.5252 0.4725
vt 0.4625 0.4965
vt 0.4623 0.4695
vt 0.4035 0.5390
vt 0.4345 0.5375
vt 0.3998 0.5553
vt 0.4337 0.5592
vt 0.3854 0.5695
vt 0.3856 0.5595
vt 0.3773 0.5477
vt 0.3779 0.5764
vt 0.3149 0.5342
vt 0.3386 0.5750
vt 0.3335 0.5537
vt 0.3152 0.5482
vt 0.1910 0.4591
vt 0.1245 0.4574
vt 0.1916 0.4169
vt 0.1247 0.4172
vt 0.0649 0.4597
vt 0.0606 0.4844
vt 0.1117 0.4773
vt 0.1066 0.5078
vt 0.5252 0.4725
vt 0.4623 0.4695
vt 0.5252 0.4725
vt 0.4623 0.4695
vt 0.5252 0.4725
vt 0.4623 0.4695
vt 0.0902 0.4207
vt 0.0730 0.4336
vt 0.0733 0.4181
vt 0.0705 0.4170
vt 0.0690 0.3854
vt 0.0697 0.4343
vt 0.0666 0.3677
vt 0.1308 0.2367
vt 0.1824 0.2223
vt 0.0692 0.3531
vt 0.1103 0.3123
vt 0.0674 0.3187
vt 0.3786 0.2323
vt 0.3449 0.2339
vt 0.3865 0.2251
vt 0.2898 0.2249
vt 0.1117 0.4773
vt 0.0649 0.4597
vt 0.1247 0.4172
vt 0.1916 0.4169
vt 0.4153 0.9694
vt 0.3911 0.9695
vt 0.5370 0.9731
vt 0.5893 0.9714
vt 0.5893 0.9848
vt 0.3156 0.5208
vt 0.3149 0.5342
vt 0.3781 0.5336
vt 0.3773 0.5477
vt 0.3859 0.5790
vt 0.4342 0.5694
vt 0.5886 0.4989
vt 0.5330 0.4984
vt 0.5887 0.5143
vt 0.5331 0.5139
vt 0.5252 0.4725
vt 0.5248 0.4609
vt 0.5328 0.4693
vt 0.5327 0.4622
vt 0.5331 0.5139
vt 0.5887 0.5143
vt 0.5330 0.4984
vt 0.5886 0.4989
vt 0.5252 0.4725
vt 0.5328 0.4693
vt 0.5248 0.4609
vt 0.5327 0.4622
vt 0.5252 0.4725
vt 0.5328 0.4693
vt 0.5248 0.4609
vt 0.5327 0.4622
vt 0.3786 0.2323
vt 0.3865 0.2251
vt 0.2927 0.2524
vt 0.3872 0.2675
vt 0.3459 0.2419
vt 0.3788 0.2472
vt 0.1559 0.7083
vt 0.1651 0.6693
vt 0.1679 0.7196
vt 0.1800 0.6666
vt 0.1552 0.6299
vt 0.1666 0.6184
vt 0.1652 0.6670
vt 0.1792 0.6666
vt 0.1559 0.7083
vt 0.1679 0.7196
vt 0.1651 0.6693
vt 0.1800 0.6666
vt 0.1552 0.6299
vt 0.1652 0.6670
vt 0.1666 0.6184
vt 0.1792 0.6666
vt 0.2849 0.9556
vt 0.2849 0.9453
vt 0.2857 0.9556
vt 0.2857 0.9422
vt 0.2932 0.9487
vt 0.2932 0.9422
vt 0.3744 0.9425
vt 0.1869 0.7952
vt 0.1875 0.8029
vt 0.2088 0.8013
vt 0.3775 0.9488
vt 0.3775 0.9636
vt 0.5886 0.4989
vt 0.5330 0.4984
vt 0.5882 0.4708
vt 0.5328 0.4693
vt 0.5883 0.4628
vt 0.5327 0.4622
vt 0.5886 0.4989
vt 0.5887 0.5143
vt 0.5330 0.4984
vt 0.5331 0.5139
vt 0.5248 0.4609
vt 0.5328 0.4693
vt 0.5327 0.4622
vt 0.3459 0.2416
vt 0.2927 0.2514
vt 0.3459 0.2416
vt 0.2927 0.2514
vt 0.5328 0.4693
vt 0.5248 0.4609
vt 0.5327 0.4622
vt 0.5888 0.9614
vt 0.5880 0.9435
vt 0.0705 0.3694
vt 0.0705 0.4170
vt 0.0697 0.4343
vt 0.0690 0.3854
vt 0.0666 0.3677
vt 0.0705 0.3694
vt 0.1006 0.3665
vt 0.0705 0.4170
vt 0.0690 0.3854
vt 0.0697 0.4343
vt 0.0666 0.3677
vt 0.1875 0.8029
vt 0.1075 0.4604
vt 0.5253 0.5001
vt 0.4625 0.4965
vt 0.4623 0.4695
vt 0.5253 0.5001
vt 0.4625 0.4965
vt 0.4623 0.4695
vt 0.5253 0.5001
vt 0.4625 0.4965
vt 0.4623 0.4695
vt 0.1103 0.3123
vt 0.1076 0.2763
vt 0.0674 0.3187
vt 0.0640 0.2862
vt 0.1279 0.1957
vt 0.1308 0.2367
vt 0.1796 0.1813
vt 0.1824 0.2223
vt 0.1103 0.3123
vt 0.0674 0.3187
vt 0.1076 0.2763
vt 0.0640 0.2862
vt 0.1279 0.1957
vt 0.1796 0.1813
vt 0.1308 0.2367
vt 0.1824 0.2223
vt 0.2867 0.9531
vt 0.2867 0.9434
vt 0.3459 0.2416
vt 0.2927 0.2514
vt 0.2927 0.1704
vt 0.2056 0.1856
vt 0.2059 0.1818
vt 0.2039 0.1885
vt 0.2206 0.1899
vt 0.2206 0.1945
vt 0.0733 0.4181
vt 0.0632 0.4520
vt 0.0543 0.4718
vt 0.5248 0.4609
vt 0.5328 0.4693
vt 0.5327 0.4622
vt 0.4821 0.9242
vt 0.5366 0.9238
vt 0.2993 0.7399
vt 0.3009 0.7274
vt 0.3067 0.7423
vt 0.3080 0.7322
vt 0.2955 0.5767
vt 0.2947 0.5662
vt 0.2975 0.5761
vt 0.3275 0.5770
vt 0.2955 0.5827
vt 0.2977 0.5833
vt 0.2948 0.5934
vt 0.3275 0.5821
vt 0.2955 0.5827
vt 0.2977 0.5833
vt 0.2948 0.5934
vt 0.3275 0.5821
vt 0.2955 0.5767
vt 0.2947 0.5662
vt 0.2975 0.5761
vt 0.3275 0.5770
vt 0.2955 0.5827
vt 0.2977 0.5833
vt 0.2948 0.5934
vt 0.3275 0.5821
vt 0.2955 0.5767
vt 0.2947 0.5662
vt 0.2975 0.5761
vt 0.3275 0.5770
vt 0.2955 0.5827
vt 0.2948 0.5934
vt 0.2977 0.5833
vt 0.3275 0.5821
vt 0.2955 0.5767
vt 0.2975 0.5761
vt 0.2947 0.5662
vt 0.3275 0.5770
vt 0.2955 0.5827
vt 0.2948 0.5934
vt 0.2977 0.5833
vt 0.3275 0.5821
vt 0.2955 0.5767
vt 0.2975 0.5761
vt 0.2947 0.5662
vt 0.3275 0.5770
vt 0.2090 0.8085
vt 0.1877 0.8093
vt 0.1871 0.8167
vt 0.1719 0.8140
vt 0.1716 0.8186
vt 0.1869 0.8232
vt 0.1877 0.8093
vt 0.2090 0.8085
vt 0.1871 0.8167
vt 0.1719 0.8140
vt 0.1716 0.8186
vt 0.3828 0.9393
vt 0.4237 0.9391
vt 0.4390 0.9429
vt 0.2955 0.5827
vt 0.2948 0.5934
vt 0.2977 0.5833
vt 0.3275 0.5821
vt 0.2955 0.5767
vt 0.2975 0.5761
vt 0.2947 0.5662
vt 0.3275 0.5770
vt 0.2955 0.5767
vt 0.2947 0.5662
vt 0.2975 0.5761
vt 0.3275 0.5770
vt 0.2955 0.5827
vt 0.2977 0.5833
vt 0.2948 0.5934
vt 0.3275 0.5821
vt 0.2955 0.5827
vt 0.2948 0.5934
vt 0.2977 0.5833
vt 0.3275 0.5821
vt 0.2955 0.5767
vt 0.2975 0.5761
vt 0.2947 0.5662
vt 0.3275 0.5770
vt 0.2955 0.5827
vt 0.2948 0.5934
vt 0.2977 0.5833
vt 0.3275 0.5821
vt 0.2955 0.5767
vt 0.2975 0.5761
vt 0.2947 0.5662
vt 0.3275 0.5770
vt 0.3386 0.5750
vt 0.3779 0.5764
vt 0.3335 0.5537
vt 0.3152 0.5482
vt 0.0542 0.2925
vt 0.0604 0.3268
vt 0.0721 0.3857
vt 0.0542 0.2925
vt 0.0604 0.3268
vt 0.0721 0.3857
vt 0.3654 0.7887
vt 0.3654 0.8018
vt 0.3125 0.7886
vt 0.3125 0.8016
vt 0.3743 0.9742
vt 0.2909 0.9742
vt 0.4250 0.4909
vt 0.4250 0.4909
vt 0.4250 0.4909
vt 0.4250 0.4909
vt 0.4250 0.4909
vt 0.4250 0.4909
vt 0.4250 0.4909
vt 0.4250 0.4909
vt 0.0543 0.4718
vt 0.0632 0.4520
vt 0.2955 0.5827
vt 0.2977 0.5833
vt 0.2948 0.5934
vt 0.3275 0.5821
vt 0.2955 0.5767
vt 0.2947 0.5662
vt 0.2975 0.5761
vt 0.3275 0.5770
vt 0.4318 0.9491
vt 0.4318 0.9636
vt 0.0725 0.4488
vt 0.3775 0.9423
vt 0.5886 0.4989
vt 0.5883 0.4832
vt 0.5330 0.4984
vt 0.5883 0.4773
vt 0.0740 0.3891
vt 0.0748 0.4146
vt 0.0890 0.3896
vt 0.0884 0.4164
vt 0.3099 0.7585
vt 0.3033 0.7600
vt 0.3074 0.7691
vt 0.3002 0.7730
vt 0.2993 0.7399
vt 0.3032 0.7538
vt 0.3067 0.7423
vt 0.3099 0.7535
vt 0.0632 0.4520
vt 0.4318 0.9491
vt 0.4318 0.9636
vt 0.1294 0.2757
vt 0.1289 0.4032
vt 0.1181 0.4556
vt 0.1247 0.4172
vt 0.1194 0.4150
vt 0.5880 0.9435
vt 0.5880 0.9371
vt 0.0725 0.4488
vt 0.3032 0.7538
vt 0.3099 0.7535
vt 0.3099 0.7585
vt 0.3033 0.7600
vt 0.0649 0.4457
vt 0.0632 0.4520
vt 0.0725 0.4488
vt 0.5883 0.4832
vt 0.5883 0.4773
vt 0.5882 0.4708
vt 0.1916 0.4169
vt 0.4217 0.2675
vt 0.4241 0.2490
vt 0.4217 0.1623
vt 0.4241 0.1792
vt 0.4217 0.1623
vt 0.4241 0.1792
vt 0.4217 0.2675
vt 0.4241 0.2490
vt 0.0740 0.3891
vt 0.0890 0.3896
vt 0.0748 0.4146
vt 0.0884 0.4164
vt 0.0740 0.3891
vt 0.0748 0.4146
vt 0.0890 0.3896
vt 0.0884 0.4164
vt 0.1606 0.8071
vt 0.1656 0.8075
vt 0.1607 0.8021
vt 0.1657 0.8025
vt 0.1654 0.8176
vt 0.1604 0.8172
vt 0.1653 0.8226
vt 0.1603 0.8222
vt 0.1076 0.2763
vt 0.0640 0.2862
vt 0.1279 0.1957
vt 0.1796 0.1813
vt 0.1076 0.2763
vt 0.0640 0.2862
vt 0.1279 0.1957
vt 0.1796 0.1813
vt 0.0902 0.4207
vt 0.0740 0.3891
vt 0.0890 0.3896
vt 0.0748 0.4146
vt 0.0884 0.4164
vt 0.4621 0.5118
vt 0.4252 0.5072
vt 0.4252 0.5072
vt 0.4252 0.5072
vt 0.4252 0.5072
vt 0.5882 0.4708
vt 0.5883 0.4773
vt 0.5883 0.4832
vt 0.5886 0.4989
vt 0.5330 0.4984
vt 0.5882 0.4708
vt 0.5883 0.4773
vt 0.5883 0.4832
vt 0.1294 0.2757
vt 0.1289 0.4032
vt 0.1194 0.4150
vt 0.2059 0.2386
vt 0.2043 0.2345
vt 0.2209 0.2347
vt 0.2209 0.2300
vt 0.2056 0.1856
vt 0.2039 0.1885
vt 0.2206 0.1899
vt 0.2206 0.1945
vt 0.5888 0.9614
vt 0.1719 0.8048
vt 0.1717 0.8003
vt 0.1720 0.8094
vt 0.1719 0.8048
vt 0.1717 0.8003
vt 0.1720 0.8094
vt 0.0911 0.3862
vt 0.0911 0.3862
vt 0.2922 0.9434
vt 0.2867 0.9434
vt 0.2849 0.9556
vt 0.2857 0.9556
vt 0.2849 0.9453
vt 0.0649 0.4457
vt 0.0649 0.4457
vt 0.5886 0.4989
vt 0.5883 0.4832
vt 0.5330 0.4984
vt 0.5883 0.4773
vt 0.5882 0.4708
vt 0.5882 0.4708
vt 0.5330 0.4984
vt 0.5883 0.4773
vt 0.5883 0.4832
vt 0.5886 0.4989
vt 0.0649 0.4457
vt 0.3009 0.7274
vt 0.3080 0.7322
vt 0.2867 0.9531
vt 0.1658 0.7974
vt 0.1657 0.8025
vt 0.1608 0.7971
vt 0.1607 0.8021
vt 0.1655 0.8125
vt 0.1654 0.8176
vt 0.1605 0.8122
vt 0.1604 0.8172
vt 0.1606 0.8071
vt 0.1656 0.8075
vt 0.1609 0.7920
vt 0.1659 0.7924
vt 0.0721 0.3857
vt 0.0604 0.3268
vt 0.0599 0.3581
vt 0.0721 0.3857
vt 0.0604 0.3268
vt 0.0599 0.3581
vt 0.4217 0.2675
vt 0.4241 0.2490
vt 0.4217 0.1623
vt 0.4241 0.1792
vt 0.4217 0.1623
vt 0.4241 0.1792
vt 0.4217 0.2675
vt 0.4241 0.2490
vt 0.1923 0.1867
vt 0.1918 0.1912
vt 0.2112 0.1884
vt 0.2116 0.1936
vt 0.1903 0.2266
vt 0.1923 0.2316
vt 0.2095 0.2259
vt 0.2112 0.2314
vt 0.1923 0.1867
vt 0.2112 0.1884
vt 0.1918 0.1912
vt 0.2116 0.1936
vt 0.1903 0.2266
vt 0.2095 0.2259
vt 0.1923 0.2316
vt 0.2112 0.2314
vt 0.2818 0.9453
vt 0.2799 0.9422
vt 0.2805 0.9556
vt 0.2799 0.9543
vt 0.2818 0.9556
vt 0.0599 0.3581
vt 0.0599 0.3581
vt 0.1605 0.8122
vt 0.1655 0.8125
vt 0.4528 0.6524
vt 0.4112 0.6524
vt 0.4528 0.6572
vt 0.4112 0.6573
vt 0.4528 0.6455
vt 0.4112 0.6455
vt 0.4528 0.6503
vt 0.4112 0.6504
vt 0.4112 0.6504
vt 0.4112 0.6455
vt 0.4528 0.6503
vt 0.4528 0.6455
vt 0.4112 0.6573
vt 0.4112 0.6524
vt 0.4528 0.6572
vt 0.4528 0.6524
vt 0.2150 0.1938
vt 0.2139 0.1981
vt 0.2043 0.1909
vt 0.2209 0.1933
vt 0.2147 0.1895
vt 0.2209 0.1917
vt 0.2206 0.1945
vt 0.2206 0.1899
vt 0.2039 0.1885
vt 0.2056 0.1856
vt 0.2150 0.1938
vt 0.2139 0.1981
vt 0.2147 0.2297
vt 0.2136 0.2262
vt 0.1294 0.2757
vt 0.1289 0.4032
vt 0.1194 0.4150
vt 0.1294 0.2757
vt 0.1289 0.4032
vt 0.1194 0.4150
vt 0.5883 0.4832
vt 0.5883 0.4773
vt 0.5882 0.4708
vt 0.4171 0.9609
vt 0.4153 0.9654
vt 0.4144 0.9671
vt 0.3920 0.9671
vt 0.4144 0.9661
vt 0.3920 0.9662
vt 0.3933 0.9639
vt 0.4131 0.9638
vt 0.5887 0.5143
vt 0.5331 0.5139
vt 0.5252 0.5153
vt 0.3930 0.9615
vt 0.4135 0.9615
vt 0.3893 0.9610
vt 0.4171 0.9609
vt 0.3930 0.9615
vt 0.3893 0.9610
vt 0.4135 0.9615
vt 0.2922 0.9434
vt 0.3074 0.7691
vt 0.3002 0.7730
vt 0.0911 0.3862
vt 0.0911 0.3862
vt 0.2147 0.2297
vt 0.2209 0.2300
vt 0.2136 0.2262
vt 0.2209 0.2347
vt 0.2043 0.2345
vt 0.2059 0.2386
vt 0.4153 0.9654
vt 0.4318 0.9425
vt 0.4839 0.9732
vt 0.4318 0.9711
vt 0.4318 0.9711
vt 0.2059 0.2386
vt 0.2043 0.2345
vt 0.2209 0.2347
vt 0.2209 0.2300
vt 0.1181 0.4556
vt 0.1903 0.1975
vt 0.2095 0.2027
vt 0.1899 0.1941
vt 0.2099 0.1976
vt 0.1923 0.1867
vt 0.1918 0.1912
vt 0.2112 0.1884
vt 0.2116 0.1936
vt 0.1903 0.1975
vt 0.1899 0.1941
vt 0.2095 0.2027
vt 0.2099 0.1976
vt 0.1923 0.1867
vt 0.2112 0.1884
vt 0.1918 0.1912
vt 0.2116 0.1936
vt 0.1678 0.8051
vt 0.1608 0.7971
vt 0.1658 0.7974
vt 0.1609 0.7920
vt 0.1659 0.7924
vt 0.1678 0.8051
vt 0.1677 0.8102
vt 0.1700 0.8078
vt 0.2884 0.5757
vt 0.2896 0.5786
vt 0.2884 0.5838
vt 0.2896 0.5809
vt 0.2884 0.5838
vt 0.2896 0.5809
vt 0.2884 0.5838
vt 0.2896 0.5809
vt 0.2884 0.5838
vt 0.2896 0.5809
vt 0.2884 0.5838
vt 0.2896 0.5809
vt 0.2896 0.5809
vt 0.2896 0.5786
vt 0.2896 0.5809
vt 0.2896 0.5786
vt 0.2896 0.5809
vt 0.2896 0.5786
vt 0.2896 0.5809
vt 0.2896 0.5786
vt 0.5883 0.4773
vt 0.5883 0.4832
vt 0.2818 0.9453
vt 0.2818 0.9556
vt 0.2799 0.9543
vt 0.2805 0.9556
vt 0.2150 0.1938
vt 0.2139 0.1981
vt 0.2147 0.2297
vt 0.2209 0.2300
vt 0.2136 0.2262
vt 0.2209 0.2347
vt 0.2043 0.2345
vt 0.2059 0.2386
vt 0.0542 0.2925
vt 0.0542 0.2925
vt 0.2206 0.1945
vt 0.2206 0.1899
vt 0.2039 0.1885
vt 0.2056 0.1856
vt 0.2150 0.1938
vt 0.2139 0.1981
vt 0.2147 0.2297
vt 0.2136 0.2262
vt 0.2945 0.5526
vt 0.2950 0.5520
vt 0.2956 0.5576
vt 0.2967 0.5564
vt 0.2896 0.5786
vt 0.2941 0.5533
vt 0.2948 0.5590
vt 0.2935 0.5535
vt 0.2936 0.5595
vt 0.2945 0.5526
vt 0.2956 0.5576
vt 0.2950 0.5520
vt 0.2967 0.5564
vt 0.2896 0.5786
vt 0.2941 0.5533
vt 0.2935 0.5535
vt 0.2948 0.5590
vt 0.2936 0.5595
vt 0.2945 0.5526
vt 0.2950 0.5520
vt 0.2956 0.5576
vt 0.2967 0.5564
vt 0.2941 0.5533
vt 0.2948 0.5590
vt 0.2935 0.5535
vt 0.2936 0.5595
vt 0.2945 0.5526
vt 0.2956 0.5576
vt 0.2950 0.5520
vt 0.2967 0.5564
vt 0.2941 0.5533
vt 0.2935 0.5535
vt 0.2948 0.5590
vt 0.2936 0.5595
vt 0.2945 0.5526
vt 0.2956 0.5576
vt 0.2950 0.5520
vt 0.2967 0.5564
vt 0.2896 0.5786
vt 0.2941 0.5533
vt 0.2935 0.5535
vt 0.2948 0.5590
vt 0.2936 0.5595
vt 0.2945 0.5526
vt 0.2950 0.5520
vt 0.2956 0.5576
vt 0.2967 0.5564
vt 0.2896 0.5786
vt 0.2941 0.5533
vt 0.2948 0.5590
vt 0.2935 0.5535
vt 0.2936 0.5595
vt 0.2136 0.2021
vt 0.2095 0.2027
vt 0.2099 0.1976
vt 0.1903 0.1975
vt 0.1899 0.1941
vt 0.2945 0.5526
vt 0.2956 0.5576
vt 0.2950 0.5520
vt 0.2967 0.5564
vt 0.2896 0.5786
vt 0.2941 0.5533
vt 0.2935 0.5535
vt 0.2948 0.5590
vt 0.2936 0.5595
vt 0.2136 0.2021
vt 0.2095 0.2027
vt 0.2099 0.1976
vt 0.1903 0.1975
vt 0.1899 0.1941
vt 0.2945 0.5526
vt 0.2956 0.5576
vt 0.2950 0.5520
vt 0.2967 0.5564
vt 0.2941 0.5533
vt 0.2935 0.5535
vt 0.2948 0.5590
vt 0.2936 0.5595
vt 0.2945 0.5526
vt 0.2950 0.5520
vt 0.2956 0.5576
vt 0.2967 0.5564
vt 0.2941 0.5533
vt 0.2948 0.5590
vt 0.2935 0.5535
vt 0.2936 0.5595
vt 0.2945 0.5526
vt 0.2950 0.5520
vt 0.2956 0.5576
vt 0.2967 0.5564
vt 0.2896 0.5809
vt 0.2941 0.5533
vt 0.2948 0.5590
vt 0.2935 0.5535
vt 0.2936 0.5595
vt 0.3775 0.9853
vt 0.3775 0.9728
vt 0.3775 0.9702
vt 0.1221 0.1970
vt 0.1249 0.2346
vt 0.1221 0.1970
vt 0.1249 0.2346
vt 0.2043 0.1909
vt 0.2209 0.1933
vt 0.2147 0.1895
vt 0.2209 0.1917
vt 0.2898 0.2048
vt 0.2898 0.2048
vt 0.3157 0.7584
vt 0.3157 0.7479
vt 0.3157 0.7584
vt 0.3157 0.7479
vt 0.0720 0.4136
vt 0.0709 0.3889
vt 0.0720 0.4136
vt 0.0709 0.3889
vt 0.1903 0.2266
vt 0.1923 0.2316
vt 0.2095 0.2259
vt 0.2112 0.2314
vt 0.1903 0.2266
vt 0.2095 0.2259
vt 0.1923 0.2316
vt 0.2112 0.2314
vt 0.3775 0.9728
vt 0.3775 0.9702
vt 0.3911 0.9654
vt 0.4144 0.9671
vt 0.3920 0.9671
vt 0.3911 0.9654
vt 0.1535 0.7059
vt 0.1554 0.7078
vt 0.1621 0.6698
vt 0.1644 0.6698
vt 0.1645 0.6666
vt 0.1622 0.6669
vt 0.1535 0.7059
vt 0.1621 0.6698
vt 0.1554 0.7078
vt 0.1644 0.6698
vt 0.1645 0.6666
vt 0.1622 0.6669
vt 0.2884 0.5838
vt 0.3141 0.5342
vt 0.3143 0.5207
vt 0.3139 0.5483
vt 0.3141 0.5342
vt 0.2884 0.5757
vt 0.2884 0.5757
vt 0.2884 0.5757
vt 0.2884 0.5757
vt 0.2884 0.5757
vt 0.1528 0.6322
vt 0.1547 0.6304
vt 0.1528 0.6322
vt 0.1547 0.6304
vt 0.2927 0.1704
vt 0.2059 0.1818
vt 0.3719 0.7813
vt 0.3719 0.7887
vt 0.3719 0.7813
vt 0.3719 0.7887
vt 0.4390 0.9709
vt 0.4390 0.9709
vt 0.0720 0.4136
vt 0.0709 0.3889
vt 0.0720 0.4136
vt 0.0709 0.3889
vt 0.1678 0.6170
vt 0.1678 0.6170
vt 0.4571 0.4640
vt 0.4936 0.4583
vt 0.4863 0.4589
vt 0.4571 0.4640
vt 0.4571 0.4640
vt 0.4571 0.4640
vt 0.4571 0.4640
vt 0.4571 0.4640
vt 0.4863 0.4589
vt 0.4936 0.4583
vt 0.4571 0.4640
vt 0.4863 0.4589
vt 0.4936 0.4583
vt 0.4936 0.4583
vt 0.4863 0.4589
vt 0.4571 0.4640
vt 0.3399 0.5819
vt 0.4045 0.5340
vt 0.3399 0.5819
vt 0.4045 0.5340
vt 0.2043 0.1909
vt 0.2209 0.1933
vt 0.2147 0.1895
vt 0.2209 0.1917
vt 0.1585 0.7994
vt 0.1584 0.8044
vt 0.1563 0.8018
vt 0.1562 0.8068
vt 0.1583 0.8095
vt 0.1584 0.8044
vt 0.1562 0.8068
vt 0.1583 0.8095
vt 0.1563 0.8018
vt 0.2043 0.1909
vt 0.2209 0.1933
vt 0.2147 0.1895
vt 0.2209 0.1917
vt 0.2059 0.1818
vt 0.2927 0.1704
vt 0.3872 0.1559
vt 0.3865 0.2056
vt 0.1221 0.1970
vt 0.1249 0.2346
vt 0.1221 0.1970
vt 0.1249 0.2346
vt 0.2922 0.9481
vt 0.2922 0.9481
vt 0.2884 0.5838
vt 0.2884 0.5838
vt 0.2884 0.5838
vt 0.2884 0.5838
vt 0.4131 0.9638
vt 0.3933 0.9639
vt 0.3920 0.9662
vt 0.2884 0.5757
vt 0.2884 0.5757
vt 0.2884 0.5757
vt 0.2884 0.5757
vt 0.2136 0.2021
vt 0.2136 0.2021
vt 0.3865 0.2056
vt 0.3872 0.1559
vt 0.4241 0.1819
vt 0.4241 0.1819
vt 0.4217 0.1591
vt 0.4217 0.1591
vt 0.3782 0.5480
vt 0.3793 0.5341
vt 0.3782 0.5480
vt 0.3150 0.5504
vt 0.3330 0.5555
vt 0.3375 0.5757
vt 0.3150 0.5504
vt 0.3330 0.5555
vt 0.3375 0.5757
vt 0.3400 0.5841
vt 0.3780 0.5786
vt 0.3790 0.5757
vt 0.4528 0.6434
vt 0.4112 0.6434
vt 0.4102 0.6504
vt 0.4102 0.6455
vt 0.2059 0.1818
vt 0.2927 0.1704
vt 0.3872 0.1559
vt 0.2898 0.2048
vt 0.3865 0.2056
vt 0.4102 0.6455
vt 0.4102 0.6504
vt 0.3400 0.5841
vt 0.3780 0.5786
vt 0.3790 0.5757
vt 0.4112 0.6434
vt 0.4528 0.6434
vt 0.2930 0.5531
vt 0.2927 0.5586
vt 0.2930 0.5531
vt 0.2927 0.5586
vt 0.2930 0.5531
vt 0.2927 0.5586
vt 0.2930 0.5531
vt 0.2927 0.5586
vt 0.2930 0.5531
vt 0.2927 0.5586
vt 0.2930 0.5531
vt 0.2927 0.5586
vt 0.2930 0.5531
vt 0.2927 0.5586
vt 0.2930 0.5531
vt 0.2927 0.5586
vt 0.2930 0.5531
vt 0.2927 0.5586
vt 0.2930 0.5531
vt 0.2927 0.5586
vt 0.5893 0.9714
vt 0.1677 0.8102
vt 0.1653 0.8226
vt 0.1603 0.8222
vt 0.1701 0.8028
vt 0.1679 0.8001
vt 0.1585 0.7994
vt 0.1701 0.8028
vt 0.4144 0.9661
vt 0.5248 0.4609
vt 0.5248 0.4609
vt 0.3781 0.9715
vt 0.3387 0.5827
vt 0.3387 0.5827
vt 0.2898 0.2048
vt 0.5883 0.4628
vt 0.3139 0.5483
vt 0.3865 0.2056
vt 0.3872 0.1559
vt 0.4241 0.1819
vt 0.4241 0.1819
vt 0.4217 0.1591
vt 0.4217 0.1591
vt 0.5883 0.4628
vt 0.5883 0.4628
vt 0.5883 0.4628
vt 0.3781 0.9715
vt 0.2941 0.5517
vt 0.2937 0.5524
vt 0.2941 0.5517
vt 0.2937 0.5524
vt 0.2941 0.5517
vt 0.2937 0.5524
vt 0.2941 0.5517
vt 0.2937 0.5524
vt 0.2941 0.5517
vt 0.2937 0.5524
vt 0.2941 0.5517
vt 0.2937 0.5524
vt 0.2941 0.5517
vt 0.2937 0.5524
vt 0.2941 0.5517
vt 0.2937 0.5524
vt 0.2941 0.5517
vt 0.2937 0.5524
vt 0.2941 0.5517
vt 0.2937 0.5524
vt 0.5883 0.4628
vt 0.5883 0.4628
vt 0.4936 0.4583
vt 0.4863 0.4589
vt 0.4936 0.4583
vt 0.4863 0.4589
vt 0.2959 0.5817
vt 0.2959 0.5779
vt 0.2971 0.5775
vt 0.2959 0.5817
vt 0.2959 0.5779
vt 0.2971 0.5775
vt 0.2959 0.5817
vt 0.2959 0.5779
vt 0.2971 0.5775
vt 0.2959 0.5817
vt 0.2959 0.5779
vt 0.2971 0.5775
vt 0.2959 0.5817
vt 0.2959 0.5779
vt 0.2971 0.5775
vt 0.2959 0.5817
vt 0.2959 0.5779
vt 0.2971 0.5775
vt 0.2959 0.5817
vt 0.2959 0.5779
vt 0.2971 0.5775
vt 0.2959 0.5817
vt 0.2959 0.5779
vt 0.2971 0.5775
vt 0.2959 0.5817
vt 0.2959 0.5779
vt 0.2971 0.5775
vt 0.2959 0.5817
vt 0.2959 0.5779
vt 0.2971 0.5775
vt 0.2973 0.5821
vt 0.2973 0.5821
vt 0.2973 0.5821
vt 0.2973 0.5821
vt 0.2973 0.5821
vt 0.2973 0.5821
vt 0.2973 0.5821
vt 0.2973 0.5821
vt 0.2973 0.5821
vt 0.2973 0.5821
vt 0.1700 0.8078
vt 0.4390 0.9844
vt 0.4318 0.9846
vt 0.1679 0.8001
vt 0.4863 0.4589
vt 0.4936 0.4583
vt 0.4863 0.4589
vt 0.4936 0.4583
vn -0.7216 -0.6908 -0.0457
vn -0.6054 -0.7945 -0.0467
vn -0.7310 -0.6804 -0.0519
vn -0.8224 -0.5660 -0.0577
vn -0.7356 -0.6730 -0.0770
vn -0.7374 -0.6652 -0.1175
vn 0.4158 0.9025 0.1127
vn 0.6033 0.7863 0.1331
vn 0.4186 0.9043 0.0839
vn 0.5315 0.8420 0.0919
vn -0.9555 0.2728 0.1121
vn -0.8266 0.5457 0.1377
vn -0.9697 0.2057 0.1321
vn -0.9281 0.3426 0.1460
vn 0.9524 0.2184 0.2127
vn 0.9288 0.2987 0.2195
vn -0.4157 0.9025 0.1126
vn -0.4185 0.9043 0.0839
vn -0.5486 0.8263 0.1277
vn -0.5313 0.8422 0.0919
vn 0.0028 -0.2188 -0.9758
vn 0.0028 -0.2190 -0.9757
vn 0.0028 -0.2189 -0.9757
vn 0.0505 -0.1516 -0.9872
vn -0.9524 0.2181 0.2128
vn -0.9288 0.2984 0.2195
vn 0.7402 -0.6619 -0.1181
vn 0.7368 -0.6717 -0.0773
vn 0.7310 -0.6804 -0.0520
vn 0.8222 -0.5663 -0.0577
vn 0.6057 -0.7943 -0.0467
vn 0.7217 -0.6906 -0.0457
vn -0.9872 -0.1451 0.0664
vn -0.4720 0.8775 0.0853
vn -0.7067 0.6919 0.1480
vn -0.5792 0.8088 0.1021
vn -0.7043 0.6932 0.1530
vn -0.3578 0.9327 0.0457
vn -0.4877 0.8710 0.0588
vn -0.3431 0.9376 0.0566
vn -0.5485 0.8341 0.0591
vn -0.0098 -0.9996 -0.0256
vn 0.1116 -0.9937 0.0078
vn 0.0311 -0.9995 0.0063
vn 0.1171 -0.9931 0.0081
vn 0.0036 -0.9444 0.3289
vn -0.0000 -0.9469 0.3215
vn -0.6050 -0.7954 -0.0361
vn -0.6269 -0.7784 -0.0317
vn 0.9555 0.2728 0.1121
vn 0.9697 0.2057 0.1321
vn 0.8264 0.5459 0.1377
vn 0.9281 0.3425 0.1460
vn 0.0309 -0.0666 -0.9973
vn -0.0000 0.0000 -1.0000
vn -0.5926 0.7959 0.1244
vn -0.6891 0.7168 0.1067
vn -0.4605 0.8779 0.1313
vn -0.6693 0.7358 0.1033
vn -0.7097 0.7044 0.0119
vn -0.7116 0.7024 0.0120
vn -0.8215 0.5700 0.0171
vn -0.8183 0.5747 0.0124
vn -0.3228 -0.9447 0.0572
vn -0.7926 -0.6012 0.1019
vn -0.3525 -0.9339 0.0601
vn -0.8047 -0.5847 0.1029
vn -0.0505 -0.1516 -0.9872
vn -0.0028 -0.2190 -0.9757
vn -0.0028 -0.2189 -0.9757
vn -0.0028 -0.2188 -0.9758
vn 0.2329 -0.9724 0.0122
vn 0.1824 -0.9832 0.0103
vn -0.6065 0.7944 0.0334
vn -0.5969 0.8016 0.0345
vn -0.7117 0.7015 0.0371
vn -0.7145 0.6987 0.0367
vn 0.0135 0.9694 0.2453
vn 0.0007 0.9831 0.1830
vn 0.0438 0.9744 0.2206
vn 0.0000 0.9830 0.1838
vn 0.8948 0.4142 0.1669
vn 0.9021 0.3991 0.1642
vn 0.9390 0.3181 0.1311
vn 0.9588 0.2578 -0.1195
vn 0.9595 0.2705 -0.0793
vn 0.1263 -0.9900 -0.0633
vn 0.1660 -0.9843 -0.0596
vn 0.2128 -0.9755 -0.0551
vn -0.0006 -0.9984 -0.0560
vn -0.0000 -0.9984 -0.0560
vn 0.9989 -0.0386 0.0281
vn 0.9970 -0.0767 0.0138
vn 0.9738 0.2272 -0.0101
vn 0.9826 0.0138 0.1855
vn 0.9778 0.2088 -0.0147
vn 0.9993 0.0352 0.0102
vn 0.9024 0.4159 0.1127
vn 0.9043 0.4186 0.0839
vn 0.8262 0.5487 0.1277
vn 0.8420 0.5315 0.0919
vn -0.0056 -0.0054 -1.0000
vn -0.0098 -0.0038 -0.9999
vn 0.0043 0.0043 -1.0000
vn -0.0001 0.0001 -1.0000
vn 0.0079 0.0079 -0.9999
vn 0.8434 0.5276 0.1018
vn 0.8171 0.5703 0.0841
vn 0.7557 0.6465 0.1044
vn 0.7614 0.6424 0.0870
vn 0.6066 0.7943 0.0334
vn 0.7118 0.7014 0.0371
vn 0.5970 0.8015 0.0345
vn 0.7146 0.6986 0.0367
vn 0.9745 0.2136 0.0690
vn 0.9738 0.2079 0.0919
vn -0.1664 -0.9843 -0.0596
vn -0.1262 -0.9900 -0.0633
vn -0.2129 -0.9755 -0.0551
vn -0.0135 0.9694 0.2453
vn -0.0438 0.9744 0.2206
vn -0.0007 0.9831 0.1830
vn 0.0000 0.9831 0.1833
vn -0.0000 -1.0000 0.0000
vn -0.9738 0.2079 0.0920
vn -0.9023 0.4160 0.1127
vn -0.9745 0.2134 0.0689
vn -0.9043 0.4185 0.0839
vn 0.0001 0.0001 -1.0000
vn 0.0744 -0.9940 -0.0800
vn 0.1448 -0.9884 -0.0453
vn 0.1265 -0.9885 -0.0827
vn 0.1122 -0.9901 -0.0844
vn 0.1306 -0.9900 -0.0526
vn -0.9977 -0.0680 0.0081
vn -0.9999 0.0070 0.0125
vn -0.9425 -0.1388 0.3040
vn -0.9999 -0.0041 0.0117
vn -0.2085 -0.9780 0.0008
vn -0.2071 -0.9783 0.0002
vn -0.0267 -0.9996 0.0044
vn -0.0245 -0.9997 0.0013
vn 0.4155 0.9096 0.0004
vn 0.4140 0.9102 0.0125
vn 0.6315 0.7754 0.0003
vn 0.6304 0.7761 0.0146
vn 0.7138 0.5189 -0.4703
vn 0.7137 0.5191 -0.4703
vn 0.5187 0.7141 -0.4702
vn 0.5187 0.7140 -0.4702
vn -0.5395 0.7426 0.3968
vn -0.5392 0.7428 0.3968
vn -0.4175 0.8194 0.3928
vn -0.4180 0.8192 0.3926
vn 0.2136 0.9745 0.0690
vn 0.2082 0.9737 0.0920
vn -0.2827 -0.7029 0.6527
vn -0.3014 -0.7123 0.6339
vn -0.2165 -0.6666 0.7133
vn -0.2114 -0.7000 0.6822
vn -0.7425 0.5397 0.3967
vn -0.8194 0.4178 0.3925
vn -0.7423 0.5400 0.3967
vn -0.8195 0.4174 0.3926
vn 0.8191 -0.4182 0.3925
vn 0.7425 -0.5396 0.3968
vn 0.8194 -0.4175 0.3927
vn 0.7426 -0.5394 0.3969
vn -0.0036 -0.9444 0.3289
vn -0.2136 0.9745 0.0690
vn -0.2082 0.9738 0.0920
vn 0.2828 -0.7030 0.6525
vn 0.2165 -0.6666 0.7132
vn 0.3014 -0.7122 0.6339
vn 0.2114 -0.7001 0.6820
vn 0.8359 0.5485 -0.0194
vn 0.8354 0.5492 -0.0193
vn 0.6582 0.7526 -0.0171
vn 0.6568 0.7539 -0.0172
vn -0.9999 -0.0063 0.0103
vn -0.9999 -0.0065 0.0104
vn -0.9543 -0.2985 0.0104
vn -0.9545 -0.2982 0.0104
vn -0.8358 0.5487 -0.0195
vn -0.6582 0.7526 -0.0171
vn -0.8354 0.5493 -0.0194
vn -0.6569 0.7538 -0.0172
vn 0.9999 -0.0062 0.0104
vn 0.9542 -0.2988 0.0104
vn 0.9999 -0.0068 0.0104
vn 0.9544 -0.2983 0.0104
vn 0.7048 0.6927 0.1530
vn 0.5792 0.8088 0.1021
vn 0.7072 0.6914 0.1481
vn 0.4720 0.8775 0.0853
vn 0.9881 -0.1384 0.0669
vn 0.5905 0.8048 0.0599
vn 0.5095 0.8585 0.0592
vn 0.5972 0.7974 0.0863
vn 0.4992 0.8649 0.0525
vn 0.5893 0.8045 0.0742
vn -0.7142 0.5186 -0.4701
vn -0.7887 0.4015 -0.4656
vn -0.7141 0.5187 -0.4702
vn -0.7886 0.4016 -0.4656
vn 0.5185 -0.7142 -0.4702
vn 0.7140 -0.5188 -0.4702
vn 0.5188 -0.7141 -0.4701
vn 0.7139 -0.5189 -0.4702
vn -0.3806 -0.9247 0.0080
vn -0.3795 -0.9252 0.0080
vn -0.2203 -0.9754 0.0095
vn -0.2196 -0.9756 0.0094
vn 0.7526 0.6583 -0.0172
vn 0.8948 0.4462 -0.0148
vn 0.7537 0.6570 -0.0172
vn 0.8955 0.4447 -0.0149
vn 0.5396 -0.7425 0.3969
vn 0.4176 -0.8194 0.3928
vn 0.4178 -0.8193 0.3927
vn -0.9219 0.2395 0.3046
vn -0.8091 0.5257 0.2626
vn 0.2130 -0.9756 -0.0542
vn 0.4814 -0.8698 -0.1082
vn 0.1937 -0.9793 -0.0587
vn 0.5782 -0.8074 -0.1176
vn 0.2260 -0.9387 -0.2603
vn 0.0000 1.0000 0.0049
vn -0.0508 0.9987 0.0107
vn 0.0508 0.9987 0.0107
vn -0.4155 0.9096 0.0003
vn -0.6315 0.7754 0.0005
vn -0.4141 0.9102 0.0125
vn -0.6305 0.7760 0.0146
vn -0.8038 -0.5949 0.0057
vn -0.3406 -0.9402 0.0033
vn -0.8017 -0.5974 0.0205
vn -0.3355 -0.9420 0.0117
vn -0.4174 0.8195 0.3926
vn -0.4180 0.8191 0.3928
vn -0.5397 0.7424 0.3969
vn 0.8191 0.4182 0.3926
vn 0.8192 0.4179 0.3927
vn 0.7424 0.5398 0.3968
vn 0.7425 0.5396 0.3968
vn -0.0022 0.9942 0.1071
vn -0.0230 0.9939 0.1076
vn 0.0006 0.9945 0.1046
vn -0.0444 0.9931 0.1083
vn -0.0498 0.9930 0.1075
vn -0.0072 -0.9967 0.0809
vn -0.0268 -0.9954 -0.0921
vn -0.2853 0.1892 -0.9396
vn -0.2645 0.2502 -0.9314
vn -0.2826 0.2017 -0.9378
vn -0.2559 0.2685 -0.9287
vn 0.0942 -0.4630 -0.8814
vn 0.0624 -0.5004 -0.8635
vn 0.0796 -0.4834 -0.8718
vn 0.0499 -0.5096 -0.8590
vn -0.9734 0.2102 0.0914
vn -0.9288 0.3603 0.0867
vn -0.9748 0.2116 0.0706
vn -0.9273 0.3625 0.0933
vn -0.9645 0.2607 0.0408
vn -0.9638 0.2636 0.0410
vn -0.9019 0.4300 0.0397
vn -0.9007 0.4326 0.0399
vn -0.9057 -0.3375 0.2566
vn -0.8195 -0.4174 0.3926
vn -0.7426 -0.5396 0.3967
vn -0.7426 -0.5395 0.3968
vn 0.8038 -0.5949 0.0057
vn 0.8018 -0.5973 0.0204
vn 0.3405 -0.9402 0.0034
vn 0.3353 -0.9421 0.0117
vn 0.3231 -0.9447 0.0572
vn 0.3526 -0.9339 0.0601
vn 0.7925 -0.6013 0.1019
vn 0.8047 -0.5847 0.1029
vn 0.2854 0.1892 -0.9396
vn 0.2826 0.2018 -0.9378
vn 0.2645 0.2502 -0.9314
vn 0.2559 0.2686 -0.9286
vn -0.9756 0.2196 0.0093
vn -0.9754 0.2201 0.0093
vn -0.9251 0.3797 0.0078
vn -0.9246 0.3808 0.0079
vn -0.3743 -0.9273 -0.0027
vn -0.0240 -0.9997 -0.0035
vn -0.3843 -0.9232 0.0009
vn -0.0205 -0.9998 -0.0037
vn 0.9755 0.2196 0.0094
vn 0.9251 0.3796 0.0080
vn 0.9754 0.2203 0.0094
vn 0.9246 0.3807 0.0080
vn 0.3742 -0.9274 -0.0027
vn 0.3843 -0.9232 0.0010
vn 0.0239 -0.9997 -0.0035
vn 0.0205 -0.9998 -0.0037
vn 0.5395 0.7426 0.3968
vn 0.5394 0.7427 0.3968
vn 0.4177 0.8193 0.3927
vn 0.4173 0.8196 0.3926
vn 0.4174 -0.8195 0.3927
vn 0.4175 -0.8195 0.3926
vn 0.5396 -0.7425 0.3968
vn 0.5395 -0.7426 0.3968
vn -0.5968 0.8022 0.0164
vn -0.5962 0.8029 -0.0001
vn -0.7762 0.6303 0.0147
vn -0.7755 0.6314 0.0002
vn 0.5870 0.8093 0.0200
vn 0.7761 0.6304 0.0146
vn 0.5961 0.8029 0.0002
vn 0.7754 0.6315 0.0004
vn 0.9289 0.1033 0.3556
vn 0.9293 0.0659 0.3633
vn 0.9335 -0.0001 0.3585
vn 0.9796 -0.0208 0.1999
vn 0.6050 -0.7954 -0.0361
vn 0.6270 -0.7784 -0.0317
vn 0.0245 -0.9997 0.0013
vn 0.0259 -0.9997 -0.0018
vn 0.2070 -0.9783 0.0003
vn 0.2081 -0.9781 -0.0003
vn 1.0000 -0.0000 -0.0000
vn -1.0000 0.0000 0.0000
vn -0.8059 -0.0421 -0.5906
vn -0.7537 0.6570 -0.0171
vn -0.7526 0.6582 -0.0172
vn -0.5493 0.8354 -0.0194
vn -0.5484 0.8360 -0.0195
vn 0.2195 -0.9756 0.0094
vn 0.3795 -0.9251 0.0080
vn 0.2202 -0.9754 0.0095
vn 0.3805 -0.9247 0.0080
vn 0.9734 0.2101 0.0915
vn 0.9748 0.2115 0.0706
vn 0.9288 0.3604 0.0867
vn 0.9273 0.3627 0.0931
vn 0.9645 0.2607 0.0408
vn 0.9019 0.4300 0.0397
vn 0.9638 0.2636 0.0410
vn 0.9007 0.4326 0.0399
vn 0.1873 0.3521 -0.9170
vn 0.1934 0.3476 -0.9175
vn 0.2189 0.3280 -0.9190
vn 0.2192 0.3279 -0.9189
vn -0.1874 0.3521 -0.9170
vn -0.2189 0.3280 -0.9190
vn -0.1934 0.3476 -0.9175
vn -0.2191 0.3280 -0.9189
vn 0.4700 -0.8394 -0.2729
vn 0.4697 -0.7141 -0.5191
vn 0.4700 -0.8395 -0.2727
vn 0.4690 -0.7244 -0.5053
vn -0.3638 -0.9236 0.1205
vn 0.0154 -0.9989 0.0450
vn -0.3019 -0.9471 0.1090
vn 0.0433 -0.9983 0.0388
vn 0.9762 0.2160 -0.0196
vn 0.9244 0.3815 0.0012
vn 0.9257 0.3772 0.0285
vn -0.7816 -0.6238 -0.0002
vn -0.7814 -0.6241 -0.0002
vn -0.7815 -0.6239 -0.0002
vn 0.7821 0.6232 0.0001
vn 0.7815 0.6240 0.0001
vn 0.7819 0.6234 0.0001
vn 0.7813 0.6242 0.0001
vn -0.7836 0.6213 0.0001
vn -0.7814 0.6241 0.0002
vn 0.7816 -0.6238 -0.0001
vn 0.7815 -0.6239 -0.0001
vn 0.7813 -0.6241 -0.0001
vn -0.3126 -0.8678 -0.3864
vn -0.7219 -0.6920 -0.0015
vn -0.7217 -0.6922 -0.0010
vn -0.7425 0.5396 0.3969
vn -0.7426 0.5396 0.3969
vn -0.9485 0.0214 -0.3161
vn -0.3765 0.8645 -0.3330
vn -0.0179 -0.9996 0.0213
vn -0.0317 -0.9993 0.0213
vn -0.0433 -0.9983 0.0387
vn -0.0154 -0.9989 0.0450
vn 0.3019 -0.9471 0.1090
vn 0.3636 -0.9237 0.1205
vn 0.9097 0.4154 -0.0001
vn 0.9102 0.4139 0.0125
vn -0.2990 0.9540 -0.0209
vn -0.2987 0.9541 -0.0208
vn -0.4009 -0.7889 -0.4658
vn -0.4017 -0.7886 -0.4655
vn -0.5182 -0.7144 -0.4702
vn -0.5188 -0.7141 -0.4700
vn 0.0029 0.9941 0.1086
vn 0.0090 0.9944 0.1053
vn 0.0002 -0.7688 0.6395
vn 0.0001 -0.7690 0.6393
vn 0.0000 -0.7689 0.6393
vn -0.7627 0.6205 0.1823
vn -0.8669 0.4691 0.1686
vn -0.7576 0.6161 0.2156
vn -0.8929 0.4098 0.1865
vn -0.9095 0.4156 0.0004
vn -0.9781 0.2081 -0.0002
vn -0.9102 0.4141 0.0125
vn -0.9776 0.2104 0.0105
vn -0.1781 -0.9839 0.0140
vn -0.2133 -0.9770 0.0064
vn -0.4020 -0.9153 -0.0255
vn -0.4687 -0.8829 -0.0289
vn -0.5396 -0.7426 0.3968
vn -0.4176 -0.8194 0.3927
vn -0.5393 -0.7427 0.3969
vn -0.4173 -0.8195 0.3928
vn 0.7786 -0.6275 -0.0019
vn 0.8192 -0.5735 0.0047
vn 0.8926 -0.4502 0.0226
vn 0.2980 -0.3215 -0.8988
vn 0.3268 -0.5301 -0.7824
vn 0.5458 -0.5034 -0.6698
vn -0.0280 -0.7727 -0.6342
vn 0.4869 -0.4865 -0.7254
vn -0.4081 0.9092 0.0821
vn -0.3056 0.9500 0.0634
vn -0.7959 0.5926 0.1244
vn -0.8487 0.5112 0.1351
vn -0.7171 0.6887 0.1067
vn -0.7349 0.6670 0.1225
vn -0.7781 0.5791 0.2434
vn -0.6160 0.7577 0.2155
vn -0.6840 0.7026 0.1962
vn 0.7958 0.5927 0.1244
vn 0.7171 0.6887 0.1067
vn 0.8778 0.4607 0.1312
vn 0.7360 0.6690 0.1033
vn 0.7780 0.5791 0.2438
vn 0.7939 0.5815 0.1775
vn 0.6159 0.7577 0.2155
vn -0.4698 -0.7140 0.5191
vn -0.4698 -0.7141 0.5190
vn -0.4701 -0.8394 0.2729
vn -0.4708 -0.8392 0.2723
vn 0.4702 -0.5183 0.7143
vn 0.4696 -0.7141 0.5192
vn 0.4693 -0.5190 0.7145
vn 0.4692 -0.7144 0.5191
vn -0.4177 -0.8193 0.3927
vn -0.5396 -0.7425 0.3968
vn -0.5394 -0.7427 0.3968
vn 0.2729 -0.9603 0.0582
vn 0.0465 -0.9970 0.0624
vn 0.0504 -0.9871 0.1520
vn -0.2977 -0.9443 0.1403
vn -0.4167 -0.8938 0.1660
vn -0.1421 -0.9877 0.0653
vn 0.5976 -0.8001 -0.0516
vn 0.4900 -0.8585 0.1512
vn -0.0000 -0.9308 0.3655
vn 0.0008 -0.9301 0.3673
vn -0.0000 -0.9325 0.3611
vn 0.0010 -0.9464 0.3231
vn 0.0000 -0.9535 0.3014
vn -0.0029 0.0091 1.0000
vn -0.9676 0.2103 0.1397
vn 0.5801 0.8052 0.1228
vn 0.5111 0.8488 0.1351
vn 0.6889 0.7170 0.1066
vn 0.6673 0.7347 0.1225
vn 0.7629 0.6203 0.1823
vn 0.7576 0.6161 0.2156
vn 0.8665 0.4699 0.1687
vn 0.8929 0.4096 0.1873
vn -0.7426 -0.5396 0.3968
vn -0.8196 -0.4174 0.3926
vn -0.7427 -0.5395 0.3967
vn 0.7140 0.5186 -0.4704
vn 0.5186 0.7141 -0.4702
vn 0.7139 0.5188 -0.4703
vn -0.5394 -0.7426 0.3969
vn -0.4175 -0.8194 0.3928
vn -0.4178 -0.8193 0.3927
vn 0.7884 -0.4019 -0.4658
vn 0.7885 -0.4017 -0.4657
vn 0.4704 0.0002 -0.8825
vn 0.4656 0.1384 -0.8741
vn 0.4698 0.0001 -0.8828
vn 0.4653 0.1383 -0.8743
vn 0.0003 -1.0000 0.0016
vn 0.0002 -1.0000 0.0012
vn -0.7825 0.5465 0.2984
vn -0.7538 0.5860 0.2974
vn -0.8234 0.5168 0.2343
vn -0.6994 0.6834 0.2095
vn -0.8008 0.5582 0.2170
vn -0.9596 0.2701 -0.0793
vn -0.9589 0.2574 -0.1195
vn -0.9391 0.3175 0.1312
vn -0.9023 0.3987 0.1642
vn -0.8950 0.4137 0.1669
vn -0.8433 0.5278 0.1017
vn -0.7553 0.6470 0.1046
vn -0.8172 0.5702 0.0842
vn -0.7614 0.6424 0.0871
vn -0.0361 -0.9407 -0.3374
vn -0.1564 -0.9877 0.0000
vn -0.3072 -0.9516 0.0018
vn -0.3108 -0.9505 0.0000
vn 0.7189 -0.6951 -0.0016
vn 0.7164 -0.6977 -0.0015
vn 0.3856 -0.8612 -0.3310
vn -0.5184 0.7143 -0.4701
vn -0.5186 0.7141 -0.4702
vn -0.4015 0.7887 -0.4656
vn -0.4018 0.7885 -0.4657
vn -0.7885 -0.4019 -0.4656
vn -0.7886 -0.4017 -0.4655
vn -0.7140 -0.5189 -0.4700
vn -0.7140 -0.5189 -0.4701
vn -0.4394 -0.8982 -0.0071
vn -0.6363 -0.7645 0.1028
vn -0.3792 -0.4841 0.7886
vn -0.6610 -0.6080 0.4398
vn -0.0000 -0.6897 0.7241
vn -0.0000 -0.6824 0.7310
vn -0.0847 -0.5962 0.7983
vn -0.1075 -0.6721 0.7326
vn -0.0000 -0.6803 0.7330
vn 0.5750 0.7855 0.2291
vn 0.7539 0.5858 0.2974
vn 0.5751 0.7854 0.2289
vn 0.6993 0.6833 0.2097
vn 0.5785 0.7900 0.2028
vn 0.8301 0.5535 -0.0678
vn 0.5736 0.7868 0.2281
vn -0.6349 0.7376 0.2297
vn -0.6019 0.7517 0.2696
vn -0.6364 0.7519 0.1722
vn -0.6326 0.7605 0.1466
vn -0.7306 0.6654 0.1531
vn -0.9587 0.2616 0.1116
vn -0.9646 0.2401 0.1090
vn -0.9780 0.2087 -0.0004
vn -0.9696 0.2447 0.0021
vn -0.9781 0.2074 0.0186
vn -0.9703 0.2412 0.0196
vn 0.9587 0.2616 0.1115
vn 0.9646 0.2401 0.1090
vn 0.9422 0.3351 0.0004
vn 0.9418 0.3357 0.0177
vn 0.9780 0.2087 -0.0006
vn 0.9780 0.2075 0.0185
vn 0.9249 -0.3798 -0.0192
vn 0.9246 -0.3804 -0.0193
vn 0.9754 -0.2195 -0.0202
vn 0.9753 -0.2200 -0.0202
vn -0.9249 -0.3796 -0.0192
vn -0.9754 -0.2196 -0.0202
vn -0.9247 -0.3802 -0.0193
vn -0.9753 -0.2201 -0.0202
vn 0.4176 0.8194 0.3926
vn 0.4180 0.8191 0.3928
vn 0.5397 0.7425 0.3968
vn 0.5399 0.7423 0.3969
vn 0.7424 -0.5398 0.3969
vn 0.7426 -0.5396 0.3968
vn -0.7887 0.4014 -0.4657
vn -0.7141 0.5186 -0.4702
vn -0.7141 0.5187 -0.4701
vn 0.0001 -0.9001 -0.4356
vn 0.0002 -0.9861 -0.1661
vn -0.4093 -0.9045 -0.1198
vn 0.0002 -0.9999 -0.0133
vn -0.1147 -0.6945 -0.7103
vn 0.7732 0.6340 -0.0150
vn 0.9672 0.2427 -0.0747
vn -0.8081 -0.5891 0.0042
vn -0.8926 -0.4502 0.0226
vn -0.8192 -0.5735 0.0047
vn -0.2980 -0.3215 -0.8988
vn -0.7743 0.6326 -0.0150
vn -0.9674 0.2418 -0.0746
vn -0.2917 0.0671 -0.9542
vn -0.2907 0.0577 -0.9551
vn -0.2913 0.1381 -0.9466
vn -0.2926 0.1183 -0.9489
vn 0.7426 0.5395 0.3968
vn 0.7424 0.5398 0.3967
vn 0.8194 0.4176 0.3927
vn 0.8193 0.4178 0.3926
vn 0.7887 0.4014 -0.4657
vn 0.7141 0.5186 -0.4702
vn 0.7886 0.4016 -0.4656
vn 0.7141 0.5187 -0.4701
vn 0.9486 -0.0195 -0.3157
vn 0.3772 -0.8641 -0.3331
vn -0.1215 -0.2614 -0.9576
vn -0.1215 -0.2615 -0.9575
vn -0.0857 -0.1844 -0.9791
vn -0.0309 -0.0665 -0.9973
vn 0.9703 0.2413 0.0198
vn 0.9696 0.2447 0.0052
vn 0.9703 0.2412 0.0195
vn 0.9697 0.2443 0.0024
vn 0.1216 -0.2616 -0.9575
vn 0.1216 -0.2615 -0.9575
vn 0.1215 -0.2614 -0.9575
vn 0.6588 0.5568 0.5059
vn 0.6703 0.5446 0.5041
vn 0.7936 0.3525 0.4960
vn 0.7926 0.3550 0.4957
vn 0.7423 0.5400 0.3969
vn 0.8191 0.4181 0.3927
vn 0.7426 0.5396 0.3967
vn -0.7141 -0.5188 -0.4700
vn -0.5183 -0.7145 -0.4700
vn -0.5188 -0.7140 -0.4701
vn -0.7424 0.5398 0.3968
vn -0.7427 0.5396 0.3966
vn -0.8195 0.4175 0.3925
vn -0.8193 0.4178 0.3926
vn 0.7138 -0.5192 -0.4701
vn 0.5185 -0.7143 -0.4701
vn 0.5187 -0.7141 -0.4701
vn 0.8003 0.5588 0.2173
vn 0.8227 0.5176 0.2349
vn 0.7825 0.5465 0.2984
vn -0.0004 -1.0000 0.0016
vn -0.0002 -1.0000 0.0012
vn 0.2916 0.0668 -0.9542
vn 0.2914 0.1381 -0.9466
vn 0.2908 0.0577 -0.9551
vn 0.2927 0.1183 -0.9489
vn -0.0001 0.7427 -0.6697
vn -0.0005 0.7427 -0.6696
vn 0.0001 0.7427 -0.6696
vn -0.0000 0.7428 -0.6696
vn 0.0000 0.0377 -0.9993
vn 0.0193 0.0118 -0.9997
vn -0.5030 -0.7218 -0.4754
vn -0.7141 -0.5187 -0.4701
vn 0.4014 -0.7887 -0.4657
vn 0.5186 -0.7141 -0.4702
vn 0.4016 -0.7886 -0.4656
vn -0.4702 -0.5190 0.7138
vn -0.4701 -0.5189 0.7140
vn -0.4699 -0.2726 0.8396
vn -0.4699 -0.2727 0.8395
vn -0.7191 -0.6948 -0.0131
vn -0.3126 -0.8677 -0.3864
vn -0.5865 -0.8099 -0.0057
vn -0.0877 -0.9961 -0.0012
vn -0.6148 -0.7887 -0.0011
vn -0.6782 -0.1021 -0.7277
vn -0.8901 -0.4557 -0.0130
vn -0.8907 -0.4545 -0.0122
vn -0.8802 -0.4745 -0.0124
vn -0.0177 -0.9923 -0.1225
vn -0.0099 -0.9956 0.0935
vn -0.2022 -0.9766 0.0728
vn 0.2413 -0.9610 0.1353
vn 0.0858 -0.9963 0.0105
vn 0.1695 -0.9568 0.2364
vn 0.0824 -0.9867 0.1404
vn -0.1137 -0.9675 0.2259
vn -0.5976 -0.8002 -0.0516
vn -0.4903 -0.8583 0.1511
vn -0.1308 -0.9900 -0.0525
vn -0.1124 -0.9901 -0.0844
vn -0.1265 -0.9885 -0.0826
vn -0.1447 -0.9884 -0.0453
vn -0.0743 -0.9940 -0.0799
vn -0.0927 -0.9957 -0.0015
vn 0.6185 -0.7858 -0.0021
vn 0.7146 -0.6995 -0.0075
vn 0.6782 -0.1023 -0.7277
vn 0.8906 -0.4546 -0.0124
vn 0.8901 -0.4556 -0.0133
vn 0.8808 -0.4734 -0.0127
vn 0.7042 0.7099 0.0118
vn 0.7026 0.7114 0.0122
vn 0.5698 0.8216 0.0171
vn 0.5742 0.8186 0.0129
vn -0.1034 0.9289 0.3555
vn -0.0660 0.9294 0.3632
vn -0.0000 0.9336 0.3584
vn 0.0000 0.9308 0.3655
vn 0.0000 0.0001 -1.0000
vn 0.6648 -0.3981 -0.6321
vn 0.0000 -0.0006 -1.0000
vn -0.0002 -0.0001 -1.0000
vn 0.0277 -0.7727 -0.6341
vn -0.3256 -0.5307 -0.7825
vn 0.1667 -0.7548 -0.6344
vn 0.2914 -0.6301 -0.7197
vn 0.1860 -0.7546 -0.6293
vn -0.0008 -0.9301 0.3673
vn -0.0010 -0.9464 0.3230
vn 0.0029 0.0091 1.0000
vn 0.9676 0.2107 0.1394
vn 0.4085 -0.9126 -0.0135
vn 0.4209 -0.9070 -0.0146
vn 0.4689 -0.8828 -0.0289
vn 0.4020 -0.9153 -0.0255
vn 0.0002 -0.0001 -1.0000
vn -0.5644 -0.5372 -0.6268
vn -0.9756 0.1578 -0.1528
vn -0.9179 0.3638 -0.1588
vn -0.7476 0.1474 -0.6475
vn -0.9004 0.4020 -0.1664
vn -0.0000 -0.9975 0.0711
vn -0.0002 -0.9974 0.0714
vn -0.0000 -0.9975 0.0712
vn -0.3344 0.9424 0.0016
vn -0.2877 0.9573 0.0296
vn 0.0093 -0.9997 -0.0246
vn -0.0455 -0.9989 0.0066
vn -0.1108 -0.9938 0.0086
vn -0.1149 -0.9933 0.0081
vn -0.4087 -0.9126 -0.0135
vn -0.4210 -0.9070 -0.0146
vn 0.7307 0.6653 0.1531
vn 0.6329 0.7602 0.1466
vn 0.6365 0.7518 0.1723
vn 0.6019 0.7517 0.2696
vn 0.6349 0.7376 0.2297
vn 0.6079 0.7604 0.2285
vn 0.5710 0.7880 0.2304
vn 0.5875 0.7755 0.2312
vn -0.0004 0.9583 0.2858
vn -0.0000 0.9582 0.2862
vn -0.6332 -0.7740 0.0043
vn -0.6359 -0.7717 0.0042
vn -0.9123 -0.4095 -0.0028
vn -0.9144 -0.4048 -0.0028
vn -0.1581 0.3953 -0.9048
vn 0.0898 0.3892 -0.9168
vn 0.1254 0.3863 -0.9138
vn 0.2690 0.6699 -0.6920
vn 0.3579 0.9326 0.0457
vn 0.3798 0.9247 0.0270
vn 0.2994 0.9510 0.0773
vn 0.3791 0.9249 0.0281
vn 0.4409 -0.8975 -0.0071
vn 0.3790 -0.4840 0.7888
vn 0.5425 -0.8128 0.2121
vn 0.6610 -0.6078 0.4400
vn 0.2246 -0.2731 0.9354
vn -0.0668 -0.6405 0.7650
vn -0.0000 -0.9999 0.0113
vn 0.0000 -0.9999 0.0112
vn -0.0000 -0.9999 0.0111
vn -0.9289 0.1033 0.3555
vn -0.9336 -0.0001 0.3584
vn -0.9294 0.0666 0.3630
vn -0.9309 -0.0000 0.3653
vn 0.7587 -0.6397 -0.1232
vn 0.7586 -0.6398 -0.1233
vn 0.7585 -0.6399 -0.1233
vn 0.7584 -0.6399 -0.1234
vn -0.7581 0.6405 -0.1224
vn -0.7584 0.6401 -0.1229
vn -0.7584 0.6402 -0.1228
vn -0.7587 0.6397 -0.1232
vn -0.7582 -0.6403 -0.1232
vn -0.7581 -0.6404 -0.1233
vn -0.7581 -0.6403 -0.1233
vn -0.7580 -0.6405 -0.1234
vn 0.7579 0.6407 -0.1227
vn 0.7580 0.6405 -0.1229
vn 0.7581 0.6405 -0.1230
vn 0.7582 0.6403 -0.1232
vn 0.0000 -0.7074 -0.7068
vn -0.7744 -0.0801 -0.6276
vn -0.8780 -0.1170 -0.4641
vn -0.5726 0.8127 0.1078
vn -0.5574 0.8235 0.1061
vn 0.2085 -0.9780 0.0008
vn 0.0267 -0.9996 0.0044
vn 0.2125 -0.9772 0.0038
vn 0.2042 -0.9789 0.0033
vn -0.2125 -0.9772 0.0039
vn -0.2042 -0.9789 0.0033
vn 0.0363 -0.9409 -0.3366
vn 0.3070 -0.9517 0.0018
vn 0.1564 -0.9877 0.0000
vn 0.3107 -0.9505 0.0000
vn -0.2240 -0.2728 0.9356
vn 0.0668 -0.6405 0.7650
vn 0.0847 -0.5964 0.7982
vn 0.1075 -0.6721 0.7326
vn 0.4019 -0.7884 -0.4657
vn 0.4013 -0.7888 -0.4655
vn 0.9289 0.1034 0.3555
vn 0.9294 0.0660 0.3632
vn 0.9336 0.0001 0.3584
vn 0.9308 0.0000 0.3655
vn 0.9508 -0.3088 -0.0248
vn 0.9508 -0.3089 -0.0248
vn 0.8087 -0.5877 -0.0248
vn 0.8086 -0.5878 -0.0247
vn -0.4016 -0.7886 -0.4657
vn -0.4009 -0.7891 -0.4655
vn 0.4019 0.7884 -0.4657
vn 0.4017 0.7886 -0.4656
vn -0.5743 0.7859 0.2290
vn -0.5747 0.7857 0.2289
vn -0.5742 0.7862 0.2284
vn -0.8303 0.5532 -0.0676
vn -0.5778 0.7907 0.2024
vn -0.5880 0.7751 0.2311
vn -0.5712 0.7878 0.2303
vn -0.6071 0.7611 0.2285
vn -0.8582 0.5010 0.1114
vn -0.8974 0.4255 0.1170
vn -0.8747 0.4722 0.1098
vn -0.8112 0.4496 0.3738
vn 0.0000 -1.0000 0.0076
vn -0.0337 -0.9994 0.0036
vn 0.8583 0.5009 0.1112
vn 0.8748 0.4720 0.1095
vn 0.8974 0.4255 0.1166
vn 0.8841 0.4426 0.1499
vn 0.0337 -0.9994 0.0036
vn 0.7836 0.0135 -0.6211
vn 0.6875 -0.0215 -0.7258
vn 0.7633 0.1725 -0.6226
vn 0.6280 0.3018 -0.7173
vn 0.7550 0.1855 -0.6289
vn -0.0947 0.9955 -0.0105
vn 0.4048 0.9144 -0.0029
vn -0.0901 0.9959 -0.0104
vn 0.4095 0.9123 -0.0028
vn 0.0946 0.9955 -0.0105
vn 0.0900 0.9959 -0.0104
vn -0.4046 0.9145 -0.0028
vn -0.4096 0.9122 -0.0028
vn -0.2328 -0.9725 0.0122
vn -0.1825 -0.9832 0.0103
vn -0.0499 -0.5096 -0.8590
vn -0.0624 -0.5004 -0.8635
vn -0.0796 -0.4833 -0.8718
vn -0.0942 -0.4630 -0.8814
vn 0.9289 -0.1034 0.3555
vn 0.9336 -0.0001 0.3584
vn 0.9294 -0.0660 0.3632
vn 0.5875 -0.8089 -0.0247
vn 0.5875 -0.8088 -0.0247
vn -0.0003 -0.9999 0.0114
vn -0.0000 -0.9999 0.0115
vn -0.0001 -0.9999 0.0112
vn 0.7744 -0.0798 -0.6277
vn 0.8782 -0.1167 -0.4639
vn 0.5727 0.8127 0.1078
vn 0.5574 0.8234 0.1060
vn 0.0000 0.0000 1.0000
vn -0.7912 -0.6060 0.0823
vn -0.7819 -0.6174 0.0869
vn 0.4655 -0.8741 0.1384
vn 0.4698 -0.8395 0.2729
vn 0.4654 -0.8742 0.1386
vn 0.4697 -0.8396 0.2729
vn -0.4703 -0.2729 -0.8393
vn -0.4707 -0.2725 -0.8392
vn -0.4701 0.0001 -0.8826
vn -0.4697 -0.0001 -0.8828
vn -0.4702 -0.7138 -0.5190
vn -0.4700 -0.7140 -0.5189
vn -0.4702 -0.8393 -0.2728
vn -0.4697 -0.8397 -0.2727
vn -0.7805 0.6251 -0.0067
vn -0.7809 0.6247 -0.0077
vn -0.7806 0.6250 -0.0070
vn -0.7809 0.6246 -0.0079
vn 0.7804 -0.6253 -0.0078
vn 0.7810 -0.6245 -0.0061
vn 0.7805 0.6251 -0.0067
vn 0.7807 0.6249 -0.0071
vn 0.7808 0.6247 -0.0075
vn 0.7810 0.6245 -0.0078
vn -0.7804 -0.6252 -0.0077
vn -0.7810 -0.6245 -0.0063
vn -0.2259 -0.9387 -0.2604
vn -0.5782 -0.8074 -0.1176
vn -0.1937 -0.9793 -0.0587
vn -0.4810 -0.8700 -0.1082
vn -0.2131 -0.9755 -0.0542
vn -0.9289 0.1034 0.3557
vn -0.9335 0.0001 0.3585
vn -0.9293 0.0674 0.3631
vn -0.8088 0.5875 -0.0248
vn -0.9509 0.3086 -0.0248
vn -0.8088 0.5876 -0.0249
vn -0.9508 0.3087 -0.0250
vn 0.9756 0.1578 -0.1528
vn 0.7475 0.1472 -0.6477
vn 0.9179 0.3637 -0.1586
vn 0.9005 0.4019 -0.1662
vn 0.0528 0.3629 0.9303
vn 0.9794 -0.2016 0.0134
vn 0.7585 -0.6394 0.1259
vn 0.7624 -0.6380 0.1081
vn -0.7886 -0.4016 -0.4656
vn -0.7886 -0.4017 -0.4656
vn -0.5893 0.8045 0.0742
vn -0.5972 0.7974 0.0863
vn -0.5905 0.8048 0.0595
vn -0.8534 0.5131 0.0918
vn -0.7922 0.5833 0.1796
vn -0.8463 0.5204 0.1135
vn -0.7873 0.5777 0.2157
vn -0.9424 0.0001 -0.3345
vn -0.9408 -0.0685 -0.3319
vn -0.9451 0.0001 -0.3269
vn -0.9407 -0.1011 -0.3239
vn 0.0001 -0.9424 -0.3345
vn 0.0001 -0.9451 -0.3269
vn -0.0685 -0.9408 -0.3319
vn -0.1011 -0.9407 -0.3239
vn 0.5394 0.7427 0.3969
vn 0.4172 0.8196 0.3927
vn 0.4178 0.8193 0.3926
vn 0.9997 -0.0001 -0.0247
vn 0.9508 0.3087 -0.0247
vn 0.9508 0.3088 -0.0247
vn 0.7736 -0.6024 0.1967
vn 0.7976 -0.5688 0.2008
vn 0.9258 -0.3078 0.2195
vn 0.9257 -0.3080 0.2195
vn 0.9741 -0.1738 0.1445
vn 0.0000 0.9963 0.0855
vn -0.0005 0.9964 0.0850
vn 0.8229 0.5643 0.0664
vn 0.6920 0.7192 0.0633
vn -0.8225 0.5648 0.0665
vn -0.6918 0.7193 0.0632
vn -0.0000 -0.9308 0.3656
vn -0.0000 -0.9335 0.3585
vn 0.0660 -0.9293 0.3633
vn 0.1033 -0.9289 0.3557
vn 0.0001 0.9424 -0.3345
vn -0.0685 0.9408 -0.3319
vn 0.0001 0.9451 -0.3269
vn -0.1011 0.9407 -0.3239
vn 0.1953 -0.9310 0.3084
vn 0.5257 -0.8091 0.2626
vn 0.5186 0.7142 -0.4701
vn 0.4015 0.7887 -0.4656
vn 0.4016 0.7886 -0.4656
vn -0.9485 -0.3158 0.0227
vn -0.9488 -0.3160 0.0061
vn -0.1291 0.9247 0.3582
vn -0.0000 0.9830 0.1836
vn -0.5617 0.8167 0.1325
vn -0.3588 0.9228 0.1406
vn -0.4491 0.8812 0.1478
vn 0.7240 0.6821 0.1026
vn 0.8391 0.5330 0.1086
vn 0.8028 0.5845 0.1179
vn 0.5713 0.8087 0.1400
vn 0.7961 0.5939 0.1159
vn -0.7917 0.5996 0.1170
vn -0.5712 0.8088 0.1400
vn -0.8024 0.5850 0.1180
vn -0.8388 0.5334 0.1088
vn -0.7237 0.6825 0.1026
vn 0.7097 0.7044 0.0119
vn 0.8215 0.5699 0.0175
vn 0.7114 0.7027 0.0122
vn 0.8183 0.5746 0.0127
vn -0.0038 -0.0098 -0.9999
vn 0.0001 -0.0001 -1.0000
vn -0.0001 -0.0001 -1.0000
vn -0.1858 -0.7547 -0.6293
vn -0.2914 -0.6302 -0.7197
vn -0.1667 -0.7548 -0.6344
vn -0.7577 0.6410 -0.1227
vn -0.7579 0.6407 -0.1229
vn -0.7583 0.6402 -0.1231
vn -0.7583 0.6401 -0.1231
vn 0.7587 -0.6398 -0.1227
vn 0.7582 -0.6403 -0.1230
vn 0.7584 -0.6401 -0.1229
vn 0.7579 -0.6406 -0.1231
vn -0.7579 -0.6406 -0.1231
vn -0.7581 -0.6405 -0.1231
vn -0.7585 -0.6400 -0.1228
vn -0.7587 -0.6398 -0.1227
vn 0.1586 0.3953 -0.9047
vn -0.1254 0.3863 -0.9138
vn -0.0898 0.3892 -0.9168
vn -0.2690 0.6699 -0.6920
vn -0.2851 0.9547 0.0846
vn -0.3797 0.9247 0.0270
vn -0.3772 0.9257 0.0284
vn -0.9955 0.0946 -0.0104
vn -0.9959 0.0898 -0.0105
vn -0.6199 0.7632 0.1823
vn -0.4699 0.8665 0.1687
vn -0.4099 0.8928 0.1865
vn -0.5547 0.5553 0.6196
vn -0.1751 0.8483 0.4997
vn -0.0132 0.8585 0.5126
vn -0.1812 0.8474 0.4991
vn -0.5728 0.7807 0.2496
vn -0.6990 0.6891 0.1910
vn -0.7861 0.6035 0.1332
vn 0.5726 0.7807 0.2502
vn 0.5812 0.7941 0.1775
vn 0.9775 0.2105 0.0105
vn 0.9781 0.2081 -0.0003
vn -0.0664 -0.0309 -0.9973
vn 0.1033 0.9289 0.3555
vn 0.0660 0.9294 0.3632
vn 0.5874 0.8089 -0.0245
vn 0.5876 0.8088 -0.0244
vn 0.8085 0.5880 -0.0246
vn 0.8085 0.5879 -0.0246
vn -0.9289 -0.1034 0.3555
vn -0.9294 -0.0667 0.3630
vn -0.8088 -0.5875 -0.0248
vn -0.5874 -0.8089 -0.0247
vn -0.5875 -0.8089 -0.0247
vn 0.4780 0.8742 0.0857
vn 0.5221 0.8484 0.0872
vn 0.6387 0.7641 0.0909
vn 0.7049 0.6977 0.1277
vn 0.8535 0.5130 0.0913
vn 0.8464 0.5203 0.1132
vn 0.7920 0.5834 0.1800
vn 0.7870 0.5779 0.2160
vn 0.6215 0.7618 0.1825
vn 0.4693 0.8668 0.1687
vn 0.4100 0.8929 0.1862
vn 0.5548 0.5551 0.6197
vn 0.0133 0.8585 0.5126
vn 0.1751 0.8484 0.4995
vn 0.1812 0.8474 0.4990
vn -0.0001 -0.9986 -0.0533
vn -0.0000 -0.9988 -0.0489
vn -0.0000 -0.9997 -0.0248
vn -0.1569 -0.9875 -0.0165
vn -0.0000 -0.9999 0.0142
vn 0.0666 -0.0309 -0.9973
vn -0.8126 -0.5828 0.0087
vn -0.8117 -0.5840 0.0087
vn 0.8128 -0.5825 0.0089
vn 0.8117 -0.5840 0.0088
vn 0.1659 0.2044 0.9647
vn 0.0470 0.0284 0.9985
vn 0.0430 -0.2823 0.9584
vn -0.0001 -0.3731 0.9278
vn -0.0016 -1.0000 0.0031
vn -0.0000 -0.9998 0.0178
vn 0.0006 -1.0000 0.0015
vn 0.0000 -0.9804 0.1972
vn -0.0000 -0.9826 0.1859
vn -0.9508 -0.3089 -0.0248
vn -0.9997 0.0002 -0.0252
vn -0.9509 -0.3086 -0.0251
vn -0.8090 -0.5873 -0.0248
vn -0.8089 -0.5874 -0.0247
vn -0.4270 -0.8890 0.1656
vn -0.6263 -0.7670 0.1397
vn -0.7587 -0.6392 0.1256
vn 0.2082 0.9781 0.0002
vn 0.2104 0.9776 0.0104
vn 0.4705 -0.8824 0.0000
vn 0.4698 -0.8828 0.0000
vn -0.4779 0.8742 0.0857
vn -0.6387 0.7641 0.0905
vn -0.5222 0.8484 0.0872
vn -0.7050 0.6976 0.1274
vn 0.0000 -0.9801 0.1985
vn 0.0000 -0.9880 0.1542
vn -0.7043 0.7098 0.0123
vn -0.5700 0.8215 0.0172
vn -0.7026 0.7115 0.0123
vn -0.5744 0.8185 0.0129
vn -0.9384 0.3119 0.1484
vn -0.9612 0.2342 0.1457
vn 0.9384 0.3120 0.1484
vn 0.9612 0.2342 0.1456
vn -0.0939 -0.1128 -0.9892
vn -0.1909 -0.1969 -0.9617
vn -0.4464 0.2660 -0.8544
vn -0.4161 -0.0373 -0.9086
vn -0.2742 0.4479 -0.8510
vn 0.4081 0.9093 0.0821
vn 0.3056 0.9501 0.0634
vn 0.3504 0.9349 0.0559
vn 0.4032 -0.9148 -0.0220
vn 0.5930 -0.8038 -0.0467
vn 0.4224 -0.9061 -0.0245
vn 0.5998 -0.7987 -0.0478
vn -0.3572 -0.9296 0.0905
vn 0.0204 -0.9993 0.0325
vn -0.3123 -0.9463 0.0837
vn 0.0372 -0.9989 0.0300
vn 0.1071 -0.0778 -0.9912
vn 0.1193 -0.0608 -0.9910
vn 0.1193 -0.0607 -0.9910
vn 0.9219 0.2394 0.3045
vn 0.8091 0.5258 0.2625
vn 0.9955 0.0943 -0.0105
vn 0.9145 -0.4045 -0.0027
vn 0.9959 0.0900 -0.0104
vn 0.9123 -0.4094 -0.0027
vn 0.4704 -0.2728 0.8392
vn 0.4701 -0.5189 0.7140
vn 0.4699 -0.2727 0.8395
vn 0.7013 -0.7021 -0.1233
vn 0.7014 -0.7020 -0.1231
vn 0.7016 -0.7019 -0.1230
vn 0.7017 -0.7017 -0.1229
vn -0.7013 0.7021 -0.1233
vn -0.7015 0.7020 -0.1231
vn -0.7016 0.7019 -0.1230
vn -0.7017 0.7017 -0.1229
vn -0.7017 -0.7017 -0.1231
vn 0.7017 0.7017 -0.1229
vn -0.7014 0.7022 -0.1225
vn -0.7017 0.7018 -0.1229
vn -0.7019 0.7015 -0.1231
vn 0.7013 -0.7022 -0.1227
vn 0.7015 -0.7020 -0.1228
vn 0.7014 -0.7021 -0.1228
vn 0.7015 -0.7020 -0.1229
vn 0.7015 0.7020 -0.1229
vn -0.7017 -0.7017 -0.1229
vn -0.0052 0.9844 0.1757
vn 0.1711 0.9788 0.1127
vn -0.8812 -0.4721 0.0239
vn -0.8814 -0.4712 0.0315
vn -0.8491 -0.5257 0.0514
vn -0.9058 -0.4208 0.0506
vn 0.0052 0.9844 0.1757
vn -0.1711 0.9788 0.1127
vn 0.8817 -0.4711 0.0237
vn 0.8490 -0.5258 0.0516
vn 0.8818 -0.4705 0.0314
vn 0.9058 -0.4207 0.0510
vn 0.0003 -0.9999 0.0114
vn -0.1198 0.1003 -0.9877
vn -0.4674 -0.2781 -0.8391
vn -0.2204 0.2138 -0.9517
vn 0.0264 0.2845 -0.9583
vn 0.0933 -0.1130 -0.9892
vn 0.2741 0.4478 -0.8511
vn 0.4459 0.2659 -0.8547
vn -0.4702 -0.5187 -0.7141
vn -0.4701 -0.5188 -0.7141
vn -0.4698 -0.2730 -0.8395
vn 0.4691 -0.0001 -0.8831
vn 0.4701 -0.2726 -0.8395
vn 0.4700 -0.2729 -0.8394
vn 0.4491 0.8812 0.1478
vn 0.3586 0.9228 0.1406
vn 0.5616 0.8167 0.1325
vn -0.0000 -0.9796 0.2011
vn 0.0002 -0.9308 0.3656
vn 0.0001 -0.9802 0.1981
vn 0.0001 -0.9715 0.2370
vn 0.0046 -0.9300 0.3675
vn 0.0046 -0.9312 0.3645
vn -0.0000 -0.9706 0.2405
vn -0.1440 -0.9835 0.1098
vn -0.0001 -0.9308 0.3656
vn 0.0000 -0.9424 -0.3345
vn 0.0000 -0.9450 -0.3269
vn -0.0686 -0.9408 -0.3319
vn -0.1011 -0.9407 -0.3240
vn 0.0000 0.9424 -0.3345
vn 0.0000 0.9450 -0.3269
vn 0.0686 0.9408 -0.3319
vn 0.1011 0.9406 -0.3240
vn 0.5240 0.0933 -0.8466
vn 0.1101 0.0752 -0.9911
vn 0.1128 0.0754 -0.9908
vn -0.0120 -0.0007 -0.9999
vn -0.0365 0.0957 -0.9947
vn 0.0366 0.0959 -0.9947
vn -0.1103 0.0753 -0.9910
vn -0.1131 0.0755 -0.9907
vn 0.0120 -0.0007 -0.9999
vn -0.5240 0.0933 -0.8466
vn -0.8418 0.5319 0.0919
vn 0.0133 -0.9999 -0.0047
vn 0.0139 -0.9999 -0.0015
vn -0.0133 -0.9999 -0.0047
vn -0.0139 -0.9999 -0.0015
vn -0.1251 -0.7984 -0.5890
vn -0.4403 -0.7227 -0.5327
vn -0.1253 -0.7978 -0.5898
vn -0.3927 -0.7364 -0.5509
vn 0.1250 -0.7983 -0.5891
vn 0.1252 -0.7978 -0.5898
vn 0.4397 -0.7229 -0.5329
vn 0.3923 -0.7365 -0.5511
vn -0.8473 0.5118 0.1420
vn -0.8146 0.5599 0.1514
vn 0.5111 0.8477 0.1419
vn 0.5596 0.8148 0.1514
vn -0.5110 0.8478 0.1420
vn -0.5596 0.8148 0.1514
vn 0.8476 0.5113 0.1420
vn 0.8148 0.5597 0.1514
vn -0.8946 0.4465 -0.0147
vn -0.8955 0.4448 -0.0148
vn -0.5181 0.4379 -0.7348
vn -0.3888 0.5765 -0.7187
vn -0.5069 0.4543 -0.7326
vn -0.3693 0.5914 -0.7168
vn -0.8582 0.0148 0.5132
vn -0.8483 0.1750 0.4997
vn -0.8474 0.1811 0.4992
vn -0.9651 0.2068 0.1608
vn -0.9690 0.2121 0.1269
vn -0.4033 -0.9148 -0.0220
vn -0.4224 -0.9061 -0.0245
vn -0.5929 -0.8039 -0.0467
vn -0.5997 -0.7988 -0.0479
vn -0.1275 -0.9917 0.0161
vn -0.1279 -0.9917 0.0163
vn -0.0372 -0.9989 0.0300
vn -0.0202 -0.9993 0.0325
vn 0.5878 0.8087 -0.0246
vn 0.5877 0.8087 -0.0247
vn 0.8086 0.5879 -0.0248
vn 0.8085 0.5880 -0.0249
vn 0.9997 0.0000 -0.0247
vn 0.5874 -0.8089 -0.0248
vn -0.5872 -0.8090 -0.0247
vn -0.5873 -0.8090 -0.0247
vn -0.8089 -0.5875 -0.0248
vn -0.9508 0.3088 -0.0247
vn -0.9997 -0.0001 -0.0247
vn 0.3092 -0.9507 -0.0248
vn 0.3088 -0.9508 -0.0251
vn -0.3090 -0.9507 -0.0250
vn -0.3087 -0.9509 -0.0247
vn -0.7096 0.6110 0.3509
vn -0.8307 0.4288 0.3549
vn -0.3091 -0.9507 -0.0247
vn -0.3088 -0.9508 -0.0250
vn 0.3091 -0.9507 -0.0250
vn 0.3087 -0.9508 -0.0247
vn -0.9293 -0.0674 0.3631
vn -0.9289 -0.1033 0.3557
vn 0.9424 -0.0001 -0.3345
vn 0.9451 -0.0001 -0.3269
vn 0.9408 -0.0686 -0.3319
vn 0.9406 -0.1012 -0.3240
vn 0.3342 0.9425 0.0022
vn 0.2173 0.9755 0.0356
vn -0.4694 -0.1856 0.8632
vn -0.4667 -0.1381 0.8736
vn -0.4655 -0.1377 0.8742
vn -0.4651 -0.1376 0.8745
vn -0.9779 -0.1137 0.1757
vn 0.9423 0.0001 -0.3347
vn 0.9407 0.0694 -0.3321
vn 0.9450 0.0001 -0.3272
vn 0.9405 0.1017 -0.3242
vn 0.9450 0.0001 -0.3270
vn 0.9408 -0.0686 -0.3320
vn 0.9406 -0.1016 -0.3240
vn -0.2081 0.9781 0.0003
vn -0.2104 0.9776 0.0104
vn -0.1958 0.9310 0.3082
vn -0.5258 0.8091 0.2624
vn -0.8966 -0.2929 -0.3322
vn -0.0264 -0.9465 -0.3217
vn 0.9289 -0.1033 0.3555
vn -0.9424 -0.0001 -0.3345
vn -0.9450 -0.0001 -0.3271
vn -0.9408 0.0692 -0.3319
vn -0.9406 0.1011 -0.3241
vn -0.7736 -0.6024 0.1967
vn -0.9258 -0.3079 0.2194
vn -0.7976 -0.5688 0.2008
vn -0.9256 -0.3084 0.2195
vn -0.7832 -0.6030 0.1514
vn -0.8014 -0.5782 0.1535
vn 0.3080 -0.9510 -0.0281
vn 0.2669 -0.9634 -0.0247
vn 0.5874 -0.8089 -0.0246
vn -0.3081 -0.9509 -0.0282
vn -0.5873 -0.8090 -0.0246
vn -0.2668 -0.9634 -0.0247
vn -0.5872 -0.8090 -0.0246
vn -0.8679 0.4872 0.0975
vn -0.6278 0.7732 0.0898
vn -0.5951 0.8037 -0.0038
vn -0.5868 0.8048 0.0890
vn 0.6287 0.7725 0.0899
vn 0.8679 0.4870 0.0975
vn 0.5952 0.8036 -0.0057
vn 0.5868 0.8048 0.0890
vn 0.0000 -0.9974 0.0718
vn -0.0000 -0.9975 0.0713
vn 0.0000 -0.9975 0.0710
vn -0.9740 -0.1741 0.1448
vn -0.5205 0.8528 0.0436
vn -0.5207 0.8526 0.0447
vn -0.5367 0.8419 0.0561
vn -0.5369 0.8418 0.0560
vn -0.4160 -0.9094 -0.0028
vn -0.4139 -0.9103 -0.0008
vn -0.8029 0.5961 0.0006
vn -0.9422 0.3351 0.0004
vn -0.8021 0.5970 0.0164
vn -0.9418 0.3357 0.0177
vn 0.2122 0.9690 0.1268
vn 0.9690 0.2119 0.1268
vn 0.4160 -0.9093 -0.0028
vn 0.4140 -0.9103 -0.0009
vn 0.5869 -0.8097 -0.0057
vn -0.4288 0.6922 0.5805
vn -0.6587 0.5569 0.5060
vn -0.4541 0.7038 0.5463
vn -0.6702 0.5446 0.5042
vn 0.3082 0.4611 -0.8321
vn 0.8170 0.5580 -0.1452
vn 0.2421 -0.9674 -0.0745
vn 0.6333 -0.7737 -0.0149
vn -0.3082 0.4610 -0.8321
vn -0.8170 0.5580 -0.1455
vn -0.2418 -0.9675 -0.0745
vn -0.6344 -0.7728 -0.0147
vn 0.8152 -0.4762 -0.3296
vn 0.3393 -0.4817 -0.8080
vn 0.3394 -0.4816 -0.8080
vn 0.3395 -0.4814 -0.8080
vn 0.3397 -0.4813 -0.8081
vn 0.0632 -0.4563 -0.8876
vn -0.0012 -0.0286 -0.9996
vn 0.0016 -0.0016 -1.0000
vn 0.0014 -0.0013 -1.0000
vn 0.4614 0.3082 -0.8320
vn 0.2109 0.0097 -0.9775
vn -0.1691 0.0617 -0.9837
vn -0.2605 0.1153 -0.9586
vn -0.5876 0.8088 -0.0247
vn -0.3085 0.9509 -0.0247
vn -0.5876 0.8088 -0.0246
vn -0.2739 0.9608 -0.0435
vn 0.3085 0.9509 -0.0247
vn 0.2740 0.9607 -0.0434
vn 0.3613 0.9289 0.0813
vn 0.3364 0.9383 0.0806
vn -0.3613 0.9289 0.0815
vn -0.3365 0.9382 0.0808
vn 0.0039 -1.0000 0.0000
vn 0.0029 -1.0000 -0.0051
vn -0.0039 -1.0000 0.0000
vn -0.0029 -1.0000 -0.0051
vn 0.9713 -0.0664 0.2285
vn 0.9289 -0.1034 0.3556
vn 0.9507 -0.3090 -0.0248
vn 0.9997 -0.0002 -0.0247
vn 0.9507 0.3090 -0.0247
vn 0.7200 -0.6933 0.0301
vn 0.7108 -0.7027 0.0307
vn 0.9710 -0.2111 0.1121
vn 0.7103 -0.7032 0.0307
vn 0.5274 -0.5230 -0.6695
vn 0.4687 -0.8827 0.0336
vn -0.7065 0.7073 0.0252
vn -0.7067 0.7071 0.0251
vn -0.7069 0.7069 0.0251
vn -0.7071 0.7067 0.0250
vn -0.7007 0.7007 -0.1340
vn -0.7008 0.7007 -0.1340
vn -0.7009 0.7006 -0.1339
vn -0.7009 0.7005 -0.1339
vn 0.7077 -0.7060 0.0251
vn 0.7076 -0.7061 0.0251
vn 0.7074 -0.7063 0.0251
vn 0.7073 -0.7065 0.0252
vn 0.7069 0.7069 0.0251
vn 0.7065 0.7073 0.0251
vn 0.7068 0.7069 0.0251
vn 0.7065 0.7073 0.0250
vn 0.7014 0.7000 -0.1343
vn 0.7004 0.7011 -0.1338
vn -0.7073 -0.7065 0.0251
vn -0.7071 -0.7066 0.0251
vn -0.7069 -0.7069 0.0250
vn -0.7077 0.7060 0.0252
vn -0.7072 0.7066 0.0251
vn -0.7074 0.7064 0.0251
vn -0.7069 0.7069 0.0250
vn -0.7020 0.6994 -0.1343
vn -0.7008 0.7008 -0.1337
vn 0.7069 -0.7069 0.0250
vn 0.7073 0.7065 0.0251
vn 0.7073 0.7064 0.0251
vn 0.7071 0.7067 0.0251
vn 0.7014 0.7001 -0.1340
vn 0.7013 0.7002 -0.1340
vn 0.7009 0.7005 -0.1342
vn -0.7073 -0.7064 0.0251
vn -0.7075 -0.7063 0.0251
vn -0.1657 0.2042 0.9648
vn -0.0471 0.0284 0.9985
vn -0.0510 -0.3348 0.9409
vn 0.8028 0.5962 0.0004
vn 0.8021 0.5969 0.0163
vn 0.2988 0.9541 -0.0209
vn 0.5484 0.8360 -0.0196
vn 0.2985 0.9542 -0.0209
vn 0.5492 0.8354 -0.0194
vn 0.5904 0.2934 -0.7519
vn 0.5842 0.3035 -0.7527
vn 0.5180 0.4377 -0.7350
vn 0.5067 0.4541 -0.7328
vn 0.1794 0.9583 0.2224
vn 0.2080 0.9655 0.1566
vn -0.1153 0.9669 0.2277
vn -0.1018 0.9593 0.2634
vn -0.4690 -0.8832 0.0000
vn -0.4698 -0.8828 0.0000
vn 0.0000 -0.7922 -0.6103
vn -0.0110 -0.8126 -0.5828
vn 0.0000 -0.9419 -0.3359
vn -0.0108 -0.9529 -0.3031
vn 0.1220 -0.7940 -0.5955
vn -0.0045 -0.8082 -0.5889
vn 0.1197 -0.7978 -0.5909
vn 0.3150 -0.7614 -0.5667
vn -0.7296 -0.6820 -0.0499
vn -0.7300 -0.6816 -0.0499
vn -0.7396 -0.6664 -0.0948
vn -0.7382 -0.6663 -0.1054
vn -0.2967 -0.7538 -0.5863
vn -0.1220 -0.7941 -0.5955
vn -0.2708 -0.7713 -0.5760
vn -0.0092 -0.8085 -0.5885
vn -0.1197 -0.7977 -0.5910
vn -0.0310 -0.8071 -0.5896
vn 0.7296 -0.6821 -0.0498
vn 0.7396 -0.6663 -0.0949
vn 0.7300 -0.6817 -0.0499
vn 0.7382 -0.6662 -0.1055
vn -0.3765 0.9258 0.0332
vn -0.3768 0.9257 0.0328
vn -0.3765 0.9258 0.0329
vn -0.3767 0.9258 0.0323
vn 0.8133 -0.4686 0.3450
vn 0.8132 -0.4688 0.3448
vn 0.8132 -0.4690 0.3447
vn 0.8131 -0.4692 0.3445
vn 0.3766 0.9259 0.0292
vn 0.3769 0.9257 0.0323
vn 0.3770 0.9256 0.0325
vn 0.3766 0.9258 0.0325
vn -0.7708 0.5973 0.2218
vn -0.7754 0.5882 0.2297
vn -0.3829 0.7926 0.4744
vn -0.3851 0.7930 0.4722
vn -0.6550 -0.7536 -0.0557
vn -0.6554 -0.7532 -0.0552
vn 0.6553 -0.7533 -0.0555
vn 0.6556 -0.7531 -0.0550
vn -0.3087 0.9508 -0.0246
vn -0.0001 0.9997 -0.0247
vn -0.3086 0.9509 -0.0247
vn 0.3091 0.9507 -0.0248
vn 0.5874 0.8089 -0.0246
vn 0.3088 0.9508 -0.0247
vn 0.5871 0.8091 -0.0244
vn 0.7582 -0.6404 -0.1229
vn -0.7579 0.6406 -0.1231
vn -0.7587 -0.6398 -0.1231
vn -0.7583 -0.6403 -0.1228
vn -0.7584 -0.6401 -0.1229
vn -0.7582 -0.6403 -0.1228
vn 0.7582 0.6403 -0.1229
vn 0.7581 0.6404 -0.1229
vn 0.7581 0.6405 -0.1228
vn 0.7580 0.6406 -0.1227
vn 0.1148 -0.6943 -0.7105
vn 0.4096 -0.9044 -0.1198
vn 0.4702 -0.7140 0.5188
vn 0.9998 0.0008 -0.0205
vn 0.9362 -0.3468 0.0575
vn -0.4702 -0.7140 0.5188
vn -0.9763 0.2160 0.0115
vn -0.7828 -0.6066 0.1385
vn -0.9999 -0.0128 0.0027
vn -0.2121 0.9690 0.1268
vn 0.7739 0.6333 0.0043
vn 0.7717 0.6360 0.0042
vn -0.7740 0.6331 0.0042
vn -0.7717 0.6360 0.0041
vn -0.8529 0.3424 0.3940
vn -0.9510 0.2830 0.1242
vn 0.9068 0.3257 0.2676
vn 0.9310 0.3066 0.1980
vn -0.0265 0.2849 -0.9582
vn 0.4676 -0.2783 -0.8390
vn 0.2207 0.2136 -0.9517
vn 0.1200 0.1001 -0.9877
vn 0.2688 -0.4657 -0.8431
vn 0.4655 0.1386 -0.8741
vn -0.9507 -0.3090 -0.0248
vn -0.9508 -0.3090 -0.0248
vn -0.9997 -0.0002 -0.0247
vn -0.8086 0.5878 -0.0246
vn -0.9507 0.3091 -0.0247
vn -0.8087 0.5877 -0.0246
vn 0.3088 0.9508 -0.0246
vn 0.3087 0.9508 -0.0247
vn -0.0000 0.9997 -0.0247
vn -0.5870 0.8092 -0.0244
vn -0.5873 0.8090 -0.0245
vn -0.3089 0.9508 -0.0247
vn -0.7425 -0.5396 0.3969
vn -0.1070 -0.0777 -0.9912
vn -0.1193 -0.0607 -0.9910
vn 0.7705 0.5976 0.2218
vn 0.7752 0.5885 0.2298
vn 0.3833 0.7926 0.4743
vn 0.3853 0.7929 0.4721
vn 0.1233 -0.9923 0.0157
vn 0.1274 -0.9917 0.0159
vn 0.1237 -0.9922 0.0155
vn 0.1279 -0.9917 0.0162
vn 0.1272 -0.9918 0.0096
vn 0.1251 -0.9921 0.0119
vn -0.0240 -0.0282 0.9993
vn -0.0270 -0.0220 0.9994
vn -0.0103 -0.0149 0.9998
vn -0.0166 -0.0119 0.9998
vn -0.6974 -0.7166 -0.0102
vn -0.5907 -0.8068 -0.0048
vn -0.2882 -0.8607 0.4196
vn -0.5686 -0.8226 0.0000
vn 0.1490 -0.9436 0.2956
vn 0.1538 -0.9448 0.2892
vn 0.0241 -0.9599 0.2792
vn 0.1536 -0.9449 0.2892
vn -0.1491 -0.9436 0.2956
vn -0.0241 -0.9599 0.2792
vn -0.1540 -0.9448 0.2893
vn -0.1539 -0.9448 0.2893
vn 0.0805 -0.9032 0.4217
vn 0.0881 -0.9357 0.3416
vn 0.0795 -0.9059 0.4160
vn 0.0985 -0.9377 0.3331
vn 0.2527 -0.6248 0.7387
vn 0.1948 -0.6277 0.7537
vn -0.9229 -0.1397 0.3589
vn -0.9378 -0.1131 0.3282
vn 0.6333 -0.7739 0.0043
vn 0.6361 -0.7716 0.0042
vn -0.0805 -0.9031 0.4218
vn -0.0795 -0.9059 0.4160
vn -0.0881 -0.9357 0.3416
vn -0.0985 -0.9377 0.3331
vn -0.2531 -0.6248 0.7386
vn 0.9176 -0.1644 0.3618
vn 0.2281 -0.6734 0.7032
vn 0.9083 -0.2238 0.3533
vn -0.6414 -0.7599 -0.1057
vn -0.6415 -0.7598 -0.1057
vn -0.6417 -0.7596 -0.1058
vn 0.6407 -0.7605 -0.1055
vn 0.6409 -0.7603 -0.1056
vn 0.6409 -0.7604 -0.1056
vn 0.6413 -0.7599 -0.1058
vn -0.0001 0.0003 -1.0000
vn -0.0001 0.0002 -1.0000
vn -0.9375 0.2660 0.2244
vn -0.9420 0.2015 0.2686
vn -0.8336 0.5327 0.1459
vn -0.9682 0.0307 0.2483
vn 0.9682 0.0306 0.2483
vn 0.8335 0.5330 0.1459
vn 0.9383 0.2196 0.2671
vn 0.9374 0.2664 0.2244
vn 0.9465 0.1656 0.2771
vn 0.7849 -0.6139 -0.0841
vn 0.7855 -0.6150 -0.0696
vn 0.7854 -0.6148 -0.0714
vn -0.0000 -0.7077 0.7065
vn 0.0000 -0.7062 0.7080
vn -0.0004 -0.7062 0.7080
vn -0.0000 -0.7074 0.7068
vn 0.7426 -0.5395 0.3968
vn 0.8193 -0.4176 0.3928
vn 0.8197 -0.4172 0.3926
vn -0.7140 0.5188 -0.4702
vn -0.4011 0.7888 -0.4657
vn -0.5185 0.7142 -0.4702
vn -0.4016 0.7886 -0.4656
vn -0.5187 0.7141 -0.4701
vn -0.5561 0.7931 0.2486
vn -0.5739 0.7863 0.2290
vn -0.5688 0.7787 0.2647
vn 0.0000 -0.9961 0.0884
vn 0.0018 0.0018 1.0000
vn 0.0008 0.0004 1.0000
vn 0.1856 0.2937 0.9377
vn 0.6968 0.6968 0.1700
vn 0.7033 0.7027 0.1074
vn 0.6995 0.6989 0.1488
vn 0.6981 0.6980 0.1596
vn 0.7008 0.7015 0.1300
vn 0.7026 -0.1459 -0.6965
vn 0.6982 -0.1640 -0.6968
vn 0.6592 -0.2601 -0.7056
vn 0.6567 -0.2714 -0.7037
vn -0.2698 -0.6190 -0.7376
vn -0.0270 -0.6492 -0.7602
vn -0.2395 -0.6280 -0.7404
vn -0.0144 -0.6519 -0.7582
vn -0.7029 -0.1460 -0.6962
vn -0.6593 -0.2600 -0.7055
vn -0.6985 -0.1641 -0.6966
vn -0.6568 -0.2712 -0.7036
vn 0.2699 -0.6192 -0.7374
vn 0.2394 -0.6283 -0.7402
vn 0.0270 -0.6492 -0.7601
vn 0.0144 -0.6519 -0.7582
vn 0.8152 -0.4761 -0.3298
vn 0.8151 -0.4763 -0.3299
vn 0.8150 -0.4764 -0.3300
vn 0.8148 -0.4765 -0.3300
vn 0.3353 -0.4623 0.8209
vn 0.3353 -0.4624 0.8208
vn 0.3354 -0.4626 0.8207
vn 0.3355 -0.4628 0.8205
vn 0.0240 -0.0282 0.9993
vn 0.0104 -0.0149 0.9998
vn 0.0270 -0.0220 0.9994
vn 0.0166 -0.0119 0.9998
vn 0.6978 -0.7162 -0.0102
vn 0.2889 -0.8605 0.4196
vn 0.5911 -0.8066 -0.0048
vn 0.5690 -0.8224 0.0000
vn -0.0195 0.9486 -0.3157
vn -0.8648 0.3758 -0.3328
vn -0.4697 -0.8396 0.2729
vn -0.4654 -0.8742 0.1386
vn -0.4658 -0.8740 0.1384
vn 0.1562 -0.9714 0.1789
vn 0.0002 -0.9308 0.3655
vn -0.0000 -0.9309 0.3653
vn -0.0000 -0.9307 0.3657
vn 0.5554 -0.0000 -0.8316
vn 0.5384 -0.0584 -0.8407
vn 0.5357 -0.0000 -0.8444
vn 0.5202 -0.0826 -0.8500
vn 0.9486 0.0195 -0.3157
vn 0.3765 0.8645 -0.3330
vn 0.1909 -0.1967 -0.9617
vn 0.4176 -0.0367 -0.9079
vn -0.2687 -0.4661 -0.8430
vn 0.0017 -0.9960 0.0894
vn -0.7848 -0.6141 -0.0841
vn -0.7848 -0.6140 -0.0841
vn -0.7854 -0.6151 -0.0696
vn -0.7854 -0.6148 -0.0714
vn 0.0004 -0.7062 0.7080
vn -0.3088 -0.9511 0.0000
vn -0.0097 -0.0184 -0.9998
vn -0.0113 -0.0156 -0.9998
vn 0.3089 -0.9511 0.0000
vn 0.0097 -0.0184 -0.9998
vn 0.0113 -0.0156 -0.9998
vn -0.1795 0.9583 0.2224
vn -0.2080 0.9655 0.1566
vn -0.8665 0.4976 0.0402
vn -0.9248 -0.3466 0.1567
vn -0.9103 0.4139 0.0046
vn -0.9974 -0.0582 -0.0427
vn 0.0264 -0.9465 -0.3217
vn 0.8142 -0.4529 -0.3634
vn -0.1948 -0.9311 0.3084
vn -0.5258 -0.8091 0.2625
vn -0.5006 0.7270 -0.4700
vn -0.5151 0.7141 -0.4740
vn -0.3721 0.8032 -0.4652
vn -0.3996 0.7842 -0.4748
vn -0.4464 0.8947 -0.0148
vn -0.4449 0.8955 -0.0149
vn 0.4463 0.8948 -0.0148
vn 0.4449 0.8954 -0.0149
vn 0.9998 0.0067 -0.0209
vn 0.9998 0.0063 -0.0209
vn 0.9542 0.2984 -0.0208
vn 0.9541 0.2988 -0.0208
vn -0.9998 0.0064 -0.0210
vn -0.9543 0.2983 -0.0209
vn -0.9998 0.0061 -0.0210
vn -0.9541 0.2987 -0.0209
vn 0.3394 -0.4809 -0.8084
vn 0.3392 -0.4811 -0.8084
vn 0.3391 -0.4812 -0.8083
vn 0.3389 -0.4814 -0.8083
vn 0.0648 -0.4568 -0.8872
vn 0.3323 -0.9364 0.1125
vn 0.4267 -0.8891 0.1657
vn 0.0000 -0.7686 0.6398
vn -0.0000 -0.7689 0.6394
vn 0.0000 -0.7690 0.6392
vn -0.0777 -0.1070 -0.9912
vn -0.1071 -0.0779 -0.9912
vn -0.0778 -0.1070 -0.9912
vn -0.1072 -0.0779 -0.9912
vn 0.9617 -0.0000 0.2741
vn 0.9990 -0.0359 0.0272
vn 0.9611 0.0000 0.2762
vn 0.9990 -0.0362 0.0274
vn -0.9611 0.0000 0.2762
vn -0.9990 -0.0362 0.0274
vn -0.9617 0.0000 0.2741
vn -0.9990 -0.0359 0.0272
vn 0.8755 -0.4784 0.0686
vn 0.5050 0.8602 0.0712
vn 0.5000 0.8640 0.0590
vn 0.3600 0.9304 0.0691
vn 0.3066 0.9510 0.0393
vn -0.4300 0.9010 0.0573
vn -0.3617 0.9310 0.0490
vn -0.5484 0.8341 0.0591
vn -0.4026 0.9144 0.0425
vn -0.4270 0.9031 0.0449
vn -0.3347 0.9397 0.0708
vn 0.0777 0.1070 -0.9912
vn 0.1070 0.0777 -0.9912
vn 0.8887 -0.4585 0.0000
vn -0.8413 -0.5405 0.0000
vn 0.5992 -0.8006 0.0000
vn -0.5990 0.8007 -0.0000
vn -0.5996 -0.8003 0.0000
vn 0.9928 -0.1198 0.0000
vn 0.0457 -0.9990 0.0000
vn -0.0474 0.9989 0.0000
vn 0.8413 -0.5405 0.0000
vn 0.0474 0.9989 0.0000
vn -0.9989 -0.0474 -0.0000
vn 0.9989 0.0474 0.0000
vn -0.8416 0.5401 0.0000
vn -0.5992 0.8006 0.0000
vn -0.5401 0.8416 0.0000
vn -0.0456 -0.9990 0.0000
vn -0.9929 0.1189 -0.0000
vn 0.9930 -0.1179 0.0000
vn -0.4592 0.8883 0.0000
vn -0.5397 -0.8418 -0.0000
vn -0.5397 -0.8419 -0.0000
vn -0.8885 0.4589 0.0000
vn 0.8890 -0.4579 0.0000
vn 0.5405 -0.8413 0.0000
vn -0.4582 -0.8888 0.0000
vn 0.9989 -0.0474 0.0000
vn 0.9928 0.1197 -0.0000
vn -0.9989 0.0474 0.0000
vn 0.5397 0.8418 0.0000
vn 0.3927 -0.9197 0.0000
vn -0.3927 0.9197 0.0000
vn -0.3933 -0.9194 0.0000
vn 0.9929 0.1189 0.0000
vn -0.4661 0.1385 -0.8738
vn -0.4658 0.1384 -0.8740
vn 0.0997 -0.9871 -0.1250
vn 0.1000 -0.9871 -0.1249
vn 0.1008 -0.9871 -0.1247
vn 0.1011 -0.9870 -0.1246
vn -0.7789 -0.4507 -0.4361
vn 0.0793 0.9966 0.0223
vn -0.0002 1.0000 -0.0024
vn 0.0000 0.7427 -0.6696
vn -0.0778 0.1070 -0.9912
vn -0.1071 0.0779 -0.9912
vn -0.1072 0.0779 -0.9912
vn -0.1237 -0.9922 0.0156
vn -0.1232 -0.9923 0.0157
vn -0.1963 -0.9805 0.0057
vn -0.2455 -0.9694 -0.0009
vn -0.1241 -0.9920 0.0221
vn -0.1242 -0.9920 0.0234
vn 0.1963 -0.9805 0.0056
vn 0.2455 -0.9694 -0.0009
vn 0.2132 -0.9770 0.0064
vn 0.1240 -0.9920 0.0220
vn 0.1780 -0.9839 0.0140
vn 0.1244 -0.9920 0.0234
vn 0.5750 -0.4270 -0.6979
vn 0.5973 -0.4004 -0.6949
vn 0.7058 -0.2265 -0.6712
vn 0.7111 -0.2156 -0.6692
vn 0.6279 -0.7782 0.0063
vn 0.6230 -0.7822 0.0026
vn -0.5749 -0.4274 -0.6977
vn -0.7058 -0.2265 -0.6712
vn -0.5973 -0.4008 -0.6947
vn -0.7112 -0.2156 -0.6691
vn -0.6279 -0.7783 0.0062
vn -0.6231 -0.7821 0.0025
vn -0.9257 0.3772 0.0281
vn -0.9730 0.2305 -0.0147
vn -0.9243 0.3816 0.0006
vn -0.9762 0.2159 -0.0202
vn 0.3484 0.9368 0.0322
vn 0.3492 0.9364 0.0359
vn 0.3624 0.9276 0.0908
vn 0.3644 0.9259 0.1000
vn 0.5778 0.7879 -0.2128
vn 0.3191 0.4744 -0.8205
vn 0.4564 0.8737 0.1680
vn 0.4566 0.8749 0.1614
vn -0.3481 0.9369 0.0317
vn -0.3624 0.9275 0.0911
vn -0.3491 0.9364 0.0356
vn -0.3645 0.9258 0.1004
vn -0.5778 0.7880 -0.2126
vn -0.4563 0.8736 0.1690
vn -0.3189 0.4746 -0.8204
vn -0.4567 0.8747 0.1625
vn -0.0003 0.7439 0.6683
vn -0.0002 0.6982 0.7159
vn 0.4540 0.7040 0.5461
vn 0.3060 0.7249 0.6171
vn 0.3355 -0.4625 0.8207
vn 0.3358 -0.4631 0.8203
vn 0.3357 -0.4629 0.8204
vn 0.3359 -0.4632 0.8201
vn 0.9703 -0.2250 0.0884
vn 0.9872 -0.1519 0.0479
vn 0.9702 -0.2257 0.0886
vn 0.9871 -0.1524 0.0481
vn -0.0018 0.0018 1.0000
vn -0.1861 0.2948 0.9373
vn -0.0008 0.0004 1.0000
vn -0.2065 0.9650 0.1616
vn 0.3123 -0.9463 0.0838
vn 0.3572 -0.9296 0.0905
vn 0.7835 -0.6027 0.1514
vn 0.8015 -0.5779 0.1538
vn 0.8466 0.1810 0.5004
vn 0.8475 0.1750 0.5011
vn 0.9651 0.2065 0.1612
vn 0.2063 -0.2291 -0.9513
vn 0.2202 -0.1916 -0.9565
vn 0.1556 -0.3520 -0.9230
vn 0.1726 -0.3152 -0.9332
vn -0.2061 -0.2297 -0.9512
vn -0.1555 -0.3523 -0.9229
vn -0.2201 -0.1919 -0.9564
vn -0.1726 -0.3151 -0.9332
vn 0.9406 0.1017 -0.3240
vn 0.9408 0.0687 -0.3320
vn -0.9486 -0.0195 -0.3157
vn -0.3772 -0.8642 -0.3331
vn 0.1011 -0.9406 -0.3240
vn 0.0686 -0.9408 -0.3319
vn -0.9406 0.1012 -0.3240
vn -0.9408 0.0686 -0.3319
vn 0.9487 -0.3161 0.0063
vn 0.9487 -0.3152 0.0226
vn 0.4279 -0.2879 0.8568
vn 0.9785 -0.1012 -0.1796
vn -0.0001 -0.9737 0.2279
vn -0.0002 -0.9308 0.3656
vn -0.0000 -0.9647 0.2633
vn -0.4687 -0.8827 0.0341
vn -0.5283 -0.5219 -0.6697
vn -0.9936 -0.0913 0.0662
vn -0.7103 -0.7032 0.0308
vn -0.7097 -0.7038 0.0308
vn -0.7208 -0.6925 0.0301
vn 0.9861 -0.1586 0.0500
vn -0.8151 -0.4685 0.3406
vn -0.8151 -0.4686 0.3407
vn -0.8150 -0.4687 0.3407
vn -0.3348 -0.4814 -0.8100
vn -0.3349 -0.4817 -0.8098
vn -0.3350 -0.4819 -0.8097
vn -0.3351 -0.4822 -0.8094
vn 0.3359 -0.4637 0.8198
vn -0.7121 -0.4784 0.5138
vn -0.9119 -0.1646 -0.3760
vn -0.1072 -0.0778 -0.9912
vn 0.4690 -0.8832 -0.0000
vn 0.4700 -0.7140 -0.5189
vn 0.4697 -0.8397 -0.2727
vn 0.0016 -1.0000 0.0031
vn -0.0006 -1.0000 0.0015
vn -0.9702 -0.2257 0.0886
vn -0.9855 -0.1619 0.0511
vn 0.0000 1.0000 0.0002
vn 0.0000 0.9955 0.0952
vn -0.0220 0.9948 0.0997
vn -0.1927 0.9619 0.1940
vn 0.0220 0.9948 0.0997
vn 0.1927 0.9619 0.1940
vn -0.5613 0.7966 0.2243
vn -0.5568 0.7906 0.2547
vn 0.5613 0.7966 0.2243
vn 0.5568 0.7906 0.2547
vn 0.0098 -0.0038 -0.9999
vn 0.4711 -0.2569 0.8438
vn 0.4650 -0.1378 0.8745
vn 0.4657 -0.1380 0.8741
vn 0.9877 -0.0711 0.1394
vn -0.9508 -0.3088 -0.0248
vn 0.9508 0.3089 -0.0247
vn 0.9507 0.3090 -0.0248
vn -0.8194 0.4175 0.3927
vn -0.8195 0.4174 0.3927
vn -0.5393 0.7428 0.3967
vn -0.4177 0.8193 0.3928
vn -0.5396 0.7425 0.3969
vn -0.4174 0.8195 0.3927
vn -0.0777 0.1070 -0.9912
vn 0.0002 -0.9997 0.0254
vn 0.0002 -0.9997 0.0264
vn -0.4497 -0.8929 0.0245
vn -0.3217 -0.2987 -0.8985
vn -0.7545 0.1854 -0.6296
vn -0.6289 0.3028 -0.7162
vn -0.7630 0.1727 -0.6229
vn -0.6870 -0.0228 -0.7263
vn -0.7833 0.0131 -0.6215
vn 0.4499 -0.8927 0.0243
vn 0.3218 -0.2979 -0.8987
vn -0.0000 -0.3091 -0.9510
vn 0.0000 -0.5673 -0.8235
vn -0.0078 -0.3093 -0.9509
vn 0.0110 -0.5927 -0.8053
vn -0.3017 0.5211 0.7984
vn -0.0328 0.6964 0.7169
vn 0.0046 0.7048 0.7094
vn -0.0051 0.7008 0.7133
vn 0.9844 -0.1679 0.0530
vn -0.8135 -0.4761 -0.3339
vn -0.3357 -0.4814 -0.8097
vn -0.3356 -0.4811 -0.8098
vn -0.3356 -0.4810 -0.8100
vn -0.3355 -0.4808 -0.8101
vn -0.2001 0.6801 -0.7053
vn -0.2165 0.6783 -0.7022
vn 0.0879 0.6906 -0.7179
vn 0.2166 0.6714 -0.7088
vn 0.3650 0.5898 -0.7203
vn 0.3887 0.5765 -0.7187
vn 0.5688 0.7787 0.2647
vn 0.5741 0.7859 0.2295
vn 0.5689 0.7793 0.2627
vn -0.8151 -0.4685 0.3407
vn -0.8152 -0.4684 0.3407
vn -0.8134 -0.4761 -0.3341
vn -0.8135 -0.4761 -0.3341
vn -0.8135 -0.4760 -0.3342
vn 0.8269 0.5611 0.0384
vn 0.8271 0.5607 0.0385
vn -0.8269 0.5611 0.0384
vn -0.8271 0.5607 0.0385
vn 0.9834 -0.1732 0.0547
vn -0.9703 -0.2250 0.0884
vn -0.9835 -0.1727 0.0545
vn 0.5270 0.8453 0.0880
vn 0.5869 0.8058 0.0796
vn 0.6001 0.7940 0.0974
vn 0.2081 -0.9758 0.0665
vn 0.2082 -0.9758 0.0664
vn 0.2087 -0.9757 0.0663
vn -0.5220 0.8497 0.0744
vn -0.5868 0.8058 0.0797
vn -0.5269 0.8453 0.0882
vn -0.5999 0.7941 0.0976
vn -0.2082 -0.9758 0.0665
vn -0.2083 -0.9758 0.0665
vn -0.2089 -0.9757 0.0663
vn 0.9561 0.2439 0.1627
vn 0.9551 0.2435 0.1689
vn -0.9563 0.2440 0.1613
vn -0.9551 0.2435 0.1689
vn 0.1071 0.0778 -0.9912
vn 0.0778 0.1070 -0.9912
vn -0.7922 0.3551 0.4964
vn -0.7934 0.3525 0.4963
vn -0.9917 -0.1231 0.0368
vn -0.9363 -0.3474 0.0516
vn 0.9917 -0.1231 0.0368
vn 0.9359 -0.3485 0.0517
vn -0.3549 0.7925 0.4960
vn -0.3526 0.7936 0.4959
vn -0.6295 0.5833 0.5134
vn -0.5006 0.7091 0.4966
vn -0.6300 0.5834 0.5126
vn -0.7326 0.3931 0.5557
vn 0.3548 0.7923 0.4963
vn 0.3526 0.7934 0.4962
vn 0.6951 0.4532 0.5580
vn 0.6299 0.5832 0.5129
vn 0.6970 0.4694 0.5420
vn 0.5443 0.6706 0.5041
vn 0.6298 0.5831 0.5131
vn 0.5462 0.6689 0.5042
vn -0.0551 0.6451 -0.7621
vn 0.2576 0.6098 -0.7495
vn -0.0714 0.6432 -0.7624
vn 0.2798 0.6043 -0.7460
vn 0.7298 0.1508 -0.6668
vn 0.6828 0.2686 -0.6794
vn 0.7241 0.1711 -0.6681
vn 0.6788 0.2821 -0.6780
vn -0.2376 -0.3599 0.9022
vn -0.9342 -0.3147 0.1682
vn 0.2373 -0.3597 0.9024
vn 0.9341 -0.3143 0.1691
vn 0.0550 0.6452 -0.7621
vn 0.0714 0.6431 -0.7624
vn -0.2577 0.6098 -0.7495
vn -0.2800 0.6042 -0.7460
vn -0.7299 0.1510 -0.6667
vn -0.7241 0.1711 -0.6681
vn -0.6828 0.2686 -0.6794
vn -0.6788 0.2821 -0.6780
vn -0.6451 0.0550 -0.7621
vn -0.6433 0.0711 -0.7623
vn -0.6100 -0.2577 -0.7493
vn -0.6046 -0.2796 -0.7458
vn -0.1510 -0.7296 -0.6669
vn -0.1712 -0.7241 -0.6681
vn -0.2686 -0.6828 -0.6794
vn -0.2820 -0.6788 -0.6780
vn 0.6448 0.0550 -0.7623
vn 0.6098 -0.2576 -0.7496
vn 0.6430 0.0712 -0.7625
vn 0.6045 -0.2794 -0.7460
vn 0.1510 -0.7297 -0.6669
vn 0.2683 -0.6827 -0.6796
vn 0.1712 -0.7242 -0.6680
vn 0.2819 -0.6786 -0.6782
vn 0.5459 0.7332 0.4055
vn 0.5428 0.7323 0.4112
vn 0.4352 0.7131 0.5497
vn 0.4568 0.6889 0.5628
vn -0.5458 0.7336 0.4048
vn -0.4351 0.7132 0.5496
vn -0.5426 0.7328 0.4106
vn -0.4568 0.6890 0.5627
vn 0.0317 -0.9993 0.0213
vn 0.0178 -0.9996 0.0212
vn 0.0290 -0.7500 -0.6608
vn 0.0316 -0.7488 -0.6620
vn 0.1485 -0.8177 -0.5561
vn 0.1805 -0.8209 -0.5417
vn -0.0290 -0.7501 -0.6607
vn -0.1485 -0.8176 -0.5563
vn -0.0316 -0.7488 -0.6620
vn -0.1804 -0.8208 -0.5419
vn -0.0001 0.9889 0.1483
vn 0.3355 0.9295 0.1532
vn -0.0000 0.9917 0.1283
vn 0.2297 0.9620 0.1479
vn -0.0004 0.9416 0.3367
vn -0.0002 0.9632 0.2688
vn -0.0002 0.9700 0.2430
vn 0.0000 0.9834 0.1815
vn 0.6078 0.7838 -0.1273
vn 0.5940 0.8040 0.0256
vn 0.6066 0.7875 -0.1091
vn 0.5889 0.8074 0.0355
vn -0.1070 0.0777 -0.9912
vn -0.1139 0.0127 -0.9934
vn -0.1137 0.0126 -0.9934
vn -0.1123 0.0000 -0.9937
vn -0.1121 0.0000 -0.9937
vn -0.6079 0.7839 -0.1265
vn -0.6066 0.7876 -0.1084
vn -0.5939 0.8042 0.0255
vn -0.5888 0.8075 0.0353
vn 0.7062 -0.7062 0.0514
vn 0.7059 -0.7065 0.0514
vn 0.7058 -0.7066 0.0514
vn 0.7054 -0.7070 0.0515
vn 0.6969 -0.6969 -0.1691
vn 0.6963 -0.6975 -0.1692
vn 0.6966 -0.6972 -0.1691
vn 0.6961 -0.6977 -0.1692
vn 0.7062 0.7062 0.0515
vn 0.6960 0.6978 -0.1694
vn 0.6967 0.6970 -0.1695
vn 0.6962 0.6976 -0.1694
vn 0.6969 0.6969 -0.1695
vn -0.7079 -0.7044 0.0513
vn -0.7062 -0.7062 0.0515
vn -0.6979 -0.6960 -0.1691
vn -0.6976 -0.6963 -0.1691
vn -0.6972 -0.6966 -0.1692
vn -0.6969 -0.6969 -0.1692
vn -0.7044 0.7079 0.0513
vn -0.7062 0.7062 0.0515
vn -0.6969 0.6969 -0.1694
vn -0.5842 0.3036 -0.7527
vn -0.5904 0.2935 -0.7518
vn -0.4653 -0.6257 -0.6261
vn -0.4689 -0.4471 -0.7618
vn -0.4661 -0.6251 -0.6261
vn -0.4677 -0.7645 -0.4436
vn 0.0000 0.9996 0.0295
vn -0.7271 0.6865 0.0107
vn -0.0815 0.9833 -0.1629
vn 0.0067 -0.0285 0.9996
vn 0.0030 -0.0118 0.9999
vn -0.0067 -0.0285 0.9996
vn -0.0030 -0.0118 0.9999
vn -0.0006 0.9849 0.1730
vn -0.0007 0.9849 0.1730
vn -0.0001 0.9849 0.1731
vn 0.0000 0.9849 0.1731
vn -0.0001 0.9849 0.1730
vn 0.0000 0.9849 0.1730
vn -0.3352 -0.4805 -0.8104
vn -0.3353 -0.4806 -0.8103
vn -0.3353 -0.4807 -0.8102
vn -0.3354 -0.4809 -0.8101
vn 0.0778 -0.1070 -0.9912
vn 0.0777 -0.1070 -0.9912
vn 0.0608 -0.1193 -0.9910
vn 0.0138 -0.6730 0.7395
vn 0.1167 -0.6363 0.7626
vn 0.0303 -0.6692 0.7425
vn 0.1739 -0.6558 0.7347
vn -0.0607 -0.1193 -0.9910
vn -0.0608 0.1193 -0.9910
vn 0.1963 0.9309 0.3082
vn 0.5258 0.8091 0.2625
vn 0.0007 0.9849 0.1730
vn 0.0001 0.9849 0.1731
vn 0.0006 0.9849 0.1730
vn -0.8195 -0.4174 0.3927
vn 0.8194 -0.4177 0.3926
vn 0.8191 -0.4181 0.3927
vn 0.7048 0.7048 0.0800
vn 0.7048 0.7048 0.0799
vn 0.7070 0.7071 0.0121
vn 0.7070 0.7072 -0.0014
vn 0.7075 0.7066 0.0118
vn -0.7033 0.7027 0.1074
vn -0.7048 0.7049 0.0799
vn -0.7049 0.7048 0.0799
vn -0.7072 0.7069 0.0121
vn -0.7073 0.7068 0.0120
vn -0.7071 0.7071 -0.0015
vn -0.1011 0.9407 -0.3240
vn -0.0686 0.9408 -0.3319
vn -0.0046 -0.9300 0.3675
vn -0.0046 -0.9312 0.3645
vn 0.7141 -0.5187 -0.4701
vn 0.7594 -0.3621 0.5405
vn -0.8970 0.4147 -0.1528
vn -0.9565 0.2892 -0.0374
vn -0.9133 0.4058 -0.0346
vn -0.9730 0.2255 0.0481
vn -0.9812 0.1738 0.0841
vn -0.9059 0.1583 -0.3927
vn -0.9849 0.1732 -0.0036
vn -0.9853 0.1710 0.0005
vn 0.8970 0.4147 -0.1528
vn 0.9133 0.4058 -0.0346
vn 0.9565 0.2892 -0.0374
vn 0.9730 0.2258 0.0480
vn 0.9809 0.1753 0.0847
vn 0.9847 0.1740 -0.0039
vn 0.9063 0.1599 -0.3912
vn 0.9851 0.1718 0.0001
vn -0.3400 -0.4625 0.8189
vn -0.3397 -0.4628 0.8188
vn -0.3396 -0.4630 0.8188
vn -0.3394 -0.4632 0.8187
vn -0.8156 -0.4677 0.3406
vn -0.8155 -0.4678 0.3407
vn -0.8154 -0.4680 0.3408
vn -0.8153 -0.4681 0.3408
vn -0.3398 -0.4627 0.8188
vn -0.3399 -0.4626 0.8188
vn -0.3401 -0.4624 0.8189
vn 0.7481 0.6509 0.1291
vn 0.2505 0.9657 0.0679
vn 0.5263 0.8323 0.1742
vn 0.5199 0.8362 0.1746
vn -0.5291 -0.8381 -0.1329
vn -0.5314 -0.8367 -0.1325
vn -0.6485 0.7502 0.1294
vn -0.9660 0.2494 0.0678
vn -0.8317 0.5271 0.1742
vn -0.8359 0.5204 0.1747
vn 0.8368 -0.5311 -0.1327
vn 0.8369 -0.5311 -0.1327
vn 0.8369 -0.5310 -0.1327
vn -0.7499 0.6488 0.1294
vn -0.2502 0.9658 0.0679
vn -0.5271 0.8317 0.1742
vn -0.5208 0.8356 0.1746
vn 0.5296 -0.8378 -0.1329
vn 0.5314 -0.8367 -0.1326
vn 0.6482 0.7504 0.1294
vn 0.9658 0.2502 0.0678
vn 0.8302 0.5296 0.1741
vn 0.8368 0.5188 0.1748
vn -0.8378 -0.5296 -0.1326
vn -0.8375 -0.5302 -0.1325
vn -0.8376 -0.5300 -0.1325
vn -0.8373 -0.5305 -0.1324
vn 0.7212 0.0178 -0.6925
vn 0.6830 0.2080 -0.7002
vn 0.7210 0.0050 -0.6929
vn 0.6785 0.2167 -0.7019
vn 0.4377 0.5184 -0.7347
vn 0.5765 0.3888 -0.7187
vn 0.4542 0.5072 -0.7325
vn 0.5915 0.3693 -0.7168
vn -0.7215 0.0177 -0.6922
vn -0.7213 0.0048 -0.6926
vn -0.6833 0.2080 -0.6999
vn -0.6788 0.2168 -0.7016
vn -0.4378 0.5184 -0.7346
vn -0.4543 0.5071 -0.7324
vn -0.5767 0.3889 -0.7185
vn -0.5917 0.3695 -0.7165
vn -0.9871 -0.1524 0.0481
vn -0.4586 0.8887 0.0000
vn 0.4586 0.8887 0.0000
vn -0.8890 -0.4579 0.0000
vn 0.5996 0.8003 0.0000
vn -0.0083 -0.3106 0.9505
vn -0.0077 -0.4765 0.8791
vn -0.0000 -0.3111 0.9504
vn -0.0094 -0.4452 0.8954
vn -0.0000 -0.4538 0.8911
vn -0.0000 -0.9611 0.2762
vn -0.0000 -0.9601 0.2796
vn -0.0001 -0.9508 0.3098
vn -0.3941 -0.9191 0.0000
vn 0.4586 -0.8887 0.0000
vn 0.5449 -0.4203 -0.7256
vn 0.5217 -0.4458 -0.7274
vn 0.2712 -0.5967 -0.7552
vn 0.2632 -0.6038 -0.7525
vn 0.7736 -0.6334 -0.0169
vn 0.4091 -0.9124 -0.0111
vn 0.7718 -0.6357 -0.0169
vn 0.4049 -0.9143 -0.0110
vn 0.9282 -0.2527 -0.2730
vn 0.9024 -0.2936 -0.3154
vn 0.9279 -0.2531 -0.2738
vn 0.8709 -0.3312 -0.3631
vn -0.9282 -0.2527 -0.2732
vn -0.9278 -0.2531 -0.2739
vn -0.9019 -0.2953 -0.3152
vn -0.8702 -0.3331 -0.3631
vn -0.5450 -0.4201 -0.7256
vn -0.2713 -0.5968 -0.7551
vn -0.5217 -0.4458 -0.7274
vn -0.2631 -0.6039 -0.7524
vn -0.7737 -0.6333 -0.0169
vn -0.7718 -0.6357 -0.0170
vn -0.4090 -0.9124 -0.0111
vn -0.4048 -0.9144 -0.0110
vn 0.3422 0.9366 0.0756
vn 0.3011 0.9405 0.1573
vn 0.8659 0.4986 0.0403
vn 0.9099 0.4148 0.0046
vn 0.9250 -0.3461 0.1568
vn 0.9974 -0.0579 -0.0427
vn -0.5451 -0.5044 -0.6697
vn -0.4866 -0.4860 -0.7259
vn -0.9861 -0.1586 0.0500
vn 0.0000 -0.0441 -0.9990
vn -0.0029 0.0016 -1.0000
vn 0.0078 -0.3093 -0.9509
vn 0.0000 0.1348 -0.9909
vn -0.0000 0.1556 -0.9878
vn 0.0061 0.1560 -0.9877
vn 0.6786 -0.6354 -0.3685
vn 0.6341 -0.6119 -0.4726
vn -0.6789 -0.6356 -0.3677
vn -0.6334 -0.6115 -0.4741
vn 0.9855 -0.1619 0.0511
vn 0.5656 0.8129 -0.1385
vn 0.0814 0.9833 -0.1626
vn 0.0001 0.7761 -0.6307
vn -0.0004 0.9998 0.0222
vn -0.0000 0.9998 0.0223
vn -0.1312 0.9911 0.0227
vn -0.0003 0.8311 -0.5561
vn -0.0035 0.9997 0.0238
vn 0.8151 -0.4762 -0.3298
vn 0.8151 -0.4763 -0.3298
vn -0.5875 0.8088 -0.0244
vn -0.3038 0.5842 -0.7526
vn -0.2937 0.5905 -0.7517
vn 0.3038 0.5840 -0.7528
vn 0.2937 0.5903 -0.7519
vn 0.0001 -0.9997 -0.0252
vn -0.0002 -0.9997 -0.0252
vn -0.1401 -0.9373 0.3193
vn 0.0000 -0.9466 0.3225
vn 0.0063 -0.9999 0.0107
vn 0.0000 0.9219 -0.3875
vn -0.3369 0.8765 -0.3438
vn 0.0009 0.9224 -0.3862
vn 0.0063 -0.9999 0.0108
vn 0.8581 0.0146 0.5133
vn -0.0379 -0.0710 0.9968
vn -0.0378 -0.0710 0.9968
vn -0.0378 -0.0711 0.9968
vn -0.4706 -0.8392 -0.2726
vn -0.4661 -0.8738 -0.1384
vn -0.4657 -0.8740 -0.1385
vn -0.0480 -0.8428 -0.5361
vn -0.1886 -0.8879 -0.4196
vn 0.0714 -0.8385 -0.5402
vn -0.2258 -0.7961 -0.5615
vn -0.1175 -0.7948 -0.5955
vn -0.3807 -0.7487 -0.5426
vn 0.0917 -0.8401 -0.5346
vn 0.4538 -0.7313 -0.5092
vn 0.1175 -0.7948 -0.5953
vn -0.1093 -0.8303 -0.5465
vn -0.9844 -0.1679 0.0530
vn -0.7756 -0.6313 0.0000
vn -0.6688 -0.7434 0.0000
vn 0.7716 0.6361 0.0000
vn 0.6611 0.7503 -0.0000
vn -0.7755 -0.6314 0.0000
vn 0.7718 0.6358 -0.0000
vn 0.6609 0.7505 -0.0000
vn 0.7754 -0.6314 0.0000
vn 0.7755 -0.6314 0.0000
vn 0.6683 -0.7439 0.0000
vn -0.7718 0.6358 -0.0000
vn -0.6609 0.7505 -0.0000
vn 0.6688 -0.7434 0.0000
vn -0.7717 0.6360 -0.0000
vn -0.6612 0.7502 0.0000
vn -0.0004 0.0008 1.0000
vn -0.0047 0.0047 1.0000
vn -0.0058 0.0058 1.0000
vn -0.9406 -0.1012 -0.3241
vn -0.9408 -0.0693 -0.3319
vn -0.5550 -0.0000 -0.8318
vn -0.5382 0.0585 -0.8408
vn -0.5356 -0.0000 -0.8445
vn -0.5202 0.0826 -0.8501
vn -0.9701 -0.2257 0.0886
vn -0.9830 -0.1750 0.0552
vn 0.9701 -0.2257 0.0886
vn 0.9830 -0.1750 0.0552
vn -0.2698 0.9513 0.1492
vn -0.4616 0.3079 -0.8320
vn 0.1687 0.0618 -0.9837
vn -0.2101 0.0100 -0.9776
vn 0.2601 0.1154 -0.9587
vn 0.0287 0.0011 -0.9996
vn -0.4592 -0.8883 0.0000
vn 0.8885 0.4589 0.0000
vn 0.0120 -0.9368 -0.3498
vn 0.0142 -0.9367 -0.3498
vn -0.1731 -0.9253 -0.3375
vn -0.7070 0.7053 0.0515
vn -0.7068 0.7055 0.0515
vn -0.7065 0.7058 0.0515
vn -0.7062 0.7062 0.0516
vn -0.6969 0.6969 -0.1692
vn 0.6969 0.6969 -0.1692
vn -0.7053 -0.7070 0.0514
vn -0.7066 -0.7058 0.0515
vn -0.6960 -0.6978 -0.1694
vn -0.6973 -0.6965 -0.1692
vn 0.7062 -0.7062 0.0515
vn 0.6969 -0.6969 -0.1694
vn 0.1568 -0.9875 -0.0165
vn -0.5958 0.7782 0.1984
vn -0.5772 0.7833 0.2308
vn -0.5427 0.8164 0.1974
vn -0.5738 0.7854 0.2322
vn 0.5947 0.7789 0.1989
vn 0.5412 0.8207 0.1833
vn 0.5766 0.7835 0.2314
vn 0.5733 0.7856 0.2326
vn -0.1034 -0.9289 0.3556
vn -0.0660 -0.9293 0.3633
vn 0.1193 0.0608 -0.9910
vn 0.1070 0.0778 -0.9912
vn 0.0608 0.1194 -0.9910
vn 0.1194 -0.0608 -0.9910
vn 0.1070 -0.0777 -0.9912
vn -0.7756 0.3728 -0.5093
vn -0.8137 0.1939 -0.5480
vn -0.7858 0.3414 -0.5157
vn -0.8150 0.1637 -0.5559
vn -0.1941 0.8136 -0.5481
vn -0.1639 0.8149 -0.5560
vn -0.5419 0.5419 -0.6424
vn -0.5439 0.5439 -0.6390
vn 0.7756 0.3728 -0.5094
vn 0.7858 0.3415 -0.5157
vn 0.8137 0.1942 -0.5479
vn 0.8150 0.1638 -0.5558
vn 0.1942 0.8137 -0.5479
vn 0.5419 0.5419 -0.6424
vn 0.1638 0.8150 -0.5558
vn 0.5439 0.5439 -0.6390
vn -0.0043 -0.0024 1.0000
vn -0.0091 -0.0049 0.9999
vn -0.0095 -0.0046 0.9999
vn -0.0045 -0.0021 1.0000
vn 0.7525 -0.6365 -0.1691
vn 0.7535 -0.6353 -0.1693
vn 0.6200 0.7343 0.2766
vn 0.6200 0.7342 0.2767
vn 0.6200 0.7342 0.2768
vn 0.6200 0.7341 0.2769
vn -0.7536 -0.6351 -0.1694
vn -0.7534 -0.6353 -0.1694
vn -0.6199 0.7346 0.2758
vn -0.6201 0.7336 0.2782
vn -0.3301 -0.8844 -0.3299
vn 0.0000 -1.0000 0.0019
vn 0.3303 -0.8843 -0.3299
vn 0.0004 0.0008 1.0000
vn 0.0047 0.0047 1.0000
vn 0.0058 0.0058 1.0000
vn -0.0046 -0.8082 -0.5889
vn -0.0469 -0.8101 -0.5844
vn -0.0583 -0.8133 -0.5790
vn -0.1514 -0.8342 -0.5303
vn 0.0583 -0.8133 -0.5790
vn 0.8100 0.5643 0.1598
vn 0.8099 0.5647 0.1587
vn 0.8127 0.5669 0.1345
vn 0.8127 0.5669 0.1346
vn -0.8100 0.5643 0.1598
vn -0.8127 0.5669 0.1345
vn -0.8099 0.5647 0.1588
vn -0.8126 0.5671 0.1346
vn 0.7502 -0.0181 -0.6610
vn 0.7500 -0.0041 -0.6615
vn -0.7508 -0.0178 -0.6602
vn -0.7504 -0.0038 -0.6610
vn -0.7548 0.6338 -0.1692
vn -0.7530 0.6358 -0.1694
vn 0.7525 0.6365 -0.1693
vn 0.7525 0.6364 -0.1693
vn 0.8062 -0.0421 -0.5902
vn 0.9219 -0.2397 0.3045
vn 0.8094 -0.5253 0.2626
vn 0.1142 -0.0127 -0.9934
vn 0.1140 -0.0126 -0.9934
vn 0.1126 0.0000 -0.9936
vn 0.1123 0.0000 -0.9937
vn 0.2402 -0.9217 0.3046
vn 0.5247 -0.8097 0.2628
vn 0.8639 0.3774 -0.3335
vn 0.0194 0.9487 -0.3157
vn 0.0186 -0.8367 0.5474
vn 0.1614 -0.8548 0.4931
vn 0.0267 -0.8376 0.5457
vn 0.1945 -0.8551 0.4805
vn 0.3930 0.9195 -0.0000
vn -0.1194 0.0609 -0.9910
vn -0.1142 -0.0127 -0.9934
vn -0.1129 -0.0000 -0.9936
vn -0.1140 -0.0126 -0.9934
vn -0.1126 -0.0000 -0.9936
vn -0.1195 -0.0609 -0.9910
vn -0.5368 0.7024 0.4673
vn -0.3100 0.8001 0.5135
vn -0.5177 0.7146 0.4705
vn -0.2543 0.8174 0.5169
vn 0.5367 0.7022 0.4678
vn 0.5186 0.7177 0.4647
vn 0.3391 0.8249 0.4522
vn 0.1156 0.8579 0.5006
vn -0.8135 -0.4759 -0.3343
vn -0.8134 -0.4763 -0.3340
vn -0.8133 -0.4767 -0.3335
vn 0.8133 -0.4689 0.3445
vn 0.8134 -0.4686 0.3447
vn 0.8133 -0.4687 0.3447
vn 0.8134 -0.4682 0.3451
vn 0.8133 -0.4688 0.3445
vn 0.8134 -0.4685 0.3447
vn 0.8134 -0.4688 0.3445
vn 0.8135 -0.4681 0.3451
vn -0.3403 -0.4624 0.8188
vn -0.3393 -0.4636 0.8185
vn 0.7097 0.6107 0.3513
vn 0.8315 0.4273 0.3550
vn -0.0064 -0.9687 0.2481
vn -0.0000 -0.9693 0.2460
vn -0.0018 -0.9689 0.2476
vn 0.0033 -0.9700 0.2433
vn 0.0012 -0.9651 0.2617
vn -0.0116 -0.9767 0.2145
vn 0.1153 0.9669 0.2277
vn 0.0983 0.9571 0.2726
vn 0.5440 -0.8088 -0.2232
vn 0.0000 0.5554 -0.8316
vn 0.0000 0.5357 -0.8444
vn -0.0583 0.5384 -0.8407
vn -0.0826 0.5201 -0.8501
vn 0.1192 0.0608 -0.9910
vn 0.1139 0.0127 -0.9934
vn 0.1136 0.0126 -0.9934
vn 0.1121 -0.0000 -0.9937
vn 0.0038 -0.0098 -0.9999
vn 0.0823 -0.5202 -0.8501
vn 0.0581 -0.5382 -0.8408
vn 0.0000 -0.5356 -0.8445
vn 0.0000 -0.5550 -0.8318
vn -0.0195 -0.9486 -0.3157
vn -0.8644 -0.3766 -0.3332
vn 0.5207 0.0820 -0.8498
vn 0.5385 0.0583 -0.8406
vn 0.5359 0.0001 -0.8443
vn 0.5550 0.0000 -0.8318
vn 0.9487 -0.0179 -0.3158
vn 0.3779 -0.8638 -0.3334
vn -0.9052 -0.4249 0.0000
vn 0.9136 0.4065 0.0000
vn 0.9053 -0.4248 0.0000
vn -0.9136 0.4065 -0.0000
vn 0.9052 -0.4251 0.0000
vn -0.9052 -0.4251 0.0000
vn 0.0857 -0.1843 -0.9791
vn -0.6212 -0.6354 0.4587
vn -0.6217 -0.6349 0.4587
vn -0.6215 -0.6351 0.4587
vn -0.6219 -0.6347 0.4586
vn -0.6150 -0.6448 0.4539
vn -0.6086 -0.6512 0.4533
vn 0.6206 -0.6360 0.4587
vn 0.6209 -0.6357 0.4587
vn 0.6209 -0.6356 0.4587
vn 0.6212 -0.6354 0.4587
vn 0.6155 -0.6443 0.4540
vn 0.6081 -0.6517 0.4534
vn -0.2394 0.9219 0.3045
vn -0.5258 0.8091 0.2625
vn 0.0127 0.1142 -0.9934
vn 0.0126 0.1139 -0.9934
vn 0.0000 0.1126 -0.9936
vn 0.0000 0.1124 -0.9937
vn 0.0345 -0.0890 0.9954
vn -0.3059 0.9179 0.2526
vn -0.1901 0.5284 0.8274
vn -0.2918 0.9349 0.2020
vn -0.0345 -0.0890 0.9954
vn 0.1901 0.5284 0.8274
vn 0.3058 0.9180 0.2526
vn 0.2916 0.9349 0.2020
vn 0.5606 0.7721 0.2993
vn -0.0009 0.9188 0.3947
vn -0.0001 0.7774 0.6290
vn 0.5849 0.7441 0.3229
vn -0.0003 0.8070 0.5905
vn 0.5562 0.7927 0.2495
vn -0.0379 -0.0710 -0.9968
vn -0.0378 -0.0710 -0.9968
vn 0.0378 -0.0710 -0.9968
vn 0.0379 -0.0710 -0.9968
vn 0.5114 0.8445 0.1590
vn 0.1142 0.0127 -0.9934
vn 0.1140 0.0126 -0.9934
vn 0.2399 -0.9218 0.3046
vn 0.5252 -0.8094 0.2627
vn 0.0194 0.9486 -0.3157
vn -0.9987 0.0333 -0.0384
vn -0.9949 0.0928 0.0384
vn -0.5118 0.8443 0.1590
vn 0.4701 -0.5194 -0.7136
vn 0.4702 -0.5188 -0.7140
vn 0.0194 -0.9487 -0.3157
vn 0.8639 -0.3774 -0.3335
vn 0.7249 0.6889 0.0004
vn 0.8251 0.5638 -0.0370
vn 0.7771 0.6163 -0.1279
vn 0.8189 0.5566 -0.1402
vn -0.7247 0.6890 0.0008
vn -0.7770 0.6165 -0.1271
vn -0.8250 0.5639 -0.0369
vn -0.8189 0.5566 -0.1402
vn -0.6968 0.6968 0.1699
vn -0.6998 0.6987 0.1487
vn -0.6981 0.6980 0.1596
vn -0.7004 0.7018 0.1301
vn -0.3963 0.3971 0.8278
vn -0.3943 0.3937 0.8304
vn -0.6305 0.1258 0.7660
vn -0.6299 0.1525 0.7616
vn -0.4239 -0.5508 -0.7190
vn -0.4482 -0.5337 -0.7171
vn 0.4239 -0.5508 -0.7190
vn 0.4483 -0.5336 -0.7171
vn 0.0245 0.9467 -0.3213
vn 0.8142 0.4529 -0.3634
vn -0.0245 0.9467 -0.3213
vn -0.8966 0.2929 -0.3322
vn -0.0000 -0.9864 0.1644
vn 0.0020 -0.9867 0.1623
vn 0.0000 -0.9666 0.2562
vn 0.0053 -0.9643 0.2647
vn -0.0094 -0.8813 0.4725
vn -0.0090 -0.8913 0.4533
vn -0.0078 -0.8911 0.4537
vn -0.0076 -0.8911 0.4537
vn -0.3955 -0.7907 -0.4672
vn -0.3614 -0.8019 -0.4757
vn -0.5202 0.0827 -0.8500
vn -0.5357 0.0001 -0.8444
vn -0.5384 0.0584 -0.8407
vn -0.5554 0.0000 -0.8316
vn 0.7886 -0.4017 -0.4656
vn 0.7886 -0.4016 -0.4656
vn -0.1192 0.0607 -0.9910
vn -0.0138 -0.6730 0.7395
vn -0.0303 -0.6692 0.7425
vn -0.1166 -0.6367 0.7623
vn -0.1742 -0.6565 0.7339
vn 0.2497 -0.6102 0.7519
vn 0.1775 -0.6527 0.7366
vn -0.0001 0.9971 -0.0767
vn -0.0003 0.9994 -0.0341
vn -0.0002 0.9997 -0.0247
vn -0.9373 -0.2585 -0.2336
vn -0.9425 -0.2803 -0.1820
vn -0.9389 -0.2601 -0.2255
vn -0.9353 -0.3212 -0.1486
vn 0.9371 -0.2594 -0.2336
vn 0.9386 -0.2610 -0.2254
vn 0.9425 -0.2804 -0.1820
vn 0.9353 -0.3211 -0.1486
vn -0.8126 0.2055 -0.5453
vn -0.8116 0.2140 -0.5437
vn -0.8120 0.2054 -0.5463
vn -0.8154 0.2200 -0.5354
vn 0.9533 0.3022 0.0000
vn 0.7779 -0.6283 -0.0000
vn -0.7653 0.6437 0.0000
vn -0.9530 0.3030 0.0000
vn -0.7779 -0.6283 -0.0000
vn 0.7653 0.6437 0.0000
vn -0.0011 -0.1084 0.9941
vn 0.1444 -0.3891 0.9098
vn 0.0378 -0.0711 0.9968
vn 0.0378 -0.0710 0.9968
vn 0.9530 0.3030 0.0000
vn -0.9533 0.3022 0.0000
vn -0.7782 -0.6281 -0.0000
vn 0.7650 0.6440 0.0000
vn -0.1064 -0.6874 0.7184
vn -0.0510 -0.3349 0.9409
vn -0.0049 -0.9998 0.0211
vn -0.9732 -0.2301 0.0000
vn -0.2568 0.6498 0.7154
vn 0.1842 0.9621 0.2013
vn 0.2567 0.6497 0.7156
vn -0.1843 0.9620 0.2013
vn -0.7638 -0.4797 0.4319
vn 0.7637 -0.4798 0.4320
vn 0.4655 -0.6254 -0.6263
vn 0.4647 -0.6259 -0.6263
vn -0.0110 -0.5927 -0.8053
vn 0.0000 0.9466 0.3225
vn 0.0063 1.0000 -0.0056
vn 0.1406 0.9372 0.3193
vn -0.9485 -0.0214 -0.3161
vn -0.3772 -0.8641 -0.3331
vn -0.5202 -0.0826 -0.8500
vn -0.5382 -0.0586 -0.8408
vn 0.8138 0.2055 -0.5435
vn 0.8128 0.2057 -0.5450
vn 0.8114 0.2144 -0.5438
vn 0.8149 0.2204 -0.5361
vn 0.2397 0.9219 0.3045
vn 0.5253 0.8094 0.2626
vn 0.0194 -0.9486 -0.3157
vn -0.2906 -0.9553 0.0543
vn -0.3097 -0.9371 0.1612
vn -0.5310 -0.8456 0.0550
vn 0.2584 -0.9631 0.0752
vn 0.0858 -0.9963 0.0104
vn -0.0779 -0.9824 0.1698
vn 0.5314 -0.8453 0.0552
vn -0.2583 -0.9631 0.0751
vn 0.2065 0.9650 0.1616
vn 0.3974 0.3973 0.8272
vn 0.3946 0.3946 0.8298
vn 0.1261 0.6316 0.7650
vn 0.1526 0.6309 0.7607
vn 0.7074 -0.7068 0.0001
vn 0.7068 -0.7074 -0.0003
vn 0.7071 -0.7071 -0.0000
vn 0.7057 -0.7085 -0.0005
vn 0.7057 -0.7085 -0.0004
vn -0.7071 -0.7071 0.0000
vn -0.7070 -0.7073 0.0002
vn -0.7070 -0.7072 0.0001
vn -0.7031 -0.7111 0.0005
vn 0.7070 -0.7072 0.0001
vn 0.7070 -0.7073 0.0002
vn 0.7053 -0.7089 0.0003
vn -0.7068 -0.7074 -0.0003
vn -0.7079 -0.7063 -0.0003
vn 0.3396 -0.4813 -0.8081
vn 0.3396 -0.4814 -0.8081
vn 0.3396 -0.4814 -0.8080
vn 0.3395 -0.4815 -0.8080
vn 0.0616 -0.4563 -0.8877
vn 0.0045 -0.7896 0.6136
vn 0.0000 -0.7684 0.6400
vn 0.0023 -0.7692 0.6390
vn 0.0023 -0.7690 0.6393
vn 0.0028 -0.7693 0.6389
vn 0.0019 -0.7689 0.6394
vn 0.5202 0.0827 -0.8500
vn 0.5384 0.0584 -0.8407
vn 0.5357 0.0001 -0.8444
vn 0.9488 0.0160 -0.3154
vn 0.3766 0.8644 -0.3331
vn 0.1064 -0.6874 0.7184
vn 0.9987 0.0335 -0.0387
vn 0.9949 0.0935 0.0387
vn -0.5202 0.0823 -0.8501
vn -0.5356 0.0001 -0.8445
vn -0.5382 0.0582 -0.8408
vn -0.9486 0.0195 -0.3157
vn 0.3259 -0.5365 0.7785
vn 0.3016 -0.6439 0.7032
vn 0.2749 -0.4124 0.8685
vn 0.2857 -0.4230 0.8599
vn -0.3818 -0.6275 0.6785
vn -0.3018 -0.6449 0.7022
vn -0.2744 -0.4121 0.8689
vn -0.2853 -0.4227 0.8602
vn -0.5257 -0.8091 0.2626
vn -0.2395 -0.9218 0.3046
vn -0.6161 -0.4570 0.6415
vn -0.2938 -0.7407 0.6042
vn -0.6158 -0.4571 0.6418
vn -0.2369 -0.7692 0.5935
vn -0.1945 -0.8552 0.4805
vn -0.1614 -0.8548 0.4931
vn -0.0268 -0.8376 0.5456
vn -0.0186 -0.8367 0.5474
vn 0.6158 -0.4566 0.6421
vn 0.6156 -0.4570 0.6420
vn 0.2938 -0.7411 0.6038
vn 0.2373 -0.7693 0.5932
vn -0.6975 0.6896 0.1949
vn -0.6981 0.6883 0.1971
vn -0.8067 0.5519 0.2116
vn -0.8067 0.5508 0.2143
vn -0.9722 0.1938 0.1315
vn -0.9619 0.2387 0.1330
vn -0.8887 0.4043 0.2163
vn -0.8835 0.4086 0.2290
vn 0.6974 0.6897 0.1949
vn 0.8071 0.5519 0.2098
vn 0.6980 0.6885 0.1970
vn 0.8070 0.5510 0.2126
vn 0.9722 0.1937 0.1319
vn 0.8887 0.4042 0.2164
vn 0.9620 0.2383 0.1332
vn 0.8836 0.4085 0.2288
vn 0.2401 0.9218 0.3045
vn 0.5248 0.8097 0.2627
vn -0.0015 0.9845 -0.1754
vn 0.5587 0.8165 -0.1455
vn -0.0014 0.9845 -0.1752
vn -0.0012 0.9846 -0.1750
vn -0.0014 -0.0013 -1.0000
vn -0.0014 0.0001 -1.0000
vn 0.6435 0.7655 -0.0004
vn 0.6440 0.7650 -0.0003
vn 0.6440 0.7650 -0.0005
vn 0.6439 0.7651 -0.0001
vn 0.6446 0.7646 0.0002
vn 0.6444 0.7647 0.0004
vn 0.6447 0.7644 0.0001
vn 0.6426 0.7662 0.0006
vn -0.6436 0.7653 -0.0002
vn -0.6439 0.7651 -0.0002
vn -0.6440 0.7650 -0.0002
vn -0.6448 0.7643 -0.0000
vn -0.6448 0.7644 0.0000
vn -0.6447 0.7645 0.0001
vn -0.6419 0.7668 0.0004
vn -0.4194 0.7500 -0.5115
vn -0.1494 0.7659 -0.6254
vn -0.4096 0.6997 -0.5854
vn -0.5865 0.6414 -0.4946
vn 0.5273 0.6890 -0.4972
vn 0.4196 0.7499 -0.5115
vn 0.5132 0.6979 -0.4997
vn 0.1026 0.7823 -0.6145
vn 0.4228 0.7698 -0.4782
vn 0.3320 0.7738 -0.5394
vn 0.9215 0.2414 0.3043
vn 0.8000 0.5716 0.1827
vn -0.8003 0.5710 0.1828
vn -0.9219 -0.2397 0.3045
vn -0.8094 -0.5253 0.2626
vn 0.5567 -0.5962 0.5785
vn 0.5696 -0.5868 0.5755
vn 0.5762 -0.6999 0.4221
vn 0.6220 -0.6305 0.4642
vn -0.9218 0.2401 0.3045
vn -0.8091 0.5258 0.2625
vn 0.0564 0.9984 -0.0000
vn -0.0495 -0.9988 0.0000
vn -0.0564 0.9984 -0.0000
vn 0.0495 -0.9988 0.0000
vn 0.5399 0.8314 0.1317
vn 0.5424 0.8336 0.1046
vn 0.5387 0.8317 0.1344
vn -0.5401 0.8312 0.1317
vn -0.5389 0.8316 0.1344
vn -0.5421 0.8338 0.1045
vn 0.1828 -0.9831 -0.0042
vn 0.5989 -0.8008 -0.0060
vn 0.7190 -0.6949 -0.0141
vn 0.6484 -0.5837 0.4888
vn 0.6655 -0.6292 0.4016
vn 0.6495 -0.5852 0.4854
vn 0.6676 -0.6279 0.4000
vn -0.7240 -0.6898 -0.0079
vn -0.0589 -0.9982 -0.0051
vn -0.6027 -0.7979 -0.0082
vn -0.6483 -0.5838 0.4889
vn -0.6494 -0.5853 0.4855
vn -0.6652 -0.6290 0.4023
vn -0.6673 -0.6277 0.4009
vn -0.3847 0.1186 0.9154
vn -0.3058 0.0728 0.9493
vn -0.3902 0.1252 0.9122
vn -0.3138 0.0330 0.9489
vn -0.3267 0.0402 0.9443
vn -0.3126 0.0343 0.9493
vn -0.2641 -0.9382 0.2239
vn 0.5202 0.0826 -0.8501
vn 0.5384 0.0583 -0.8407
vn 0.9407 0.1011 -0.3239
vn 0.9408 0.0685 -0.3319
vn 0.2928 -0.6475 -0.7036
vn 0.3071 -0.6409 -0.7035
vn 0.6316 0.1262 0.7649
vn 0.6311 0.1529 0.7605
vn -0.1260 0.6318 0.7648
vn -0.1527 0.6312 0.7604
vn 0.4200 -0.4506 -0.7878
vn 0.3897 -0.5784 -0.7166
vn 0.9265 0.1066 -0.3608
vn -0.6030 0.7956 -0.0585
vn -0.6152 0.7884 0.0024
vn -0.6748 0.7376 -0.0256
vn -0.7965 -0.6018 -0.0584
vn -0.7898 -0.6134 0.0029
vn -0.7387 -0.6736 -0.0254
vn -0.9261 0.1042 -0.3627
vn -0.3897 -0.5784 -0.7166
vn -0.4208 -0.4461 -0.7899
vn 0.7956 -0.6030 -0.0587
vn 0.7886 -0.6149 0.0022
vn 0.7387 -0.6736 -0.0254
vn 0.6030 0.7956 -0.0586
vn 0.6145 0.7889 0.0026
vn 0.6742 0.7381 -0.0255
vn 0.0007 -0.9160 0.4011
vn 0.0053 -0.9132 0.4076
vn -0.0043 -0.9138 0.4061
vn 0.7881 -0.4027 -0.4655
vn 0.7884 -0.4020 -0.4657
vn 0.7886 0.4013 -0.4659
vn 0.7885 0.4016 -0.4658
vn -0.4292 -0.5637 -0.7057
vn -0.4600 -0.5327 -0.7104
vn 0.5636 0.4295 -0.7056
vn 0.5326 0.4602 -0.7103
vn 0.4294 -0.5636 -0.7057
vn 0.4602 -0.5326 -0.7103
vn -0.5638 0.4294 -0.7056
vn -0.5328 0.4601 -0.7102
vn -0.3665 0.9272 -0.0774
vn -0.3700 -0.9258 -0.0779
vn 0.3670 0.9270 -0.0775
vn 0.3700 -0.9258 -0.0779
vn 0.9732 -0.2301 0.0000
vn 0.0583 0.5384 -0.8407
vn 0.0826 0.5202 -0.8500
vn -0.5606 0.7720 0.2996
vn -0.5854 0.7438 0.3227
vn -0.7885 -0.4019 -0.4655
vn 0.0841 -0.0000 -0.9965
vn -0.3421 0.9366 0.0756
vn -0.3010 0.9405 0.1573
vn -0.3492 0.5205 0.7792
vn -0.4738 0.4678 0.7461
vn -0.3573 0.5299 0.7691
vn -0.4988 0.4701 0.7281
vn -0.5120 0.3614 0.7792
vn -0.5162 0.3641 0.7752
vn -0.4662 0.4727 0.7479
vn -0.4688 0.4974 0.7299
vn 0.9327 -0.3335 -0.1372
vn 0.9327 -0.3336 -0.1372
vn -0.9327 -0.3337 -0.1372
vn -0.9326 -0.3337 -0.1372
vn -0.9218 -0.2399 0.3046
vn -0.8094 -0.5252 0.2627
vn -0.2921 -0.6478 -0.7036
vn -0.3071 -0.6409 -0.7035
vn -0.4655 -0.8741 -0.1387
vn -0.0000 -0.9867 -0.1626
vn 0.0108 -0.9529 -0.3031
vn -0.0077 -0.9876 -0.1567
vn -0.5992 -0.8006 0.0000
vn 0.9487 0.0180 -0.3158
vn 0.3772 0.8641 -0.3333
vn -0.9929 -0.1187 0.0000
vn 0.8408 0.5413 0.0000
vn 0.5401 -0.8416 0.0000
vn 0.0456 -0.9990 0.0000
vn 0.8226 0.2123 0.5276
vn 0.8233 0.2130 0.5261
vn 0.8230 0.2124 0.5268
vn 0.8238 0.2127 0.5254
vn 0.7976 -0.0535 0.6009
vn 0.8089 0.0116 0.5879
vn 0.0841 -0.0000 0.9965
vn -0.0155 -0.1562 0.9876
vn -0.0000 -0.1573 0.9876
vn 0.4660 -0.1382 0.8739
vn -0.9671 -0.0760 0.2427
vn -0.9381 -0.1335 0.3196
vn 0.2195 -0.6793 0.7003
vn 0.3709 -0.5393 0.7560
vn 0.2276 -0.6704 0.7062
vn 0.3682 -0.5343 0.7609
vn 0.0223 -0.9168 0.3988
vn -0.2194 -0.6799 0.6997
vn -0.2280 -0.6709 0.7056
vn -0.3707 -0.5387 0.7565
vn -0.3679 -0.5337 0.7614
vn -0.0222 -0.9165 0.3994
vn -0.3819 -0.6275 0.6785
vn -0.3708 -0.7795 -0.5049
vn -0.3455 -0.7882 -0.5092
vn 0.0175 -0.0064 -0.9998
vn -0.0029 -0.0176 -0.9998
vn -0.0175 -0.0064 -0.9998
vn 0.0029 -0.0176 -0.9998
vn -0.3477 0.9371 0.0321
vn -0.3495 0.9364 0.0314
vn -0.3457 0.9378 0.0330
vn -0.6241 0.7813 -0.0130
vn -0.4828 0.8754 -0.0218
vn -0.5016 0.8648 -0.0212
vn -0.6478 0.2928 -0.7033
vn -0.6414 0.3068 -0.7032
vn 0.9218 0.2401 0.3045
vn 0.1052 -0.8591 0.5008
vn -0.0000 -0.9086 0.4176
vn -0.0822 -0.5201 -0.8501
vn -0.0581 -0.5382 -0.8408
vn -0.8648 -0.3758 -0.3328
vn -0.0826 0.5202 -0.8500
vn -0.8644 0.3766 -0.3332
vn 0.0029 0.0016 -1.0000
vn -0.4704 0.0002 -0.8825
vn 0.5020 0.8646 -0.0215
vn 0.6250 0.7805 -0.0133
vn -0.2955 -0.9551 0.0237
vn -0.2478 -0.9671 0.0583
vn 0.9250 -0.3461 0.1567
vn -0.2395 -0.9219 0.3046
vn 0.0077 -0.5258 -0.8506
vn -0.0450 -0.5216 -0.8520
vn 0.9676 -0.0732 0.2416
vn 0.9387 -0.1310 0.3189
vn 0.4697 0.4981 0.7289
vn 0.5170 0.3645 0.7745
vn 0.4671 0.4737 0.7466
vn 0.5126 0.3618 0.7786
vn 0.2955 -0.9550 0.0237
vn -0.9248 -0.3466 0.1568
vn -0.7063 -0.7079 -0.0027
vn -0.7064 -0.7078 0.0002
vn -0.7064 -0.7079 0.0003
vn -0.7092 -0.7051 0.0005
vn 0.7027 -0.7115 -0.0004
vn 0.7075 -0.7067 0.0001
vn 0.7079 -0.7063 -0.0009
vn 0.7079 -0.7063 0.0003
vn 0.7068 -0.7074 0.0003
vn -0.7077 -0.7065 0.0002
vn -0.7077 -0.7065 0.0001
vn -0.7077 -0.7065 0.0007
vn -0.7083 -0.7059 -0.0013
vn -0.7079 -0.7063 0.0003
vn -0.7068 -0.7074 0.0003
vn 0.3064 0.0716 0.9492
vn 0.3008 0.0319 0.9532
vn 0.3273 0.0389 0.9441
vn 0.4516 0.1582 0.8781
vn -0.4674 0.8757 0.1212
vn -0.3806 0.9165 0.1232
vn 0.4674 0.8757 0.1212
vn 0.3805 0.9165 0.1232
vn -0.3909 -0.1222 -0.9123
vn -0.3407 -0.0316 -0.9397
vn -0.3930 -0.1250 -0.9110
vn -0.3400 -0.0449 -0.9394
vn -0.0000 0.9986 0.0535
vn -0.0001 0.9972 0.0750
vn -0.0001 0.9970 0.0769
vn -0.5440 -0.8089 -0.2231
vn -0.7084 -0.7058 0.0023
vn 0.7098 -0.7044 0.0018
vn 0.7064 -0.7078 -0.0016
vn -0.7058 -0.7084 0.0005
vn -0.7061 -0.7081 0.0001
vn -0.7059 -0.7083 0.0003
vn -0.7064 -0.7078 -0.0002
vn 0.9875 0.1557 -0.0227
vn 0.9965 0.0261 -0.0788
vn 0.9898 0.1297 -0.0588
vn 0.9864 0.0607 -0.1524
vn 0.7058 -0.7084 -0.0005
vn 0.7058 -0.7085 -0.0005
vn -0.9874 0.1568 -0.0224
vn -0.9897 0.1308 -0.0586
vn -0.9919 0.0396 -0.1204
vn -0.9883 -0.0000 -0.1527
vn 0.9876 -0.1558 -0.0214
vn 0.9899 -0.1298 -0.0575
vn 0.9950 -0.0001 -0.0999
vn 0.9885 -0.0000 -0.1515
vn -0.9875 -0.1564 -0.0219
vn -0.9950 -0.0001 -0.1001
vn -0.9898 -0.1305 -0.0579
vn -0.9885 -0.0000 -0.1515
vn 0.2391 0.9617 0.1341
vn 0.4241 0.8919 0.1570
vn 0.3545 0.9176 0.1798
vn -0.9617 -0.2391 0.1343
vn -0.8914 -0.4252 0.1567
vn -0.9177 -0.3541 0.1799
vn 0.9617 -0.2391 0.1341
vn 0.8919 -0.4241 0.1570
vn 0.9174 -0.3551 0.1796
vn -0.2394 0.9616 0.1341
vn -0.4252 0.8915 0.1567
vn -0.3541 0.9177 0.1799
vn -0.1558 0.9876 -0.0214
vn -0.0000 0.9950 -0.0999
vn -0.1298 0.9899 -0.0575
vn -0.0000 0.9885 -0.1515
vn 0.1557 0.9876 -0.0217
vn 0.1297 0.9899 -0.0577
vn 0.6899 0.5436 0.4781
vn 0.6760 0.6318 0.3792
vn 0.6853 0.6263 0.3716
vn 0.1601 0.7275 0.6672
vn 0.7309 0.6356 0.2484
vn -0.2642 -0.9382 0.2238
vn -0.6771 0.6313 0.3783
vn -0.6026 0.6271 0.4935
vn -0.6864 0.6258 0.3705
vn -0.1601 0.7277 0.6670
vn -0.7311 0.6354 0.2485
vn 0.2928 -0.6478 -0.7033
vn 0.3075 -0.6411 -0.7032
vn -0.3274 -0.9212 0.2101
vn -0.0129 -0.9846 0.1743
vn 0.3475 0.9371 0.0322
vn 0.3449 0.9380 0.0333
vn 0.3491 0.9366 0.0312
vn 0.4843 0.8746 -0.0224
vn -0.8282 0.1713 0.5336
vn -0.8277 0.1862 0.5294
vn -0.8248 0.2124 0.5241
vn -0.8240 0.2126 0.5252
vn -0.7030 0.5373 0.4660
vn -0.7150 0.5184 0.4691
vn -0.8007 0.3103 0.5125
vn -0.8102 0.2672 0.5217
vn 0.7647 0.4657 0.4454
vn 0.7556 0.4695 0.4567
vn 0.6462 0.5547 0.5241
vn 0.6022 0.6039 0.5222
vn -0.7639 0.4672 0.4452
vn -0.6461 0.5549 0.5241
vn -0.7490 0.4717 0.4653
vn -0.6021 0.6040 0.5222
vn 0.0000 -0.9920 -0.1265
vn 0.0002 -0.9919 -0.1267
vn 0.0004 -0.9918 -0.1281
vn 0.0012 -0.9918 -0.1280
vn 0.0001 -0.9918 -0.1277
vn -0.3832 0.9235 0.0163
vn 0.3833 0.9235 0.0162
vn 0.6466 -0.2918 -0.7048
vn 0.6401 -0.3063 -0.7046
vn -0.0608 -0.1193 -0.9910
vn -0.8225 0.2123 0.5277
vn -0.8233 0.2121 0.5265
vn -0.7967 -0.0531 0.6021
vn -0.8079 0.0119 0.5893
vn 0.6472 0.2927 -0.7039
vn 0.6408 0.3067 -0.7038
vn -0.0608 0.1194 -0.9910
vn 0.4978 0.4691 0.7295
vn 0.4731 0.4666 0.7473
vn 0.3574 0.5303 0.7688
vn 0.3493 0.5211 0.7788
vn 0.9875 0.1558 -0.0216
vn 0.9950 0.0001 -0.0999
vn 0.9899 0.1298 -0.0577
vn -0.9873 0.1569 -0.0226
vn -0.9896 0.1312 -0.0584
vn -0.9950 0.0001 -0.1003
vn -0.1083 0.3527 0.9294
vn -0.5548 0.5467 0.6272
vn -0.5507 0.5459 0.6314
vn -0.4383 0.5635 0.7003
vn -0.4345 0.5603 0.7052
vn 0.0000 -0.0175 -0.9998
vn 0.6451 0.7641 0.0014
vn 0.6436 0.7653 -0.0001
vn -0.6477 0.7619 0.0022
vn -0.6450 0.7642 -0.0005
vn -0.1117 -0.4348 -0.8936
vn -0.1326 -0.3991 -0.9073
vn 0.1116 -0.4350 -0.8935
vn 0.1325 -0.3993 -0.9072
vn -0.0188 0.0105 -0.9998
vn -0.0392 0.0211 -0.9990
vn 0.3067 -0.1134 -0.9450
vn 0.5619 -0.2149 -0.7988
vn 0.5393 -0.2468 -0.8051
vn 0.2951 -0.1387 -0.9453
vn 0.0187 0.0105 -0.9998
vn 0.0392 0.0212 -0.9990
vn -0.3070 -0.1128 -0.9450
vn -0.5388 -0.2443 -0.8062
vn -0.5614 -0.2133 -0.7996
vn -0.2960 -0.1378 -0.9452
vn 0.6451 0.7641 -0.0004
vn 0.6459 0.7634 0.0022
vn -0.6449 0.7642 -0.0001
vn -0.6455 0.7637 0.0018
vn 0.0110 -0.8126 -0.5827
vn 0.0000 -0.7697 0.6385
vn 0.0002 -0.7695 0.6386
vn 0.0004 -0.7692 0.6390
vn 0.0011 -0.7689 0.6393
vn 0.0026 -0.7684 0.6399
vn -0.0026 -0.7692 0.6390
vn -0.0019 -0.7689 0.6394
vn -0.0023 -0.7690 0.6393
vn 0.5986 0.8010 0.0000
vn 0.2946 0.1859 0.9374
vn -0.2937 0.1854 0.9378
vn -0.0754 0.1095 -0.9911
vn -0.0756 0.1095 -0.9911
vn -0.0757 0.1096 -0.9911
vn 0.1316 0.0118 0.9912
vn -0.0811 -0.0876 0.9928
vn -0.0265 -0.0118 0.9996
vn 0.0441 0.0416 0.9982
vn -0.0692 -0.0663 0.9954
vn -0.0424 0.0130 0.9990
vn -0.2922 -0.6483 -0.7031
vn -0.3079 -0.6412 -0.7029
vn 0.3773 -0.8641 -0.3333
vn 0.9488 -0.0160 -0.3154
vn 0.5595 0.3525 0.7501
vn 0.4802 0.3943 0.7836
vn 0.2947 0.1859 0.9373
vn 0.4809 0.3899 0.7853
vn 0.3126 0.4863 0.8160
vn 0.3569 0.4905 0.7950
vn -0.5577 0.3517 0.7518
vn -0.2937 0.1854 0.9377
vn -0.4807 0.3947 0.7830
vn -0.4817 0.3903 0.7846
vn -0.3127 0.4857 0.8163
vn -0.3567 0.4900 0.7954
vn -0.2929 0.6480 -0.7031
vn -0.3072 0.6415 -0.7029
vn -0.5726 0.7875 0.2281
vn -0.5732 0.7869 0.2286
vn -0.5728 0.7873 0.2283
vn -0.5734 0.7867 0.2287
vn -0.0003 0.9651 0.2620
vn -0.0003 0.9682 0.2503
vn -0.5568 0.7979 0.2310
vn -0.0609 0.1194 -0.9910
vn 0.6466 0.2926 -0.7045
vn 0.6402 0.3066 -0.7044
vn 0.0608 0.1193 -0.9910
vn -0.6475 0.2928 -0.7036
vn -0.6412 0.3065 -0.7035
vn 0.6472 -0.2920 -0.7042
vn 0.6406 -0.3064 -0.7041
vn 0.5726 0.7875 0.2281
vn 0.5729 0.7872 0.2284
vn 0.5732 0.7869 0.2286
vn 0.5734 0.7867 0.2287
vn 0.5725 0.7873 0.2291
vn 0.5557 0.7986 0.2311
vn -0.3524 0.5588 0.7507
vn -0.3942 0.4801 0.7836
vn -0.3899 0.4809 0.7853
vn -0.4935 0.3537 0.7946
vn -0.4780 0.3860 0.7890
vn 0.3519 0.5577 0.7518
vn 0.3949 0.4812 0.7826
vn 0.3909 0.4819 0.7842
vn 0.4934 0.3537 0.7946
vn 0.4780 0.3860 0.7890
vn -0.0001 -0.9918 -0.1277
vn -0.0009 -0.9918 -0.1279
vn -0.0003 -0.9918 -0.1277
vn -0.0014 -0.9918 -0.1280
vn 0.7520 0.1651 -0.6381
vn 0.7625 0.1283 -0.6341
vn 0.8514 0.1477 -0.5033
vn 0.8562 0.1778 -0.4852
vn 0.7505 0.4201 -0.5101
vn 0.7520 0.1650 -0.6381
vn 0.6996 0.4101 -0.5852
vn 0.6422 0.5868 -0.4933
vn 0.0728 -0.1708 -0.9826
vn 0.0007 -0.1087 -0.9941
vn 0.6677 0.6083 0.4291
vn 0.6675 0.6154 0.4192
vn 0.6515 0.6360 0.4136
vn 0.6340 0.6612 0.4010
vn -0.6680 0.6080 0.4292
vn -0.6518 0.6360 0.4132
vn -0.6677 0.6154 0.4188
vn -0.6343 0.6612 0.4006
vn -0.6385 -0.5827 0.5028
vn -0.5567 -0.6957 0.4539
vn -0.4834 -0.8016 0.3519
vn -0.4700 -0.8028 0.3668
vn -0.7809 0.6230 0.0458
vn -0.7804 0.6233 0.0501
vn -0.6074 -0.6224 0.4936
vn -0.6132 -0.6138 0.4973
vn 0.0915 -0.9744 0.2052
vn -0.5335 -0.8378 0.1160
vn -0.7423 -0.6512 -0.1577
vn -0.2488 -0.9039 -0.3479
vn -0.1401 -0.9723 0.1873
vn 0.5333 -0.8380 0.1157
vn 0.2485 -0.9039 -0.3480
vn 0.7424 -0.6511 -0.1578
vn 0.7809 0.6231 0.0445
vn 0.7805 0.6233 0.0488
vn 0.6087 -0.6213 0.4935
vn 0.6135 -0.6141 0.4965
vn 0.0127 -0.1139 -0.9934
vn -0.0000 -0.1124 -0.9937
vn 0.0126 -0.1137 -0.9934
vn -0.0000 -0.1121 -0.9937
vn 0.7807 -0.6229 0.0499
vn 0.7806 -0.6234 0.0455
vn -0.7806 -0.6231 0.0492
vn -0.7805 -0.6235 0.0455
vn -0.0378 -0.0711 -0.9968
vn -0.0842 0.0000 -0.9964
vn 0.5384 -0.0583 -0.8407
vn 0.5202 -0.0825 -0.8500
vn -0.5382 -0.0581 -0.8408
vn -0.5202 -0.0821 -0.8501
vn -0.2001 -0.7906 -0.5786
vn -0.0000 -0.8408 -0.5414
vn -0.1993 -0.7957 -0.5719
vn -0.0000 -0.8456 -0.5338
vn 0.2001 -0.7905 -0.5788
vn 0.1993 -0.7956 -0.5721
vn -0.4763 0.3083 -0.8234
vn 0.5865 -0.4897 -0.6452
vn -0.4250 -0.6326 0.6475
vn -0.3841 -0.6586 0.6471
vn 0.2341 -0.7348 -0.6366
vn 0.6087 -0.4422 -0.6588
vn 0.2794 -0.7182 -0.6373
vn 0.6011 -0.4523 -0.6589
vn 0.8052 0.0136 -0.5929
vn 0.7349 -0.2447 -0.6324
vn -0.2338 -0.7347 -0.6368
vn -0.2794 -0.7179 -0.6376
vn -0.6081 -0.4420 -0.6594
vn -0.6007 -0.4520 -0.6595
vn -0.8039 0.0137 -0.5947
vn 0.0000 -0.9302 -0.3672
vn 0.3355 -0.8763 -0.3459
vn -0.4102 -0.8199 -0.3993
vn -0.4140 -0.8222 -0.3906
vn -0.6708 -0.6463 -0.3637
vn -0.6759 -0.6454 -0.3559
vn -0.8513 0.3712 -0.3708
vn -0.8537 0.3668 -0.3696
vn -0.9199 0.1949 -0.3404
vn -0.9192 0.1995 -0.3394
vn 0.4109 -0.8205 -0.3973
vn 0.6719 -0.6469 -0.3608
vn 0.4142 -0.8231 -0.3885
vn 0.6762 -0.6471 -0.3523
vn 0.8506 0.3706 -0.3729
vn 0.9198 0.1951 -0.3405
vn 0.8530 0.3664 -0.3717
vn 0.9192 0.1997 -0.3394
vn -0.0127 -0.1139 -0.9934
vn -0.0126 -0.1137 -0.9934
vn -0.0001 0.9850 0.1725
vn -0.3768 0.9143 0.1486
vn -0.0842 -0.0000 0.9964
vn 0.3909 -0.1222 -0.9123
vn 0.3930 -0.1249 -0.9110
vn 0.3408 -0.0310 -0.9396
vn 0.3401 -0.0442 -0.9393
vn 0.8483 0.1969 0.4916
vn 0.5735 0.5736 0.5850
vn 0.8509 0.1745 0.4954
vn 0.5748 0.5750 0.5822
vn 0.1969 0.8479 0.4923
vn 0.1745 0.8505 0.4961
vn -0.8475 0.1969 0.4929
vn -0.8501 0.1745 0.4968
vn -0.5735 0.5734 0.5851
vn -0.5750 0.5748 0.5822
vn -0.1968 0.8478 0.4925
vn -0.1745 0.8504 0.4963
vn -0.5655 0.7934 0.2253
vn -0.5656 0.7940 0.2228
vn -0.5648 0.7941 0.2245
vn 0.5652 0.7937 0.2251
vn 0.5653 0.7943 0.2228
vn 0.5645 0.7943 0.2244
vn -0.9853 0.1659 0.0411
vn -0.9850 0.1678 0.0413
vn 0.9853 0.1659 0.0411
vn 0.9850 0.1678 0.0413
vn -0.9874 -0.1048 0.1183
vn 0.8171 0.5604 0.1350
vn 0.7778 0.6154 0.1276
vn 0.8637 0.4922 0.1082
vn 0.0052 0.0042 1.0000
vn 0.0052 0.0046 1.0000
vn 0.7090 -0.7052 0.0000
vn 0.7102 -0.7012 0.0620
vn 0.7103 -0.7011 0.0620
vn 0.8184 -0.2978 0.4914
vn 0.7657 -0.5606 0.3152
vn 0.8015 -0.4310 0.4146
vn 0.7774 -0.5261 0.3448
vn 0.2882 0.9555 0.0622
vn -0.0005 0.9984 0.0573
vn -0.0001 0.9991 0.0423
vn 0.6478 -0.2921 -0.7036
vn 0.6412 -0.3065 -0.7035
vn -0.8100 0.5650 0.1571
vn 0.8100 0.5650 0.1571
vn 0.8126 0.5671 0.1346
vn -0.9776 -0.2107 0.0010
vn -0.5455 -0.8293 0.1211
vn -0.5139 -0.8532 0.0892
vn 0.9999 0.0076 0.0124
vn 0.9793 -0.2019 0.0169
vn 0.9997 0.0208 0.0128
vn 0.8030 -0.5916 0.0716
vn 0.6735 -0.7354 0.0754
vn -0.4903 -0.8584 0.1510
vn 0.5431 -0.8312 0.1186
vn 0.1677 -0.7269 0.6659
vn 0.3552 -0.6834 0.6378
vn 0.2256 -0.7385 0.6353
vn 0.3424 -0.7385 0.5809
vn 0.3351 -0.7540 0.5650
vn -0.7574 0.5947 0.2697
vn 0.7571 0.5950 0.2699
vn 0.4655 -0.8741 -0.1384
vn 0.4655 -0.8742 -0.1386
vn -0.0009 -0.0009 -1.0000
vn -0.0009 -0.0010 -1.0000
vn 0.0009 -0.0009 -1.0000
vn 0.0009 -0.0010 -1.0000
vn -0.0076 -0.5258 -0.8506
vn 0.0452 -0.5216 -0.8520
vn -0.8171 0.5604 0.1350
vn -0.7778 0.6154 0.1276
vn -0.8805 0.4638 0.0980
vn -0.3352 -0.7542 0.5647
vn -0.3424 -0.7385 0.5808
vn -0.2256 -0.7385 0.6353
vn -0.3551 -0.6839 0.6373
vn -0.1676 -0.7270 0.6659
vn 0.7719 0.1542 0.6167
vn 0.9316 0.1718 0.3204
vn -0.0589 -0.9983 -0.0051
vn 0.0918 -0.7011 -0.7072
vn 0.2234 -0.7144 -0.6632
vn 0.0959 -0.7087 -0.6990
vn 0.2236 -0.7218 -0.6549
vn 0.0001 -0.0044 1.0000
vn 0.0001 -0.0001 1.0000
vn 0.3017 0.0248 0.9531
vn 0.3008 0.0319 0.9531
vn -0.6478 -0.2921 -0.7036
vn -0.6412 -0.3065 -0.7035
vn -0.0919 -0.7013 -0.7069
vn -0.0960 -0.7089 -0.6988
vn -0.2233 -0.7143 -0.6633
vn -0.2238 -0.7215 -0.6553
vn 0.2921 0.6478 -0.7036
vn 0.3065 0.6412 -0.7035
vn -0.0001 -0.0000 -1.0000
vn -0.5617 0.8188 -0.1188
vn -0.5614 0.8190 -0.1188
vn -0.5613 0.8190 -0.1188
vn -0.6414 0.3069 -0.7032
vn 0.5627 0.8181 -0.1186
vn 0.5613 0.8190 -0.1188
vn -0.2096 -0.6897 0.6930
vn -0.1881 -0.6785 0.7102
vn -0.1083 -0.6948 0.7110
vn 0.1153 -0.7221 0.6821
vn 0.1148 -0.7251 0.6790
vn -0.2929 -0.6480 -0.7031
vn 0.2096 -0.6894 0.6934
vn 0.1879 -0.6782 0.7104
vn -0.0222 -0.9165 0.3995
vn 0.1082 -0.6945 0.7113
vn -0.1154 -0.7224 0.6818
vn -0.1148 -0.7254 0.6787
vn -0.2922 0.6483 -0.7031
vn 0.1555 -0.9877 0.0183
vn -0.0002 -0.9998 0.0185
vn -0.0001 -0.9998 0.0185
vn -0.3514 0.8594 0.3715
vn -0.3406 0.8617 0.3760
vn 0.9216 -0.2410 0.3044
vn 0.2921 -0.6478 -0.7036
vn 0.3498 0.8597 0.3722
vn 0.3411 0.8616 0.3758
vn 0.5548 0.5467 0.6272
vn 0.4380 0.5631 0.7007
vn 0.5508 0.5459 0.6314
vn 0.4342 0.5599 0.7057
vn 0.6936 0.6947 0.1905
vn 0.6959 0.6955 0.1787
vn -0.6957 0.6957 0.1786
vn -0.6931 0.6950 0.1912
vn 0.6768 0.5540 -0.4847
vn 0.6800 0.5499 -0.4850
vn -0.6772 0.5543 -0.4839
vn -0.6802 0.5502 -0.4842
vn -0.6100 0.6308 -0.4796
vn -0.1615 0.9770 0.1394
vn 0.1615 0.9770 0.1394
vn 0.7795 -0.4498 -0.4360
vn -0.1009 -0.9871 -0.1247
vn -0.0999 -0.9871 -0.1250
vn -0.1004 -0.9871 -0.1248
vn -0.0997 -0.9871 -0.1251
vn 0.9876 -0.1036 0.1183
vn 0.7059 0.3379 0.6225
vn 0.7020 0.3355 0.6283
vn 0.7166 0.2025 0.6675
vn 0.7288 0.1672 0.6640
vn 0.8796 -0.4743 0.0369
vn 0.8793 -0.4748 0.0369
vn 0.8792 -0.4751 0.0369
vn 0.8790 -0.4754 0.0369
vn -0.7059 0.3379 0.6225
vn -0.7166 0.2025 0.6675
vn -0.7019 0.3355 0.6283
vn -0.7288 0.1672 0.6640
vn -0.8796 -0.4743 0.0369
vn -0.8792 -0.4751 0.0369
vn -0.8794 -0.4746 0.0369
vn -0.8790 -0.4754 0.0369
vn 0.9020 0.4151 -0.1186
vn 0.9019 0.4154 -0.1185
vn -0.5641 -0.8172 -0.1185
vn -0.5613 -0.8190 -0.1188
vn -0.9019 0.4153 -0.1188
vn -0.8999 0.4197 -0.1183
vn 0.5631 -0.8178 -0.1186
vn 0.5613 -0.8190 -0.1188
vn -0.7289 0.2906 -0.6198
vn -0.8514 0.1478 -0.5032
vn -0.7452 0.2456 -0.6200
vn -0.8562 0.1780 -0.4850
vn -0.6896 0.5278 -0.4959
vn -0.7505 0.4201 -0.5101
vn -0.6985 0.5136 -0.4982
vn -0.7000 0.4102 -0.5845
vn 0.3707 -0.7795 -0.5050
vn 0.3455 -0.7883 -0.5092
vn 0.3896 -0.8119 0.4348
vn 0.3575 -0.8229 0.4417
vn -0.3727 0.7757 -0.5094
vn -0.3414 0.7858 -0.5157
vn 0.3728 0.7756 -0.5093
vn 0.3415 0.7858 -0.5157
vn 0.1261 -0.9734 0.1913
vn 0.4894 -0.7973 0.3533
vn 0.4773 -0.7996 0.3645
vn 0.8002 0.3101 0.5133
vn 0.8278 0.1713 0.5343
vn 0.8098 0.2671 0.5224
vn 0.8272 0.1860 0.5303
vn 0.7024 0.5369 0.4673
vn 0.7145 0.5179 0.4705
vn -0.3821 0.7133 -0.5876
vn -0.3804 0.7127 -0.5893
vn -0.4576 0.6796 -0.5734
vn -0.4579 0.6806 -0.5719
vn -0.2777 0.7054 -0.6521
vn -0.2956 0.7268 -0.6200
vn 0.3822 0.7137 -0.5870
vn 0.4576 0.6791 -0.5740
vn 0.3806 0.7130 -0.5888
vn 0.4579 0.6801 -0.5726
vn 0.2777 0.7055 -0.6520
vn 0.2957 0.7271 -0.6196
vn 0.0000 0.9944 0.1053
vn 0.3066 0.5215 0.7963
vn 0.0000 0.7074 0.7068
vn -0.0281 0.7021 0.7115
vn -0.0001 0.7074 0.7068
vn 0.5624 0.6924 0.4519
vn 0.5632 0.6918 0.4519
vn 0.3771 0.8005 0.4658
vn 0.3575 0.8080 0.4684
vn -0.6922 0.5625 0.4521
vn -0.6918 0.5632 0.4520
vn -0.8013 0.3771 0.4644
vn -0.8087 0.3576 0.4670
vn 0.6923 0.5625 0.4521
vn 0.8005 0.3771 0.4658
vn 0.6917 0.5631 0.4521
vn 0.8080 0.3575 0.4683
vn -0.5625 0.6927 0.4514
vn -0.3769 0.8002 0.4664
vn -0.5632 0.6921 0.4514
vn -0.3575 0.8076 0.4690
vn 0.0095 -0.0046 0.9999
vn -0.0043 0.0020 1.0000
vn 0.0045 -0.0021 1.0000
vn -0.0091 0.0041 0.9999
vn 0.0043 -0.0024 1.0000
vn 0.0091 -0.0049 0.9999
vn 0.4186 -0.4330 -0.7983
vn 0.4257 -0.4476 -0.7864
vn 0.4302 -0.4396 -0.7884
vn 0.4381 -0.3425 -0.8311
vn 0.4441 -0.3364 -0.8304
vn -0.4442 -0.3364 -0.8304
vn -0.4382 -0.3426 -0.8310
vn -0.4311 -0.4394 -0.7881
vn -0.4266 -0.4472 -0.7862
vn -0.4198 -0.4334 -0.7975
vn -0.2899 0.8541 -0.4318
vn -0.0002 0.9012 -0.4334
vn -0.2796 0.8575 -0.4320
vn -0.0002 0.9007 -0.4345
vn -0.5294 0.7290 -0.4340
vn -0.5294 0.7291 -0.4338
vn -0.6496 0.4413 0.6191
vn -0.6507 0.4403 0.6187
vn 0.6496 0.4413 0.6191
vn 0.6507 0.4403 0.6187
vn 0.5796 -0.7060 0.4070
vn 0.5731 -0.7110 0.4073
vn -0.5800 -0.7061 0.4062
vn -0.5734 -0.7112 0.4067
vn -0.3574 -0.8231 0.4413
vn -0.3897 -0.8121 0.4344
vn 0.5539 0.6770 -0.4846
vn 0.5500 0.6800 -0.4848
vn 0.6316 0.6102 -0.4783
vn 0.6422 0.5867 -0.4933
vn -0.5535 0.6769 -0.4853
vn -0.5498 0.6798 -0.4854
vn -0.7083 -0.7032 0.0622
vn -0.7084 -0.7030 0.0622
vn -0.8165 -0.3005 0.4930
vn -0.7994 -0.4333 0.4162
vn -0.7637 -0.5624 0.3169
vn -0.7754 -0.5278 0.3467
vn -0.0003 -0.8383 -0.5451
vn -0.0006 -0.7944 -0.6073
vn -0.0017 -0.7627 -0.6467
vn -0.0006 -0.7945 -0.6073
vn 0.7570 0.6314 0.1685
vn 0.1600 0.7275 0.6672
vn 0.7268 0.6782 0.1085
vn -0.0266 0.8725 0.4879
vn -0.1272 0.8757 0.4659
vn -0.0492 0.8740 0.4834
vn -0.2065 0.8539 0.4777
vn -0.0071 0.0477 0.9988
vn -0.1825 0.8559 0.4839
vn 0.1273 0.8757 0.4659
vn 0.0733 0.5038 0.8607
vn 0.1806 0.8567 0.4832
vn 0.2064 0.8539 0.4777
vn -0.7570 0.6313 0.1686
vn -0.7265 0.6786 0.1086
vn 0.0617 -0.1690 -0.9837
vn 0.0096 0.2107 -0.9775
vn 0.1148 -0.2602 -0.9587
vn -0.1588 -0.1589 -0.9744
vn -0.1551 -0.1549 -0.9757
vn -0.2921 0.6478 -0.7036
vn -0.3065 0.6412 -0.7035
vn -0.0097 0.2106 -0.9775
vn -0.0618 -0.1689 -0.9837
vn -0.1150 -0.2603 -0.9587
vn 0.1587 -0.1589 -0.9744
vn 0.1550 -0.1549 -0.9757
vn 0.2928 0.6478 -0.7033
vn 0.3069 0.6414 -0.7032
vn 0.0749 0.1095 -0.9912
vn 0.0751 0.1096 -0.9911
vn 0.0754 0.1097 -0.9911
vn 0.0756 0.1098 -0.9911
vn -0.5613 0.8148 -0.1452
vn 0.5649 -0.5366 -0.6269
vn 0.8172 -0.5597 -0.1373
vn -0.5645 -0.5372 -0.6267
vn -0.8172 -0.5597 -0.1373
vn 0.4592 0.8883 0.0000
vn 0.5393 0.8421 0.0000
vn 0.7070 0.7071 0.0111
vn 0.7070 0.7071 0.0117
vn 0.7072 0.7069 0.0124
vn -0.3941 0.9191 0.0000
vn 0.4589 -0.8885 0.0000
vn 0.3944 -0.9189 0.0000
vn -0.8888 0.4582 0.0000
vn 0.8416 0.5401 0.0000
vn 0.3948 0.9188 0.0000
vn -0.9930 0.1180 0.0000
vn -0.9930 -0.1181 0.0000
vn -0.4638 0.7383 0.4897
vn -0.5005 0.7091 0.4966
vn 0.6906 -0.4601 0.5580
vn 0.6906 -0.4604 0.5578
vn 0.6905 -0.4604 0.5578
vn 0.6905 -0.4606 0.5577
vn -0.6902 -0.4627 0.5563
vn -0.6907 -0.4590 0.5587
vn 0.4599 -0.6904 0.5585
vn 0.4598 -0.6904 0.5585
vn 0.4594 -0.6904 0.5588
vn 0.4589 -0.6905 0.5591
vn -0.4594 -0.6910 0.5582
vn -0.4590 -0.6910 0.5584
vn -0.4593 -0.6910 0.5582
vn -0.4586 -0.6911 0.5586
vn 0.5907 0.5783 -0.5628
vn 0.6900 0.4692 -0.5511
vn 0.5908 0.5780 -0.5629
vn 0.6901 0.4698 -0.5505
vn 0.7819 0.1789 -0.5973
vn 0.7501 0.3556 -0.5576
vn 0.7693 0.2155 -0.6014
vn 0.7531 0.3591 -0.5513
vn -0.5902 0.5779 -0.5637
vn -0.5903 0.5777 -0.5638
vn -0.6890 0.4683 -0.5532
vn -0.6890 0.4690 -0.5526
vn -0.7817 0.1791 -0.5973
vn -0.7690 0.2158 -0.6017
vn -0.7487 0.3551 -0.5597
vn -0.7518 0.3584 -0.5535
vn -0.3022 0.5583 -0.7727
vn -0.1825 0.3010 -0.9360
vn -0.0517 0.3820 -0.9227
vn 0.0050 0.4002 -0.9164
vn 0.5551 -0.3239 -0.7661
vn 0.2355 0.2441 -0.9407
vn 0.3017 -0.1877 -0.9347
vn 0.4798 -0.0212 -0.8771
vn 0.5829 0.6293 0.5140
vn 0.0077 -0.9876 -0.1567
vn 0.4655 -0.8741 -0.1387
vn -0.7121 -0.4785 0.5138
vn 0.1376 -0.4299 0.8923
vn 0.1338 -0.4273 0.8942
vn 0.2977 -0.9530 -0.0558
vn 0.2950 -0.9538 -0.0563
vn -0.1370 -0.4299 0.8924
vn -0.1334 -0.4272 0.8942
vn -0.2971 -0.9532 -0.0561
vn -0.2955 -0.9537 -0.0564
vn -0.3342 -0.8767 -0.3460
vn -0.1401 0.9373 0.3193
vn -0.5554 -0.3240 -0.7659
vn -0.3022 -0.1880 -0.9345
vn -0.2363 0.2438 -0.9406
vn -0.4810 -0.0217 -0.8764
vn 0.3020 0.5586 -0.7725
vn 0.0518 0.3817 -0.9228
vn 0.1825 0.3007 -0.9361
vn -0.0050 0.4002 -0.9164
vn -0.0052 0.0042 1.0000
vn -0.0052 0.0046 1.0000
vn 0.0903 -0.7153 0.6929
vn 0.1076 -0.7219 0.6836
vn -0.9272 -0.1354 0.3492
vn -0.8918 -0.2491 0.3776
vn -0.9303 -0.1267 0.3442
vn -0.0903 -0.7153 0.6929
vn -0.1076 -0.7219 0.6836
vn 0.9825 0.0138 0.1855
vn 0.8919 -0.2196 0.3953
vn 0.9280 -0.1335 0.3478
vn 0.9312 -0.1244 0.3426
vn 0.0002 -0.6729 -0.7398
vn 0.0004 -0.6925 -0.7214
vn 0.0002 -0.7508 -0.6605
vn 0.0001 -1.0000 -0.0000
vn 0.0001 -1.0000 0.0001
vn -0.0000 -1.0000 0.0003
vn 0.0000 -1.0000 -0.0001
vn 0.0732 0.2860 -0.9554
vn 0.6782 -0.1022 -0.7278
vn 0.8989 -0.4328 0.0684
vn 0.9143 -0.3963 0.0838
vn -0.0733 0.2860 -0.9554
vn -0.6782 -0.1022 -0.7277
vn -0.8989 -0.4328 0.0684
vn -0.9143 -0.3963 0.0838
vn -0.2865 -0.0736 -0.9552
vn 0.4340 -0.8983 0.0683
vn 0.3975 -0.9138 0.0837
vn 0.2868 -0.0734 -0.9552
vn -0.4327 -0.8989 0.0688
vn -0.3975 -0.9138 0.0837
vn -0.0001 -0.9995 -0.0317
vn -0.0002 -0.9985 -0.0540
vn -0.0002 -0.9997 -0.0241
vn -0.4660 -0.1382 0.8739
vn -0.4657 -0.1380 0.8741
vn 0.4018 -0.7885 -0.4655
vn 0.4011 -0.7888 -0.4657
vn -0.1751 -0.9808 -0.0859
vn -0.5270 -0.8454 -0.0868
vn -0.5579 -0.8240 -0.0992
vn -0.5706 -0.8148 -0.1024
vn -0.5641 -0.8255 -0.0165
vn -0.1856 -0.9691 -0.1622
vn 0.1749 -0.9809 -0.0855
vn 0.5579 -0.8240 -0.0991
vn 0.5260 -0.8461 -0.0863
vn 0.5708 -0.8147 -0.1023
vn 0.5646 -0.8252 -0.0164
vn 0.1859 -0.9691 -0.1621
vn 0.4163 0.3321 0.8464
vn 0.4108 0.3246 0.8520
vn 0.4648 0.1637 0.8702
vn -0.4164 0.3321 0.8464
vn -0.4108 0.3247 0.8520
vn -0.0046 0.0017 1.0000
vn -0.0094 0.0037 0.9999
vn 0.4058 0.8152 -0.4131
vn 0.7613 0.4230 -0.4914
vn -0.0351 -0.9994 0.0000
vn -0.0474 -0.9989 0.0041
vn 0.2928 0.6475 -0.7036
vn -0.1259 -0.9920 0.0119
vn -0.1241 -0.9922 0.0091
vn 0.1259 -0.9920 0.0118
vn 0.1241 -0.9922 0.0090
vn -0.4048 0.8152 -0.4143
vn -0.7629 0.4237 -0.4884
vn 0.4016 0.7885 -0.4657
vn 0.4019 0.7885 -0.4656
vn 0.4626 0.7048 0.5379
vn 0.2802 0.7804 0.5590
vn 0.4594 0.7025 0.5435
vn 0.2218 0.8050 0.5503
vn -0.0006 -0.9853 -0.1705
vn -0.0012 -0.8467 -0.5321
vn 0.0000 -0.9881 -0.1540
vn -0.0000 -0.9948 -0.1018
vn -0.1306 -0.9897 -0.0589
vn -0.1570 -0.9874 -0.0224
vn 0.1568 -0.9874 -0.0226
vn 0.1305 -0.9897 -0.0591
vn -0.1569 -0.9874 -0.0225
vn -0.1306 -0.9897 -0.0590
vn 0.6475 0.2928 -0.7036
vn 0.6412 0.3065 -0.7035
vn -0.0002 0.7866 0.6174
vn 0.4082 -0.2254 -0.8846
vn 0.4065 -0.2299 -0.8843
vn 0.1294 -0.2516 -0.9591
vn 0.2399 -0.3950 -0.8868
vn 0.2361 -0.3976 -0.8866
vn 0.5912 -0.5240 -0.6131
vn 0.5865 -0.4898 -0.6451
vn 0.5119 0.2145 -0.8318
vn 0.4770 0.3072 -0.8235
vn 0.5227 0.8514 0.0432
vn 0.5378 0.8412 0.0559
vn 0.5228 0.8513 0.0443
vn 0.5381 0.8411 0.0558
vn 0.7082 -0.6950 0.1242
vn 0.7080 -0.6952 0.1244
vn -0.0125 -0.9843 0.1761
vn 0.3295 -0.9206 0.2095
vn 0.2184 0.4598 -0.8607
vn 0.1404 0.4534 -0.8801
vn -0.2188 0.4598 -0.8606
vn -0.1404 0.4534 -0.8802
vn -0.5578 -0.2916 0.7771
vn 0.4884 -0.2560 0.8342
vn -0.1013 -0.7346 0.6709
vn -0.1015 -0.7312 0.6746
vn -0.1562 -0.6999 0.6970
vn -0.2238 -0.7124 0.6651
vn -0.3096 -0.8412 0.4434
vn -0.3083 -0.8357 0.4544
vn 0.1013 -0.7346 0.6709
vn 0.1563 -0.6994 0.6974
vn 0.1015 -0.7312 0.6746
vn 0.2234 -0.7117 0.6660
vn 0.3094 -0.8408 0.4442
vn 0.3081 -0.8354 0.4553
vn -0.1295 -0.2517 -0.9591
vn -0.4081 -0.2307 -0.8833
vn -0.4096 -0.2264 -0.8837
vn -0.2398 -0.3945 -0.8871
vn -0.2358 -0.3973 -0.8869
vn -0.4192 -0.7825 -0.4603
vn -0.7921 -0.4442 -0.4187
vn 0.4193 -0.7825 -0.4603
vn 0.7921 -0.4442 -0.4187
vn -0.6111 -0.5158 0.6005
vn -0.6113 -0.5157 0.6003
vn -0.6115 -0.5156 0.6002
vn 0.6198 -0.7340 0.2777
vn 0.6197 -0.7343 0.2770
vn 0.6198 -0.7342 0.2771
vn 0.6197 -0.7343 0.2769
vn 0.6115 -0.5161 0.5998
vn 0.6117 -0.5160 0.5997
vn 0.6118 -0.5159 0.5996
vn -0.6199 -0.7347 0.2755
vn -0.6200 -0.7339 0.2775
vn -0.6558 0.6542 -0.3769
vn -0.6594 0.6508 -0.3764
vn -0.7647 0.5266 -0.3713
vn -0.7658 0.5250 -0.3714
vn 0.6558 0.6542 -0.3769
vn 0.7647 0.5267 -0.3713
vn 0.6594 0.6508 -0.3764
vn 0.7657 0.5251 -0.3715
vn -0.1262 -0.9917 0.0231
vn -0.1271 -0.9917 0.0213
vn 0.1263 -0.9917 0.0231
vn 0.1271 -0.9917 0.0215
vn -0.5153 -0.3651 0.7754
vn -0.2497 -0.6097 0.7523
vn -0.5024 -0.3794 0.7769
vn -0.1772 -0.6525 0.7368
vn -0.0764 0.7499 -0.6571
vn -0.1494 0.7658 -0.6254
vn -0.0104 0.7688 -0.6394
vn -0.0010 0.8382 0.5454
vn 0.5602 0.7719 0.3007
vn 0.5614 0.7713 0.2999
vn -0.5612 0.7713 0.3003
vn -0.5620 0.7709 0.2999
vn 0.3619 -0.7826 -0.5064
vn 0.1406 -0.9372 0.3193
vn 0.3382 0.8761 -0.3436
vn -0.1312 0.0118 0.9913
vn 0.0423 0.0130 0.9990
vn 0.0692 -0.0663 0.9954
vn -0.0441 0.0416 0.9982
vn 0.0815 -0.0881 0.9928
vn 0.0266 -0.0118 0.9996
vn -0.0302 -0.3684 0.9292
vn 0.5512 -0.6770 -0.4877
vn 0.5504 -0.6777 -0.4876
vn -0.5520 -0.6774 -0.4863
vn -0.5508 -0.6782 -0.4864
vn -0.0026 0.0163 0.9999
vn -0.0029 0.0160 0.9999
vn 0.0026 0.0163 0.9999
vn 0.0029 0.0160 0.9999
vn 0.5712 0.8189 -0.0566
vn 0.5676 0.8211 -0.0608
vn 0.5651 0.8228 -0.0607
vn 0.5650 0.8229 -0.0607
vn 0.6755 0.7255 -0.1319
vn 0.6727 0.7282 -0.1311
vn 0.5597 0.8253 -0.0746
vn 0.5586 0.8261 -0.0741
vn 0.7278 0.6489 -0.2219
vn -0.2840 0.8735 -0.3955
vn -0.2840 0.8735 -0.3953
vn -0.3945 0.5551 -0.7323
vn -0.4158 0.6224 -0.6631
vn -0.4424 0.8073 -0.3905
vn -0.4390 0.8091 -0.3906
vn -0.7295 0.6480 -0.2192
vn -0.1997 0.9058 -0.3738
vn 0.2841 0.8734 -0.3956
vn 0.2841 0.8735 -0.3953
vn 0.3946 0.5550 -0.7323
vn 0.4424 0.8073 -0.3905
vn 0.4159 0.6223 -0.6631
vn 0.4390 0.8091 -0.3906
vn 0.9852 0.1513 -0.0803
vn 0.9867 0.1465 -0.0708
vn -0.9852 0.1513 -0.0803
vn -0.9867 0.1464 -0.0706
vn -0.0194 0.0091 -0.9998
vn -0.0409 0.0200 -0.9990
vn -0.1082 -0.9735 -0.2013
vn -0.0940 -0.9695 -0.2262
vn -0.2460 -0.9042 -0.3491
vn -0.2984 -0.8873 -0.3518
vn 0.1082 -0.9735 -0.2013
vn 0.2457 -0.9045 -0.3486
vn 0.0940 -0.9695 -0.2262
vn 0.2963 -0.8882 -0.3511
vn 0.0194 0.0091 -0.9998
vn 0.0409 0.0200 -0.9990
vn -0.8295 -0.5569 -0.0421
vn 0.0014 0.0001 -1.0000
vn 0.1829 -0.9831 -0.0042
vn -0.0001 0.4019 -0.9157
vn -0.0001 0.3606 -0.9327
vn -0.0000 0.9965 0.0835
vn -0.0001 0.9965 0.0832
vn 0.9697 0.2442 0.0015
vn 0.9700 0.2420 0.0215
vn 0.9697 0.2441 0.0070
vn 0.9703 0.2408 0.0219
vn -0.6646 0.7331 0.1444
vn -0.9680 0.1957 0.1572
vn -0.8965 0.4173 0.1491
vn 0.7333 0.6644 0.1442
vn -0.8847 -0.0333 0.4649
vn -0.8915 -0.0348 0.4518
vn -0.2619 0.8537 0.4501
vn 0.8847 -0.0333 0.4650
vn 0.8950 -0.0356 0.4446
vn 0.2623 0.8545 0.4483
vn 0.2627 0.8551 0.4470
vn 0.2518 0.9308 0.2649
vn 0.3116 0.9053 0.2885
vn -0.2510 0.9311 0.2646
vn -0.3116 0.9053 0.2886
vn 0.9864 -0.0608 -0.1524
vn 0.9875 -0.1558 -0.0227
vn -0.9897 -0.1310 -0.0584
vn -0.9874 -0.1568 -0.0226
vn 0.9899 0.1297 -0.0575
vn 0.9876 0.1557 -0.0215
vn 0.9899 -0.1297 -0.0577
vn 0.9876 -0.1557 -0.0217
vn -0.9898 0.1304 -0.0579
vn -0.9875 0.1562 -0.0220
vn -0.1298 0.9899 -0.0576
vn -0.1558 0.9876 -0.0216
vn -0.9864 -0.0617 -0.1524
vn -0.9874 -0.1569 -0.0224
vn -0.9779 -0.1137 0.1756
vn -0.2684 0.9610 0.0662
vn 0.7084 0.4993 0.4989
vn 0.7071 0.4997 0.5003
vn 0.7068 0.7035 0.0746
vn 0.7075 0.7028 0.0744
vn 0.7071 0.7032 0.0745
vn 0.7078 0.7025 0.0744
vn -0.7065 0.5006 0.5002
vn -0.7052 0.5010 0.5017
vn -0.7049 0.7054 0.0748
vn -0.7052 0.7051 0.0747
vn -0.7056 0.7046 0.0746
vn -0.7059 0.7044 0.0746
vn -0.0288 0.0012 -0.9996
vn -0.0016 -0.0016 -1.0000
vn 0.0012 -0.0286 -0.9996
vn 0.5140 -0.6624 -0.5450
vn -0.1853 0.5832 0.7909
vn -0.1858 0.5875 0.7876
vn 0.5846 0.1858 0.7898
vn 0.5887 0.1863 0.7866
vn -0.5826 0.1854 0.7914
vn -0.5868 0.1859 0.7881
vn 0.1851 0.5826 0.7914
vn 0.1856 0.5869 0.7881
vn -0.0126 0.1139 -0.9934
vn -0.0127 0.1142 -0.9934
vn -0.1137 -0.0126 -0.9934
vn -0.1139 -0.0127 -0.9934
vn -0.3472 -0.8596 0.3748
vn -0.3439 -0.8604 0.3762
vn 0.4722 0.8808 0.0336
vn 0.5137 0.8576 0.0264
vn -0.4723 0.8808 0.0336
vn -0.5139 0.8575 0.0264
vn 0.1137 -0.0126 -0.9934
vn 0.1139 -0.0127 -0.9934
vn 0.3457 -0.8601 0.3750
vn 0.3439 -0.8605 0.3758
vn -0.5597 0.8253 -0.0746
vn -0.5650 0.8229 -0.0607
vn -0.5586 0.8261 -0.0741
vn -0.5651 0.8228 -0.0607
vn -0.6755 0.7255 -0.1319
vn -0.6727 0.7282 -0.1311
vn 0.7540 0.6123 -0.2379
vn 0.7552 0.6108 -0.2379
vn 0.7275 0.6200 -0.2939
vn 0.7279 0.6194 -0.2942
vn -0.7523 0.6146 -0.2373
vn -0.7536 0.6131 -0.2373
vn -0.7274 0.6200 -0.2942
vn -0.7277 0.6195 -0.2943
vn 0.1139 -0.0126 -0.9934
vn -0.5230 -0.4559 0.7202
vn -0.5233 -0.4713 0.7100
vn -0.3010 -0.5939 0.7461
vn -0.2910 -0.5983 0.7466
vn -0.5608 0.2381 0.7930
vn -0.5641 0.1741 0.8072
vn -0.5985 0.0986 0.7950
vn -0.7715 0.1541 0.6173
vn 0.5467 -0.4363 0.7147
vn 0.3017 -0.5936 0.7461
vn 0.5273 -0.4645 0.7115
vn 0.2919 -0.5979 0.7465
vn 0.5599 0.2380 0.7937
vn 0.5993 0.0986 0.7945
vn 0.5632 0.1741 0.8078
vn 0.0938 -0.9824 0.1616
vn -0.5885 0.8063 0.0602
vn 0.5886 0.8062 0.0602
vn -0.4965 -0.5894 0.6372
vn -0.4965 -0.5893 0.6373
vn -0.4965 -0.5891 0.6375
vn -0.4965 -0.5889 0.6377
vn -0.9794 -0.2017 0.0130
vn -0.9989 -0.0385 0.0280
vn 0.4968 -0.5892 0.6371
vn 0.4968 -0.5893 0.6371
vn 0.0560 0.9934 0.1000
vn -0.0053 0.9942 0.1071
vn 0.0000 0.9948 0.1014
vn 0.8051 0.0136 -0.5929
vn -0.0118 0.1319 0.9912
vn -0.0130 -0.0423 0.9990
vn -0.6909 0.3657 0.6237
vn -0.7066 0.3602 0.6091
vn -0.7326 0.3505 0.5836
vn 0.0118 0.1319 0.9912
vn 0.0130 -0.0423 0.9990
vn 0.6912 0.3659 0.6232
vn 0.7069 0.3604 0.6086
vn 0.9623 0.2264 0.1505
vn 0.8841 0.4426 0.1498
vn -0.6054 0.5881 0.5363
vn -0.7636 0.4666 0.4464
vn -0.8942 0.3424 0.2883
vn -0.4161 -0.0373 -0.9085
vn -0.0001 -1.0000 0.0099
vn -0.0000 -0.9999 0.0101
vn -0.0000 -0.9999 0.0104
vn -0.0001 -0.7442 -0.6679
vn -0.0001 -0.7508 -0.6605
vn -0.0000 -0.7542 -0.6566
vn 0.0848 0.0140 -0.9963
vn 0.0032 0.0070 -1.0000
vn 0.4660 0.8708 0.1567
vn -0.0001 -1.0000 -0.0000
vn -0.0001 -1.0000 0.0001
vn 0.0001 -0.0014 -1.0000
vn 0.4802 0.6627 0.5746
vn -0.3507 0.5491 0.7586
vn 0.4556 0.6683 0.5880
vn -0.3705 0.5118 0.7751
vn 0.1601 0.7274 0.6672
vn -0.4418 0.4410 0.7812
vn -0.6054 0.5881 0.5364
vn -0.4557 0.6684 0.5879
vn 0.3507 0.5491 0.7586
vn 0.3705 0.5119 0.7750
vn -0.1601 0.7277 0.6669
vn 0.4419 0.4412 0.7811
vn -0.0001 -0.0014 -1.0000
vn -0.0028 -0.7693 0.6389
vn 0.0721 -0.9972 0.0210
vn -0.0721 -0.9972 0.0210
vn -0.0007 -0.1087 -0.9941
vn -0.0730 -0.1708 -0.9826
vn -0.5173 0.6378 -0.5706
vn 0.5169 0.6376 -0.5712
vn -0.6124 0.5158 0.5991
vn -0.6112 0.5161 0.6000
vn 0.6120 0.5154 0.5998
vn 0.6102 0.5161 0.6011
vn -0.8182 -0.5546 -0.1515
vn -0.8178 -0.5557 -0.1496
vn -0.8012 -0.5953 0.0611
vn -0.8013 -0.5952 0.0607
vn -0.7947 -0.5977 0.1057
vn 0.8145 -0.5597 -0.1528
vn 0.7994 -0.5978 0.0607
vn 0.8143 -0.5605 -0.1507
vn 0.7994 -0.5977 0.0603
vn 0.7966 -0.5952 0.1060
vn 0.7965 -0.5952 0.1060
vn 0.7882 0.4022 -0.4658
vn 0.7070 0.5253 -0.4735
vn 0.7067 0.5256 -0.4737
vn 0.7067 0.5255 -0.4737
vn 0.7088 0.0266 -0.7049
vn 0.7071 0.0262 -0.7066
vn -0.2495 0.3783 -0.8914
vn 0.0677 -0.1660 -0.9838
vn -0.2510 0.3970 -0.8828
vn -0.3824 0.2294 -0.8951
vn -0.4007 0.2300 -0.8869
vn 0.7053 -0.7053 -0.0717
vn 0.6645 -0.7116 -0.2282
vn -0.5689 0.6261 -0.5333
vn 0.6687 -0.7145 -0.2058
vn -0.0678 -0.1660 -0.9838
vn 0.2484 0.3776 -0.8920
vn 0.2506 0.3960 -0.8834
vn 0.3824 0.2294 -0.8951
vn 0.4006 0.2300 -0.8869
vn -0.7051 0.5267 -0.4748
vn -0.7048 0.5269 -0.4750
vn -0.7048 0.5269 -0.4749
vn -0.7048 0.5270 -0.4750
vn -0.7069 0.0267 -0.7068
vn -0.7052 0.0263 -0.7085
vn 0.5624 0.5623 0.6062
vn 0.5819 0.5817 0.5683
vn -0.4994 -0.5886 -0.6357
vn -0.4993 -0.5887 -0.6358
vn -0.4991 -0.5887 -0.6358
vn -0.4986 -0.5889 -0.6360
vn -0.4994 0.5892 -0.6352
vn -0.4977 0.5898 -0.6359
vn -0.9004 -0.4186 -0.1184
vn -0.9025 -0.4140 -0.1189
vn 0.4973 0.5895 -0.6366
vn 0.4986 0.5889 -0.6360
vn 0.9001 -0.4191 -0.1189
vn 0.9002 -0.4188 -0.1190
vn 0.9005 -0.4183 -0.1190
vn 0.9007 -0.4179 -0.1191
vn -0.7055 -0.7050 -0.0720
vn -0.6641 -0.7113 -0.2302
vn -0.6683 -0.7143 -0.2077
vn 0.5687 0.6260 -0.5335
vn -0.7071 0.7070 0.0121
vn -0.7072 0.7069 0.0119
vn -0.7075 0.7066 0.0124
vn -0.5631 0.5626 0.6053
vn -0.5827 0.5820 0.5672
vn 0.0418 -0.5154 -0.8559
vn 0.5015 -0.5883 -0.6344
vn 0.4977 -0.5898 -0.6359
vn -0.1559 -0.9876 0.0183
vn 0.4302 0.3724 0.8224
vn 0.2568 0.6496 0.7156
vn -0.7902 0.1234 -0.6002
vn -0.7927 0.1256 -0.5965
vn 0.7902 0.1234 -0.6002
vn 0.7927 0.1256 -0.5965
vn -0.4302 0.3726 0.8223
vn 0.7633 0.5693 -0.3054
vn 0.7331 0.6177 -0.2846
vn -0.1178 0.2014 -0.9724
vn -0.1166 0.1972 -0.9734
vn -0.7629 0.5698 -0.3056
vn -0.7330 0.6177 -0.2850
vn 0.1173 0.2007 -0.9726
vn 0.1163 0.1974 -0.9734
vn 0.5874 -0.2342 0.7747
vn 0.5558 -0.3576 0.7505
vn 0.5251 -0.4202 0.7401
vn 0.4154 -0.9096 0.0009
vn -0.8869 0.0000 0.4620
vn -0.9891 0.0000 -0.1475
vn 0.8874 0.0000 0.4610
vn 0.9891 0.0000 -0.1475
vn -0.0001 0.9914 0.1308
vn -0.0001 0.9926 0.1214
vn -0.0001 0.9904 0.1385
vn 0.0003 -0.1258 -0.9921
vn 0.1436 -0.6943 -0.7052
vn 0.1170 -0.7048 -0.6997
vn 0.1146 -0.7189 -0.6855
vn -0.2204 -0.6775 -0.7018
vn -0.1147 -0.7192 -0.6852
vn -0.2192 -0.6794 -0.7003
vn 0.0363 -0.9409 -0.3367
vn -0.7377 0.1133 0.6656
vn -0.7404 0.1155 0.6622
vn 0.7377 0.1133 0.6656
vn 0.7404 0.1155 0.6622
vn -0.7063 -0.6969 0.1246
vn -0.7061 -0.6971 0.1247
vn 0.9015 0.0002 -0.4328
vn 0.9015 0.0003 -0.4329
vn 0.8577 0.2787 -0.4320
vn 0.8577 0.2786 -0.4320
vn 0.7291 0.5300 -0.4330
vn 0.7290 0.5302 -0.4329
vn -0.5881 -0.2344 0.7741
vn -0.5578 -0.2917 0.7770
vn -0.5620 -0.3405 0.7538
vn -0.5586 -0.3775 0.7385
vn -0.5291 0.7293 -0.4339
vn -0.2787 0.8577 -0.4321
vn -0.5289 0.7294 -0.4339
vn -0.2787 0.8577 -0.4320
vn 0.0001 0.9015 -0.4329
vn 0.7296 -0.5303 -0.4318
vn 0.7299 -0.5298 -0.4319
vn 0.8579 -0.2788 -0.4315
vn 0.8578 -0.2790 -0.4316
vn 0.9015 0.0001 -0.4329
vn 0.9015 0.0001 -0.4328
vn 0.5296 0.7297 -0.4325
vn 0.5299 0.7295 -0.4324
vn 0.2786 0.8579 -0.4317
vn 0.2789 0.8578 -0.4316
vn -0.0003 0.9015 -0.4329
vn -0.0002 0.9015 -0.4328
vn 0.7291 0.5301 -0.4329
vn 0.8582 0.2791 -0.4309
vn 0.7293 0.5300 -0.4328
vn 0.8582 0.2790 -0.4308
vn 0.9021 -0.0003 -0.4315
vn 0.9021 -0.0003 -0.4316
vn -0.7295 -0.5303 -0.4321
vn -0.8579 -0.2788 -0.4315
vn -0.7298 -0.5300 -0.4319
vn -0.8578 -0.2790 -0.4316
vn -0.9015 0.0001 -0.4329
vn -0.7290 0.5301 -0.4331
vn -0.7292 0.5300 -0.4329
vn -0.8577 0.2787 -0.4320
vn -0.8578 0.2787 -0.4319
vn -0.9020 -0.0001 -0.4317
vn 0.6920 0.6915 0.2073
vn -0.5296 -0.7294 -0.4330
vn -0.5294 -0.7296 -0.4329
vn -0.2786 -0.8579 -0.4317
vn -0.2790 -0.8580 -0.4314
vn -0.0002 -0.9026 -0.4305
vn 0.2398 -0.8806 -0.4086
vn 0.2732 -0.8878 -0.3704
vn -0.2649 -0.8858 -0.3811
vn -0.9026 -0.0001 -0.4305
vn -0.8579 0.2787 -0.4317
vn -0.9026 -0.0002 -0.4305
vn -0.7293 0.5296 -0.4331
vn -0.7293 0.5299 -0.4329
vn 0.5301 -0.7298 -0.4317
vn 0.2785 -0.8580 -0.4315
vn 0.5304 -0.7298 -0.4314
vn 0.2788 -0.8580 -0.4314
vn 0.0002 -0.9026 -0.4305
vn 0.0001 -0.9026 -0.4305
vn -0.2804 0.7798 0.5597
vn -0.2215 0.8048 0.5507
vn -0.0484 0.8642 0.5009
vn -0.6920 0.6921 0.2054
vn -0.0053 -0.0043 -1.0000
vn -0.0053 -0.0047 -1.0000
vn 0.0052 -0.0043 -1.0000
vn 0.0053 -0.0047 -1.0000
vn 0.5298 0.7291 -0.4333
vn 0.5299 0.7291 -0.4332
vn 0.2898 0.8540 -0.4321
vn 0.2791 0.8574 -0.4323
vn -0.3061 -0.2655 0.9143
vn 0.5865 -0.4897 -0.6451
vn 0.7548 0.3972 0.5220
vn 0.8469 0.3932 0.3581
vn 0.8149 0.3892 0.4294
vn 0.8462 0.3944 0.3583
vn -0.4552 -0.2698 -0.8486
vn -0.6647 -0.2938 -0.6869
vn -0.2375 -0.1427 -0.9608
vn -0.2380 -0.1406 -0.9610
vn 0.0091 -0.8161 0.5778
vn 0.0078 -0.8911 0.4537
vn 0.0089 -0.8089 0.5878
vn 0.0076 -0.8911 0.4537
vn 0.4556 -0.2697 -0.8483
vn 0.6650 -0.2931 -0.6869
vn 0.2375 -0.1427 -0.9609
vn 0.2381 -0.1402 -0.9611
vn 0.9343 0.1268 -0.3332
vn 0.4530 0.0614 -0.8894
vn -0.9343 0.1264 -0.3333
vn -0.4532 0.0612 -0.8893
vn -0.4552 -0.2698 -0.8485
vn 0.3272 -0.6425 -0.6929
vn 0.3482 -0.5167 -0.7821
vn 0.3248 -0.6268 -0.7083
vn 0.1287 0.9914 0.0226
vn -0.5782 0.8147 0.0441
vn -0.5781 0.8148 0.0439
vn -0.7045 0.6900 0.1662
vn -0.7041 0.6994 0.1229
vn -0.7025 0.6917 0.1675
vn -0.5841 0.7979 0.1492
vn -0.3272 -0.6430 -0.6924
vn -0.3969 -0.5785 -0.7126
vn -0.3247 -0.6263 -0.7088
vn -0.3388 -0.5605 -0.7557
vn 0.0128 -0.1138 -0.9934
vn -0.0000 -0.1139 -0.9935
vn 0.0256 0.0646 -0.9976
vn 0.0428 0.0369 -0.9984
vn -0.0129 -0.1138 -0.9934
vn -0.0001 -0.1138 -0.9935
vn 0.9508 0.2888 0.1124
vn 0.9623 0.2263 0.1505
vn -0.0001 0.1141 -0.9935
vn -0.0129 0.1141 -0.9934
vn -0.9507 0.2889 0.1122
vn -0.8942 0.3425 0.2883
vn -0.6311 -0.6050 -0.4855
vn -0.6340 -0.6010 -0.4867
vn 0.5160 -0.3658 0.7746
vn 0.5032 -0.3797 0.7763
vn 0.6317 -0.6054 -0.4842
vn 0.6347 -0.6015 -0.4851
vn 0.0026 -0.0165 -0.9999
vn 0.0030 -0.0162 -0.9999
vn -0.0026 -0.0165 -0.9999
vn -0.0030 -0.0162 -0.9999
vn -0.0256 0.0646 -0.9976
vn -0.0428 0.0369 -0.9984
vn 0.0046 0.0017 1.0000
vn 0.0094 0.0037 0.9999
vn 0.9722 0.2340 -0.0085
vn 0.9652 0.2570 0.0490
vn 0.0128 0.1142 -0.9934
vn 0.0000 0.1142 -0.9935
vn 0.4702 -0.8395 0.2724
vn -0.4664 -0.4020 -0.7880
vn -0.4689 -0.4471 -0.7617
vn -0.4661 -0.8738 0.1384
vn -0.0072 0.0477 0.9988
vn 0.0000 -0.9308 0.3654
vn -0.0026 -0.9308 0.3655
vn 0.4974 0.5888 0.6371
vn 0.4973 0.5892 0.6368
vn 0.4973 0.5890 0.6370
vn 0.4973 0.5897 0.6363
vn 0.0026 -0.9308 0.3655
vn -0.4980 0.5888 0.6366
vn -0.4980 0.5892 0.6363
vn -0.4980 0.5890 0.6364
vn -0.4980 0.5893 0.6361
vn -0.0001 0.9797 0.2004
vn -0.0001 0.9769 0.2135
vn -0.0001 0.9759 0.2182
vn 0.7308 0.3735 0.5713
vn 0.7315 0.3719 0.5715
vn 0.7315 0.6164 -0.2917
vn 0.7319 0.6158 -0.2919
vn 0.7317 0.6161 -0.2917
vn 0.7321 0.6155 -0.2920
vn -0.8153 0.3890 0.4290
vn -0.7548 0.3972 0.5220
vn -0.7305 0.3736 0.5716
vn -0.7314 0.3718 0.5716
vn -0.7282 0.6209 -0.2902
vn -0.7304 0.6177 -0.2913
vn 0.3327 -0.6539 -0.6795
vn -0.8722 -0.4891 -0.0113
vn -0.3326 -0.6545 -0.6790
vn 0.8732 -0.4872 -0.0116
vn -0.7640 0.5372 0.3575
vn -0.7796 0.5432 0.3117
vn -0.0001 0.4530 0.8915
vn -0.7868 0.5398 0.2993
vn -0.0000 -0.3731 0.9278
vn 0.7691 -0.4221 -0.4800
vn 0.7756 -0.4352 -0.4572
vn -0.7690 -0.4218 -0.4804
vn -0.7757 -0.4347 -0.4575
vn 0.0287 -0.3735 0.9272
vn 0.0307 -0.3728 0.9274
vn -0.1140 0.0126 -0.9934
vn -0.1142 0.0127 -0.9934
vn 0.5219 0.8525 0.0293
vn -0.5219 0.8525 0.0293
vn -0.9395 -0.3425 0.0000
vn 0.9395 -0.3425 0.0000
vn -0.0945 0.9704 0.2224
vn -0.0998 0.9694 0.2245
vn -0.1775 0.9512 0.2525
vn -0.2004 0.9471 0.2508
vn 0.0946 0.9703 0.2224
vn 0.1773 0.9512 0.2524
vn 0.0999 0.9693 0.2245
vn 0.2002 0.9471 0.2507
vn 0.1017 -0.9072 -0.4082
vn 0.1658 -0.8976 -0.4084
vn 0.1011 -0.9073 -0.4082
vn 0.1652 -0.8977 -0.4084
vn 0.2666 -0.8676 -0.4197
vn 0.2492 -0.8731 -0.4190
vn -0.3608 0.9290 0.0822
vn -0.1017 -0.9072 -0.4082
vn -0.1011 -0.9073 -0.4082
vn -0.1658 -0.8976 -0.4084
vn -0.1652 -0.8977 -0.4084
vn -0.2668 -0.8678 -0.4193
vn -0.2496 -0.8732 -0.4185
vn 0.3608 0.9290 0.0822
vn -0.0003 0.9998 -0.0216
vn -0.0003 0.9998 -0.0212
vn -0.0001 0.9998 -0.0213
vn -0.0004 0.7176 -0.6965
vn 0.9294 0.0659 0.3632
vn 0.9289 0.1033 0.3555
vn 0.2883 0.0391 -0.9567
vn -0.6647 -0.2939 -0.6869
vn -0.2883 0.0391 -0.9567
vn 0.1014 0.9946 0.0235
vn 0.2890 0.9395 0.1838
vn -0.1021 0.9945 0.0240
vn -0.2894 0.9394 0.1838
vn -0.0000 0.3605 0.9328
vn -0.0001 0.3909 0.9204
vn 0.0755 0.0273 -0.9968
vn -0.0030 0.0130 -0.9999
vn 0.0098 -0.5444 0.8388
vn 0.0100 -0.7070 0.7071
vn 0.0089 -0.5809 0.8139
vn 0.0085 -0.7069 0.7073
vn 0.3790 -0.4840 0.7887
vn 0.0025 -0.0147 0.9999
vn -0.0002 0.9998 0.0174
vn -0.0001 0.9998 0.0174
vn -0.1559 0.9876 0.0172
vn 0.6451 -0.7619 -0.0576
vn 0.5736 -0.8189 -0.0214
vn -0.1751 -0.9808 -0.0858
vn 0.1748 -0.9809 -0.0855
vn -0.0874 -0.1338 0.9872
vn -0.0820 -0.1283 0.9883
vn -0.0870 -0.1341 0.9871
vn -0.0854 -0.1142 0.9898
vn -0.1154 -0.0878 0.9894
vn -0.0996 -0.0865 0.9913
vn -0.0866 -0.1031 0.9909
vn 0.1336 -0.0880 0.9871
vn 0.1279 -0.0819 0.9884
vn 0.1340 -0.0875 0.9871
vn 0.1133 -0.0848 0.9899
vn 0.0880 -0.1151 0.9894
vn 0.0865 -0.0994 0.9913
vn 0.1016 -0.0856 0.9911
vn 0.0876 -0.1337 0.9871
vn 0.0872 -0.1340 0.9871
vn 0.0819 -0.1281 0.9884
vn 0.0852 -0.1138 0.9899
vn 0.1150 -0.0885 0.9894
vn 0.0997 -0.0869 0.9912
vn 0.0861 -0.1024 0.9910
vn -0.1338 -0.0877 0.9871
vn -0.1341 -0.0874 0.9871
vn -0.1280 -0.0823 0.9884
vn -0.1135 -0.0854 0.9899
vn -0.0873 -0.1152 0.9895
vn -0.0858 -0.0992 0.9914
vn -0.1023 -0.0862 0.9910
vn -0.4714 0.8488 0.2393
vn -0.7375 -0.1103 0.6662
vn -0.4708 0.8303 0.2982
vn -0.5268 0.3001 0.7952
vn -0.7429 -0.6431 0.1859
vn -0.7430 -0.6279 0.2317
vn -0.7376 -0.1103 0.6662
vn -0.6419 -0.4537 0.6182
vn 0.0000 -0.7430 0.6693
vn -0.6704 -0.7420 0.0000
vn -0.0025 -0.0147 0.9999
vn 0.6714 -0.7411 0.0000
vn 0.0000 -0.7411 -0.6714
vn 0.1012 -0.9406 -0.3240
vn 0.4987 0.7691 0.3997
vn 0.4807 0.7738 0.4125
vn 0.7386 -0.1085 0.6654
vn 0.5262 0.3034 0.7944
vn 0.7429 -0.6431 0.1859
vn 0.7431 -0.6277 0.2320
vn 0.6441 -0.4492 0.6192
vn -0.0003 0.9994 0.0334
vn -0.0003 0.9998 0.0197
vn -0.0003 0.9999 0.0165
vn 0.1012 0.9406 -0.3240
vn -0.0291 -0.2301 -0.9727
vn -0.0291 -0.2302 -0.9727
vn 0.9407 -0.0693 -0.3321
vn 0.9405 -0.1016 -0.3242
vn 0.0646 0.9966 0.0516
vn -0.0215 0.9988 0.0450
vn 0.0441 0.9977 0.0522
vn -0.8579 -0.2788 -0.4316
vn -0.8580 -0.2786 -0.4315
vn -0.7123 -0.3421 -0.6129
vn 0.2783 0.8580 -0.4316
vn 0.5297 0.7297 -0.4324
vn 0.2785 0.8580 -0.4316
vn 0.5299 0.7294 -0.4326
vn 0.8585 -0.2787 -0.4305
vn 0.8586 -0.2786 -0.4304
vn -0.0005 -0.9286 -0.3711
vn -0.0004 -0.9294 -0.3691
vn 0.3534 -0.6955 0.6257
vn 0.3820 -0.7078 0.5943
vn -0.3539 -0.6961 0.6247
vn -0.3827 -0.7084 0.5931
vn 0.7123 -0.3421 -0.6129
vn 0.2787 -0.8581 -0.4314
vn 0.2789 -0.8579 -0.4315
vn 0.5303 -0.7298 -0.4316
vn 0.5301 -0.7299 -0.4314
vn -0.2782 0.8581 -0.4316
vn -0.2784 0.8579 -0.4318
vn -0.5295 0.7290 -0.4338
vn 0.8578 0.2785 -0.4319
vn -0.7292 -0.5300 -0.4329
vn -0.7293 -0.5298 -0.4330
vn -0.7294 0.5304 -0.4320
vn -0.8578 0.2786 -0.4319
vn -0.7296 0.5300 -0.4322
vn -0.2787 -0.8579 -0.4317
vn -0.5299 -0.7293 -0.4329
vn -0.2787 -0.8577 -0.4320
vn -0.5296 -0.7294 -0.4329
vn 0.2865 -0.8551 -0.4321
vn 0.2782 -0.8579 -0.4321
vn 0.5298 -0.7292 -0.4331
vn 0.5299 -0.7290 -0.4333
vn 0.7293 -0.5299 -0.4329
vn 0.7291 -0.5300 -0.4330
vn 0.7291 -0.5301 -0.4328
vn 0.7290 -0.5304 -0.4327
vn -0.5297 -0.7289 -0.4338
vn -0.7292 -0.5298 -0.4331
vn -0.5296 -0.7288 -0.4340
vn -0.7295 -0.5296 -0.4329
vn -0.8580 -0.2788 -0.4314
vn -0.8580 -0.2784 -0.4317
vn 0.7296 0.5302 -0.4320
vn 0.7293 0.5306 -0.4320
vn -0.8381 0.3149 0.4453
vn -0.7605 0.3213 0.5643
vn -0.4593 0.7018 0.5446
vn -0.4624 0.7040 0.5390
vn -0.2864 -0.8553 -0.4317
vn -0.2783 -0.8580 -0.4318
vn 0.8579 -0.2789 -0.4317
vn 0.8578 -0.2791 -0.4316
vn 0.8370 0.3151 0.4473
vn 0.7618 0.3212 0.5625
vn -0.0003 -0.9014 -0.4330
vn -0.0002 -0.9016 -0.4325
vn 0.0000 0.1347 0.9909
vn 0.0019 0.0460 0.9989
vn -0.4214 -0.4941 0.7605
vn -0.0001 -0.8222 0.5691
vn -0.1372 -0.7696 0.6236
vn -0.0019 0.0460 0.9989
vn 0.7041 0.6994 0.1229
vn 0.5860 0.7966 0.1488
vn 0.6971 0.6857 0.2092
vn -0.0001 0.9978 0.0670
vn -0.0001 0.9954 0.0956
vn -0.0002 0.9921 0.1258
vn 0.8040 0.5639 0.1885
vn 0.8006 0.5684 0.1893
vn 0.7036 0.6789 0.2099
vn 0.6971 0.6858 0.2092
vn 0.4226 -0.4947 0.7594
vn 0.1373 -0.7698 0.6233
vn -0.8003 0.5690 0.1891
vn -0.7970 0.5733 0.1899
vn 0.3064 -0.2643 0.9145
vn -0.8486 0.3906 0.3567
vn -0.8481 0.3916 0.3569
vn 0.1571 -0.9873 0.0227
vn 0.1572 -0.9873 0.0226
vn -0.1567 -0.9874 0.0226
vn -0.1568 -0.9874 0.0226
vn -0.1572 -0.9873 0.0226
vn 0.0417 0.5154 -0.8560
vn 0.6639 0.6644 0.3431
vn 0.6828 0.6821 0.2619
vn 0.9650 0.1911 0.1796
vn 0.1909 0.9648 0.1808
vn -0.6641 0.6642 0.3431
vn -0.9652 0.1909 0.1787
vn -0.6829 0.6818 0.2622
vn -0.1909 0.9648 0.1808
vn -0.6419 -0.4535 0.6183
vn -0.6973 -0.4161 0.5836
vn -0.5268 0.3002 0.7952
vn -0.9138 -0.0855 0.3971
vn -0.8135 -0.4830 0.3239
vn -0.8219 -0.4784 0.3093
vn -0.5011 0.8497 0.1640
vn -0.5044 0.8478 0.1638
vn 0.5011 0.8497 0.1640
vn 0.5044 0.8478 0.1638
vn 0.6440 -0.4492 0.6192
vn 0.5263 0.3033 0.7944
vn 0.6957 -0.4239 0.5799
vn 0.9126 -0.0956 0.3976
vn 0.8177 -0.4744 0.3260
vn 0.8263 -0.4697 0.3110
vn 0.4919 0.5657 0.6619
vn 0.0001 0.7760 -0.6307
vn -0.1291 0.9246 0.3583
vn -0.4985 0.6162 0.6097
vn -0.5910 -0.5241 -0.6132
vn 0.5979 0.6870 0.4129
vn 0.5900 0.6903 0.4188
vn 0.0896 -0.1302 0.9874
vn 0.0982 -0.1364 0.9858
vn 0.0984 -0.1362 0.9858
vn 0.1792 -0.1465 0.9728
vn 0.1890 -0.1515 0.9702
vn -0.0979 -0.1365 0.9858
vn -0.0889 -0.1304 0.9875
vn -0.0981 -0.1362 0.9858
vn -0.1799 -0.1468 0.9727
vn -0.1893 -0.1516 0.9701
vn 0.1359 -0.0986 0.9858
vn 0.1298 -0.0901 0.9874
vn 0.1357 -0.0988 0.9858
vn 0.1468 -0.1799 0.9727
vn 0.1503 -0.1868 0.9708
vn -0.1305 -0.0892 0.9874
vn -0.1363 -0.0982 0.9858
vn -0.1360 -0.0984 0.9858
vn -0.1473 -0.1808 0.9724
vn -0.1508 -0.1876 0.9706
vn -0.0026 -0.7684 0.6399
vn -0.0011 -0.7689 0.6393
vn -0.0004 -0.7691 0.6391
vn 0.0001 -0.7694 0.6388
vn -0.1613 0.3715 -0.9143
vn -0.1612 0.3715 -0.9143
vn -0.3662 0.8432 -0.3937
vn 0.1613 0.3715 -0.9143
vn 0.1612 0.3716 -0.9143
vn 0.3661 0.8432 -0.3937
vn 0.2689 0.6699 -0.6920
vn -0.5980 0.6868 0.4131
vn -0.5899 0.6901 0.4192
vn -0.5465 0.7503 0.3718
vn -0.0002 0.7774 0.6290
vn 0.5464 0.7502 0.3722
vn 0.7857 -0.6159 -0.0568
vn -0.7855 -0.6162 -0.0570
vn -0.7854 -0.6163 -0.0570
vn -0.0001 0.6620 0.7495
vn -0.0003 0.6856 0.7280
vn 0.0920 -0.8219 0.5622
vn 0.1042 -0.8235 0.5576
vn 0.0004 -0.8652 0.5014
vn -0.0847 -0.8038 0.5888
vn -0.0846 -0.8033 0.5895
vn -0.1039 -0.8235 0.5577
vn -0.0919 -0.8218 0.5622
vn 0.0847 -0.8036 0.5891
vn 0.0845 -0.8032 0.5897
vn -0.5671 0.3314 -0.7541
vn 0.0145 0.3247 -0.9457
vn -0.0117 0.1964 -0.9804
vn 0.5653 0.3334 -0.7545
vn -0.0145 0.3246 -0.9457
vn 0.0117 0.1965 -0.9804
vn -0.4418 0.2292 0.8674
vn -0.4383 0.2329 0.8682
vn 0.4405 0.2304 0.8677
vn 0.4406 0.2304 0.8676
vn 0.4406 0.2303 0.8676
vn -0.9833 0.1813 0.0136
vn -0.9754 0.2200 -0.0114
vn -0.9651 0.2572 0.0493
vn 0.0128 -0.9317 -0.3629
vn 0.0056 -0.9569 -0.2904
vn -0.0128 -0.9317 -0.3629
vn -0.0056 -0.9569 -0.2904
vn 0.4687 -0.5251 -0.7103
vn -0.0427 -0.3305 -0.9428
vn -0.1632 -0.2668 -0.9498
vn 0.4160 0.6223 -0.6631
vn 0.3190 0.4744 -0.8205
vn 0.6189 0.7640 0.1821
vn 0.6183 0.7641 0.1840
vn -0.4159 0.6223 -0.6632
vn -0.6191 0.7639 0.1821
vn -0.6184 0.7640 0.1840
vn -0.9294 -0.3660 0.0476
vn 0.9295 -0.3657 0.0479
vn -0.4872 0.8301 0.2711
vn 0.4872 0.8302 0.2711
vn 0.9090 -0.3723 -0.1874
vn 0.9094 -0.3718 -0.1867
vn 0.9091 -0.3721 -0.1872
vn 0.9095 -0.3716 -0.1865
vn -0.9074 -0.3755 -0.1889
vn -0.9081 -0.3745 -0.1877
vn 0.0292 -0.2303 -0.9727
vn 0.0291 -0.2302 -0.9727
vn 0.6050 -0.7897 -0.1016
vn -0.6045 -0.7901 -0.1018
vn -0.6237 0.7762 0.0929
vn -0.5527 0.8220 0.1374
vn -0.6387 0.7674 0.0572
vn -0.4373 0.8958 0.0798
vn -0.4563 0.8845 0.0974
vn -0.4562 0.8850 0.0931
vn 0.6253 0.7748 0.0927
vn 0.6404 0.7659 0.0568
vn 0.5540 0.8211 0.1374
vn 0.4386 0.8951 0.0800
vn 0.4569 0.8862 0.0763
vn 0.4567 0.8864 0.0758
vn -0.9766 -0.2147 0.0126
vn 0.1185 -0.9378 0.3264
vn 0.1184 -0.9378 0.3264
vn -0.1185 -0.9378 0.3264
vn -0.1184 -0.9378 0.3264
vn -0.5786 0.7185 -0.3859
vn -0.5785 0.7183 -0.3866
vn 0.0429 -0.3304 -0.9429
vn 0.1631 -0.2667 -0.9499
vn 0.5786 0.7185 -0.3859
vn 0.5785 0.7183 -0.3866
vn -0.5582 0.3559 0.7495
vn -0.5613 0.3600 0.7452
vn 0.5595 0.3567 0.7482
vn 0.5626 0.3608 0.7438
vn 0.8385 0.5340 0.1086
vn 0.0008 0.4166 -0.9091
vn -0.8382 0.5344 0.1085
vn 0.7623 -0.6336 0.1319
vn 0.7620 -0.6334 0.1348
vn 0.0483 -0.9109 -0.4099
vn 0.0470 -0.9109 -0.4099
vn -0.0483 -0.9109 -0.4099
vn -0.0470 -0.9109 -0.4099
vn -0.7647 -0.6306 0.1324
vn -0.7644 -0.6305 0.1353
vn 0.2188 0.0028 -0.9758
vn 0.2181 0.0029 -0.9759
vn 0.2180 0.0030 -0.9760
vn 0.2202 0.0023 -0.9755
vn 0.2196 0.0025 -0.9756
vn 0.2197 0.0025 -0.9756
vn 0.2195 0.0025 -0.9756
vn 0.1508 0.0511 -0.9872
vn -0.1508 0.0511 -0.9872
vn -0.2195 0.0025 -0.9756
vn -0.2196 0.0025 -0.9756
vn -0.2201 0.0023 -0.9755
vn -0.2179 0.0030 -0.9760
vn -0.2180 0.0029 -0.9759
vn -0.2179 0.0029 -0.9760
vn -0.2187 0.0028 -0.9758
vn 0.0082 -0.3106 0.9505
vn 0.0155 -0.1562 0.9876
vn 0.6166 0.6812 0.3947
vn 0.6166 0.6807 0.3956
vn -0.6170 0.6806 0.3950
vn -0.6170 0.6805 0.3953
vn 0.1555 0.9877 0.0171
vn 0.0011 -0.1084 0.9941
vn -0.1443 -0.3891 0.9098
vn 0.9063 0.1598 -0.3912
vn -0.4532 0.0613 -0.8893
vn -0.9059 0.1582 -0.3927
vn -0.5384 -0.0583 -0.8407
vn -0.5202 -0.0825 -0.8500
vn 0.7873 -0.6054 0.1167
vn 0.7872 -0.6055 0.1166
vn -0.7873 -0.6054 0.1167
vn -0.7872 -0.6055 0.1166
vn -0.0002 -0.7969 0.6041
vn -0.0002 -0.7968 0.6042
vn -0.7246 0.5787 0.3743
vn -0.6859 0.5514 0.4749
vn -0.3937 -0.4212 0.8171
vn -0.3898 -0.3995 0.8298
vn -0.0002 -0.9966 -0.0826
vn -0.0001 -0.9983 -0.0579
vn -0.0001 -1.0000 0.0013
vn -0.0823 -0.5202 -0.8501
vn -0.0910 -0.6853 0.7226
vn 0.6456 -0.5955 0.4780
vn 0.0910 -0.6852 0.7226
vn -0.6493 -0.5938 0.4752
vn -0.0001 0.7553 0.6554
vn 0.7232 0.5776 0.3786
vn 0.6850 0.5506 0.4771
vn 0.3943 -0.4226 0.8161
vn 0.3899 -0.3980 0.8304
vn -0.9151 0.3971 0.0699
vn -0.9761 0.2058 0.0699
vn 0.8224 0.5651 0.0665
vn 0.9151 0.3971 0.0699
vn 0.9760 0.2062 0.0699
vn 0.5064 0.5078 0.6969
vn -0.5063 0.5079 0.6969
vn -0.0099 -0.7070 0.7071
vn -0.0085 -0.7069 0.7073
vn -0.0078 -0.4765 0.8791
vn 0.5384 -0.0582 -0.8406
vn 0.5207 -0.0818 -0.8498
vn 0.6911 0.6852 0.2299
vn 0.0000 0.0005 -1.0000
vn -0.7264 0.6731 -0.1389
vn -0.6446 0.7615 -0.0673
vn 0.7264 0.6731 -0.1388
vn 0.6461 0.7602 -0.0683
vn -0.2410 0.2996 -0.9231
vn -0.3946 0.5550 -0.7323
vn 0.2410 0.2996 -0.9231
vn -0.8093 0.5723 0.1327
vn -0.7896 0.6018 0.1201
vn 0.8143 0.5688 0.1160
vn 0.7896 0.6018 0.1201
vn -0.6911 0.6852 0.2299
vn -0.0926 -0.9867 0.1340
vn -0.0053 -0.9643 0.2647
vn -0.1054 -0.8591 0.5009
vn 0.4733 -0.8740 0.1100
vn 0.0915 -0.9744 0.2053
vn 0.5136 -0.8453 0.1471
vn -0.9310 -0.3624 0.0440
vn -0.7581 -0.6519 -0.0170
vn 0.3635 0.9313 0.0253
vn 0.3725 0.9274 0.0328
vn 0.3861 0.9220 0.0292
vn 0.4443 0.8951 0.0384
vn -0.3637 0.9312 0.0253
vn -0.3862 0.9220 0.0291
vn -0.3726 0.9274 0.0327
vn -0.4832 0.8744 0.0440
vn 0.3219 -0.2978 -0.8987
vn -0.8805 0.4639 0.0979
vn -0.8126 0.5670 0.1346
vn -0.8092 0.5723 0.1327
vn 0.8562 0.5042 0.1126
vn 0.0003 -1.0000 -0.0057
vn 0.0002 -0.9973 -0.0738
vn -0.3218 -0.2987 -0.8984
vn 0.3580 0.9334 0.0257
vn 0.3591 0.9331 0.0216
vn -0.3575 0.9335 0.0295
vn -0.3595 0.9329 0.0222
vn -0.4404 0.8908 0.1116
vn -0.4554 0.8828 0.1148
vn 0.4404 0.8908 0.1116
vn 0.4569 0.8862 0.0765
vn 0.4554 0.8828 0.1148
vn 0.4986 0.7691 0.3997
vn 0.9632 0.2261 -0.1452
vn -0.9633 0.2257 -0.1453
vn 0.2303 -0.0293 -0.9727
vn 0.2301 -0.0291 -0.9727
vn 0.2302 -0.0291 -0.9727
vn -0.2300 -0.0291 -0.9728
vn -0.2303 -0.0293 -0.9727
vn -0.4478 -0.1673 0.8784
vn -0.7107 -0.5678 0.4154
vn -0.7086 -0.5657 0.4218
vn 0.7100 -0.5671 0.4174
vn 0.7101 -0.5671 0.4172
vn 0.0005 0.9964 0.0850
vn 0.4479 -0.1611 0.8794
vn 0.8141 0.5590 0.1577
vn -0.8141 0.5590 0.1577
vn -0.1374 -0.6249 0.7685
vn -0.1380 -0.6367 0.7586
vn -0.0000 -0.7440 0.6682
vn -0.0000 -0.7537 0.6572
vn 0.1373 -0.6246 0.7688
vn 0.1379 -0.6365 0.7588
vn 0.1143 0.1082 0.9875
vn 0.4900 -0.8585 0.1513
vn -0.1145 0.1083 0.9875
vn -0.4903 -0.8584 0.1511
vn -0.0012 -0.9189 -0.3944
vn 0.2639 -0.8860 -0.3812
vn 0.2053 -0.8943 -0.3977
vn -0.2396 -0.8809 -0.4081
vn -0.2720 -0.8880 -0.3706
vn -0.1856 -0.9692 -0.1622
vn 0.1858 -0.9691 -0.1621
vn -0.5554 -0.8296 -0.0578
vn 0.5554 -0.8296 -0.0577
vn 0.0000 -0.5343 -0.8453
vn 0.0002 -0.5267 -0.8501
vn -0.0001 -0.9121 -0.4101
vn 0.5322 0.7346 -0.4209
vn 0.7217 -0.5022 -0.4763
vn -0.5790 0.8140 0.0463
vn 0.5738 0.8180 0.0399
vn -0.5308 0.7347 -0.4225
vn -0.7202 -0.5020 -0.4788
vn 0.9702 0.2417 -0.0147
vn 0.9787 0.2047 -0.0173
vn 0.9418 0.3357 -0.0170
vn 0.7796 0.5432 0.3117
vn 0.7867 0.5399 0.2994
vn 0.8536 0.4507 0.2612
vn 0.8556 0.4467 0.2615
vn 0.8037 0.5535 0.2187
vn -0.0013 -0.9189 -0.3944
vn -0.8549 0.4482 0.2614
vn -0.8569 0.4441 0.2617
vn -0.8038 0.5534 0.2185
vn -0.9138 -0.0855 0.3970
vn -0.0100 0.9986 0.0527
vn 0.0559 0.9970 0.0529
vn -0.3622 0.9200 0.1496
vn 0.9166 0.3709 0.1494
vn -0.9190 0.3647 0.1496
vn -0.9986 -0.0432 0.0311
vn -0.0434 0.9986 0.0311
vn 0.9986 -0.0432 0.0310
vn 0.3635 0.9195 0.1496
vn 0.0432 0.9986 0.0311
vn -0.3390 -0.6946 0.6346
vn 0.7668 0.5324 0.3586
vn -0.0125 -0.0309 0.9994
vn 0.0125 -0.0309 0.9994
vn 0.6455 -0.5819 0.4947
vn 0.6380 -0.5883 0.4969
vn 0.2303 -0.0292 -0.9727
vn 0.2302 -0.0292 -0.9727
vn 0.0291 -0.2301 -0.9727
vn -0.6464 -0.5827 0.4926
vn -0.6418 -0.5866 0.4940
vn 0.2946 0.3361 -0.8946
vn 0.6414 -0.6200 -0.4519
vn 0.4880 -0.7402 -0.4625
vn -0.0006 0.9998 -0.0181
vn 0.3361 0.9417 -0.0172
vn 0.5970 0.8021 -0.0160
vn -0.5660 0.7821 0.2609
vn -0.0004 0.9272 0.3746
vn 0.5655 0.7820 0.2621
vn 0.0001 0.9849 0.1730
vn 0.6735 0.7388 -0.0213
vn 0.3400 -0.6948 0.6338
vn -0.6717 0.7405 -0.0208
vn -0.2299 -0.0291 -0.9728
vn -0.2297 -0.0290 -0.9728
vn -0.6416 -0.6202 -0.4513
vn -0.4881 -0.7405 -0.4621
vn 0.9505 0.2116 0.2274
vn 0.9512 0.2084 0.2276
vn 0.9334 0.2829 0.2206
vn 0.1400 0.4491 -0.8825
vn 0.1398 0.4491 -0.8825
vn 0.1397 0.4492 -0.8825
vn 0.1391 0.4493 -0.8825
vn -0.5512 -0.4291 0.7156
vn -0.8524 -0.0725 0.5178
vn -0.5114 -0.4428 0.7365
vn -0.3364 0.9415 -0.0175
vn -0.5969 0.8021 -0.0166
vn -0.4269 0.9032 0.0449
vn -0.0020 -0.9867 0.1623
vn 0.8021 0.5970 -0.0156
vn -0.1403 0.4491 -0.8824
vn -0.1399 0.4492 -0.8824
vn -0.1395 0.4493 -0.8824
vn -0.1392 0.4494 -0.8824
vn -0.9331 0.2840 0.2205
vn -0.9510 0.2093 0.2276
vn -0.9503 0.2126 0.2273
vn -0.9787 0.2046 -0.0168
vn -0.9702 0.2419 -0.0151
vn -0.9418 0.3357 -0.0169
vn 0.0350 -0.9994 0.0000
vn 0.0473 -0.9989 0.0041
vn -0.9697 0.2441 0.0068
vn -0.9697 0.2441 0.0012
vn -0.9704 0.2413 -0.0113
vn -0.9703 0.2417 -0.0138
vn -0.8025 -0.5966 -0.0092
vn -0.9488 -0.3156 -0.0108
vn -0.8903 -0.2769 0.3614
vn 0.8895 -0.2774 0.3631
vn -0.7708 0.5826 0.2579
vn -0.6065 0.7606 0.2317
vn -0.3952 0.8969 0.1982
vn -0.7605 0.6066 0.2317
vn -0.8970 0.3953 0.1980
vn 0.7603 0.6067 0.2319
vn 0.8968 0.3949 0.1997
vn 0.7704 0.5827 0.2588
vn 0.6065 0.7606 0.2316
vn 0.3956 0.8969 0.1976
vn 0.0055 -0.0055 -1.0000
vn -0.0043 0.0043 -1.0000
vn -0.0079 0.0079 -0.9999
vn -0.2949 0.3357 -0.8946
vn 0.7041 -0.5625 -0.4334
vn 0.7383 -0.5881 -0.3303
vn -0.6985 -0.7130 0.0618
vn -0.7039 -0.7013 0.1130
vn 0.9487 -0.3160 -0.0101
vn 0.8025 -0.5966 -0.0090
vn 0.3375 -0.9413 -0.0047
vn -0.8022 0.5968 -0.0152
vn -0.7760 0.6305 -0.0142
vn 0.0049 -0.9998 0.0211
vn -0.7075 -0.5652 -0.4242
vn -0.7370 -0.5872 -0.3347
vn 0.6978 -0.7136 0.0623
vn 0.7035 -0.7009 0.1176
vn 0.7068 0.7073 -0.0112
vn 0.2070 0.9783 -0.0093
vn 0.4141 0.9101 -0.0117
vn -0.7163 0.5721 -0.3996
vn -0.7241 0.5788 -0.3752
vn 0.7194 0.5748 -0.3900
vn 0.7241 0.5788 -0.3752
vn -0.0292 -0.2303 -0.9727
vn 0.6305 0.7761 -0.0141
vn 0.7760 0.6305 -0.0139
vn 0.5506 -0.4287 0.7162
vn -0.6305 0.7761 -0.0138
vn -0.9101 0.4142 -0.0118
vn -0.0061 0.1560 -0.9877
vn -0.9783 0.2069 -0.0104
vn 0.7067 0.7075 0.0000
vn -0.7071 0.7071 0.0000
vn -0.2071 0.9783 -0.0092
vn -0.4140 0.9102 -0.0119
vn 0.7073 0.7069 0.0000
vn -0.7077 -0.7065 0.0000
vn 0.9102 0.4139 -0.0127
vn -0.6312 -0.7756 0.0023
vn 0.7071 0.7071 0.0000
vn -0.9694 0.2456 0.0050
vn -0.9700 0.2427 -0.0144
vn 0.7063 -0.7079 0.0000
vn -0.7733 -0.5714 -0.2749
vn -0.7769 -0.6036 -0.1793
vn 0.0091 0.0041 0.9999
vn 0.0043 0.0020 1.0000
vn -0.1271 -0.9918 0.0095
vn -0.1250 -0.9921 0.0119
vn -0.7073 0.7069 0.0000
vn -0.7075 -0.7067 0.0000
vn 0.9783 0.2071 -0.0103
vn -0.6380 -0.5957 -0.4880
vn 0.7075 -0.7067 0.0000
vn -0.3370 -0.9415 -0.0051
vn -0.7072 0.7069 -0.0117
vn 0.7733 -0.5714 -0.2749
vn 0.7769 -0.6036 -0.1793
vn -0.9025 0.3273 0.2799
vn -0.9087 0.3117 0.2778
vn -0.9447 0.1655 0.2830
vn -0.9448 0.1655 0.2829
vn 0.6386 -0.5963 -0.4864
vn -0.1216 -0.2616 -0.9575
vn -0.1216 -0.2615 -0.9575
vn -0.1215 -0.2614 -0.9575
vn 0.4782 0.6639 0.5749
vn 0.4719 0.6643 0.5797
vn 0.6313 -0.7756 0.0022
vn -0.3493 0.9297 0.1170
vn -0.3470 0.9316 0.1080
vn 0.3493 0.9297 0.1165
vn 0.3470 0.9317 0.1076
vn 0.9029 0.3271 0.2789
vn 0.9448 0.1655 0.2828
vn -0.2904 0.7343 -0.6136
vn -0.2881 0.7319 -0.6175
vn -0.9702 0.2413 0.0219
vn -0.9699 0.2424 0.0215
vn -0.3017 0.5212 0.7983
vn 0.0063 0.9607 0.2775
vn 0.2904 0.7346 -0.6131
vn 0.2882 0.7323 -0.6171
vn -0.4782 0.6639 0.5749
vn -0.4731 0.6642 0.5788
vn 0.5423 -0.8188 0.1881
vn -0.1318 -0.4253 0.8954
vn -0.1321 -0.4253 0.8954
vn 0.9644 0.2393 0.1122
vn 0.9583 0.2627 0.1124
vn -0.7391 0.3779 0.5576
vn -0.7388 0.3782 0.5578
vn -0.5413 -0.8198 0.1870
vn -0.2081 -0.9781 -0.0004
vn -0.4155 -0.9096 0.0012
vn -0.0535 -0.7876 0.6138
vn 0.0001 0.0003 -1.0000
vn 0.0001 0.0002 -1.0000
vn -0.7477 0.1474 -0.6475
vn -0.0260 -0.9997 -0.0018
vn 0.9702 0.2419 -0.0138
vn 0.9702 0.2418 -0.0132
vn 0.9704 0.2414 -0.0107
vn 0.4698 -0.2730 -0.8395
vn 0.0379 -0.0710 0.9968
vn 0.2457 0.9314 0.2685
vn 0.2437 0.9322 0.2676
vn -0.4656 0.1384 -0.8741
vn -0.2451 0.9317 0.2682
vn -0.2431 0.9325 0.2673
vn 0.0149 0.9942 0.1066
vn 0.9877 -0.0710 0.1394
vn 0.4668 -0.4023 0.7876
vn 0.7411 0.3760 0.5562
vn 0.7404 0.3767 0.5567
vn -0.9586 0.2618 0.1125
vn -0.9642 0.2401 0.1123
vn -0.9703 0.2413 0.0199
vn -0.4673 -0.4021 0.7873
vn -0.9031 -0.1953 0.3825
vn -0.4684 -0.5866 0.6606
vn -0.4654 -0.4019 0.7886
vn -0.4653 -0.6257 0.6261
vn 0.0000 -0.7697 0.6384
vn -0.4705 -0.8824 0.0000
vn -0.0002 -0.7688 0.6395
vn -0.0001 -0.7690 0.6393
vn 0.4702 -0.5187 -0.7141
vn 0.9568 0.2365 0.1692
vn 0.9559 0.2388 0.1712
vn 0.0002 -0.9974 0.0714
vn 0.0000 -0.7915 0.6112
vn 0.0000 0.9965 0.0839
vn 0.0000 0.9963 0.0856
vn 0.1316 -0.4255 0.8953
vn 0.1320 -0.4254 0.8953
vn -0.9563 0.2384 0.1691
vn -0.9563 0.2385 0.1693
vn -0.9560 0.2391 0.1698
vn -0.9559 0.2394 0.1700
vn 0.9710 -0.2111 0.1120
vn 0.4656 -0.8741 0.1384
vn -0.5885 0.8062 0.0604
vn -0.5885 0.8062 0.0603
vn -0.4652 -0.7888 -0.4017
vn 0.5885 0.8064 0.0589
vn 0.5885 0.8064 0.0590
vn 0.6902 0.7208 0.0633
vn -0.9031 -0.1953 0.3824
vn 0.0000 0.9830 0.1837
vn 0.0378 -0.0711 -0.9968
vn -0.0027 -0.9688 0.2479
vn 0.0116 -0.9767 0.2145
vn -0.0012 -0.9651 0.2617
vn -0.0032 -0.9699 0.2434
vn -0.5905 0.8048 0.0605
vn 0.5905 0.8048 0.0605
vn 0.0000 -0.8848 0.4661
vn 0.0000 1.0000 0.0058
vn 0.0000 -0.8846 0.4663
vn 0.0000 1.0000 0.0060
vn -0.8658 -0.5004 0.0000
vn 0.0000 1.0000 0.0000
vn 0.8650 -0.4995 0.0486
vn 0.9659 -0.2502 0.0663
vn 0.8660 -0.5001 0.0000
vn -0.5237 -0.8511 -0.0362
vn -0.5240 -0.8509 -0.0362
vn -0.5244 -0.8507 -0.0362
vn -0.5247 -0.8505 -0.0362
vn 0.5253 0.8502 0.0363
vn 0.5247 0.8505 0.0363
vn 0.5252 0.8502 0.0363
vn 0.5248 0.8505 0.0363
vn -0.5253 0.8502 0.0363
vn -0.5252 0.8502 0.0363
vn -0.5247 0.8505 0.0363
vn -0.5248 0.8505 0.0363
vn 0.5238 -0.8511 -0.0362
vn 0.5244 -0.8507 -0.0362
vn 0.5240 -0.8509 -0.0362
vn 0.5247 -0.8505 -0.0362
vn 0.0000 1.0000 0.0059
vn -0.0000 -0.9951 0.0988
vn 0.8662 -0.4997 0.0000
vn 0.8418 -0.4856 0.2359
vn 0.8417 -0.4858 0.2357
vn 0.8416 -0.4860 0.2355
vn -0.1016 -0.9903 0.0951
vn 0.0000 -0.9904 0.1384
vn 0.9630 -0.2686 -0.0231
vn -0.9607 0.2679 0.0730
vn 0.9737 0.2125 -0.0820
vn 0.9584 0.2674 -0.0996
vn -0.9701 -0.2244 0.0923
vn -0.9736 -0.2079 0.0947
vn -0.9738 0.2124 -0.0818
vn -0.9583 0.2679 -0.0996
vn 0.9701 -0.2244 0.0923
vn 0.9736 -0.2079 0.0947
vn -0.9667 -0.2561 0.0000
vn 0.9667 -0.2559 0.0000
vn 0.0109 0.9999 0.0000
vn -0.0109 -0.9999 0.0000
vn 0.0109 -0.9999 -0.0000
vn 0.9795 -0.1862 0.0771
vn 0.9818 -0.1730 0.0789
vn -0.9819 0.1764 -0.0684
vn -0.9712 0.2231 -0.0834
vn 0.9069 0.4168 0.0612
vn 0.9420 0.3350 0.0194
vn 0.9763 0.2159 -0.0171
vn 0.9511 0.3069 0.0350
vn 0.0002 0.0109 -0.9999
vn -0.0002 0.0000 -1.0000
vn -0.0164 0.9487 0.3158
vn -0.0105 0.9572 0.2894
vn -0.5489 -0.8283 0.1128
vn -0.5586 -0.8212 0.1163
vn 0.9793 0.1830 -0.0869
vn 0.9869 0.1325 -0.0921
vn 0.5486 -0.8285 0.1128
vn 0.5583 -0.8214 0.1163
vn -0.9790 0.1845 -0.0869
vn -0.9867 0.1336 -0.0921
vn 0.1016 -0.9903 0.0951
vn -0.8648 -0.4998 0.0487
vn -0.9659 -0.2504 0.0664
vn -0.8660 -0.5000 0.0000
vn 0.9852 0.1456 -0.0903
vn 0.9785 0.1885 -0.0834
vn -0.9818 -0.1730 0.0788
vn -0.9795 -0.1862 0.0770
vn -0.5322 -0.8427 0.0809
vn -0.5392 -0.8380 0.0832
vn -0.0105 0.9571 -0.2895
vn -0.0164 0.9487 -0.3158
vn -0.9419 0.3353 0.0195
vn -0.9081 0.4163 0.0451
vn -0.9508 0.3067 0.0436
vn -0.9308 0.3627 0.0462
vn 0.9013 -0.4285 -0.0631
vn 0.9434 -0.3310 -0.0194
vn 0.9569 -0.2903 -0.0066
vn 0.9351 -0.3516 -0.0442
vn -0.0000 -0.9951 0.0990
vn 0.0105 0.9571 -0.2895
vn 0.0164 0.9487 -0.3158
vn 0.0105 -0.9572 0.2894
vn 0.0164 -0.9487 0.3158
vn -0.0105 -0.9572 0.2894
vn -0.0164 -0.9487 0.3158
vn -0.0839 -0.9919 0.0953
vn 0.9607 0.2679 0.0730
vn 0.9607 0.2678 0.0729
vn 0.9608 0.2677 0.0728
vn -0.9630 -0.2686 -0.0231
vn -0.9630 -0.2684 -0.0230
vn -0.9630 -0.2685 -0.0230
vn -0.9631 -0.2683 -0.0229
vn -0.9856 0.1526 -0.0725
vn -0.9908 0.1119 -0.0765
vn -0.0000 -0.9884 -0.1521
vn -0.1556 -0.9763 -0.1504
vn -0.0001 -0.9880 -0.1545
vn -0.1771 -0.9723 -0.1522
vn 0.0000 0.9884 0.1521
vn 0.0001 0.9880 0.1547
vn 0.1136 0.9819 0.1513
vn 0.1400 0.9782 0.1534
vn 0.0203 -0.9998 0.0001
vn 0.0203 -0.9998 0.0000
vn -0.0204 0.9998 0.0000
vn -0.0205 0.9998 -0.0000
vn -0.0205 0.9998 0.0002
vn 0.0001 -0.0000 -1.0000
vn 0.9859 0.1506 -0.0725
vn 0.9909 0.1111 -0.0764
vn 0.9711 0.2235 -0.0834
vn 0.9816 0.1780 -0.0688
vn 0.5254 -0.8498 -0.0432
vn 0.5246 -0.8502 -0.0446
vn -0.5263 0.8498 0.0290
vn -0.5257 0.8501 0.0299
vn -0.5261 0.8499 0.0292
vn -0.5257 0.8502 0.0300
vn -0.5254 -0.8498 -0.0432
vn -0.5246 -0.8502 -0.0446
vn 0.5263 0.8498 0.0290
vn 0.5261 0.8499 0.0292
vn 0.5257 0.8501 0.0299
vn 0.5257 0.8502 0.0300
vn 0.0000 0.3694 0.9293
vn 0.9025 -0.4249 -0.0710
vn -0.8416 -0.4859 0.2360
vn -0.8415 -0.4861 0.2359
vn -0.8415 -0.4861 0.2358
vn -0.8414 -0.4863 0.2357
vn -0.0205 0.9998 -0.0002
vn -0.0002 0.0109 -0.9999
vn 0.0002 0.0000 -1.0000
vn -0.0203 -0.9998 0.0002
vn -0.0203 -0.9998 0.0000
vn 0.9789 0.1731 -0.1088
vn 0.9692 0.2251 -0.0999
vn -0.9791 0.1719 -0.1090
vn -0.9691 0.2254 -0.0999
vn -0.9197 -0.3919 -0.0225
vn -0.9657 -0.2566 -0.0395
vn 0.6221 -0.7758 0.1056
vn 0.6320 -0.7673 0.1088
vn -0.6221 -0.7758 0.1056
vn -0.6320 -0.7673 0.1088
vn -0.9020 -0.4258 -0.0712
vn 0.0105 -0.9571 -0.2895
vn 0.0164 -0.9487 -0.3158
vn -0.0105 -0.9571 -0.2895
vn -0.0164 -0.9487 -0.3158
vn 0.0105 0.9572 0.2894
vn 0.0164 0.9487 0.3158
vn 0.2003 -0.9761 0.0844
vn 0.2003 -0.9761 0.0843
vn -0.1925 0.9810 0.0230
vn -0.1930 0.9809 0.0233
vn -0.1924 0.9810 0.0230
vn -0.2002 -0.9761 0.0843
vn -0.2003 -0.9761 0.0844
vn -0.2003 -0.9761 0.0843
vn -0.2004 -0.9761 0.0844
vn 0.1925 0.9810 0.0230
vn 0.1929 0.9810 0.0232
vn 0.1926 0.9810 0.0231
vn 0.1930 0.9809 0.0232
vn 0.0000 -0.5946 0.8041
vn -0.9854 0.1439 -0.0905
vn -0.9786 0.1880 -0.0833
vn 0.2963 -0.9520 0.0764
vn 0.2968 -0.9519 0.0764
vn 0.3325 -0.9405 0.0701
vn 0.3329 -0.9403 0.0701
vn -0.9519 -0.2742 0.1366
vn -0.9613 -0.2462 0.1241
vn -0.8713 -0.4794 0.1052
vn -0.9718 -0.1964 0.1305
vn 0.0000 0.0480 -0.9988
vn -0.0960 0.0355 -0.9947
vn 0.0019 0.0432 -0.9991
vn -0.1565 0.0329 -0.9871
vn 0.0000 0.0332 -0.9994
vn 0.0000 -0.9972 0.0741
vn 0.0602 0.1727 0.9831
vn 0.0602 0.1728 0.9831
vn 0.0601 0.1728 0.9831
vn 0.0593 0.1733 0.9831
vn 0.0914 0.5465 -0.8325
vn 0.0918 0.5463 -0.8326
vn 0.0917 0.5463 -0.8326
vn 0.0919 0.5462 -0.8326
vn 0.0942 -0.5464 0.8322
vn 0.0923 -0.5475 0.8317
vn 0.0601 -0.1715 -0.9834
vn 0.0597 -0.1717 -0.9833
vn 0.0596 -0.1717 -0.9833
vn 0.0594 -0.1719 -0.9833
vn -0.0928 0.5466 0.8322
vn -0.0924 0.5468 0.8321
vn -0.0925 0.5468 0.8321
vn -0.0923 0.5469 0.8321
vn -0.0598 0.1715 -0.9834
vn -0.0595 0.1716 -0.9834
vn -0.0594 0.1717 -0.9834
vn -0.0911 0.5467 -0.8324
vn -0.0916 0.5464 -0.8325
vn -0.0917 0.5463 -0.8325
vn -0.0920 0.5461 -0.8326
vn -0.0600 0.1727 0.9831
vn -0.0596 0.1730 0.9831
vn -0.0593 0.1731 0.9831
vn 0.0925 -0.5464 -0.8324
vn 0.0922 -0.5466 -0.8323
vn 0.0920 -0.5468 -0.8322
vn 0.0602 -0.1727 0.9831
vn 0.0601 -0.1728 0.9831
vn 0.0600 -0.1729 0.9831
vn 0.0594 -0.1733 0.9831
vn -0.9986 0.0071 -0.0520
vn -0.0019 0.9808 0.1951
vn -0.0013 0.9808 0.1950
vn -0.0016 0.9808 0.1951
vn -0.0012 0.9808 0.1950
vn 0.9986 0.0071 -0.0518
vn 0.0019 0.9808 0.1951
vn 0.0016 0.9808 0.1951
vn 0.0018 0.9808 0.1951
vn 0.0012 0.9808 0.1950
vn 0.0000 -0.9666 0.2563
vn -0.0939 -0.5466 0.8321
vn -0.0924 -0.5475 0.8317
vn -0.0598 -0.1715 -0.9834
vn -0.0596 -0.1716 -0.9834
vn -0.0594 -0.1717 -0.9834
vn -0.9829 -0.1704 -0.0703
vn -0.9829 -0.1703 -0.0704
vn -0.9829 -0.1702 -0.0705
vn 0.8321 -0.5410 -0.1225
vn 0.8320 -0.5412 -0.1222
vn 0.8319 -0.5413 -0.1220
vn -0.8321 -0.5410 -0.1225
vn -0.8320 -0.5412 -0.1222
vn -0.8319 -0.5413 -0.1220
vn 0.9830 -0.1690 -0.0722
vn 0.9829 -0.1702 -0.0705
vn 0.0931 0.5464 0.8323
vn 0.0926 0.5467 0.8322
vn 0.0925 0.5468 0.8322
vn 0.0922 0.5469 0.8321
vn 0.0601 0.1715 -0.9834
vn 0.0596 0.1717 -0.9833
vn 0.0594 0.1719 -0.9833
vn -0.9436 -0.3306 -0.0192
vn -0.9019 -0.4288 -0.0510
vn -0.9350 -0.3509 -0.0507
vn -0.9183 -0.3923 -0.0522
vn -0.0880 0.0140 -0.9960
vn -0.0879 0.0140 -0.9960
vn -0.0879 0.0139 -0.9960
vn -0.0919 0.0165 -0.9956
vn 0.0018 0.0439 -0.9990
vn -0.2112 -0.0118 -0.9774
vn 0.0880 0.0140 -0.9960
vn -0.0018 0.0439 -0.9990
vn 0.0918 0.0164 -0.9956
vn 0.2113 -0.0119 -0.9774
vn -0.2137 0.9288 -0.3029
vn -0.2135 0.9288 0.3029
vn 0.2137 -0.9287 0.3029
vn 0.2139 -0.9287 -0.3029
vn -0.2137 -0.9288 0.3029
vn -0.2138 -0.9287 -0.3029
vn 0.2137 0.9288 -0.3029
vn 0.2136 0.9288 0.3029
vn 0.0000 0.0478 -0.9989
vn -0.0027 0.0423 -0.9991
vn 0.1092 0.0358 -0.9934
vn 0.1926 0.0324 -0.9807
vn 0.0000 0.0328 -0.9995
vn -0.0922 -0.5467 -0.8323
vn -0.0921 -0.5467 -0.8322
vn -0.0920 -0.5467 -0.8322
vn -0.0600 -0.1727 0.9831
vn -0.0596 -0.1730 0.9831
vn -0.0594 -0.1731 0.9831
vn -0.8554 -0.4939 -0.1558
vn -0.8554 -0.4941 -0.1557
vn -0.8553 -0.4941 -0.1557
vn -0.8553 -0.4943 -0.1556
vn 0.9312 0.3645 0.0022
vn 0.9313 0.3643 0.0021
vn 0.9313 0.3642 0.0021
vn -0.9727 -0.2310 0.0229
vn -0.9727 -0.2311 0.0229
vn -0.0019 0.0432 -0.9991
vn 0.0960 0.0355 -0.9947
vn 0.1565 0.0329 -0.9871
vn 0.0196 0.9569 -0.2898
vn 0.0195 0.9567 -0.2903
vn 0.2041 0.9673 -0.1504
vn 0.0194 0.9566 -0.2909
vn 0.0194 0.9565 -0.2910
vn 0.0194 0.9565 -0.2909
vn -0.9940 -0.0649 0.0875
vn -0.9941 -0.0649 0.0875
vn 0.8769 0.4793 0.0373
vn 0.8769 0.4792 0.0371
vn 0.8770 0.4791 0.0370
vn -0.1092 0.0358 -0.9934
vn 0.0027 0.0423 -0.9991
vn -0.1926 0.0324 -0.9807
vn 0.8556 -0.4936 -0.1557
vn 0.8555 -0.4938 -0.1556
vn 0.8556 -0.4938 -0.1556
vn 0.8555 -0.4940 -0.1555
vn 0.0000 -0.2515 0.9679
vn 0.0000 -0.2542 0.9671
vn 0.0000 -0.9884 -0.1520
vn -0.9516 0.3074 0.0018
vn 0.9811 -0.1923 0.0191
vn 0.9811 -0.1924 0.0191
vn 0.9811 -0.1925 0.0191
vn -0.8768 0.4795 0.0377
vn -0.8769 0.4793 0.0374
vn -0.8770 0.4791 0.0370
vn 0.0000 0.9965 0.0833
vn 0.9803 0.0064 -0.1976
vn 0.9803 0.0065 -0.1976
vn 0.9803 0.0066 -0.1976
vn 0.9727 -0.2311 0.0229
vn 0.9727 -0.2310 0.0229
vn 0.9516 0.3074 0.0018
vn -0.9811 -0.1923 0.0191
vn -0.9811 -0.1925 0.0191
vn -0.9811 -0.1924 0.0191
vn -0.2043 0.9673 0.1504
vn -0.0194 0.9569 0.2899
vn -0.0195 0.9566 0.2907
vn -0.0194 0.9568 0.2900
vn -0.0194 0.9567 0.2906
vn -0.0194 0.9565 0.2909
vn -0.9313 0.3642 0.0021
vn -0.9312 0.3645 0.0022
vn -0.9313 0.3643 0.0021
vn -0.9786 0.2060 0.0001
vn -0.9786 0.2059 0.0001
vn 0.9786 -0.2060 0.0000
vn 0.9786 -0.2059 0.0000
vn 0.9786 -0.2058 0.0000
vn -0.9786 -0.2060 0.0000
vn -0.9786 -0.2059 0.0000
vn -0.9786 -0.2058 0.0000
vn 0.9785 0.2060 0.0002
vn 0.9786 0.2059 0.0002
vn 0.9785 0.2061 0.0002
vn 0.9786 0.2057 0.0001
vn 0.0000 -0.9903 0.1390
vn 0.0480 -0.9894 -0.1374
vn 0.0514 -0.9890 -0.1388
vn -0.0493 0.9891 0.1389
vn -0.0509 0.9891 0.1380
vn 0.2403 -0.9671 0.0836
vn 0.2401 -0.9671 0.0836
vn 0.2401 -0.9671 0.0835
vn -0.2311 0.9726 0.0230
vn -0.2311 0.9727 0.0230
vn -0.2310 0.9727 0.0230
vn -0.2310 0.9727 0.0229
vn -0.2403 -0.9671 0.0837
vn -0.2401 -0.9671 0.0836
vn -0.2403 -0.9671 0.0836
vn 0.2313 0.9726 0.0230
vn 0.2311 0.9727 0.0229
vn 0.2312 0.9726 0.0230
vn 0.2310 0.9727 0.0229
vn 0.0840 -0.9919 0.0953
vn -0.2310 0.9730 0.0000
vn -0.2284 0.9736 -0.0000
vn -0.2306 0.9730 -0.0020
vn -0.2280 0.9735 -0.0155
vn -0.2311 -0.9729 0.0000
vn -0.2285 -0.9735 -0.0000
vn -0.2308 -0.9730 0.0020
vn -0.2281 -0.9735 0.0155
vn 0.2311 0.9729 0.0000
vn 0.2307 0.9730 -0.0020
vn 0.2285 0.9736 -0.0000
vn 0.2281 0.9735 -0.0155
vn 0.2312 -0.9729 -0.0000
vn 0.2286 -0.9735 -0.0000
vn 0.2308 -0.9730 -0.0020
vn 0.2282 -0.9735 -0.0155
vn 0.0194 0.9565 0.2910
vn 0.0194 0.9567 0.2906
vn 0.0195 0.9566 0.2907
vn 0.0194 0.9568 0.2900
vn 0.0194 0.9569 0.2899
vn 0.2042 0.9673 0.1504
vn -0.0195 -0.9560 0.2926
vn -0.0194 -0.9564 0.2913
vn -0.0194 -0.9568 0.2901
vn -0.0194 -0.9568 0.2900
vn -0.0194 -0.9569 0.2898
vn -0.2049 -0.9672 0.1500
vn -0.9844 -0.0447 0.1700
vn -0.9844 -0.0446 0.1700
vn -0.9844 -0.0443 0.1700
vn -0.9844 -0.0442 0.1700
vn -0.9593 0.2354 -0.1560
vn -0.9312 0.3263 -0.1624
vn -0.8031 0.5845 -0.1158
vn -0.9450 0.2918 -0.1478
vn -0.9592 -0.2358 0.1559
vn -0.9314 -0.3258 0.1622
vn -0.8203 -0.5594 0.1195
vn -0.9464 -0.2872 0.1480
vn 0.9198 -0.3917 -0.0225
vn 0.9658 -0.2564 -0.0394
vn 0.9967 -0.0202 0.0788
vn 0.8926 -0.4418 0.0895
vn -0.9998 0.0025 -0.0180
vn -0.9997 -0.0068 -0.0213
vn -0.9966 -0.0222 0.0789
vn -0.8922 -0.4427 0.0895
vn 0.9998 0.0025 -0.0183
vn 0.9998 -0.0048 -0.0209
vn 0.0834 -0.9924 0.0903
vn -0.0834 -0.9924 0.0903
vn 0.5322 -0.8427 0.0809
vn 0.5392 -0.8380 0.0832
vn 0.0014 -0.5957 0.8032
vn 0.0019 -0.5957 0.8032
vn 0.0018 -0.5957 0.8032
vn 0.0025 -0.5956 0.8033
vn -0.9753 0.2075 -0.0763
vn -0.9752 0.2076 -0.0761
vn -0.9752 0.2077 -0.0761
vn -0.9752 0.2077 -0.0760
vn 0.9753 0.2075 -0.0757
vn 0.9864 0.0054 -0.1640
vn 0.9864 0.0053 -0.1640
vn 0.9864 0.0053 -0.1641
vn -0.9864 0.0053 -0.1641
vn -0.9864 0.0053 -0.1640
vn -0.9864 0.0054 -0.1640
vn -0.0194 -0.9569 -0.2898
vn -0.0194 -0.9567 -0.2903
vn -0.2049 -0.9672 -0.1502
vn -0.0192 -0.9563 -0.2917
vn -0.0191 -0.9561 -0.2923
vn -0.0195 -0.9568 -0.2902
vn 0.0195 -0.9568 -0.2902
vn 0.0191 -0.9561 -0.2923
vn 0.2048 -0.9672 -0.1501
vn 0.0192 -0.9563 -0.2917
vn 0.0194 -0.9567 -0.2903
vn 0.0194 -0.9569 -0.2898
vn -0.9803 0.0064 -0.1976
vn -0.9803 0.0065 -0.1976
vn -0.9803 0.0066 -0.1976
vn -0.8877 -0.4604 0.0046
vn 0.8874 0.4610 -0.0040
vn 0.8876 0.4606 -0.0044
vn 0.8875 0.4608 -0.0042
vn 0.8877 0.4604 -0.0046
vn -0.0479 -0.9894 -0.1374
vn -0.0514 -0.9890 -0.1388
vn -0.8382 0.5262 0.1431
vn -0.8371 0.5283 0.1422
vn -0.0026 0.0430 -0.9991
vn 0.1065 0.0175 -0.9942
vn 0.2545 -0.0124 -0.9670
vn 0.0712 0.0198 -0.9973
vn -0.1065 0.0175 -0.9942
vn 0.0026 0.0430 -0.9991
vn -0.2545 -0.0124 -0.9670
vn -0.0711 0.0198 -0.9973
vn -0.0712 0.0198 -0.9973
vn -0.9852 0.1714 0.0003
vn -0.9853 0.1711 0.0002
vn -0.9852 0.1713 0.0003
vn -0.9853 0.1710 0.0002
vn 0.9853 -0.1709 0.0000
vn 0.9853 -0.1710 -0.0000
vn -0.9853 -0.1709 0.0000
vn -0.9853 -0.1710 -0.0000
vn 0.9853 0.1706 -0.0001
vn 0.9852 0.1713 0.0001
vn 0.9852 0.1712 0.0001
vn 0.9852 0.1714 0.0001
vn 0.2225 -0.9748 0.0146
vn 0.2247 -0.9743 0.0146
vn 0.9369 0.3163 -0.1491
vn 0.9513 0.2651 -0.1576
vn -0.2225 -0.9748 0.0146
vn -0.2247 -0.9743 0.0146
vn -0.9374 0.3147 -0.1493
vn -0.9513 0.2651 -0.1576
vn -0.0020 0.3731 0.9278
vn 0.0014 0.3719 0.9283
vn -0.0058 0.3690 0.9294
vn 0.0000 0.3709 0.9287
vn -0.0294 0.0264 -0.9992
vn 0.7444 -0.6675 0.0198
vn 0.0294 0.0264 -0.9992
vn -0.7446 -0.6673 0.0198
vn -0.7444 -0.6674 0.0197
vn -0.7445 -0.6673 0.0197
vn -0.7444 -0.6675 0.0197
vn -0.8877 0.4604 -0.0046
vn -0.8875 0.4608 -0.0042
vn -0.8874 0.4610 -0.0040
vn 0.7425 0.6661 0.0708
vn 0.7426 0.6660 0.0707
vn 0.7427 0.6658 0.0706
vn 0.7428 0.6657 0.0706
vn -0.7423 0.6663 0.0709
vn -0.7424 0.6662 0.0708
vn -0.7427 0.6658 0.0706
vn -0.7428 0.6657 0.0706
vn 0.9844 -0.0447 0.1700
vn 0.9844 -0.0443 0.1700
vn 0.9844 -0.0446 0.1700
vn 0.9844 -0.0442 0.1700
vn -0.9530 -0.2593 0.1564
vn -0.9600 -0.2365 0.1499
vn -0.2250 0.9743 -0.0143
vn -0.2249 0.9743 -0.0143
vn 0.2226 -0.9748 0.0139
vn 0.2233 -0.9747 0.0140
vn 0.2230 -0.9747 0.0140
vn 0.2235 -0.9746 0.0141
vn 0.9605 -0.2345 0.1500
vn 0.9604 -0.2347 0.1500
vn 0.9604 -0.2348 0.1500
vn 0.9449 -0.2868 0.1579
vn 0.9314 -0.3258 0.1622
vn 0.9315 -0.3257 0.1622
vn 0.9316 -0.3253 0.1623
vn 0.9538 -0.2567 0.1564
vn 0.9606 -0.2342 0.1500
vn -0.9516 0.2639 -0.1574
vn -0.9602 0.2358 -0.1499
vn 0.0000 -0.2512 0.9679
vn 0.9893 -0.0369 0.1410
vn 0.9893 -0.0367 0.1410
vn 0.9893 -0.0368 0.1410
vn 0.9893 -0.0366 0.1410
vn -0.9893 -0.0369 0.1410
vn -0.9893 -0.0368 0.1410
vn -0.9893 -0.0367 0.1410
vn -0.9893 -0.0366 0.1410
vn 0.2048 -0.9672 0.1500
vn 0.0194 -0.9569 0.2898
vn 0.0194 -0.9568 0.2901
vn 0.0194 -0.9568 0.2900
vn 0.0194 -0.9564 0.2913
vn 0.0195 -0.9560 0.2926
vn 0.0205 0.9998 -0.0001
vn 0.0204 0.9998 -0.0000
vn 0.0205 0.9998 0.0000
vn -0.0109 0.9999 0.0000
vn -0.0014 -0.5957 0.8032
vn -0.0024 -0.5956 0.8032
vn -0.0021 -0.5957 0.8032
vn -0.0024 -0.5956 0.8033
vn 0.9940 -0.0649 0.0875
vn 0.9941 -0.0649 0.0875
vn 0.8452 0.5112 -0.1559
vn 0.6050 -0.7926 0.0761
vn 0.6122 -0.7868 0.0781
vn -0.6050 -0.7926 0.0761
vn -0.6122 -0.7868 0.0781
vn -0.1007 -0.9908 0.0901
vn 0.1008 -0.9908 0.0901
vn 0.9516 0.2639 -0.1574
vn 0.9602 0.2358 -0.1499
vn 0.9606 0.2340 -0.1499
vn 0.9434 0.2912 -0.1587
vn 0.9312 0.3263 -0.1624
vn 0.9312 0.3262 -0.1624
vn 0.9314 0.3258 -0.1625
vn 0.9315 0.3255 -0.1625
vn 0.0000 -0.8995 0.4369
vn -0.9829 0.1731 -0.0633
vn -0.9829 0.1729 -0.0636
vn -0.9829 0.1730 -0.0634
vn -0.9829 0.1727 -0.0638
vn 0.9829 0.1731 -0.0625
vn 0.9829 0.1730 -0.0626
vn 0.9829 0.1730 -0.0625
vn 0.0000 -0.9537 -0.3009
vn 0.6713 -0.5411 0.5064
vn 0.6719 -0.5404 0.5065
vn 0.6716 -0.5408 0.5065
vn 0.6721 -0.5401 0.5066
vn 0.6799 -0.5343 0.5022
vn 0.6863 -0.5262 0.5021
vn -0.6714 -0.5411 0.5064
vn -0.6716 -0.5408 0.5065
vn -0.6719 -0.5404 0.5065
vn -0.6721 -0.5401 0.5066
vn -0.6799 -0.5343 0.5022
vn -0.6863 -0.5262 0.5021
vn -0.9717 0.1970 -0.1304
vn -0.9520 0.2738 -0.1371
vn -0.8536 0.5108 -0.1017
vn -0.9613 0.2462 -0.1241
vn 0.0000 -0.2529 0.9675
vn -0.3107 0.9505 0.0082
vn -0.3110 0.9504 0.0082
vn -0.3113 0.9503 0.0082
vn -0.3115 0.9502 0.0082
vn 0.2693 -0.9630 0.0143
vn 0.2687 -0.9631 0.0143
vn 0.2688 -0.9631 0.0143
vn 0.3107 0.9505 0.0082
vn 0.3113 0.9503 0.0082
vn 0.3110 0.9504 0.0082
vn 0.3115 0.9502 0.0082
vn -0.2686 -0.9632 0.0144
vn -0.2681 -0.9633 0.0144
vn -0.2685 -0.9632 0.0144
vn 0.0076 -0.9405 -0.3396
vn 0.0079 -0.9405 -0.3397
vn 0.0086 -0.9405 -0.3397
vn 0.0089 -0.9405 -0.3397
vn -0.0076 -0.9405 -0.3396
vn -0.0086 -0.9405 -0.3397
vn -0.0079 -0.9405 -0.3397
vn -0.0089 -0.9405 -0.3398
vn -0.0804 0.1411 -0.9867
vn -0.0792 0.1425 -0.9866
vn -0.0797 0.1424 -0.9866
vn 0.8382 0.5262 0.1431
vn 0.8378 0.5270 0.1428
vn 0.0791 0.1424 -0.9866
vn 0.0784 0.1433 -0.9866
vn 0.0782 0.1433 -0.9866
vn -0.9056 -0.1830 0.3827
vn -0.9056 -0.1832 0.3826
vn -0.9056 -0.1831 0.3827
vn -0.9056 -0.1833 0.3826
vn -0.3590 0.5144 0.7788
vn -0.3617 0.5082 0.7816
vn 0.3584 -0.5161 0.7779
vn 0.3622 -0.5073 0.7819
vn -0.7769 -0.5364 0.3296
vn -0.7809 -0.5279 0.3339
vn -0.3587 -0.5161 0.7778
vn -0.3622 -0.5081 0.7814
vn 0.3586 0.5145 0.7789
vn 0.3617 0.5074 0.7821
vn -0.4656 0.8682 0.1714
vn -0.4691 0.8645 0.1805
vn 0.4668 -0.8676 0.1712
vn 0.4686 -0.8657 0.1759
vn 0.4660 0.8680 0.1713
vn 0.4695 0.8643 0.1804
vn -0.4664 -0.8678 0.1713
vn -0.4682 -0.8659 0.1760
vn -0.0194 0.9565 -0.2909
vn -0.2043 0.9673 -0.1505
vn -0.0194 0.9566 -0.2908
vn -0.0195 0.9567 -0.2903
vn -0.0196 0.9569 -0.2898
vn 0.0020 0.3731 0.9278
vn -0.0014 0.3719 0.9283
vn 0.0058 0.3690 0.9294
vn -0.9657 -0.2229 0.1334
vn -0.9727 -0.1955 0.1253
vn 0.9675 0.2159 -0.1319
vn 0.9732 0.1929 -0.1255
vn 0.9724 0.1966 -0.1254
vn 0.9601 0.2459 -0.1335
vn 0.9512 0.2766 -0.1368
vn 0.9518 0.2743 -0.1370
vn 0.1069 0.0145 -0.9942
vn 0.1062 0.0138 -0.9943
vn 0.1068 0.0144 -0.9942
vn 0.1061 0.0137 -0.9943
vn -0.1069 0.0145 -0.9942
vn -0.1069 0.0144 -0.9942
vn -0.1062 0.0138 -0.9943
vn -0.1061 0.0137 -0.9943
vn 0.9727 -0.1954 0.1252
vn 0.9727 -0.1952 0.1252
vn 0.9601 -0.2459 0.1335
vn 0.9526 -0.2715 0.1369
vn 0.9526 -0.2716 0.1369
vn 0.9525 -0.2722 0.1368
vn 0.9645 -0.2272 0.1346
vn -0.9675 0.2159 -0.1319
vn -0.9732 0.1925 -0.1254
vn 0.1420 -0.9681 -0.2065
vn 0.1425 -0.9688 -0.2026
vn 0.8876 0.4598 0.0259
vn 0.8875 0.4602 0.0251
vn 0.8875 0.4600 0.0255
vn 0.8874 0.4603 0.0250
vn -0.4680 -0.8660 -0.1760
vn -0.4661 -0.8680 -0.1710
vn -0.7992 -0.5926 -0.1000
vn -0.8005 -0.5898 -0.1062
vn -0.1421 -0.9681 -0.2065
vn -0.1425 -0.9688 -0.2026
vn -0.8867 0.4620 0.0173
vn -0.8874 0.4605 0.0204
vn 0.4685 -0.8658 -0.1759
vn 0.4665 -0.8678 -0.1710
vn 0.7997 -0.5907 -0.1075
vn 0.7999 -0.5904 -0.1081
vn 0.7998 -0.5905 -0.1078
vn 0.7999 -0.5903 -0.1083
vn 0.1421 0.9683 0.2053
vn 0.1422 0.9684 0.2050
vn 0.1422 0.9684 0.2048
vn 0.1423 0.9685 0.2043
vn 0.8874 -0.4602 -0.0262
vn 0.8874 -0.4603 -0.0260
vn -0.7999 0.5908 0.1054
vn -0.8000 0.5906 0.1058
vn -0.8001 0.5904 0.1063
vn -0.8001 0.5903 0.1066
vn 0.1555 -0.9763 -0.1504
vn 0.1770 -0.9724 -0.1522
vn -0.1135 0.9819 0.1513
vn -0.1398 0.9782 0.1534
vn -0.1422 0.9683 0.2053
vn -0.1423 0.9685 0.2046
vn -0.1422 0.9684 0.2049
vn -0.1423 0.9685 0.2043
vn -0.8865 -0.4623 -0.0175
vn -0.8874 -0.4605 -0.0215
vn 0.8003 0.5888 0.1129
vn 0.7995 0.5907 0.1087
vn 0.1420 0.9681 -0.2065
vn 0.1423 0.9685 -0.2043
vn 0.8874 -0.4603 0.0260
vn 0.8874 -0.4602 0.0261
vn -0.4689 0.8646 -0.1805
vn -0.4653 0.8684 -0.1711
vn -0.8000 0.5907 -0.1054
vn -0.8001 0.5904 -0.1061
vn -0.8000 0.5905 -0.1058
vn -0.8002 0.5903 -0.1064
vn -0.1421 0.9681 -0.2065
vn -0.1423 0.9685 -0.2043
vn -0.8865 -0.4624 0.0174
vn -0.8874 -0.4604 0.0216
vn 0.4694 0.8644 -0.1805
vn 0.4658 0.8682 -0.1711
vn 0.8004 0.5887 -0.1129
vn 0.7995 0.5908 -0.1084
vn 0.2256 0.9564 -0.1854
vn 0.2253 0.9565 -0.1854
vn 0.2255 0.9565 -0.1854
vn 0.2252 0.9565 -0.1854
vn 0.2639 0.9645 0.0082
vn 0.2593 0.9658 0.0082
vn 0.2072 -0.9583 -0.1969
vn 0.2062 -0.9585 -0.1970
vn 0.2067 -0.9584 -0.1970
vn 0.2058 -0.9585 -0.1971
vn -0.0242 0.5087 -0.8606
vn 0.1750 -0.8921 0.4166
vn 0.1731 -0.8928 0.4158
vn 0.1058 -0.6357 0.7646
vn 0.1067 -0.6353 0.7648
vn 0.1060 -0.6357 0.7647
vn 0.1069 -0.6352 0.7649
vn -0.2251 0.9566 -0.1851
vn -0.2250 0.9566 -0.1851
vn -0.2249 0.9566 -0.1851
vn -0.2643 0.9644 0.0082
vn -0.2589 0.9659 0.0082
vn 0.1421 -0.9683 0.2053
vn 0.1425 -0.9688 0.2026
vn 0.8877 0.4597 -0.0261
vn 0.8876 0.4599 -0.0258
vn 0.8874 0.4602 -0.0250
vn 0.8874 0.4603 -0.0248
vn -0.7992 -0.5927 0.1000
vn -0.8005 -0.5898 0.1065
vn -0.1422 -0.9683 0.2053
vn -0.1425 -0.9688 0.2026
vn -0.8868 0.4619 -0.0174
vn -0.8874 0.4605 -0.0203
vn 0.7997 -0.5907 0.1075
vn 0.7997 -0.5907 0.1077
vn 0.7999 -0.5903 0.1085
vn 0.7999 -0.5903 0.1086
vn -0.2072 -0.9583 -0.1969
vn -0.2067 -0.9584 -0.1970
vn -0.2062 -0.9585 -0.1970
vn -0.2058 -0.9585 -0.1971
vn 0.0241 0.5087 -0.8606
vn 0.0240 0.5087 -0.8606
vn -0.1732 -0.8927 0.4161
vn -0.1733 -0.8927 0.4161
vn -0.1733 -0.8926 0.4161
vn -0.1058 -0.6357 0.7646
vn -0.1062 -0.6356 0.7647
vn -0.1067 -0.6353 0.7648
vn -0.1069 -0.6352 0.7649
vn -0.0000 0.8663 -0.4995
vn 0.2282 -0.9735 0.0155
vn 0.2308 -0.9730 0.0020
vn -0.2280 0.9735 0.0155
vn -0.2306 0.9730 0.0020
vn 0.2281 0.9735 0.0155
vn 0.2307 0.9730 0.0020
vn -0.2282 -0.9735 -0.0155
vn -0.2308 -0.9730 -0.0020
vn -0.1280 -0.2324 0.9642
vn -0.1280 -0.2323 0.9642
vn -0.1281 -0.2320 0.9642
vn -0.1281 -0.2319 0.9643
vn -0.2364 -0.2118 0.9483
vn -0.2363 -0.2118 0.9483
vn 0.1280 -0.2322 0.9642
vn 0.1281 -0.2321 0.9642
vn 0.1281 -0.2322 0.9642
vn 0.2364 -0.2118 0.9483
vn 0.2365 -0.2120 0.9482
vn 0.2364 -0.2119 0.9483
vn 0.2365 -0.2121 0.9482
vn -0.2049 -0.9672 0.1501
vn -0.3814 -0.9244 0.0000
vn -0.3661 -0.8879 -0.2786
vn -0.3662 -0.8878 -0.2787
vn -0.3663 -0.8878 -0.2787
vn 0.3811 -0.9245 0.0000
vn 0.3661 -0.8880 -0.2784
vn 0.2250 0.9743 -0.0143
vn 0.2249 0.9743 -0.0143
vn -0.2226 -0.9748 0.0139
vn -0.2230 -0.9747 0.0140
vn -0.2233 -0.9747 0.0140
vn -0.2235 -0.9746 0.0141
vn 0.2319 -0.9710 -0.0586
vn 0.2338 -0.9705 -0.0585
vn -0.2390 0.9710 0.0042
vn -0.2579 0.9661 0.0075
vn -0.2390 0.9710 0.0041
vn -0.2582 0.9661 0.0076
vn -0.2318 -0.9710 -0.0586
vn -0.2338 -0.9705 -0.0585
vn 0.2390 0.9710 0.0042
vn 0.2585 0.9660 0.0076
vn 0.2588 0.9659 0.0077
vn 0.0000 -0.5953 0.8035
vn 0.0000 0.0490 -0.9988
vn 0.2521 0.0316 -0.9672
vn 0.2522 0.0319 -0.9672
vn -0.2521 0.0316 -0.9672
vn -0.2522 0.0319 -0.9672
vn -0.3104 -0.0342 -0.9500
vn -0.3104 -0.0338 -0.9500
vn 0.3104 -0.0342 -0.9500
vn 0.3104 -0.0339 -0.9500
vn 0.9564 0.2637 -0.1255
vn 0.9669 0.2180 -0.1323
vn -0.7899 0.2265 -0.5699
vn -0.7899 0.2268 -0.5697
vn -0.7901 0.2274 -0.5692
vn -0.7902 0.2276 -0.5690
vn -0.9557 0.2662 -0.1255
vn -0.9664 0.2203 -0.1323
vn 0.7899 0.2265 -0.5699
vn 0.7897 0.2259 -0.5705
vn 0.7898 0.2263 -0.5701
vn 0.7896 0.2257 -0.5706
vn 0.3799 0.9250 0.0000
vn 0.2042 0.9673 -0.1504
vn 0.3660 0.8878 -0.2792
vn 0.3651 0.8883 -0.2787
vn 0.3658 0.8879 -0.2790
vn 0.3649 0.8884 -0.2786
vn -0.3802 0.9249 0.0000
vn -0.3660 0.8878 0.2792
vn -0.3653 0.8881 0.2788
vn -0.3658 0.8879 0.2791
vn -0.3651 0.8883 0.2787
vn -0.6972 0.7169 -0.0000
vn 0.6972 0.7169 0.0000
vn -0.5269 -0.8499 0.0093
vn -0.5275 -0.8495 0.0137
vn 0.6545 -0.5284 0.5407
vn 0.6457 -0.5357 0.5441
vn 0.5269 -0.8499 0.0093
vn 0.5274 -0.8495 0.0128
vn -0.6539 -0.5292 0.5406
vn -0.6460 -0.5359 0.5437
vn 0.7786 -0.5341 0.3294
vn 0.7814 -0.5282 0.3323
vn -0.0511 -0.1034 0.9933
vn 0.0000 -0.1526 0.9883
vn -0.0493 -0.1010 0.9937
vn 0.0000 -0.1530 0.9882
vn 0.0357 -0.0166 0.9992
vn 0.0493 -0.1010 0.9937
vn 0.0418 -0.0199 0.9989
vn 0.0510 -0.1034 0.9933
vn 0.3920 0.1618 -0.9056
vn 0.3933 0.1585 -0.9056
vn -0.3913 -0.1627 -0.9058
vn -0.3929 -0.1585 -0.9058
vn 0.9055 -0.1896 0.3796
vn 0.9056 -0.1821 0.3831
vn 0.3922 -0.1612 -0.9056
vn 0.3933 -0.1585 -0.9056
vn -0.3910 0.1634 -0.9058
vn -0.3929 0.1585 -0.9058
vn 0.5202 0.8497 0.0856
vn 0.5211 0.8497 0.0809
vn -0.5202 0.8497 0.0856
vn -0.5211 0.8497 0.0809
vn 0.2489 -0.9654 0.0775
vn 0.2493 -0.9653 0.0774
vn 0.2727 -0.9594 0.0724
vn 0.2730 -0.9593 0.0724
vn -0.0046 -0.9947 -0.1028
vn -0.0043 -0.9947 -0.1029
vn 0.0046 -0.9947 -0.1028
vn 0.0043 -0.9947 -0.1029
vn 0.0000 0.0467 -0.9989
vn 0.0702 -0.0010 -0.9975
vn 0.0701 -0.0011 -0.9975
vn -0.0702 -0.0010 -0.9975
vn -0.0701 -0.0011 -0.9975
vn 0.3230 -0.4753 -0.8184
vn 0.0123 0.0017 0.9999
vn -1.0000 -0.0001 -0.0000
vn 0.0000 0.1646 0.9864
vn -0.0001 0.1649 0.9863
vn 0.3225 0.4763 0.8180
vn -0.3228 0.4760 -0.8181
vn 0.3229 0.4757 -0.8182
vn 0.3226 -0.4758 0.8182
vn -0.0123 0.0017 0.9999
vn 0.0001 0.1649 0.9863
vn -0.3224 0.4766 0.8179
vn 0.0000 -0.1636 -0.9865
vn 0.0000 -0.1634 -0.9866
vn -0.0122 -0.0017 -0.9999
vn -0.3229 -0.4755 -0.8183
vn -1.0000 0.0001 0.0000
vn 0.0000 -0.1648 0.9863
vn 0.0000 -0.1647 0.9863
vn 0.0000 -0.1646 0.9864
vn -0.0123 -0.0017 0.9999
vn -0.3225 -0.4761 0.8181
vn -0.9976 0.0693 0.0043
vn 0.9962 -0.0870 -0.0055
vn 0.9975 0.0703 0.0042
vn -0.9961 -0.0880 -0.0054
vn 0.3018 0.0308 -0.9529
vn 0.3019 0.0312 -0.9528
vn -0.3018 0.0308 -0.9529
vn -0.3019 0.0312 -0.9528
vn -0.3696 -0.0342 -0.9286
vn -0.3697 -0.0340 -0.9285
vn 0.3696 -0.0342 -0.9286
vn 0.3697 -0.0340 -0.9285
vn 0.2690 0.9630 -0.0139
vn 0.2688 0.9631 -0.0140
vn -0.2646 -0.9643 0.0139
vn -0.2689 -0.9630 0.0146
vn 0.0800 -0.1414 0.9867
vn 0.0791 -0.1425 0.9866
vn 0.0788 -0.1430 0.9866
vn 0.0777 -0.1436 0.9866
vn 0.8389 -0.5253 -0.1422
vn 0.8374 -0.5274 -0.1437
vn -0.0791 -0.1425 0.9866
vn -0.0777 -0.1436 0.9866
vn -0.0788 -0.1430 0.9866
vn 0.8877 -0.4604 0.0046
vn -0.2690 0.9630 -0.0140
vn -0.2688 0.9631 -0.0141
vn 0.2635 -0.9646 0.0141
vn 0.2690 -0.9630 0.0149
vn -0.2730 -0.9593 0.0724
vn -0.2487 -0.9655 0.0775
vn -0.2727 -0.9594 0.0724
vn -0.2483 -0.9656 0.0776
vn -0.2140 -0.9760 0.0409
vn -0.2141 -0.9759 0.0410
vn -0.2117 0.9652 -0.1536
vn -0.2121 0.9651 -0.1538
vn 0.1548 -0.2339 0.9599
vn 0.1553 -0.2304 0.9606
vn 0.5377 -0.1500 0.8297
vn -0.1549 -0.2342 0.9598
vn -0.1554 -0.2304 0.9606
vn -0.5377 -0.1500 0.8297
vn 0.6970 -0.5067 -0.5075
vn 0.6971 -0.5064 -0.5074
vn 0.6971 -0.5065 -0.5075
vn 0.6973 -0.5063 -0.5074
vn 0.0006 -0.5962 0.8028
vn 0.0000 -0.5964 0.8027
vn 0.0004 -0.5963 0.8028
vn -0.0011 -0.5961 0.8029
vn -0.0017 -0.5963 0.8028
vn -0.0012 -0.5961 0.8029
vn -0.0018 -0.5963 0.8028
vn 0.0011 -0.5961 0.8029
vn 0.0018 -0.5963 0.8028
vn -0.3661 -0.8879 0.2785
vn -0.3662 -0.8879 0.2786
vn -0.3663 -0.8878 0.2786
vn 0.3661 -0.8880 0.2783
vn -0.3660 0.8877 -0.2793
vn -0.3658 0.8878 -0.2792
vn -0.3652 0.8882 -0.2789
vn -0.3651 0.8882 -0.2788
vn 0.3660 0.8878 0.2790
vn 0.3649 0.8884 0.2784
vn 0.8513 -0.1495 0.5030
vn 0.8518 -0.1512 0.5015
vn -0.8513 -0.1495 0.5030
vn -0.8518 -0.1512 0.5015
vn -0.3598 0.5094 -0.7817
vn -0.3599 0.5091 -0.7819
vn -0.3601 0.5087 -0.7820
vn -0.3602 0.5086 -0.7821
vn -0.3595 -0.5110 -0.7808
vn -0.3607 -0.5085 -0.7819
vn 0.3594 0.5095 -0.7818
vn 0.3602 0.5078 -0.7826
vn 0.3592 -0.5111 -0.7809
vn 0.3607 -0.5077 -0.7824
vn -0.6961 -0.7180 0.0000
vn -0.6963 -0.5075 0.5075
vn 0.6961 -0.7180 0.0000
vn 0.6963 -0.5075 0.5075
vn -0.7286 0.2556 -0.6354
vn -0.7282 0.2543 -0.6365
vn -0.9377 -0.3138 0.1493
vn -0.9528 -0.2596 0.1574
vn 0.7285 0.2574 -0.6348
vn 0.7279 0.2555 -0.6362
vn 0.9377 -0.3137 0.1491
vn 0.9533 -0.2578 0.1574
vn 0.3940 -0.1611 0.9049
vn 0.3946 -0.1596 0.9049
vn -0.3928 0.1632 0.9050
vn -0.3942 0.1596 0.9051
vn 0.3938 0.1617 0.9049
vn 0.3946 0.1596 0.9049
vn -0.3930 -0.1626 0.9050
vn -0.3942 -0.1596 0.9051
vn -0.2651 0.9465 -0.1842
vn -0.2722 0.9444 -0.1843
vn 0.8906 -0.1333 0.4348
vn 0.8905 -0.1331 0.4350
vn 0.8906 -0.1332 0.4349
vn 0.8904 -0.1327 0.4353
vn 0.2651 0.9465 -0.1842
vn 0.2722 0.9444 -0.1843
vn -0.8913 -0.1325 0.4336
vn -0.8907 -0.1305 0.4353
vn 0.2117 0.9652 -0.1536
vn 0.2121 0.9651 -0.1538
vn 0.2145 -0.9759 0.0409
vn 0.2146 -0.9758 0.0409
vn -0.1971 0.9320 -0.3040
vn -0.1976 0.9320 -0.3040
vn 0.1971 0.9320 -0.3040
vn 0.1976 0.9320 -0.3040
vn 0.2069 -0.9784 0.0004
vn 0.2071 -0.9783 0.0003
vn -0.2069 -0.9784 0.0003
vn -0.2071 -0.9783 0.0003
vn 0.2789 -0.5596 0.7804
vn 0.2788 -0.5595 0.7805
vn 0.2787 -0.5595 0.7806
vn -0.2789 -0.5599 0.7802
vn -0.2786 -0.5598 0.7804
vn -0.2783 -0.5596 0.7806
vn -0.0690 0.0888 -0.9937
vn -0.0000 0.1521 -0.9884
vn -0.0652 0.0890 -0.9939
vn -0.0000 0.1525 -0.9883
vn 0.0689 0.0888 -0.9937
vn 0.0652 0.0890 -0.9939
vn 0.0502 -0.2620 0.9638
vn 0.0529 -0.2613 0.9638
vn -0.0497 -0.2623 0.9637
vn -0.0526 -0.2615 0.9638
vn 0.0585 0.2605 -0.9637
vn 0.0477 0.2636 -0.9635
vn 0.9637 -0.2591 -0.0639
vn 0.9637 -0.2592 -0.0636
vn 0.9637 -0.2595 -0.0629
vn 0.9637 -0.2596 -0.0626
vn -0.9642 -0.2562 -0.0690
vn -0.9641 -0.2576 -0.0649
vn -0.0579 0.2608 -0.9636
vn -0.0474 0.2638 -0.9634
vn -0.0551 -0.2619 -0.9635
vn -0.0475 -0.2641 -0.9633
vn 0.0531 0.2609 0.9639
vn 0.0530 0.2609 0.9639
vn 0.0529 0.2610 0.9639
vn 0.0528 0.2610 0.9639
vn -0.0525 0.2612 0.9639
vn -0.0526 0.2612 0.9639
vn 0.0557 -0.2616 -0.9636
vn 0.0477 -0.2639 -0.9634
vn 0.0000 0.2913 -0.9566
vn 0.3600 0.9146 0.1844
vn 0.3603 0.9144 0.1844
vn 0.3605 0.9144 0.1844
vn 0.0639 0.3412 0.9378
vn 0.0581 0.3423 0.9378
vn 0.1620 0.3435 0.9251
vn 0.1681 0.3419 0.9246
vn -0.3610 0.9142 0.1844
vn -0.3605 0.9144 0.1844
vn -0.0639 0.3411 0.9378
vn -0.1620 0.3436 0.9250
vn -0.0581 0.3423 0.9378
vn -0.1681 0.3420 0.9246
vn 0.0521 -0.2463 -0.9678
vn -0.0521 -0.2463 -0.9678
vn -0.2791 -0.5629 0.7780
vn -0.2763 -0.5621 0.7796
vn 0.0813 0.9962 -0.0304
vn -0.1427 0.9895 -0.0221
vn 0.0302 -0.0336 -0.9990
vn 0.0242 -0.0369 -0.9990
vn -0.3329 -0.9404 0.0701
vn -0.2979 -0.9515 0.0763
vn -0.3325 -0.9405 0.0701
vn -0.2974 -0.9517 0.0763
vn -0.2533 -0.9665 0.0410
vn -0.2534 -0.9665 0.0402
vn -0.3033 0.9529 0.0070
vn -0.2845 0.9587 0.0039
vn -0.3030 0.9530 0.0070
vn -0.2845 0.9587 0.0040
vn -0.2566 0.9544 -0.1525
vn -0.2570 0.9545 -0.1514
vn -0.0813 0.9962 -0.0304
vn 0.1432 0.9895 -0.0221
vn -0.0302 -0.0336 -0.9990
vn -0.0243 -0.0369 -0.9990
vn -0.9557 -0.2661 0.1258
vn -0.9669 -0.2185 0.1321
vn 0.9557 -0.2662 0.1258
vn 0.9669 -0.2185 0.1321
vn -0.0345 -0.0589 0.9977
vn -0.0257 -0.0562 0.9981
vn 0.0282 0.0581 -0.9979
vn 0.0283 0.0581 -0.9979
vn 0.0286 0.0582 -0.9979
vn 0.0341 0.0587 0.9977
vn 0.0258 0.0562 0.9981
vn 0.0341 -0.0587 0.9977
vn 0.0257 -0.0561 0.9981
vn -0.0285 -0.0583 -0.9979
vn 0.9980 0.0586 -0.0255
vn 0.9978 0.0596 -0.0283
vn -0.0345 0.0589 0.9977
vn -0.0259 0.0563 0.9981
vn -0.0285 0.0583 -0.9979
vn -0.0287 0.0583 -0.9979
vn 0.0282 -0.0581 -0.9979
vn 0.0284 -0.0582 -0.9979
vn -0.9980 0.0575 -0.0258
vn -0.9980 0.0575 -0.0257
vn -0.9980 0.0574 -0.0256
vn 0.7119 0.0005 -0.7023
vn 0.7120 0.0006 -0.7021
vn 0.7120 0.0006 -0.7022
vn 0.7122 0.0007 -0.7020
vn 0.0000 -0.9764 -0.2161
vn -0.7128 0.0014 -0.7014
vn -0.7110 -0.0004 -0.7032
vn -0.0783 0.1433 -0.9866
vn 0.0493 0.9891 0.1389
vn 0.0509 0.9891 0.1380
vn -0.0788 0.1430 -0.9866
vn -0.0796 0.1416 -0.9867
vn 0.0796 -0.1425 0.9866
vn -0.0800 -0.1414 0.9867
vn -0.0797 -0.1426 0.9866
vn -0.8390 -0.5254 -0.1414
vn -0.8366 -0.5286 -0.1438
vn 0.0803 0.1413 -0.9867
vn 0.0798 0.1425 -0.9866
vn 0.0787 0.1428 -0.9866
vn -0.6970 -0.5067 -0.5075
vn -0.6971 -0.5065 -0.5074
vn -0.6972 -0.5064 -0.5074
vn -0.6973 -0.5063 -0.5074
vn -0.6972 0.0000 -0.7169
vn 0.3350 -0.5508 0.7644
vn 0.3305 -0.5492 0.7675
vn -0.3342 -0.5505 0.7651
vn -0.3305 -0.5492 0.7675
vn -0.1690 0.0536 0.9842
vn -0.1685 0.0538 0.9842
vn -0.1683 0.0539 0.9843
vn -0.1678 0.0541 0.9843
vn 0.2746 -0.9598 -0.0579
vn 0.2794 -0.9585 -0.0576
vn -0.2757 -0.9595 -0.0578
vn -0.2787 -0.9586 -0.0576
vn -0.6982 0.6959 -0.1680
vn -0.6541 0.6559 -0.3767
vn -0.6923 0.6903 -0.2104
vn -0.6535 0.6565 -0.3768
vn 0.1690 0.0536 0.9842
vn 0.1683 0.0539 0.9843
vn 0.1685 0.0538 0.9842
vn 0.1678 0.0541 0.9843
vn 0.6972 0.0000 -0.7169
vn -0.0333 0.3375 0.9408
vn -0.0148 0.3333 0.9427
vn 0.0333 0.3375 0.9407
vn 0.0148 0.3333 0.9427
vn 0.2845 0.9587 0.0040
vn 0.2845 0.9587 0.0039
vn 0.3030 0.9530 0.0069
vn 0.3033 0.9529 0.0070
vn 0.0000 0.2921 -0.9564
vn -0.0002 -0.0109 -0.9999
vn -0.0358 -0.0166 0.9992
vn -0.0419 -0.0199 0.9989
vn 0.2566 0.9544 -0.1525
vn 0.2570 0.9545 -0.1514
vn 0.2523 -0.9668 0.0410
vn 0.2524 -0.9668 0.0403
vn -0.2386 0.9232 -0.3013
vn -0.2391 0.9231 -0.3012
vn 0.2386 0.9232 -0.3013
vn 0.2391 0.9231 -0.3012
vn -0.2416 -0.9704 0.0005
vn -0.2419 -0.9703 0.0005
vn 0.2425 -0.9701 0.0004
vn 0.2428 -0.9701 0.0004
vn 0.6998 0.6944 -0.1676
vn 0.6558 0.6547 -0.3760
vn 0.6552 0.6552 -0.3761
vn 0.2763 -0.5621 0.7796
vn 0.2791 -0.5629 0.7780
vn 0.0001 0.0000 1.0000
vn -0.0001 0.0054 1.0000
vn -0.0001 -0.0055 1.0000
vn -0.6789 0.7342 -0.0004
vn -0.6791 0.7341 -0.0004
vn 0.6805 0.7327 -0.0004
vn 0.6807 0.7326 -0.0004
vn -0.7760 -0.0012 -0.6308
vn -0.7775 0.0003 -0.6289
vn 0.0000 -0.9780 -0.2088
vn 0.7772 0.0001 -0.6292
vn 0.7759 -0.0013 -0.6309
vn 0.3333 -0.5498 0.7659
vn 0.3393 -0.5509 0.7625
vn 0.7067 0.1677 -0.6874
vn 0.7058 0.1685 -0.6881
vn 0.7062 0.1681 -0.6878
vn 0.0872 -0.9872 0.1334
vn 0.0876 -0.9872 0.1334
vn -0.0764 -0.9874 0.1388
vn -0.0767 -0.9874 0.1387
vn -0.0768 -0.9873 0.1387
vn 0.0761 -0.9874 0.1388
vn 0.0765 -0.9874 0.1387
vn 0.0762 -0.9874 0.1388
vn 0.0766 -0.9874 0.1387
vn -0.7057 0.1676 -0.6884
vn -0.7059 0.1674 -0.6882
vn -0.7058 0.1675 -0.6883
vn -0.7061 0.1673 -0.6881
vn -0.0875 -0.9872 0.1334
vn -0.0876 -0.9872 0.1334
vn -0.2046 0.0524 0.9774
vn -0.3334 -0.5504 0.7654
vn -0.3394 -0.5516 0.7619
vn 0.2046 0.0524 0.9774
vn -0.0609 -0.2448 -0.9677
vn -0.0633 -0.2448 -0.9675
vn 0.0612 -0.2448 -0.9676
vn 0.0633 -0.2448 -0.9675
vn -0.6961 0.0000 0.7179
vn -0.6961 0.0000 0.7180
vn 0.6961 0.0000 0.7179
vn 0.6961 0.0000 0.7180
vn -0.9998 0.0005 -0.0186
vn -0.9999 -0.0020 -0.0172
vn -0.9998 -0.0005 -0.0186
vn -0.9999 0.0020 -0.0172
vn 0.9999 0.0030 -0.0167
vn 0.9999 0.0023 -0.0170
vn 0.9999 0.0026 -0.0169
vn 0.9999 0.0020 -0.0172
vn 0.9999 -0.0030 -0.0167
vn 0.9999 -0.0026 -0.0169
vn 0.9999 -0.0023 -0.0170
vn 0.9999 -0.0020 -0.0172
vn -0.7702 0.1502 -0.6199
vn -0.7706 0.1499 -0.6194
vn -0.7707 0.1498 -0.6193
vn -0.7709 0.1496 -0.6191
vn -0.1072 -0.9852 0.1337
vn -0.0998 -0.9860 0.1334
vn 0.0926 -0.9860 0.1385
vn 0.0870 -0.9864 0.1391
vn -0.0926 -0.9860 0.1386
vn -0.0866 -0.9865 0.1392
vn 0.7716 0.1504 -0.6181
vn 0.7705 0.1513 -0.6192
vn 0.1072 -0.9852 0.1337
vn 0.0997 -0.9860 0.1335
vn 0.0002 -0.0109 -0.9999
vn 0.5773 0.5773 0.5774
vn -0.5756 0.5782 0.5782
vn -0.5125 -0.7887 0.3396
vn -0.4975 -0.7482 0.4389
vn 0.4104 -0.3429 0.8450
vn 0.3879 -0.3418 0.8560
vn 0.5124 -0.7887 0.3396
vn 0.4969 -0.7469 0.4418
vn -0.4104 -0.3429 0.8450
vn -0.3868 -0.3417 0.8565
vn -0.1505 0.9676 0.2030
vn -0.1454 0.9675 0.2071
vn -0.1517 0.9678 -0.2010
vn -0.1442 0.9676 -0.2071
vn 0.1426 -0.9695 -0.1992
vn 0.1425 -0.9695 -0.1992
vn 0.1425 -0.9695 -0.1993
vn 0.1424 -0.9695 -0.1993
vn -0.1409 -0.9695 -0.2005
vn -0.1441 -0.9696 -0.1979
vn 0.1534 0.9678 -0.1996
vn 0.1425 0.9676 -0.2085
vn 0.2048 -0.9598 -0.1917
vn 0.1997 -0.9596 -0.1982
vn 0.1522 0.9676 0.2015
vn 0.1437 0.9674 0.2085
vn -0.1397 -0.9693 0.2024
vn -0.1453 -0.9694 0.1980
vn -0.2039 -0.9598 -0.1929
vn -0.1997 -0.9596 -0.1982
vn 0.1414 -0.9693 0.2011
vn 0.1436 -0.9694 0.1993
vn -0.0001 -0.0000 1.0000
vn 0.0001 -0.0055 1.0000
vn 0.0001 0.0054 1.0000
vn 0.4482 0.7735 0.4481
vn 0.4461 0.7710 0.4544
vn -0.4482 0.7735 0.4481
vn -0.4461 0.7710 0.4544
vn -0.0122 0.0017 -0.9999
vn 0.0000 0.1634 -0.9866
vn 0.0001 0.1637 -0.9865
vn 0.0122 -0.0017 -0.9999
vn 0.5884 0.7937 0.1544
vn 0.5848 0.7964 0.1542
vn -0.1204 0.6802 0.7231
vn -0.1204 0.6803 0.7229
vn -0.1205 0.6804 0.7229
vn -0.1206 0.6807 0.7226
vn 0.5817 -0.7984 0.1556
vn 0.5780 -0.8011 0.1553
vn -0.1182 -0.6797 0.7239
vn -0.1210 -0.6848 0.7186
vn -0.5807 -0.7993 0.1543
vn -0.5829 -0.7977 0.1545
vn 0.1177 -0.6781 0.7255
vn 0.1216 -0.6853 0.7181
vn 0.1542 -0.8287 0.5380
vn 0.1548 -0.8233 0.5461
vn 0.7230 -0.6717 -0.1617
vn 0.7244 -0.6704 -0.1609
vn -0.5873 0.7948 -0.1529
vn -0.5899 0.7928 -0.1531
vn 0.1226 0.6836 -0.7195
vn 0.1212 0.6811 -0.7221
vn -0.5875 0.7946 0.1532
vn -0.5897 0.7929 0.1534
vn 0.1198 0.6786 0.7246
vn 0.1212 0.6811 0.7221
vn 0.5814 -0.7987 -0.1552
vn 0.5782 -0.8010 -0.1550
vn -0.1210 -0.6847 -0.7187
vn -0.1210 -0.6848 -0.7186
vn -0.5805 -0.7996 -0.1540
vn -0.5832 -0.7976 -0.1542
vn 0.1204 -0.6831 -0.7203
vn 0.1216 -0.6853 -0.7181
vn 0.5882 0.7939 -0.1541
vn 0.5850 0.7963 -0.1539
vn -0.1231 0.6852 -0.7178
vn -0.1206 0.6807 -0.7226
vn -0.1542 -0.8287 0.5380
vn -0.1548 -0.8225 0.5473
vn -0.7282 -0.6667 -0.1587
vn -0.7281 -0.6669 -0.1588
vn -0.7282 -0.6668 -0.1587
vn -0.7734 0.6071 0.1824
vn -0.7636 0.6198 0.1809
vn -0.7749 0.6050 -0.1831
vn -0.7625 0.6211 -0.1811
vn 0.1813 -0.5694 -0.8018
vn 0.1817 -0.5663 -0.8039
vn -0.7728 -0.6083 0.1811
vn -0.7644 -0.6192 0.1797
vn 0.7718 0.6101 0.1790
vn 0.7736 0.6078 0.1792
vn 0.1306 0.8441 -0.5201
vn 0.1315 0.8411 -0.5247
vn -0.1807 -0.5716 -0.8004
vn -0.1815 -0.5648 -0.8050
vn 0.7733 0.6080 -0.1796
vn 0.7724 0.6092 -0.1794
vn 0.7727 -0.6092 -0.1782
vn 0.7729 -0.6090 -0.1782
vn 0.7731 -0.6087 -0.1782
vn 0.7731 -0.6087 -0.1783
vn 0.7712 -0.6113 0.1776
vn 0.7743 -0.6073 0.1781
vn -0.1332 -0.8474 0.5140
vn -0.1341 -0.8444 0.5186
vn -0.7632 -0.6206 -0.1799
vn -0.7743 -0.6062 -0.1817
vn 0.1340 -0.8470 0.5145
vn 0.1347 -0.8446 0.5182
vn -0.5165 -0.8370 -0.1807
vn -0.5139 -0.8387 -0.1803
vn 0.1334 0.8425 0.5219
vn 0.1329 0.8442 0.5194
vn -0.1305 -0.8489 -0.5122
vn -0.1327 -0.8414 -0.5239
vn 0.5156 -0.8378 -0.1793
vn 0.5185 -0.8360 -0.1798
vn 0.1312 -0.8485 -0.5126
vn 0.1332 -0.8415 -0.5236
vn -0.1327 0.8429 0.5214
vn -0.1324 0.8440 0.5197
vn -0.1299 0.8445 -0.5196
vn -0.1309 0.8410 -0.5250
vn 0.5036 0.7678 -0.3962
vn 0.5167 0.8025 -0.2983
vn 0.7872 -0.6068 0.1101
vn 0.7703 -0.6149 0.1693
vn 0.4536 -0.7800 -0.4311
vn 0.4605 -0.7882 -0.4083
vn -0.7703 -0.6148 0.1693
vn -0.7872 -0.6067 0.1101
vn -0.5035 0.7678 -0.3962
vn -0.5167 0.8025 -0.2983
vn -0.4536 -0.7800 -0.4311
vn -0.4605 -0.7882 -0.4083
vn 0.0000 -0.9980 0.0629
vn 0.0205 0.9998 0.0001
vn -0.0203 -0.9998 -0.0002
vn 0.0203 -0.9998 -0.0001
vn 0.0000 -0.9981 0.0624
vn -0.2050 -0.9672 -0.1501
vn -0.0782 0.1434 -0.9866
vn -0.0809 -0.1410 0.9867
vn 0.0808 -0.1410 0.9867
vn 0.0794 0.1416 -0.9867
vn -0.0001 0.1637 -0.9865
vn 0.0122 0.0017 -0.9999
vn 0.0123 -0.0017 0.9999
usemtl None
s 1
f 2/1/1 3/2/2 1/3/3
f 3/2/2 4/4/4 1/3/3
f 4/4/4 5/5/5 1/3/3
f 5/5/5 6/6/6 1/3/3
f 8/7/7 9/8/8 7/9/9
f 10/10/10 7/9/9 9/8/8
f 12/11/11 13/12/12 11/13/13
f 14/14/14 11/13/13 13/12/12
f 16/15/15 17/16/15 15/17/15
f 18/18/16 15/17/16 17/16/16
f 20/19/17 21/20/18 19/21/19
f 22/22/20 19/21/19 21/20/18
f 24/23/21 25/24/22 23/25/23
f 25/24/22 26/26/22 23/25/23
f 26/26/22 27/27/22 23/25/23
f 23/25/24 27/27/24 28/28/24
f 30/29/25 31/30/25 29/31/25
f 32/32/26 29/31/26 31/30/26
f 34/33/27 35/34/28 33/35/29
f 35/34/28 36/36/30 33/35/29
f 36/36/30 37/37/31 33/35/29
f 37/37/31 38/38/32 33/35/29
f 40/39/33 41/40/34 39/41/35
f 41/40/34 42/42/36 39/41/35
f 42/42/36 43/43/37 39/41/35
f 45/44/38 46/45/39 44/46/40
f 47/47/41 44/46/40 46/45/39
f 49/48/42 50/49/43 48/50/44
f 51/51/45 48/50/44 50/49/43
f 53/52/46 54/53/46 52/54/46
f 55/55/47 52/54/47 54/53/47
f 3/2/2 2/1/1 56/56/48
f 57/57/49 56/56/48 2/1/1
f 59/58/50 60/59/51 58/60/52
f 61/61/53 58/60/52 60/59/51
f 63/62/54 64/63/55 62/64/55
f 66/65/56 67/66/57 65/67/58
f 68/68/59 65/67/58 67/66/57
f 70/69/60 71/70/61 69/71/62
f 72/72/63 69/71/62 71/70/61
f 74/73/64 75/74/65 73/75/66
f 76/76/67 73/75/66 75/74/65
f 78/77/68 79/78/68 77/79/68
f 79/78/69 80/80/69 77/79/70
f 80/80/69 81/81/69 77/79/70
f 81/81/69 82/82/71 77/79/70
f 84/83/72 51/51/45 83/84/73
f 50/49/43 83/84/73 51/51/45
f 86/85/74 87/86/75 85/87/76
f 88/88/77 85/87/76 87/86/75
f 90/89/78 91/90/79 89/91/80
f 92/92/81 89/91/80 91/90/79
f 94/93/82 95/94/83 93/95/84
f 95/94/83 96/96/85 93/95/84
f 96/96/85 97/97/86 93/95/84
f 99/98/87 100/99/88 98/100/89
f 101/101/90 102/102/91 100/99/88
f 100/99/88 102/102/91 98/100/89
f 104/103/92 105/104/93 103/105/94
f 106/106/95 103/105/96 105/104/97
f 108/107/98 109/108/99 107/109/100
f 110/110/101 107/109/100 109/108/99
f 112/111/102 113/112/103 111/113/104
f 113/112/103 114/114/105 111/113/104
f 114/114/105 115/115/106 111/113/104
f 117/116/107 118/117/108 116/118/109
f 90/89/110 116/118/109 118/117/108
f 120/119/111 121/120/112 119/121/113
f 122/122/114 119/121/113 121/120/112
f 109/108/99 108/107/98 123/123/115
f 124/124/116 123/123/115 108/107/98
f 101/101/90 125/125/117 102/102/91
f 126/126/118 127/127/119 125/125/117
f 125/125/117 127/127/119 102/102/91
f 129/128/120 130/129/121 128/130/122
f 131/131/123 128/130/122 130/129/121
f 133/132/124 134/133/124 132/134/124
f 135/135/124 136/136/124 134/133/124
f 137/137/124 138/138/124 136/136/124
f 138/138/124 139/139/124 136/136/124
f 139/139/124 140/140/124 136/136/124
f 136/136/124 140/140/124 134/133/124
f 134/133/124 140/140/124 132/134/124
f 142/141/125 143/142/126 141/143/127
f 144/144/128 141/143/127 143/142/126
f 146/145/55 147/146/129 145/147/55
f 145/147/55 147/146/129 148/148/55
f 148/148/55 147/146/129 149/149/55
f 159/150/130 160/151/131 158/152/132
f 160/151/131 161/153/133 158/152/132
f 158/152/132 161/153/133 162/154/134
f 164/155/135 165/156/136 163/157/137
f 166/158/138 163/157/137 165/156/136
f 168/159/139 169/160/140 167/161/141
f 170/162/142 167/161/141 169/160/140
f 172/163/143 173/164/144 171/165/145
f 174/166/146 171/165/145 173/164/144
f 176/167/147 177/168/148 175/169/149
f 178/170/150 175/169/149 177/168/148
f 180/171/151 181/172/152 179/173/153
f 182/174/154 179/173/153 181/172/152
f 7/9/9 183/175/155 8/7/7
f 184/176/156 8/7/7 183/175/155
f 186/177/157 187/178/158 185/179/159
f 188/180/160 185/179/159 187/178/158
f 190/181/161 191/182/162 189/183/163
f 192/184/164 189/183/163 191/182/162
f 194/185/165 195/186/166 193/187/167
f 196/188/168 193/187/167 195/186/166
f 198/189/169 199/190/169 197/191/169
f 200/192/47 197/191/47 199/190/47
f 21/20/18 20/19/17 209/193/170
f 210/194/171 209/193/170 20/19/17
f 212/195/172 213/196/173 211/197/174
f 214/198/175 211/197/174 213/196/173
f 216/199/176 217/200/177 215/201/178
f 218/202/179 215/201/178 217/200/177
f 220/203/180 221/204/181 219/205/182
f 222/206/183 219/205/182 221/204/181
f 224/207/184 225/208/185 223/209/186
f 226/210/187 223/209/186 225/208/185
f 228/211/188 229/212/189 227/213/190
f 230/214/191 227/213/190 229/212/189
f 232/215/192 233/216/193 231/217/194
f 233/216/193 234/218/195 231/217/194
f 234/218/195 235/219/196 231/217/194
f 92/92/197 236/220/198 89/91/199
f 236/220/198 237/221/200 89/91/199
f 237/221/200 238/222/201 89/91/199
f 240/223/202 241/224/203 239/225/204
f 242/226/205 239/225/204 241/224/203
f 244/227/206 245/228/207 243/229/208
f 246/230/209 243/229/208 245/228/207
f 248/231/210 249/232/211 247/233/212
f 250/234/213 247/233/212 249/232/211
f 252/235/214 253/236/215 251/237/216
f 254/238/217 251/237/216 253/236/215
f 256/239/218 257/240/218 255/241/219
f 258/242/220 255/241/219 257/240/218
f 260/243/221 261/244/221 259/245/221
f 262/246/222 259/245/222 261/244/222
f 264/247/223 265/248/224 263/249/225
f 265/248/224 266/250/226 263/249/225
f 266/250/226 267/251/227 263/249/225
f 269/252/228 270/253/228 268/254/228
f 271/255/229 268/254/229 270/253/229
f 273/256/228 274/257/228 272/258/228
f 275/259/230 272/258/230 274/257/230
f 285/260/231 286/261/232 284/262/233
f 287/263/234 284/262/233 286/261/232
f 289/264/235 290/265/236 288/266/237
f 291/267/238 288/266/237 290/265/236
f 293/268/239 294/269/151 292/270/240
f 295/271/241 292/270/240 294/269/151
f 297/272/242 298/273/243 296/274/244
f 299/275/245 296/274/244 298/273/243
f 301/276/246 302/277/247 300/278/248
f 303/279/249 304/280/250 302/277/247
f 302/277/247 304/280/250 300/278/248
f 306/281/251 307/282/124 305/283/252
f 308/284/124 305/283/252 307/282/124
f 310/285/253 311/286/254 309/287/255
f 312/288/256 309/287/255 311/286/254
f 314/289/257 315/290/258 313/291/259
f 316/292/260 313/291/259 315/290/258
f 318/293/261 319/294/262 317/295/263
f 320/296/264 317/295/263 319/294/262
f 322/297/265 323/298/266 321/299/267
f 324/300/268 321/299/267 323/298/266
f 326/301/269 327/302/270 325/303/271
f 328/304/272 325/303/271 327/302/270
f 330/305/273 331/306/274 329/307/275
f 332/308/276 329/307/275 331/306/274
f 334/309/277 335/310/278 333/311/279
f 336/312/280 333/311/279 335/310/278
f 338/313/281 339/314/282 337/315/283
f 340/316/284 337/315/283 339/314/282
f 342/317/285 343/318/286 341/319/287
f 344/320/288 341/319/287 343/318/286
f 346/321/289 347/322/290 345/323/291
f 348/324/292 345/323/291 347/322/290
f 350/325/293 351/326/294 349/327/295
f 352/328/296 349/327/295 351/326/294
f 354/329/297 355/330/298 353/331/299
f 356/332/300 353/331/299 355/330/298
f 358/333/301 359/334/302 357/335/303
f 360/336/304 357/335/303 359/334/302
f 362/337/305 363/338/306 361/339/307
f 364/340/308 361/339/307 363/338/306
f 366/341/309 367/342/310 365/343/311
f 368/344/312 365/343/311 367/342/310
f 370/345/313 371/346/314 369/347/315
f 372/348/316 369/347/315 371/346/314
f 374/349/317 375/350/318 373/351/319
f 376/352/320 373/351/319 375/350/318
f 37/37/31 377/353/321 38/38/32
f 378/354/322 38/38/32 377/353/321
f 380/355/323 381/356/324 379/357/325
f 382/358/326 379/357/325 381/356/324
f 384/359/327 385/360/327 383/361/327
f 386/362/327 383/361/327 385/360/327
f 388/363/328 389/364/328 387/365/328
f 390/366/329 387/365/328 389/364/328
f 392/367/330 393/368/331 391/369/332
f 394/370/333 391/369/332 393/368/331
f 396/371/334 397/372/335 395/373/336
f 398/374/337 395/373/336 397/372/335
f 400/375/338 401/376/339 399/377/340
f 402/378/341 399/377/340 401/376/339
f 404/379/342 405/380/343 403/381/344
f 406/382/345 403/381/344 405/380/343
f 408/383/346 409/384/347 407/385/348
f 410/386/349 407/385/348 409/384/347
f 412/387/350 413/388/351 411/389/352
f 414/390/353 411/389/352 413/388/351
f 416/391/354 417/392/355 415/393/356
f 418/394/357 415/393/356 417/392/355
f 420/395/358 421/396/359 419/397/360
f 422/398/361 419/397/360 421/396/359
f 424/399/362 103/400/94 423/401/363
f 425/402/364 423/401/363 103/400/94
f 427/403/365 428/404/366 426/405/367
f 429/406/366 426/405/367 428/404/366
f 431/407/368 432/408/369 430/409/370
f 433/410/371 430/409/370 432/408/369
f 447/411/372 448/412/372 446/413/372
f 449/414/373 446/413/373 448/412/373
f 451/415/374 452/416/375 450/417/376
f 453/418/376 450/417/376 452/416/375
f 455/419/377 456/420/378 454/421/379
f 458/422/380 295/271/241 457/423/381
f 294/269/151 457/423/381 295/271/241
f 460/424/382 461/425/382 459/426/382
f 462/427/383 459/426/383 461/425/383
f 335/310/278 334/309/277 463/428/384
f 464/429/385 463/428/384 334/309/277
f 466/430/386 467/431/387 465/432/388
f 468/433/389 465/432/388 467/431/387
f 470/434/390 372/348/316 469/435/391
f 371/346/314 469/435/391 372/348/316
f 479/436/392 480/437/393 394/370/333
f 391/369/332 394/370/333 480/437/393
f 482/438/55 483/439/55 481/440/55
f 484/441/55 481/440/55 483/439/55
f 486/442/394 487/443/395 485/444/396
f 488/445/397 485/444/396 487/443/395
f 301/446/246 489/447/398 303/448/249
f 490/449/399 303/448/249 489/447/398
f 492/450/400 493/451/401 491/452/402
f 494/453/402 491/452/402 493/451/401
f 504/454/403 505/455/404 503/456/405
f 506/457/406 503/456/405 505/455/404
f 508/458/407 509/459/408 507/460/409
f 510/461/410 507/460/409 509/459/408
f 512/462/411 513/463/412 511/464/413
f 514/465/414 511/464/413 513/463/412
f 516/466/415 517/467/416 515/468/417
f 518/469/418 515/468/417 517/467/416
f 520/470/419 78/471/420 519/472/421
f 77/473/422 519/472/421 78/471/420
f 522/474/423 523/475/424 521/476/425
f 524/477/426 521/476/425 523/475/424
f 40/39/33 525/478/427 41/40/34
f 526/479/428 41/40/34 525/478/427
f 527/480/429 528/481/430 22/22/431
f 19/21/432 22/22/431 528/481/430
f 530/482/433 531/483/434 529/484/435
f 19/21/19 529/484/435 531/483/434
f 533/485/436 10/10/437 532/486/438
f 9/8/439 532/486/438 10/10/437
f 535/487/440 536/488/441 534/489/442
f 9/8/8 534/489/442 536/488/441
f 538/490/443 539/491/444 537/492/445
f 540/493/446 537/492/445 539/491/444
f 541/494/447 542/495/448 386/496/449
f 383/497/450 386/496/449 542/495/448
f 560/498/451 561/499/416 559/500/452
f 562/501/453 559/500/452 561/499/416
f 564/502/454 565/503/455 563/504/456
f 566/505/457 563/504/458 565/503/459
f 568/506/460 36/36/30 567/507/461
f 35/34/28 567/507/461 36/36/30
f 570/508/462 571/509/463 569/510/464
f 571/509/463 572/511/465 569/510/464
f 572/511/465 573/512/466 569/510/464
f 574/513/467 575/514/468 320/296/264
f 317/295/263 320/296/264 575/514/468
f 576/515/469 577/516/470 110/110/471
f 107/109/472 110/110/471 577/516/470
f 579/517/473 580/518/474 578/519/475
f 581/520/476 578/519/475 580/518/474
f 583/521/477 584/522/478 582/523/479
f 585/524/270 582/523/479 584/522/478
f 587/525/480 588/526/481 586/527/482
f 589/528/481 586/527/482 588/526/481
f 591/529/483 592/530/484 590/531/483
f 593/532/485 590/531/483 592/530/484
f 595/533/486 246/230/209 594/534/487
f 245/228/207 594/534/487 246/230/209
f 597/535/328 598/536/328 596/537/328
f 600/538/488 601/539/489 599/540/490
f 602/541/491 599/540/490 601/539/489
f 604/542/492 605/543/493 603/544/124
f 606/545/124 603/544/124 605/543/493
f 608/546/494 609/547/495 607/548/496
f 609/547/495 610/549/497 607/548/496
f 610/549/497 611/550/498 607/548/496
f 629/551/499 630/552/500 628/553/501
f 630/552/500 631/554/502 628/553/501
f 631/554/502 632/555/503 628/553/501
f 634/556/504 635/557/505 633/558/506
f 129/128/507 633/558/506 635/557/505
f 637/559/508 638/560/509 636/561/510
f 639/562/511 636/561/510 638/560/509
f 641/563/512 642/564/513 640/565/514
f 644/566/515 645/567/516 643/568/517
f 646/569/518 643/568/517 645/567/516
f 648/570/519 649/571/520 647/572/521
f 650/573/522 647/572/521 649/571/520
f 652/574/523 653/575/524 651/576/525
f 654/577/526 651/576/525 653/575/524
f 656/578/527 657/579/528 655/580/529
f 655/580/529 657/579/528 658/581/530
f 657/579/528 659/582/531 658/581/530
f 665/583/532 666/584/533 664/585/534
f 666/584/533 667/586/535 664/585/534
f 668/587/536 669/588/537 667/586/535
f 667/586/535 669/588/537 664/585/534
f 669/588/537 670/589/538 664/585/534
f 672/590/539 673/591/540 671/592/541
f 673/591/540 674/593/542 671/592/541
f 674/593/542 675/594/543 671/592/541
f 681/595/544 682/596/544 680/597/544
f 683/598/545 680/597/545 682/596/545
f 685/599/546 686/600/547 684/601/548
f 687/602/549 684/601/548 686/600/547
f 689/603/550 690/604/550 688/605/550
f 691/606/551 688/605/551 690/604/551
f 693/607/552 694/608/553 692/609/554
f 695/610/555 692/609/554 694/608/553
f 697/611/55 698/612/55 696/613/55
f 700/614/556 701/615/557 699/616/558
f 702/617/559 699/616/558 701/615/557
f 704/618/560 705/619/561 703/620/562
f 706/621/563 703/620/562 705/619/561
f 708/622/55 709/623/55 707/624/55
f 711/625/564 712/626/565 710/627/566
f 713/628/567 710/627/566 712/626/565
f 257/240/218 256/239/218 714/629/568
f 715/630/569 714/629/568 256/239/218
f 462/427/570 461/425/205 716/631/571
f 717/632/572 716/631/571 461/425/205
f 719/633/573 720/634/574 718/635/575
f 720/634/574 721/636/576 718/635/575
f 721/636/576 722/637/577 718/635/575
f 724/638/578 725/639/578 723/640/578
f 726/641/579 723/640/579 725/639/579
f 727/642/580 728/643/581 28/644/582
f 23/645/583 28/644/582 728/643/581
f 718/635/584 722/637/584 729/646/584
f 730/647/585 729/646/585 722/637/585
f 732/648/586 733/649/587 731/650/588
f 734/651/589 731/650/588 733/649/587
f 750/652/590 751/653/591 749/654/592
f 752/655/593 749/654/592 751/653/591
f 754/656/594 755/657/595 753/658/596
f 756/659/597 753/658/596 755/657/595
f 758/660/598 759/661/598 757/662/598
f 760/663/599 757/662/599 759/661/599
f 762/664/600 763/665/601 761/666/602
f 764/667/603 761/666/602 763/665/601
f 766/668/604 767/669/605 765/670/606
f 768/671/607 765/670/606 767/669/605
f 770/672/608 771/673/609 769/674/608
f 772/675/610 769/674/608 771/673/609
f 774/676/611 775/677/612 773/678/613
f 776/679/614 773/678/613 775/677/612
f 778/680/615 779/681/616 777/682/617
f 780/683/593 777/682/617 779/681/616
f 782/684/618 783/685/619 781/686/618
f 784/687/620 781/686/618 783/685/619
f 786/688/305 787/689/308 785/690/305
f 788/691/218 785/690/305 787/689/308
f 806/692/621 807/693/622 805/694/623
f 808/695/624 805/694/623 807/693/622
f 810/696/625 811/697/209 809/698/626
f 812/699/627 809/698/626 811/697/209
f 820/700/628 667/586/535 819/701/629
f 667/586/535 666/584/533 819/701/629
f 666/584/533 821/702/630 819/701/629
f 823/703/631 824/704/124 822/705/632
f 825/706/124 822/705/632 824/704/124
f 831/707/633 832/708/634 830/709/635
f 833/710/636 830/709/635 832/708/634
f 851/711/637 852/712/638 850/713/639
f 301/276/640 300/278/640 852/712/638
f 852/712/638 300/278/640 850/713/639
f 854/714/641 851/715/641 853/716/641
f 305/283/642 853/716/642 851/715/642
f 856/717/643 857/718/620 855/719/644
f 858/720/644 855/719/644 857/718/620
f 860/721/645 861/722/646 859/723/647
f 862/724/627 859/723/647 861/722/646
f 870/725/648 871/726/649 869/727/650
f 872/728/651 869/727/650 871/726/649
f 727/642/652 881/729/652 455/419/653
f 456/420/654 455/419/655 881/729/656
f 728/643/657 727/642/658 882/730/659
f 883/731/660 882/730/659 727/642/658
f 887/732/124 888/733/124 886/734/661
f 889/735/662 886/734/661 888/733/124
f 891/736/663 892/737/664 890/738/665
f 893/739/666 890/738/667 892/737/668
f 894/740/669 895/741/670 4/4/4
f 5/5/5 4/4/4 895/741/670
f 137/137/124 896/742/124 138/138/124
f 138/138/124 896/742/124 139/139/124
f 897/743/124 898/744/124 896/742/124
f 899/745/124 900/746/124 898/744/124
f 900/746/124 901/747/124 898/744/124
f 898/744/124 901/747/124 896/742/124
f 896/742/124 901/747/124 139/139/124
f 903/748/671 904/749/672 902/750/673
f 904/749/672 905/751/674 902/750/673
f 905/751/674 906/752/675 902/750/673
f 520/470/419 640/565/676 912/753/677
f 642/564/513 912/753/678 640/565/514
f 519/472/679 913/754/680 520/470/681
f 914/755/682 520/470/681 913/754/680
f 928/756/683 929/757/684 927/758/685
f 930/759/686 927/758/685 929/757/684
f 932/760/55 696/613/55 931/761/55
f 934/762/55 708/622/55 933/763/55
f 939/764/687 940/765/688 938/766/689
f 941/767/690 938/766/689 940/765/688
f 943/768/691 944/769/55 942/770/692
f 944/769/55 945/771/55 942/770/692
f 946/772/693 947/773/694 945/771/55
f 945/771/55 947/773/694 942/770/692
f 949/774/695 950/775/696 948/776/697
f 950/775/696 951/777/698 948/776/697
f 951/777/698 952/778/699 948/776/697
f 570/508/462 569/510/464 953/779/700
f 573/512/466 954/780/701 569/510/464
f 569/510/464 954/780/701 953/779/700
f 956/781/702 402/378/341 955/782/703
f 401/376/339 955/782/703 402/378/341
f 958/783/704 378/354/322 957/784/705
f 377/353/321 957/784/705 378/354/322
f 567/507/461 959/785/706 568/506/460
f 960/786/707 568/506/460 959/785/706
f 946/772/693 945/771/55 961/787/708
f 961/787/708 945/771/55 962/788/709
f 945/771/55 944/769/55 962/788/709
f 944/769/55 943/768/691 962/788/709
f 963/789/710 964/790/711 962/791/712
f 961/792/713 962/791/712 964/790/711
f 968/793/714 969/794/715 967/795/716
f 970/796/716 967/795/716 969/794/715
f 367/342/310 366/341/309 971/797/717
f 972/798/718 971/797/717 366/341/309
f 988/799/719 989/800/720 987/801/721
f 990/802/722 987/801/721 989/800/720
f 991/803/723 992/804/724 57/57/49
f 56/56/48 57/57/49 992/804/724
f 895/741/670 894/740/669 514/465/414
f 511/464/413 514/465/414 894/740/669
f 994/805/725 995/806/726 993/807/727
f 995/806/726 996/808/728 993/807/727
f 996/808/728 997/809/729 993/807/727
f 999/810/730 1000/811/731 998/812/732
f 1000/811/731 1001/813/733 998/812/732
f 1001/813/733 1002/814/734 998/812/732
f 1004/815/735 1005/816/736 1003/817/737
f 1006/818/738 1003/817/737 1005/816/736
f 1008/819/739 1009/820/740 1007/821/741
f 1010/822/742 1007/821/741 1009/820/740
f 1012/823/743 1013/824/744 1011/825/745
f 1014/826/746 1011/825/745 1013/824/744
f 1016/827/747 1017/828/748 1015/829/749
f 1018/830/750 1015/829/749 1017/828/748
f 1020/831/751 655/580/529 1019/832/752
f 658/581/530 1019/832/752 655/580/529
f 1022/833/753 1023/834/754 1021/835/755
f 1025/836/756 1026/837/757 1024/838/758
f 1027/839/759 1024/838/758 1026/837/757
f 415/840/327 418/841/327 1028/842/327
f 1040/843/760 1041/844/761 1039/845/762
f 1042/846/763 1039/845/762 1041/844/761
f 1044/847/764 1045/848/765 1043/849/766
f 1046/850/767 1043/849/766 1045/848/765
f 1048/851/768 1049/852/769 1047/853/770
f 1050/854/771 1047/853/770 1049/852/769
f 1052/855/772 1053/856/773 1051/857/774
f 1054/858/775 1051/857/774 1053/856/773
f 1056/859/776 134/133/776 1055/860/776
f 133/132/776 1055/860/776 134/133/776
f 597/535/328 1058/861/328 1057/862/328
f 1060/863/777 1061/864/777 1059/865/777
f 1062/866/778 1059/865/778 1061/864/778
f 675/594/543 674/593/542 1063/867/779
f 1064/868/780 1063/867/779 674/593/542
f 1077/869/781 1078/870/782 379/357/325
f 380/355/323 379/357/325 1078/870/782
f 957/784/705 1079/871/783 958/783/704
f 1080/872/784 958/783/704 1079/871/783
f 992/804/724 991/803/723 1081/873/785
f 1082/874/786 1081/873/785 991/803/723
f 1084/875/787 1085/876/788 1083/877/789
f 1086/878/790 1083/877/789 1085/876/788
f 1088/879/791 1089/880/792 1087/881/793
f 1090/882/794 1087/881/793 1089/880/792
f 1091/883/55 178/170/55 177/168/55
f 1092/884/795 1093/885/796 812/699/627
f 809/698/626 812/699/627 1093/885/796
f 1095/886/797 1096/887/798 1094/888/799
f 1097/889/800 1094/888/799 1096/887/798
f 1099/890/801 1100/891/802 1098/892/803
f 1101/893/804 1098/892/803 1100/891/802
f 1103/894/805 784/687/620 1102/895/806
f 783/685/619 1102/895/806 784/687/620
f 1102/895/55 783/685/55 1104/896/55
f 594/534/55 245/228/55 1104/896/55
f 1106/897/807 589/528/481 1105/898/808
f 588/526/481 1105/898/808 589/528/481
f 1107/899/809 1108/900/810 609/547/495
f 1109/901/811 1110/902/812 1108/900/810
f 1111/903/813 610/549/497 1110/902/812
f 1110/902/812 610/549/497 1108/900/810
f 1108/900/810 610/549/497 609/547/495
f 1002/814/734 1001/813/733 1112/904/814
f 1001/813/733 1113/905/815 1112/904/814
f 1113/905/815 1114/906/816 1112/904/814
f 1116/907/817 1117/908/818 1115/909/819
f 1118/910/820 1115/909/819 1117/908/818
f 318/911/821 1120/912/821 1119/913/821
f 1121/914/822 1119/913/822 1120/912/822
f 1123/915/823 1124/916/824 1122/917/825
f 1125/918/826 1122/917/825 1124/916/824
f 400/919/821 1127/920/821 1126/921/821
f 1128/922/827 1126/921/827 1127/920/827
f 1129/923/55 1130/924/55 147/146/129
f 1132/925/828 1133/926/829 1131/927/830
f 1133/926/829 1134/928/831 1131/927/830
f 1134/928/831 1135/929/832 1131/927/830
f 708/622/55 1137/930/55 1136/931/55
f 1139/932/833 1140/933/834 1138/934/835
f 1141/935/836 1138/934/835 1140/933/834
f 1143/936/837 1144/937/838 1142/938/839
f 1145/939/840 1142/938/839 1144/937/838
f 1146/940/55 1147/941/55 696/613/55
f 1148/942/841 1149/943/842 990/802/722
f 987/801/721 990/802/722 1149/943/842
f 1151/944/843 1152/945/844 1150/946/845
f 1153/947/846 1150/946/845 1152/945/844
f 1155/948/847 1156/949/848 1154/950/849
f 1157/951/800 1154/950/849 1156/949/848
f 1159/952/803 1160/953/803 1158/954/850
f 1161/955/851 1158/954/850 1160/953/803
f 1163/956/753 1164/957/852 1162/958/853
f 1178/959/753 1179/960/755 1177/961/854
f 886/734/641 850/962/641 1180/963/641
f 1181/964/641 1180/963/641 850/962/641
f 1185/965/55 1186/966/55 1184/967/55
f 1187/968/55 1184/967/55 1186/966/55
f 1196/969/855 1197/970/855 1195/971/855
f 1198/972/856 1195/971/856 1197/970/856
f 994/805/725 1199/973/857 995/806/726
f 1200/974/858 995/806/726 1199/973/857
f 1202/975/859 1203/976/859 1201/977/859
f 1204/978/859 1201/977/859 1203/976/859
f 1206/979/860 166/158/138 1205/980/861
f 165/156/136 1205/980/861 166/158/138
f 1217/981/862 1218/982/863 1216/983/864
f 1219/984/865 1216/983/864 1218/982/863
f 1221/985/328 1222/986/328 1220/987/328
f 1223/988/328 1220/987/328 1222/986/328
f 1225/989/866 1057/990/867 1224/991/868
f 1058/992/869 1224/991/868 1057/990/867
f 1227/993/870 1228/994/871 1226/995/872
f 1229/996/873 1226/995/872 1228/994/871
f 1235/997/874 1236/998/875 1234/999/876
f 1237/1000/877 1234/999/876 1236/998/875
f 1239/1001/878 1240/1002/878 1238/1003/878
f 1241/1004/879 1238/1003/879 1240/1002/879
f 1243/1005/880 1244/1006/881 1242/1007/882
f 1245/1008/883 1242/1007/882 1244/1006/881
f 1247/1009/884 1248/1010/884 1246/1011/884
f 1249/1012/885 1246/1011/885 1248/1010/885
f 1091/883/55 644/566/55 643/568/55
f 1251/1013/886 1252/1014/887 1250/1015/888
f 1252/1014/887 1253/1016/889 1250/1015/888
f 1253/1016/889 1254/1017/890 1250/1015/888
f 1256/1018/891 1257/1019/892 1255/1020/893
f 1258/1021/759 1255/1020/893 1257/1019/892
f 1260/1022/894 1261/1023/895 1259/1024/896
f 1262/1025/897 1259/1024/896 1261/1023/895
f 1264/1026/898 942/1027/899 1263/1028/900
f 947/1029/901 1263/1028/900 942/1027/899
f 1266/1030/859 1267/1031/859 1265/1032/859
f 1268/1033/902 1265/1032/859 1267/1031/859
f 1269/1034/903 1270/1035/904 104/1036/92
f 1271/1037/905 104/1036/92 1270/1035/904
f 1273/1038/55 1274/1039/55 1272/1040/55
f 855/719/55 1272/1040/55 1274/1039/55
f 1275/1041/906 1272/1040/907 858/720/644
f 855/719/644 858/720/644 1272/1040/907
f 1278/1042/908 47/47/41 130/129/909
f 47/47/41 46/45/39 130/129/909
f 46/45/39 131/131/910 130/129/909
f 1280/1043/911 1281/1044/912 1279/1045/913
f 1282/1046/914 1279/1045/913 1281/1044/912
f 1287/1047/915 1288/1048/916 1286/1049/917
f 1289/1050/918 1286/1049/917 1288/1048/916
f 1297/1051/919 1298/1052/920 1296/1053/921
f 1299/1054/922 1296/1053/921 1298/1052/920
f 1301/1055/923 1302/1056/924 1300/1057/302
f 1303/1058/925 1300/1057/302 1302/1056/924
f 1305/1059/926 1306/1060/927 1304/1061/926
f 1307/1062/928 1304/1061/926 1306/1060/927
f 1308/1063/929 1309/1064/930 15/1065/931
f 16/1066/932 15/1065/931 1309/1064/930
f 1311/1067/933 967/795/933 1310/1068/933
f 970/796/933 1310/1068/933 967/795/933
f 1313/1069/934 494/453/934 1312/1070/935
f 493/451/934 1312/1070/935 494/453/934
f 27/27/55 1315/1071/55 1314/1072/55
f 1316/1073/55 1314/1072/55 1315/1071/55
f 1317/1074/936 1318/1075/937 118/117/108
f 90/89/110 118/117/108 1318/1075/937
f 1320/1076/938 633/558/506 1319/1077/939
f 129/128/507 1319/1077/939 633/558/506
f 1330/1078/940 1331/1079/941 1329/1080/942
f 1332/1081/943 1329/1080/942 1331/1079/941
f 1334/1082/944 1335/1083/945 1333/1084/946
f 1336/1085/947 1333/1084/946 1335/1083/945
f 1346/1086/948 593/532/948 1345/1087/948
f 592/530/949 1345/1087/949 593/532/949
f 1348/1088/950 1349/1089/951 1347/1090/149
f 1350/1091/952 1347/1090/149 1349/1089/951
f 288/266/237 1355/1092/953 289/264/235
f 1356/1093/954 289/264/235 1355/1092/953
f 79/78/55 382/1094/55 769/674/55
f 381/1095/55 769/674/55 382/1094/55
f 1358/1096/955 1359/1097/956 1357/1098/957
f 1359/1097/956 1360/1099/958 1357/1098/957
f 1360/1099/958 1361/1100/959 1357/1098/957
f 1363/1101/960 1364/1102/961 1362/1103/962
f 1364/1102/961 1365/1104/963 1362/1103/962
f 1365/1104/963 1366/1105/964 1362/1103/962
f 1368/1106/965 1369/1107/966 1367/1108/967
f 1369/1107/966 1370/1109/968 1367/1108/967
f 1370/1109/968 1371/1110/969 1367/1108/967
f 1373/1111/970 1374/1112/971 1372/1113/972
f 1375/1114/973 1372/1113/972 1374/1112/971
f 114/114/105 1381/1115/55 1380/1116/55
f 1382/1117/55 1383/1118/974 24/23/975
f 149/149/55 82/82/976 148/148/55
f 63/62/55 1384/1119/55 82/82/976
f 82/82/976 1384/1119/55 148/148/55
f 1386/1120/977 1387/1121/978 1385/1122/979
f 1387/1121/978 522/474/423 1385/1122/979
f 522/474/423 521/476/425 1385/1122/979
f 1389/1123/980 1390/1124/981 1388/1125/982
f 1391/1126/983 1388/1125/982 1390/1124/981
f 1393/1127/984 1394/1128/985 1392/1129/986
f 1395/1130/987 1392/1129/986 1394/1128/985
f 1397/1131/773 1398/1132/773 1396/1133/773
f 1399/1134/773 1396/1133/773 1398/1132/773
f 1401/1135/988 1402/1136/989 1400/1137/990
f 1403/1138/991 1400/1137/990 1402/1136/989
f 1405/1139/992 1406/1140/993 1404/1141/994
f 1407/1142/995 1404/1141/994 1406/1140/993
f 45/44/38 1409/1143/996 1408/1144/997
f 1410/1145/998 1408/1144/997 1409/1143/996
f 1411/1146/999 1412/1147/1000 1006/818/738
f 1003/817/737 1006/818/738 1412/1147/1000
f 1414/1148/55 1415/1149/55 1413/1150/55
f 1417/1151/1001 531/483/434 1416/1152/1002
f 1418/1153/1003 1416/1152/1002 531/483/434
f 1420/1154/1004 1421/1155/1005 1419/1156/1006
f 1422/1157/1007 1419/1156/1006 1421/1155/1005
f 1423/1158/1008 1424/1159/1009 503/456/405
f 68/68/1010 503/456/405 1424/1159/1009
f 1426/1160/1011 580/518/474 1425/1161/1012
f 107/109/100 1425/1161/1012 580/518/474
f 1427/1162/55 760/663/55 1273/1038/55
f 1428/1163/1013 1429/1164/1014 469/435/391
f 470/434/390 469/435/391 1429/1164/1014
f 1431/1165/1015 1432/1166/55 1430/1167/55
f 1450/1168/1016 1451/1169/689 1449/1170/1017
f 1452/1171/690 1449/1170/1017 1451/1169/689
f 1454/1172/1018 1455/1173/1019 1453/1174/1020
f 1456/1175/1021 1453/1174/1020 1455/1173/1019
f 1458/1176/1022 1459/1177/1023 1457/1178/757
f 1460/1179/759 1457/1178/757 1459/1177/1023
f 1462/1180/1024 1463/1181/1025 1461/1182/1024
f 1464/1183/1026 1461/1182/1024 1463/1181/1025
f 1466/1184/1027 1467/1185/1028 1465/1186/1029
f 1468/1187/1030 1465/1186/1029 1467/1185/1028
f 1470/1188/1031 1471/1189/1032 1469/1190/1033
f 1472/1191/1034 1469/1190/1033 1471/1189/1032
f 1477/1192/1035 1478/1193/1036 534/489/442
f 1479/1194/1037 534/489/442 1478/1193/1036
f 1481/1195/1038 1482/1196/1039 1480/1197/1040
f 1483/1198/1041 1480/1197/1040 1482/1196/1039
f 1484/1199/1042 1485/1200/1043 1254/1017/890
f 1254/1017/890 1485/1200/1043 1250/1015/888
f 1485/1200/1043 1486/1201/1044 1250/1015/888
f 1250/1015/888 1486/1201/1044 1487/1202/1045
f 1486/1201/1044 656/1203/1046 1487/1202/1045
f 145/147/55 1488/1204/55 146/145/1047
f 1492/1205/1048 1493/1206/1049 222/206/183
f 219/205/182 222/206/183 1493/1206/1049
f 1495/1207/1050 230/214/191 1494/1208/1051
f 229/212/189 1494/1208/1051 230/214/191
f 1497/1209/1052 1498/1210/1053 1496/1211/859
f 1499/1212/1054 1496/1211/859 1498/1210/1053
f 1503/1213/1055 1504/1214/1056 1502/1215/1057
f 1504/1214/1056 1505/1216/1058 1502/1215/1057
f 1505/1216/1058 1506/1217/124 1502/1215/1057
f 317/1218/124 1520/1219/124 318/911/124
f 1120/912/124 318/911/124 1520/1219/124
f 1522/1220/124 1523/1221/124 1521/1222/1059
f 1523/1221/124 1524/1223/124 1521/1222/1059
f 1524/1223/124 1525/1224/1060 1521/1222/1059
f 1527/1225/1061 1528/1226/1062 1526/1227/1063
f 1529/1228/1062 1526/1227/1063 1528/1226/1062
f 1526/1227/1063 1530/1229/1064 1527/1225/1061
f 1531/1230/1065 1527/1225/1061 1530/1229/1064
f 566/1231/457 1533/1232/1066 1532/1233/1067
f 1534/1234/1068 1532/1233/1067 1533/1232/1066
f 172/163/143 1538/1235/1069 173/164/144
f 1539/1236/1070 173/164/144 1538/1235/1069
f 1541/1237/327 1542/1238/327 1540/1239/327
f 1543/1240/327 1540/1239/327 1542/1238/327
f 1545/1241/1071 1546/1242/1072 1544/1243/1071
f 1547/1244/1072 1544/1243/1071 1546/1242/1072
f 1549/1245/1073 1550/1246/1074 1548/1247/1075
f 1551/1248/1076 1548/1247/1075 1550/1246/1074
f 1113/905/815 1001/813/733 1358/1249/955
f 401/1250/1077 400/919/124 1521/1222/1078
f 1126/921/124 1521/1222/1078 400/919/124
f 1553/1251/1079 1554/1252/1080 1552/1253/1081
f 1555/1254/1082 1552/1253/1081 1554/1252/1080
f 1556/1255/1083 1557/1256/1084 527/480/429
f 528/481/430 527/480/429 1557/1256/1084
f 1559/1257/859 1560/1258/859 1558/1259/859
f 1562/1260/1085 533/485/436 1561/1261/1086
f 532/486/438 1561/1261/1086 533/485/436
f 1564/1262/859 1565/1263/859 1563/1264/859
f 4252/1265/1087 1581/1266/1088 1579/1267/1089
f 1582/1268/1090 1579/1267/1089 1581/1266/1088
f 1579/1267/1089 1583/1269/1091 4252/1270/1087
f 235/219/196 234/218/195 1584/1271/1092
f 1585/1272/1093 1584/1271/1092 234/218/195
f 1012/823/743 1586/1273/1094 236/220/198
f 237/221/200 236/220/198 1586/1273/1094
f 1588/1274/1095 1589/1275/1096 1587/1276/1097
f 1590/1277/1098 1587/1276/1097 1589/1275/1096
f 1592/1278/1099 1593/1279/1100 1591/1280/1101
f 1594/1281/1102 1591/1280/1101 1593/1279/1100
f 715/630/1103 717/1282/1103 1595/1283/1104
f 461/1284/1105 1595/1283/1104 717/1282/1103
f 1597/1285/1106 1598/1286/1106 1596/1287/1106
f 1595/1283/1107 1596/1287/1107 1598/1286/1107
f 1600/1288/1108 1601/1289/1109 1599/1290/1110
f 1602/1291/1111 1599/1290/1110 1601/1289/1109
f 1185/965/55 1184/967/55 1603/1292/55
f 1604/1293/55 1603/1292/55 1184/967/55
f 708/622/55 1606/1294/55 1605/1295/55
f 1607/1296/55 1608/1297/55 696/613/55
f 541/494/447 1610/1298/1112 1609/1299/1113
f 1611/1300/1114 1609/1299/1113 1610/1298/1112
f 1613/1301/1115 1614/1302/1116 1612/1303/1117
f 1615/1304/1118 1612/1303/1117 1614/1302/1116
f 1617/1305/1119 1618/1306/1120 1616/1307/1121
f 1619/1308/1122 1616/1307/1121 1618/1306/1120
f 1621/1309/1123 1622/1310/1123 1620/1311/1123
f 1623/1312/1123 1620/1311/1123 1622/1310/1123
f 1625/1313/1124 1626/1314/1124 1624/1315/1124
f 1627/1316/1124 1624/1315/1124 1626/1314/1124
f 1629/1317/1125 1630/1318/1126 1628/1319/1127
f 1631/1320/1127 1628/1319/1127 1630/1318/1126
f 1633/1321/1128 1634/1322/1129 1632/1323/1130
f 1635/1324/1131 1632/1323/1130 1634/1322/1129
f 1637/1325/1132 1638/1326/1132 1636/1327/1132
f 1639/1328/1132 1636/1327/1132 1638/1326/1132
f 1641/1329/1133 1642/1330/1133 1640/1331/1133
f 1643/1332/1133 1640/1331/1133 1642/1330/1133
f 1645/1333/1134 1122/1334/1134 1644/1335/1134
f 1125/1336/1135 1644/1335/1135 1122/1334/1135
f 1647/1337/1136 1648/1338/1137 1646/1339/1138
f 1649/1340/1139 1646/1339/1138 1648/1338/1137
f 1650/1341/1140 1651/1342/1140 1117/1343/1140
f 1118/1344/1141 1117/1343/1141 1651/1342/1141
f 1653/1345/1142 1654/1346/1143 1652/1347/1144
f 1655/1348/1145 1652/1347/1144 1654/1346/1143
f 1178/959/753 1657/1349/853 1656/1350/1146
f 4253/1351/1147 1660/1352/1148 1658/1353/1149
f 1661/1354/1150 1658/1353/1149 1660/1352/1148
f 4254/1355/1151 1664/1356/1152 1662/1357/1153
f 1666/1358/1154 1667/1359/1155 1665/1360/1156
f 1225/989/866 1665/1360/1156 1667/1359/1155
f 1668/1361/1157 1669/1362/1158 599/540/490
f 1670/1363/1159 599/540/490 1669/1362/1158
f 1672/1364/1160 1673/1365/1161 1671/1366/1162
f 1673/1365/1161 1359/1097/956 1671/1366/1162
f 1359/1097/956 1358/1096/955 1671/1366/1162
f 1675/1367/1163 955/1368/1164 1674/1369/1165
f 1521/1222/1166 1674/1369/1165 955/1368/1164
f 1148/942/940 990/802/1167 1676/1370/940
f 1677/1371/1168 1676/1370/940 990/802/1167
f 1520/1219/1169 1679/1372/1170 1678/1373/1171
f 1680/1374/462 1678/1373/1171 1679/1372/1170
f 1452/1171/690 1451/1169/689 1681/1375/688
f 1682/1376/687 1681/1375/688 1451/1169/689
f 1684/1377/1172 1685/1378/1173 1683/1379/1174
f 1686/1380/1175 1683/1379/1174 1685/1378/1173
f 1163/956/753 1688/1381/1146 1687/1382/755
f 1690/1383/940 1691/1384/941 1689/1385/942
f 1692/1386/943 1689/1385/942 1691/1384/941
f 1694/1387/1176 1695/1388/1177 1693/1389/1178
f 1696/1390/1179 1693/1389/1178 1695/1388/1177
f 1264/1391/1180 1263/1392/1180 1697/1393/1180
f 1698/1394/1181 882/1395/1181 1263/1392/1181
f 882/1395/1182 883/1396/1182 1263/1392/1182
f 1263/1392/1183 883/1396/1183 1697/1393/1183
f 883/1396/1184 1699/1397/1184 1697/1393/1184
f 1701/1398/1185 914/1399/1185 1700/1400/1185
f 1702/1401/1186 964/1402/1186 913/1403/1186
f 913/1403/1187 964/1402/1187 914/1399/1187
f 914/1399/1188 964/1402/1188 1700/1400/1188
f 964/1402/1189 963/1404/1189 1700/1400/1189
f 508/458/407 507/460/409 368/344/312
f 365/343/311 368/344/312 507/460/409
f 143/142/126 68/68/1010 144/144/128
f 67/66/1190 144/144/128 68/68/1010
f 1706/1405/1191 1280/1406/1191 1705/1407/1191
f 1279/1408/1192 1705/1407/1192 1280/1406/1192
f 1707/1409/1193 1708/1410/1193 1470/1411/1193
f 1471/1412/1194 1470/1411/1194 1708/1410/1194
f 1719/1413/1195 1720/1414/1196 1718/1415/1197
f 1721/1416/1198 1718/1415/1197 1720/1414/1196
f 1723/1417/1199 1724/1418/1200 1722/1419/1201
f 1725/1420/1202 1722/1419/1201 1724/1418/1200
f 1734/1421/1203 143/142/126 505/455/404
f 506/457/406 505/455/404 143/142/126
f 68/68/1010 1735/1422/1204 503/456/405
f 504/454/403 503/456/405 1735/1422/1204
f 1736/1423/1205 8/7/7 1478/1193/1036
f 1479/1194/1037 1478/1193/1036 8/7/7
f 9/8/8 1737/1424/1206 534/489/442
f 1477/1192/1035 534/489/442 1737/1424/1206
f 1738/1425/1207 1416/1152/1002 20/19/17
f 1418/1153/1003 20/19/17 1416/1152/1002
f 19/21/19 531/483/434 1739/1426/1208
f 1417/1151/1001 1739/1426/1208 531/483/434
f 1740/1427/1209 578/519/475 108/107/98
f 581/520/476 108/107/98 578/519/475
f 107/109/100 580/518/474 1741/1428/1210
f 579/517/473 1741/1428/1210 580/518/474
f 393/368/331 392/367/330 1742/1429/1211
f 1743/1430/1212 1742/1429/1211 392/367/330
f 392/367/1213 391/369/1214 1744/1431/1215
f 1745/1432/1216 1744/1431/1215 391/369/1214
f 1420/1154/1004 1747/1433/1217 1746/1434/1218
f 1748/1435/1219 1746/1434/1218 1747/1433/1217
f 1750/1436/1220 506/457/406 1749/1437/1221
f 143/142/126 1749/1437/1221 506/457/406
f 1752/1438/1222 1753/1439/1223 1751/1440/1224
f 1754/1441/1225 1751/1440/1224 1753/1439/1223
f 1756/1442/1226 1757/1443/1227 1755/1444/1228
f 1758/1445/1229 1755/1444/1228 1757/1443/1227
f 1760/1446/1230 1761/1447/1231 1759/1448/1232
f 1762/1449/1233 1759/1448/1232 1761/1447/1231
f 1100/891/802 1099/890/801 1763/1450/1234
f 1764/1451/1234 1763/1450/1234 1099/890/801
f 1766/1452/1235 1767/1453/803 1765/1454/851
f 1768/1455/803 1765/1454/851 1767/1453/803
f 1770/1456/1236 1771/1457/1237 1769/1458/1238
f 1772/1459/1238 1769/1458/1238 1771/1457/1237
f 1774/1460/1239 1775/1461/1239 1773/1462/1240
f 1776/1463/1240 1773/1462/1240 1775/1461/1239
f 1022/833/753 1778/1464/852 1777/1465/853
f 1765/1454/851 1779/1466/1241 1766/1452/1235
f 1780/1467/1242 1766/1452/1235 1779/1466/1241
f 1782/1468/1243 1464/1183/1026 1781/1469/1244
f 1463/1181/1025 1781/1469/1244 1464/1183/1026
f 1784/1470/1245 609/547/495 1783/1471/1246
f 608/546/494 1783/1471/1246 609/547/495
f 1771/1457/1237 1770/1456/1236 1785/1472/1247
f 1786/1473/1248 1785/1472/1247 1770/1456/1236
f 1787/1474/1249 1788/1475/1250 1161/955/851
f 1158/954/850 1161/955/851 1788/1475/1250
f 1258/1021/759 1257/1019/892 260/243/1251
f 261/244/1252 260/243/1251 1257/1019/892
f 1789/1476/1253 1790/1477/1254 757/662/1255
f 758/660/1256 757/662/1255 1790/1477/1254
f 369/347/315 1791/1478/1257 370/345/313
f 1792/1479/1258 370/345/313 1791/1478/1257
f 1794/1480/1259 869/727/1260 1793/1481/1261
f 1795/1482/1262 1793/1481/1261 869/727/1260
f 1796/1483/328 1793/1484/328 388/363/328
f 1793/1484/328 1797/1485/328 388/363/328
f 1797/1485/328 389/364/328 388/363/328
f 1027/839/759 1026/837/757 1798/1486/1263
f 1799/1487/1022 1798/1486/1263 1026/837/757
f 1801/1488/1264 1802/1489/1265 1800/1490/1266
f 1803/1491/1267 1800/1490/1266 1802/1489/1265
f 1460/1179/759 1804/1492/758 1457/1178/757
f 1805/1493/756 1457/1178/757 1804/1492/758
f 1807/1494/1264 1808/1495/1268 1806/1496/1269
f 1809/1497/1270 1806/1496/1269 1808/1495/1268
f 285/260/231 284/262/233 1810/1498/1271
f 1811/1499/1272 1810/1498/1271 284/262/233
f 1813/1500/1273 712/626/1273 1812/1501/1273
f 711/625/1274 1812/1501/1274 712/626/1274
f 1815/1502/1275 1816/1503/1275 1814/1504/1275
f 1817/1505/1276 1814/1504/1276 1816/1503/1276
f 1097/889/800 1597/1285/849 1094/888/799
f 1596/1287/1277 1094/888/799 1597/1285/849
f 1820/1506/1278 1821/1507/1279 459/426/1280
f 460/424/1281 459/426/1280 1821/1507/1279
f 1823/1508/1282 31/1509/1283 1822/1510/1284
f 30/1511/1285 1822/1510/1284 31/1509/1283
f 1591/1280/1101 1824/1512/1286 1592/1278/1099
f 1825/1513/1287 1592/1278/1099 1824/1512/1286
f 1827/1514/1288 1828/1515/1289 1826/1516/1290
f 1829/1517/1290 1826/1516/1290 1828/1515/1289
f 1831/1518/1291 1832/1519/1292 1830/1520/1293
f 1833/1521/1294 1830/1520/1293 1832/1519/1292
f 1834/1522/1295 1835/1523/1296 1371/1110/969
f 1835/1523/1297 42/42/1297 1371/1110/1297
f 41/40/1298 1371/1110/1298 42/42/1298
f 1363/1101/960 1837/1524/1299 1836/1525/1300
f 1837/1524/1301 1363/1101/1301 233/216/1301
f 234/218/1302 233/216/1302 1363/1101/1302
f 1841/1526/1303 969/794/715 1840/1527/1304
f 969/794/715 968/793/714 1840/1527/1304
f 968/793/714 1842/1528/1305 1840/1527/1304
f 494/453/1306 1313/1069/1306 491/1529/1306
f 1843/1530/1306 491/1529/1306 1313/1069/1306
f 231/217/1307 1672/1364/1308 1844/1531/1309
f 1671/1366/1310 1844/1531/1309 1672/1364/1308
f 1358/1249/955 1001/813/733 1000/811/731
f 1849/1532/1311 456/420/654 1848/1533/1312
f 881/729/656 1848/1533/1312 456/420/654
f 1850/1534/55 1851/1535/55 27/27/55
f 1853/1536/1313 1854/1537/1314 1852/1538/1315
f 1855/1539/1316 1852/1538/1315 1854/1537/1314
f 1022/833/753 1021/835/755 1856/1540/854
f 1857/1541/859 1858/1542/859 1265/1032/859
f 1859/1543/1317 8/7/7 184/176/156
f 124/124/116 108/107/98 1860/1544/1318
f 1861/1545/1319 1862/1546/1320 642/564/1321
f 912/753/677 642/564/1321 1862/1546/1320
f 79/78/55 1864/1547/55 1863/1548/55
f 1867/1549/1322 1868/1550/1323 1866/1551/1324
f 1869/1552/1325 1866/1551/1324 1868/1550/1323
f 1870/1553/1326 1698/1554/1327 947/1029/901
f 1263/1028/900 947/1029/901 1698/1554/1327
f 1870/1553/1328 728/643/1328 1698/1554/1328
f 882/730/1329 1698/1554/1329 728/643/1329
f 1871/1555/1330 961/792/713 1702/1556/1331
f 964/790/711 1702/1556/1331 961/792/713
f 1871/1555/1332 1702/1556/1332 519/472/1332
f 913/754/1333 519/472/1333 1702/1556/1333
f 1873/1557/1334 1874/1558/1334 1872/1559/1334
f 1875/1560/1334 1872/1559/1334 1874/1558/1334
f 1874/1561/1335 1873/1557/1336 1876/1562/1337
f 1873/1557/1336 1877/1563/1338 1876/1562/1337
f 1877/1563/1339 1878/1564/1339 1876/1562/1339
f 1880/1565/1340 1881/1566/1341 1879/1567/1342
f 730/1568/1343 1883/1569/1344 1882/1570/1345
f 1884/1571/1346 1882/1570/1345 1883/1569/1344
f 1886/1572/1347 1887/1573/1348 1885/1574/1349
f 1888/1575/1350 1885/1574/1349 1887/1573/1348
f 1761/1447/1231 1760/1446/1230 1889/1576/1351
f 1890/1577/1352 1889/1576/1351 1760/1446/1230
f 1467/1185/1028 1466/1184/1027 1891/1578/1353
f 1892/1579/1354 1891/1578/1353 1466/1184/1027
f 1548/1247/1075 1893/1580/1355 1549/1245/1073
f 1894/1581/1356 1549/1245/1073 1893/1580/1355
f 54/53/1357 53/52/1357 1895/1582/1357
f 1059/1583/1358 1895/1582/1358 53/52/1358
f 1896/1584/124 1897/1585/124 606/545/124
f 603/544/124 606/545/124 1897/1585/124
f 197/191/1359 1898/1586/1359 198/189/1359
f 1197/1587/1360 198/189/1360 1898/1586/1360
f 825/706/124 1900/1588/124 1899/1589/124
f 1901/1590/124 1899/1589/124 1900/1588/124
f 376/352/320 1902/1591/1361 373/351/319
f 1903/1592/1362 373/351/319 1902/1591/1361
f 1905/1593/915 1906/1594/916 1904/1595/917
f 1907/1596/918 1904/1595/917 1906/1594/916
f 1909/1597/1363 1910/1598/802 1908/1599/926
f 1911/1600/1364 1908/1599/926 1910/1598/802
f 1912/1601/1365 1913/1602/1365 1456/1175/1021
f 1453/1174/1020 1456/1175/1021 1913/1602/1365
f 63/62/54 1915/1603/55 1914/1604/55
f 1917/1605/55 1918/1606/55 1916/1607/55
f 1919/1608/55 1916/1607/55 1918/1606/55
f 1675/1609/1366 1920/1610/1367 955/782/1368
f 1920/1610/1367 1921/1611/1369 955/782/1368
f 1921/1611/1369 1922/1612/1370 955/782/1368
f 1922/1612/1370 1923/1613/1371 955/782/1368
f 1925/1614/55 1926/1615/55 1924/1616/55
f 1927/1617/55 1924/1616/55 1926/1615/55
f 1929/1618/1372 1930/1619/1373 1928/1620/1374
f 1931/1621/1375 1928/1620/1374 1930/1619/1373
f 1933/1622/1376 1934/1623/1377 1932/1624/1378
f 1935/1625/1379 1932/1624/1378 1934/1623/1377
f 1937/1626/1380 1938/1627/1381 1936/1628/1382
f 1939/1629/1383 1936/1628/1382 1938/1627/1381
f 1622/1310/859 1625/1313/859 1623/1312/859
f 1624/1315/859 1623/1312/859 1625/1313/859
f 1941/1630/1384 1942/1631/1385 1940/1632/1386
f 1943/1633/1387 1940/1632/1386 1942/1631/1385
f 1945/1634/1388 1946/1635/1388 1944/1636/1388
f 1947/1637/1389 1944/1636/1389 1946/1635/1389
f 1949/1638/1390 1950/1639/1391 1948/1640/1390
f 1951/1641/1392 1948/1640/1390 1950/1639/1391
f 1630/1318/859 1633/1321/859 1631/1320/859
f 1632/1323/859 1631/1320/859 1633/1321/859
f 1953/1642/1393 1954/1643/1394 1952/1644/1395
f 1955/1645/1396 1952/1644/1395 1954/1643/1394
f 1957/1646/1397 1958/1647/1397 1956/1648/1397
f 1959/1649/1398 1956/1648/1398 1958/1647/1398
f 1961/1650/1399 1962/1651/1399 1960/1652/1399
f 1963/1653/1399 1960/1652/1399 1962/1651/1399
f 1636/1327/859 1639/1328/859 1641/1329/859
f 1642/1330/859 1641/1329/859 1639/1328/859
f 1965/1654/1400 1966/1655/1400 1964/1656/1401
f 1967/1657/1402 1964/1656/1401 1966/1655/1400
f 1969/1658/1403 1970/1659/1404 1968/1660/1405
f 1971/1661/1405 1968/1660/1405 1970/1659/1404
f 1973/1662/1390 1974/1663/1406 1972/1664/1407
f 1975/1665/1407 1972/1664/1407 1974/1663/1406
f 1612/1303/859 1615/1304/859 1617/1305/859
f 1618/1306/859 1617/1305/859 1615/1304/859
f 1977/1666/1408 1978/1667/859 1976/1668/1409
f 1979/1669/1410 1976/1668/1409 1978/1667/859
f 1983/1670/1411 1984/1671/1412 693/607/552
f 694/608/553 693/607/552 1984/1671/1412
f 1986/1672/1413 1987/1673/1414 1985/1674/1415
f 1988/1675/1416 1985/1674/1415 1987/1673/1414
f 254/238/1417 1989/1676/1418 251/237/1419
f 483/1677/1420 251/237/1419 1989/1676/1418
f 1203/976/859 1991/1678/859 1990/1679/859
f 1992/1680/1421 1993/1681/1421 1677/1682/1421
f 1676/1683/1422 1677/1682/1422 1993/1681/1422
f 1995/1684/1423 1996/1685/1423 1994/1686/1423
f 1997/1687/1424 1994/1686/1424 1996/1685/1424
f 1220/1688/1425 1223/1689/1425 1998/1690/1426
f 1999/1691/1426 1998/1690/1426 1223/1689/1425
f 2001/1692/1427 2002/1693/1428 2000/1694/1429
f 2003/1695/1430 2000/1694/1429 2002/1693/1428
f 2005/1696/1431 2006/1697/1431 2004/1698/1432
f 2007/1699/1433 2004/1698/1433 2006/1697/1434
f 2009/1700/1435 1/3/1436 2008/1701/1437
f 6/6/1438 2008/1701/1437 1/3/1436
f 2011/1702/1439 2012/1703/1440 2010/1704/1441
f 2013/1705/1442 2010/1704/1443 2012/1703/1444
f 2014/1706/1445 2015/1707/1446 33/35/1447
f 34/33/1448 33/35/1447 2015/1707/1446
f 2016/1708/55 2017/1709/55 764/667/603
f 2019/1710/1449 2020/1711/1450 2018/1712/1451
f 2021/1713/1452 2018/1712/1451 2020/1711/1450
f 2023/1714/55 2024/1715/55 2022/1716/55
f 2025/1717/55 2022/1716/55 2024/1715/55
f 1163/956/753 2027/1718/754 2026/1719/755
f 2029/1720/1453 1688/1381/1454 2028/1721/1455
f 2030/1722/1456 2028/1721/1455 1688/1381/1454
f 2032/1723/1457 2033/1724/1457 2031/1725/1457
f 2034/1726/1458 2031/1725/1459 2033/1724/1460
f 2036/1727/55 2037/1728/55 2035/1729/55
f 2038/1730/55 2035/1729/55 2037/1728/55
f 659/582/531 657/579/528 1090/882/794
f 656/578/527 1087/881/793 657/579/528
f 657/579/528 1087/881/793 1090/882/794
f 2040/1731/1461 632/555/503 2039/1732/1462
f 631/554/502 2039/1732/1462 632/555/503
f 2042/1733/1463 271/255/1463 2041/1734/1463
f 270/253/1464 2041/1734/1464 271/255/1464
f 2043/1735/1465 2044/1736/1466 1754/1441/1225
f 1751/1440/1224 1754/1441/1225 2044/1736/1466
f 2046/1737/1467 1590/1277/1098 2045/1738/1468
f 1589/1275/1096 2045/1738/1468 1590/1277/1098
f 2050/1739/1469 2051/1740/1470 2049/1741/1471
f 2052/1742/1470 2049/1741/1471 2051/1740/1470
f 2054/1743/1472 2055/1744/1473 2053/1745/1474
f 2056/1746/1475 2053/1745/1474 2055/1744/1473
f 2058/1747/1476 2059/1748/985 2057/1749/985
f 2060/1750/985 2057/1749/985 2059/1748/985
f 2062/1751/1477 2063/1752/1477 2061/1753/1477
f 2064/1754/1477 2061/1753/1477 2063/1752/1477
f 2066/1755/1478 2067/1756/1479 2065/1757/1480
f 2068/1758/1481 2065/1757/1480 2067/1756/1479
f 2070/1759/1482 2071/1760/1483 2069/1761/1484
f 2072/1762/1485 2069/1761/1484 2071/1760/1483
f 723/640/1486 721/636/576 724/638/1487
f 721/636/576 720/634/574 724/638/1487
f 720/634/574 719/633/573 724/638/1487
f 2073/1763/1488 1219/984/865 542/495/448
f 1218/982/863 542/495/448 1219/984/865
f 886/734/1489 4256/1764/1489 850/962/1489
f 4256/1764/1490 2075/1765/1490 850/962/1490
f 2075/1765/327 2076/1766/327 850/962/327
f 538/490/443 2077/1767/1491 870/725/648
f 871/726/649 870/725/648 2077/1767/1491
f 2078/1768/1492 2079/1769/1492 851/715/1492
f 2079/1769/1493 2080/1770/1493 851/715/1493
f 2080/1770/1494 305/283/1494 851/715/1494
f 1749/1437/1221 143/142/126 142/141/125
f 210/194/171 20/19/17 2081/1771/1495
f 2083/1772/1496 1141/935/836 2082/1773/1497
f 1140/933/834 2082/1773/1497 1141/935/836
f 2084/1774/1498 2085/1775/1499 1145/939/840
f 1142/938/839 1145/939/840 2085/1775/1499
f 2089/1776/1500 530/482/433 2088/1777/1501
f 529/484/435 2088/1777/1501 530/482/433
f 2090/1778/1502 2091/1779/1503 535/487/440
f 536/488/441 535/487/440 2091/1779/1503
f 2093/1780/1504 2094/1781/1505 2092/1782/1506
f 4257/1783/1507 2092/1782/1506 2094/1781/1505
f 4252/1265/1087 2096/1784/1508 1581/1266/1088
f 1582/1268/1090 1581/1266/1088 2096/1784/1508
f 2097/1785/1509 1668/1361/1157 602/541/491
f 599/540/490 602/541/491 1668/1361/1157
f 1028/842/327 1668/1786/327 2098/1787/327
f 2097/1788/327 2098/1787/327 1668/1786/327
f 2100/1789/1510 2101/1790/1240 2099/1791/1511
f 2102/1792/1512 2099/1791/1511 2101/1790/1240
f 2104/1793/1513 2105/1794/1514 2103/1795/1515
f 2106/1796/1514 2103/1795/1515 2105/1794/1514
f 2108/1797/1516 2109/1798/1517 2107/1799/1518
f 2110/1800/1518 2107/1799/1518 2109/1798/1517
f 2112/1801/1519 2113/1802/1520 2111/1803/1469
f 2114/1804/1521 2111/1803/1469 2113/1802/1520
f 590/531/483 2115/1805/1522 591/529/483
f 2116/1806/272 591/529/483 2115/1805/1522
f 2116/1806/1523 262/246/1524 756/1807/1523
f 753/1808/1524 756/1807/1523 262/246/1524
f 2142/1809/55 2143/1810/55 2141/1811/55
f 2144/1812/55 2141/1811/55 2143/1810/55
f 2146/1813/55 2147/1814/55 2145/1815/55
f 2148/1816/55 2145/1815/55 2147/1814/55
f 2165/1817/1525 2166/1818/1526 94/93/82
f 95/94/83 94/93/82 2166/1818/1526
f 2167/1819/1527 2168/1820/1527 275/259/1527
f 272/258/1528 275/259/1528 2168/1820/1528
f 2170/1821/1529 2171/1822/1530 2169/1823/1531
f 2172/1824/1532 2169/1823/1531 2171/1822/1530
f 1080/872/784 1079/871/783 2173/1825/1533
f 2174/1826/1534 2173/1825/1533 1079/871/783
f 2175/1827/55 2176/1828/55 764/667/603
f 1088/1829/1535 2177/1830/1536 1089/1831/1537
f 2178/1832/1538 1089/1831/1537 2177/1830/1536
f 263/1833/1539 2180/1834/1540 2179/1835/1541
f 2181/1836/1542 2179/1835/1541 2180/1834/1540
f 2183/1837/1543 2184/1838/1544 2182/1839/1545
f 2185/1840/1546 2182/1839/1545 2184/1838/1544
f 2186/1841/1547 2187/1842/1548 1795/1482/1549
f 1793/1481/1550 1795/1482/1549 2187/1842/1548
f 1559/1257/1551 1558/1259/1552 2188/1843/1553
f 2189/1844/1554 2188/1843/1553 1558/1259/1552
f 1499/1212/1555 164/1845/1556 2190/1846/1557
f 163/1847/1558 2190/1846/1557 164/1845/1556
f 2192/1848/1559 1602/1291/1111 2191/1849/1560
f 1601/1289/1109 2191/1849/1560 1602/1291/1111
f 1563/1264/1561 2193/1850/1562 1564/1262/1563
f 2194/1851/1564 1564/1262/1563 2193/1850/1562
f 1979/1669/1565 2196/1852/1566 2195/1853/1567
f 106/1854/1568 2195/1853/1567 2196/1852/1566
f 1391/1855/859 1390/1856/859 1395/1130/859
f 1392/1129/859 1395/1130/859 1390/1856/859
f 2198/1857/1569 2199/1858/1570 2197/1859/1571
f 2200/1860/1571 2197/1859/1571 2199/1858/1570
f 1399/1861/859 1403/1138/859 1396/1862/859
f 1402/1136/859 1396/1862/859 1403/1138/859
f 2202/1863/1572 2203/1864/1573 2201/1865/1574
f 2204/1866/1575 2201/1865/1574 2203/1864/1573
f 2205/1867/691 943/1868/691 264/1869/1576
f 265/1870/1577 264/1869/1576 943/1868/691
f 2207/1871/1578 2208/1872/1579 2206/1873/1580
f 2208/1872/1579 2209/1874/1581 2206/1873/1580
f 2209/1874/1581 14/14/14 2206/1873/1580
f 2088/1777/1501 2209/1874/1581 2089/1776/1500
f 2208/1872/1579 2089/1776/1500 2209/1874/1581
f 61/61/53 2211/1875/1582 2210/1876/1583
f 2211/1875/1582 2212/1877/1584 2210/1876/1583
f 2212/1877/1584 2213/1878/1585 2210/1876/1583
f 2091/1779/1503 2090/1778/1502 2211/1875/1582
f 2212/1877/1586 2211/1875/1582 2090/1778/1502
f 1056/859/1587 2214/1879/1588 134/133/1587
f 135/135/1589 134/133/1587 2214/1879/1588
f 1523/1221/1590 2216/1880/1590 2215/1881/1590
f 2216/1880/1591 137/137/1591 2215/1881/1592
f 137/137/1593 136/136/1593 2215/1881/1593
f 2228/1882/569 2229/1883/1594 2227/1884/1595
f 2230/1885/1596 2227/1884/1595 2229/1883/1594
f 2232/1886/570 2233/1887/205 2231/1888/1597
f 2234/1889/1597 2231/1888/1597 2233/1887/205
f 2236/1890/1598 2237/1891/1599 2235/1892/1600
f 2238/1893/1601 2235/1892/1600 2237/1891/1599
f 2239/1894/1602 1107/899/1603 609/547/1604
f 2240/1895/124 2241/1896/1605 888/733/124
f 889/735/662 888/733/124 2241/1896/1605
f 1180/963/124 2241/1896/1605 2242/1897/124
f 2240/1895/124 2242/1897/124 2241/1896/1605
f 2279/1898/1606 1480/1197/1607 2278/1899/1608
f 2280/1900/859 2278/1899/1608 1480/1197/1607
f 1859/1543/1317 184/176/156 2281/1901/1609
f 2282/1902/1610 2283/1903/1611 184/176/156
f 2283/1903/1611 2284/1904/1612 184/176/156
f 2284/1904/1612 2285/1905/1613 184/176/156
f 184/176/156 2285/1905/1613 2281/1901/1609
f 605/543/493 604/542/492 1504/1214/1056
f 1505/1216/1058 1504/1214/1056 604/542/492
f 2287/1906/1614 702/617/1615 2286/1907/1616
f 701/615/1617 2286/1907/1616 702/617/1615
f 932/1908/1618 931/1909/1619 346/321/1620
f 347/322/1621 346/321/1620 931/1909/1619
f 707/1910/1622 709/1911/1623 706/621/1624
f 703/620/1625 706/621/1624 709/1911/1623
f 933/1912/1626 354/329/1627 934/1913/1628
f 353/331/1629 934/1913/1628 354/329/1627
f 1856/1540/1630 2289/1914/1631 2288/1915/1632
f 2290/1916/1633 2288/1915/1632 2289/1914/1631
f 2292/1917/1634 2293/1918/1635 2291/1919/1636
f 2294/1920/1637 2291/1919/1636 2293/1918/1635
f 1020/1921/1638 1019/1922/1639 2299/1923/1640
f 2300/1924/1641 2299/1923/1640 1019/1922/1639
f 1250/1925/1642 1487/1926/1643 2301/1927/1644
f 2302/1928/1645 2301/1927/1644 1487/1926/1643
f 1336/1085/1646 1335/1083/1646 2235/1892/1646
f 2236/1890/1647 2235/1892/1647 1335/1083/1647
f 1105/898/55 588/526/55 1104/896/55
f 2304/1929/1648 537/492/445 2303/1930/1649
f 2305/1931/1650 2303/1930/1649 537/492/445
f 2307/1932/462 1674/1369/1651 2306/1933/462
f 1521/1222/1166 2306/1933/1652 1674/1369/1165
f 1525/1224/1060 2308/1934/1653 1521/1222/1059
f 2306/1933/1654 1521/1222/1059 2308/1934/1653
f 1789/1476/1655 757/662/1656 1427/1162/1657
f 760/663/1658 1427/1162/1657 757/662/1656
f 2309/1935/1659 2310/1936/1659 753/658/1659
f 754/656/1660 753/658/1660 2310/1936/1660
f 4254/1937/1151 1662/1357/1153 2317/1938/1661
f 2318/1939/1662 2317/1938/1661 1662/1357/1153
f 4254/1937/1151 2317/1938/1661 2319/1940/1663
f 2318/1939/1662 2319/1940/1663 2317/1938/1661
f 853/716/124 2329/1941/124 2328/1942/1664
f 2330/1943/124 2328/1942/1664 2329/1941/124
f 2332/1944/1665 898/744/1666 2331/1945/1667
f 897/743/1668 2331/1945/1667 898/744/1666
f 896/742/1593 137/137/1593 1522/1220/1593
f 137/137/1591 2216/1880/1591 1522/1220/1669
f 2216/1880/1590 1523/1221/1590 1522/1220/1590
f 2334/1946/1670 2181/1836/1542 2333/1947/1670
f 2180/1834/1540 2333/1947/1670 2181/1836/1542
f 267/1948/1671 266/1949/1671 2335/1950/1671
f 2336/1951/1672 2335/1950/1672 266/1949/1672
f 2337/1952/1673 2338/1953/1673 2302/1928/1645
f 2301/1927/1644 2302/1928/1645 2338/1953/1673
f 1251/1954/1674 2339/1955/1674 1252/1956/1674
f 2340/1957/1675 1252/1956/1675 2339/1955/1675
f 1091/883/55 2342/1958/55 2341/1959/55
f 1996/1685/1676 1995/1684/1676 2343/1960/1676
f 2344/1961/1677 2343/1960/1677 1995/1684/1677
f 2345/1962/1678 2307/1963/1679 954/1964/1680
f 2306/1965/1681 954/1964/1680 2307/1963/1679
f 2354/1966/1682 1816/1503/1682 859/723/1682
f 860/721/1683 859/723/1683 1816/1503/1683
f 1346/1086/1684 2355/1967/1684 258/242/1684
f 255/241/1685 258/242/1685 2355/1967/1685
f 2357/1968/1686 2358/1969/1687 2356/1970/1688
f 2359/1971/1689 2356/1970/1688 2358/1969/1687
f 225/208/185 2362/1972/1690 226/210/187
f 2363/1973/1691 226/210/187 2362/1972/1690
f 2365/1974/55 708/622/55 2364/1975/55
f 215/201/178 218/202/179 2366/1976/1692
f 2367/1977/1693 2366/1976/1692 218/202/179
f 2369/1978/55 696/613/55 2368/1979/55
f 2371/1980/1694 2372/1981/1695 2370/1982/1696
f 2373/1983/1697 2370/1982/1696 2372/1981/1695
f 2375/1984/1698 2376/1985/1699 2374/1986/1700
f 2377/1987/1701 2374/1986/1700 2376/1985/1699
f 2379/1988/1702 2380/1989/1703 2378/1990/1704
f 2380/1989/1703 2026/1719/1705 2378/1990/1704
f 2026/1719/1706 2381/1991/1706 2378/1990/1706
f 893/1992/1707 1271/1037/905 2382/1993/1708
f 1270/1035/904 2382/1993/1708 1271/1037/905
f 1842/1994/1709 2383/1995/1710 492/450/400
f 2384/1996/1711 493/451/401 2383/1995/1710
f 2383/1995/1710 493/451/401 492/450/400
f 516/466/1712 582/523/1713 589/1997/1714
f 586/1998/1715 589/1997/1714 582/523/1713
f 2386/1999/1716 2387/2000/1716 2385/2001/1716
f 2388/2002/1717 2385/2001/1717 2387/2000/1717
f 2390/2003/1718 2391/2004/1718 2389/2005/1718
f 2392/2006/1719 2389/2005/1719 2391/2004/1719
f 2394/2007/1720 2395/2008/1720 2393/2009/1720
f 2396/2010/1721 2393/2009/1721 2395/2008/1721
f 2398/2011/1720 2399/2012/1720 2397/2013/1720
f 2400/2014/1721 2397/2013/1721 2399/2012/1721
f 2402/2015/1720 2403/2016/1720 2401/2017/1720
f 2404/2018/1721 2401/2017/1721 2403/2016/1721
f 2406/2019/1722 2407/2020/1722 2405/2021/1722
f 2408/2022/1723 2405/2021/1723 2407/2020/1723
f 1532/2023/1067 1206/979/860 566/2024/457
f 563/2025/458 566/2024/457 1206/979/860
f 1271/2026/905 893/2027/1707 2409/2028/1724
f 892/2029/664 2409/2028/1724 893/2027/1707
f 2412/2030/1725 237/221/1726 2411/2031/1727
f 1586/1273/1094 2411/2031/1728 237/221/200
f 2413/2032/1729 2414/2033/1730 47/47/1731
f 44/46/1732 47/47/1733 2414/2033/1734
f 1301/1055/1735 777/682/1736 784/2034/1735
f 781/2035/1736 784/2034/1735 777/682/1736
f 2416/2036/1737 2417/2037/1737 2415/2038/1737
f 2418/2039/1737 2415/2038/1737 2417/2037/1737
f 2420/2040/1738 2421/2041/1738 2419/2042/1738
f 2422/2043/1738 2419/2042/1738 2421/2041/1738
f 2424/2044/1739 2425/2045/1739 2423/2046/1739
f 2426/2047/1739 2423/2046/1739 2425/2045/1739
f 2428/2048/1740 2429/2049/1740 2427/2050/1740
f 2430/2051/1740 2427/2050/1740 2429/2049/1740
f 2432/2052/1741 2433/2053/1741 2431/2054/1741
f 2434/2055/1741 2431/2054/1741 2433/2053/1741
f 2436/2056/1742 2437/2057/1742 2435/2058/1742
f 2438/2059/1742 2435/2058/1742 2437/2057/1742
f 2421/2041/1743 2420/2040/1743 2418/2039/1743
f 2415/2038/1743 2418/2039/1743 2420/2040/1743
f 2441/2060/1744 2442/2061/1744 2440/2062/1744
f 2443/2063/1744 2440/2062/1744 2442/2061/1744
f 2445/2064/1745 2446/2065/1745 2444/2066/1745
f 2447/2067/1745 2444/2066/1745 2446/2065/1745
f 2449/2068/1746 2450/2069/1746 2448/2070/1746
f 2451/2071/1746 2448/2070/1746 2450/2069/1746
f 2453/2072/1747 2454/2073/1747 2452/2074/1747
f 2455/2075/1747 2452/2074/1747 2454/2073/1747
f 2457/2076/1748 2458/2077/1748 2456/2078/1748
f 2459/2079/1748 2456/2078/1748 2458/2077/1748
f 2461/2080/1749 2462/2081/1749 2460/2082/1749
f 2463/2083/1749 2460/2082/1749 2462/2081/1749
f 2465/2084/1745 2466/2085/1745 2464/2086/1745
f 2467/2087/1745 2464/2086/1745 2466/2085/1745
f 2469/2088/1739 2470/2089/1739 2468/2090/1739
f 2471/2091/1739 2468/2090/1739 2470/2089/1739
f 2473/2092/1750 2474/2093/1750 2472/2094/1750
f 2475/2095/1750 2472/2094/1750 2474/2093/1750
f 2454/2073/1751 2453/2072/1751 2476/2096/1751
f 2477/2097/1751 2476/2096/1751 2453/2072/1751
f 2479/2098/1752 2467/2087/1752 2478/2099/1752
f 2466/2085/1752 2478/2099/1752 2467/2087/1752
f 2481/2100/1753 2482/2101/1753 2480/2102/1753
f 2483/2103/1753 2480/2102/1753 2482/2101/1753
f 2485/2104/1754 2486/2105/1754 2484/2106/1754
f 2487/2107/1754 2484/2106/1754 2486/2105/1754
f 2489/2108/1755 2490/2109/1755 2488/2110/1755
f 2491/2111/1755 2488/2110/1755 2490/2109/1755
f 2493/2112/1756 2494/2113/1756 2492/2114/1757
f 2495/2115/1757 2492/2114/1757 2494/2113/1756
f 2497/2116/1758 2498/2117/1758 2496/2118/1758
f 2499/2119/1758 2496/2118/1758 2498/2117/1758
f 2501/2120/1759 2502/2121/1759 2500/2122/1759
f 2503/2123/1759 2500/2122/1759 2502/2121/1759
f 2505/2124/1760 2506/2125/1760 2504/2126/1760
f 2507/2127/1760 2504/2126/1760 2506/2125/1760
f 2509/2128/1747 2510/2129/1747 2508/2130/1747
f 2511/2131/1747 2508/2130/1747 2510/2129/1747
f 2510/2132/1761 2509/2133/1761 2507/2127/1761
f 2504/2126/1761 2507/2127/1761 2509/2133/1761
f 2506/2125/1748 2505/2124/1748 2512/2134/1748
f 2513/2135/1748 2512/2134/1748 2505/2124/1748
f 2515/2136/1756 2516/2137/1756 2514/2138/1756
f 2517/2139/1757 2514/2138/1756 2516/2137/1756
f 2519/2140/1762 2520/2141/1762 2518/2142/1762
f 2521/2143/1762 2518/2142/1762 2520/2141/1762
f 2523/2144/1763 2426/2047/1763 2522/2145/1763
f 2425/2045/1763 2522/2145/1763 2426/2047/1763
f 2525/2146/1762 2526/2147/1762 2524/2148/1762
f 2527/2149/1762 2524/2148/1762 2526/2147/1762
f 2514/2138/1764 2528/2150/1764 2515/2136/1764
f 2529/2151/1764 2515/2136/1764 2528/2150/1764
f 2531/2152/1765 2521/2143/1765 2530/2153/1765
f 2520/2141/1765 2530/2153/1765 2521/2143/1765
f 2532/2154/1766 2533/2155/1766 2487/2107/1766
f 2484/2106/1766 2487/2107/1766 2533/2155/1766
f 2534/2156/1738 2535/2157/1738 2499/2119/1738
f 2496/2118/1738 2499/2119/1738 2535/2157/1738
f 2498/2158/1744 2497/2159/1744 2536/2160/1744
f 2537/2161/1744 2536/2160/1744 2497/2159/1744
f 2539/2162/1767 2540/2163/1767 2538/2164/1767
f 2541/2165/1767 2538/2164/1767 2540/2163/1767
f 2543/2166/1768 2471/2091/1768 2542/2167/1768
f 2470/2089/1768 2542/2167/1768 2471/2091/1768
f 2468/2090/1769 2544/2168/1769 2469/2088/1769
f 2545/2169/1769 2469/2088/1769 2544/2168/1769
f 2546/2170/1770 2547/2171/1771 1058/992/869
f 1224/991/868 1058/992/869 2547/2171/1771
f 2548/2172/1772 2547/2171/1773 140/2173/1774
f 2547/2171/1773 2546/2170/1775 140/2173/1774
f 2546/2170/1776 132/2174/1776 140/2173/1776
f 1431/1165/1015 2554/2175/55 2553/2176/55
f 1792/1479/1258 1791/1478/1257 2555/2177/1777
f 2556/2178/1778 2555/2177/1777 1791/1478/1257
f 489/447/1779 301/446/640 854/2179/1779
f 851/2180/637 854/2179/1779 301/446/640
f 2557/2181/1779 1181/2182/1779 300/278/640
f 850/713/639 300/278/640 1181/2182/1779
f 180/171/1780 812/2183/1780 807/693/1781
f 811/2184/1782 807/693/1781 812/2183/1780
f 2563/2185/1783 2564/2186/1784 2562/2187/1785
f 2565/2188/1786 2562/2187/1785 2564/2186/1784
f 513/463/412 512/462/411 2566/2189/1787
f 2567/2190/1788 2566/2189/1787 512/462/411
f 2169/1823/1531 2568/2191/1789 2170/1821/1529
f 2569/2192/1790 2170/1821/1529 2568/2191/1789
f 2571/2193/1791 2572/2194/1792 2570/2195/1793
f 2573/2196/1794 2570/2195/1793 2572/2194/1792
f 1495/1207/1795 1136/2197/1796 230/214/1797
f 1137/2198/1798 230/214/1797 1136/2197/1796
f 2574/2199/1799 2575/2200/1800 1494/1208/1051
f 1495/1207/1050 1494/1208/1051 2575/2200/1800
f 1492/1205/1801 222/206/1802 697/2201/1803
f 698/2202/1804 697/2201/1803 222/206/1802
f 2577/2203/1805 1493/1206/1049 2576/2204/1806
f 1492/1205/1048 2576/2204/1806 1493/1206/1049
f 2579/2205/1807 2580/2206/1808 2578/2207/1809
f 2581/2208/1810 2578/2207/1809 2580/2206/1808
f 2035/1729/1811 2582/2209/1812 2036/1727/1813
f 2583/2210/1814 2036/1727/1813 2582/2209/1812
f 2585/2211/1815 2144/1812/1816 2584/2212/1817
f 2143/1810/1818 2584/2212/1817 2144/1812/1816
f 2024/1715/1819 2023/1714/1820 2586/2213/1821
f 2587/2214/1822 2586/2213/1821 2023/1714/1820
f 2588/2215/1823 2589/2216/1824 2148/1816/1825
f 2145/1815/1826 2148/1816/1825 2589/2216/1824
f 899/745/776 898/744/776 2590/2217/776
f 2332/1944/776 2590/2217/776 898/744/776
f 1866/2218/1324 2591/2219/1827 1867/1549/1322
f 2592/2220/1828 1867/1549/1322 2591/2219/1827
f 2593/2221/1829 2594/2222/1830 2591/2219/1827
f 2592/2220/1828 2591/2219/1827 2594/2222/1830
f 2596/2223/1831 1179/960/1832 2595/2224/1833
f 2597/2225/1834 2595/2224/1833 1179/960/1832
f 2598/2226/55 2599/2227/55 1315/1071/55
f 2601/2228/1835 2602/2229/1835 2600/2230/1835
f 2603/2231/1836 2600/2230/1836 2602/2229/1836
f 2605/2232/1837 2606/2233/1837 2604/2234/1837
f 2607/2235/1838 2604/2234/1838 2606/2233/1838
f 2608/2236/1839 2609/2237/1840 1421/1155/1841
f 2610/2238/859 1421/1155/1841 2609/2237/1840
f 2611/2239/1842 2081/1771/1495 1418/1153/1003
f 20/19/17 1418/1153/1003 2081/1771/1495
f 2621/2240/1843 2622/2241/1844 2620/2242/1845
f 2623/2243/1846 2620/2242/1845 2622/2241/1844
f 2622/2241/1844 2621/2240/1843 1758/1445/1229
f 1755/1444/1228 1758/1445/1229 2621/2240/1843
f 776/679/614 2624/2244/1847 773/678/613
f 2625/2245/1848 773/678/613 2624/2244/1847
f 2626/2246/1849 1860/1544/1318 581/520/476
f 108/107/98 581/520/476 1860/1544/1318
f 2628/2247/1850 2629/2248/1851 2627/2249/1852
f 2630/2250/1853 2627/2249/1852 2629/2248/1851
f 2632/2251/1854 2633/2252/1855 2631/2253/1856
f 2634/2254/1857 2631/2253/1856 2633/2252/1855
f 4253/1351/1147 4254/1355/1151 1660/1352/1148
f 2319/1940/1663 1660/1352/1148 4254/1355/1151
f 2636/2255/1858 1808/1495/1268 2635/2256/1859
f 1807/1494/1264 2635/2256/1859 1808/1495/1268
f 2637/2257/55 594/534/55 1104/896/55
f 1907/1596/1860 1906/1594/1860 2638/2258/1860
f 2639/2259/1861 2638/2258/1861 1906/1594/1861
f 2640/2260/55 241/224/55 1104/896/55
f 2642/2261/1862 1685/1378/1173 2641/2262/1863
f 1684/1377/1172 2641/2262/1863 1685/1378/1173
f 1091/883/55 650/573/55 649/571/55
f 2643/2263/1864 2644/2264/1865 1286/1049/917
f 1287/1047/915 1286/1049/917 2644/2264/1865
f 1091/883/55 649/571/55 2645/2265/55
f 2093/1780/1504 2092/1782/1506 1583/1269/1091
f 4257/1783/1507 1583/1269/1091 2092/1782/1506
f 114/114/105 113/112/103 1381/1115/55
f 2646/2266/1866 2647/2267/1867 330/305/273
f 331/306/274 330/305/273 2647/2267/1867
f 333/311/279 336/312/280 690/2268/1868
f 691/2269/1869 690/2268/1868 336/312/280
f 2648/2270/1163 1679/1372/1870 575/2271/1871
f 1520/1219/1872 575/2271/1871 1679/1372/1870
f 2649/2272/1873 2650/2273/1874 575/514/1875
f 2650/2273/1874 2651/2274/1876 575/514/1875
f 2651/2274/1876 2652/2275/1877 575/514/1875
f 2652/2275/1877 2648/2276/1878 575/514/1875
f 2654/2277/1718 2655/2278/1718 2653/2279/1718
f 2656/2280/1719 2653/2279/1719 2655/2278/1719
f 2658/2281/1718 2659/2282/1718 2657/2283/1718
f 2660/2284/1719 2657/2283/1719 2659/2282/1719
f 2662/2285/1718 2663/2286/1718 2661/2287/1718
f 2664/2288/1719 2661/2287/1719 2663/2286/1719
f 2666/2289/1716 2667/2290/1716 2665/2291/1716
f 2668/2292/1717 2665/2291/1717 2667/2290/1717
f 2670/2293/1720 2671/2294/1720 2669/2295/1720
f 2672/2296/1721 2669/2295/1721 2671/2294/1721
f 2674/2297/1720 2675/2298/1720 2673/2299/1720
f 2676/2300/1721 2673/2299/1721 2675/2298/1721
f 2678/2301/1837 2679/2302/1837 2677/2303/1837
f 2680/2304/1879 2677/2303/1879 2679/2302/1879
f 2682/2305/1837 2683/2306/1837 2681/2307/1837
f 2684/2308/1879 2681/2307/1879 2683/2306/1879
f 1164/957/1880 2685/2309/1881 1162/958/1881
f 2686/2310/1882 1162/958/1881 2685/2309/1881
f 2381/1991/1883 2026/1719/1884 2687/2311/1885
f 2027/1718/1886 2687/2311/1885 2026/1719/1884
f 1688/1381/1887 2029/1720/1887 1687/1382/1887
f 2688/2312/1634 1687/1382/1634 2029/1720/1634
f 75/74/65 680/2313/1888 76/76/67
f 683/2314/1889 76/76/67 680/2313/1888
f 328/304/1715 176/2315/1890 559/500/1712
f 175/2316/1712 559/500/1712 176/2315/1890
f 1542/2317/1891 1547/1244/1072 1543/2318/1891
f 1546/1242/1072 1543/2318/1891 1547/1244/1072
f 417/392/355 416/391/354 2002/1693/1892
f 2003/1695/1893 2002/1693/1892 416/391/354
f 822/705/632 2689/2319/1894 823/703/631
f 2690/2320/1895 823/703/631 2689/2319/1894
f 2692/2321/1896 2693/2322/1896 2691/2323/1896
f 2694/2324/1897 2691/2323/1897 2693/2322/1897
f 2696/2325/1896 2697/2326/1896 2695/2327/1896
f 2698/2328/1897 2695/2327/1897 2697/2326/1897
f 114/114/105 2699/2329/55 115/115/106
f 764/667/55 24/23/975 2700/2330/55
f 2700/2330/55 24/23/975 2701/2331/55
f 24/23/975 2699/2329/55 2701/2331/55
f 268/254/1898 2702/2332/1899 269/252/1898
f 2703/2333/1900 269/252/1898 2702/2332/1899
f 2704/2334/1901 1369/1107/1901 1368/1106/1901
f 274/257/1898 273/256/1898 2705/2335/1899
f 2706/2336/1902 2705/2335/1899 273/256/1898
f 1366/1105/1903 1365/1104/1903 2707/2337/1903
f 2708/2338/1904 2709/2339/1905 672/590/539
f 673/591/540 672/590/539 2709/2339/1905
f 2711/2340/1906 997/809/729 2710/2341/1907
f 996/808/728 2710/2341/1907 997/809/729
f 4253/1351/1147 1658/1353/1149 1664/1356/1152
f 1661/1354/1150 1664/1356/1152 1658/1353/1149
f 1130/924/55 2712/2342/1908 147/146/129
f 2713/2343/1909 2185/1840/1910 1610/1298/1112
f 2184/1838/1911 1610/1298/1112 2185/1840/1910
f 2714/2344/327 2715/2345/327 2713/2346/1912
f 2185/2347/327 2713/2346/1912 2715/2345/327
f 2716/2348/1061 2717/2349/1913 1772/1459/1238
f 1769/1458/1238 1772/1459/1238 2717/2349/1913
f 2719/2350/801 1768/1455/803 2718/2351/801
f 1767/1453/803 2718/2351/801 1768/1455/803
f 2720/2352/1914 2721/2353/1915 1762/1449/1233
f 1759/1448/1232 1762/1449/1233 2721/2353/1915
f 457/423/381 2722/2354/1916 458/422/380
f 2723/2355/1917 458/422/380 2722/2354/1916
f 2727/2356/1918 2728/2357/1919 2726/2358/1920
f 2729/2359/1921 2726/2358/1920 2728/2357/1919
f 190/181/1782 2726/2358/1922 246/2360/1782
f 243/2361/1922 246/2360/1782 2726/2358/1922
f 721/2362/1923 2730/2363/1924 722/637/1925
f 1380/2364/1926 722/637/1925 2730/2363/1924
f 2731/2365/1927 2732/2366/1928 1883/1569/1929
f 2732/2366/1928 2733/2367/1930 1883/1569/1929
f 2733/2367/1930 1884/1571/1931 1883/1569/1929
f 721/2362/1923 723/640/1932 2730/2363/1924
f 1129/2368/1933 2730/2363/1924 723/640/1932
f 2734/2369/1934 2735/2370/1935 1665/1360/1936
f 1666/1358/1937 1665/1360/1936 2735/2370/1935
f 2736/2371/1938 2737/2372/1939 490/449/1940
f 303/448/1941 490/449/1940 2737/2372/1939
f 2739/2373/327 2740/2374/327 2738/2375/327
f 2740/2374/327 2741/2376/327 2738/2375/327
f 2742/2377/327 2743/2378/327 2741/2376/327
f 2741/2376/327 2743/2378/327 2738/2375/327
f 2743/2378/327 2744/2379/327 2738/2375/327
f 2746/2380/1837 2747/2381/1837 2745/2382/1837
f 2748/2383/1942 2745/2382/1942 2747/2381/1942
f 2750/2384/1837 2751/2385/1837 2749/2386/1837
f 2752/2387/1942 2749/2386/1942 2751/2385/1942
f 2754/2388/1943 1656/1350/1943 2753/2389/1943
f 1657/1349/1943 2753/2389/1943 1656/1350/1943
f 1656/1350/1944 2754/2388/1945 1877/1563/1946
f 1878/1564/1947 1877/1563/1946 2754/2388/1945
f 2755/2390/1948 1745/1432/1216 480/437/1949
f 391/369/1214 480/437/1949 1745/1432/1216
f 2756/2391/1950 1985/1674/1951 482/2392/1952
f 1988/1675/1953 482/2392/1952 1985/1674/1951
f 2758/2393/1020 2056/1746/1475 2757/2394/1021
f 2055/1744/1473 2757/2394/1021 2056/1746/1475
f 2760/2395/124 606/545/124 2759/2396/124
f 605/543/493 2759/2396/124 606/545/124
f 666/584/1954 665/583/1955 2761/2397/1956
f 1178/959/753 2597/2225/754 1179/960/755
f 2763/2398/1957 1777/1465/1957 2762/2399/1958
f 1778/1464/1958 2762/2399/1958 1777/1465/1957
f 1777/1465/1959 2763/2398/1960 1023/834/1961
f 2764/2400/1961 1023/834/1961 2763/2398/1960
f 121/120/112 2765/2401/1962 122/122/114
f 2766/2402/1963 122/122/114 2765/2401/1962
f 2768/2403/55 2769/2404/55 2767/2405/55
f 2770/2406/55 2767/2405/55 2769/2404/55
f 85/87/76 88/88/77 2771/2407/1964
f 2772/2408/1965 2771/2407/1964 88/88/77
f 2774/2409/55 2775/2410/55 2773/2411/55
f 2776/2412/55 2773/2411/55 2775/2410/55
f 2778/2413/1837 2779/2414/1837 2777/2415/1837
f 2780/2416/1966 2777/2415/1966 2779/2414/1966
f 2782/2417/1967 2783/2418/1967 2781/2419/1967
f 2784/2420/1968 2781/2419/1968 2783/2418/1968
f 2412/2030/1725 2785/2421/1969 238/222/1970
f 2786/2422/1971 238/222/1970 2785/2421/1969
f 1647/1337/1972 1646/1339/1973 2787/2423/1973
f 2788/2424/1974 2787/2423/1973 1646/1339/1973
f 2413/2032/1975 1278/1042/1976 2789/2425/1977
f 2790/2426/1978 2789/2425/1977 1278/1042/1976
f 1653/1345/1979 2791/2427/1980 1654/1346/1980
f 2792/2428/1981 1654/1346/1980 2791/2427/1980
f 2794/2429/1982 2795/2430/1982 2793/2431/1982
f 2796/2432/1983 2793/2431/1983 2795/2430/1983
f 61/61/53 2210/1876/1583 58/60/52
f 2798/2433/1984 2799/2434/1984 2797/2435/1984
f 2800/2436/1985 2797/2435/1985 2799/2434/1985
f 13/12/12 2206/1873/1580 14/14/14
f 299/275/1986 858/2437/1986 710/627/1735
f 857/2438/1987 710/627/1735 858/2437/1986
f 2801/2439/1988 2802/2440/1989 1748/1435/1219
f 1746/1434/1218 1748/1435/1219 2802/2440/1989
f 2801/2439/1988 1869/1552/1325 2802/2440/1989
f 1868/1550/1323 2802/2440/1989 1869/1552/1325
f 1644/1335/1990 2804/2441/1990 1645/1333/1990
f 1648/1338/1991 1645/1333/1991 2804/2441/1991
f 1651/1342/1992 1650/1341/1992 2805/2442/1992
f 1652/1347/1993 2805/2442/1993 1650/1341/1993
f 2807/2443/859 2808/2444/859 2806/2445/859
f 2809/2446/859 2806/2445/859 2808/2444/859
f 2810/2447/1994 1422/1157/1007 2610/2238/1995
f 1421/1155/1005 2610/2238/1995 1422/1157/1007
f 2812/2448/1996 2813/2449/1996 2811/2450/1997
f 2814/2451/1998 2811/2450/1998 2813/2449/1999
f 2815/2452/2000 2280/1900/2001 1483/1198/1041
f 1480/1197/1040 1483/1198/1041 2280/1900/2001
f 2817/2453/2002 2818/2454/2003 2816/2455/2004
f 2819/2456/2005 2816/2455/2006 2818/2454/2007
f 1138/934/2008 1141/935/2009 2820/2457/2010
f 2821/2458/2011 2820/2457/2010 1141/935/2009
f 1605/2459/2012 1606/2460/2013 350/325/2014
f 351/326/2015 350/325/2014 1606/2460/2013
f 2798/2461/2016 1825/1513/1287 2799/2462/2017
f 1824/1512/1286 2799/2462/2017 1825/1513/1287
f 2794/2463/2018 2793/2464/2019 2623/2243/1846
f 2620/2242/1845 2623/2243/1846 2793/2464/2019
f 1144/937/2020 1147/2465/2021 1145/939/2022
f 1146/2466/2023 1145/939/2022 1147/2465/2021
f 1607/2467/2024 342/317/2025 1608/2468/2026
f 341/319/2027 1608/2468/2026 342/317/2025
f 1412/1147/2028 1415/2469/2029 1003/817/2030
f 1414/2470/2031 1003/817/2030 1415/2469/2029
f 1186/2471/2032 250/234/2033 1187/2472/2034
f 249/232/2035 1187/2472/2034 250/234/2033
f 1599/1290/2036 1602/1291/2037 2822/2473/2038
f 2823/2474/2039 2822/2473/2038 1602/1291/2037
f 1603/2475/2040 1604/2476/2041 396/371/2042
f 397/372/2043 396/371/2042 1604/2476/2041
f 116/118/2044 1646/2477/2045 117/116/2046
f 1649/2478/2047 117/116/2046 1646/2477/2045
f 635/557/2048 634/556/2049 1654/2479/2050
f 1655/2480/2051 1654/2479/2050 634/556/2049
f 2825/2481/2052 74/73/64 2824/2482/2053
f 73/75/66 2824/2482/2053 74/73/64
f 2824/2482/2054 2826/2483/2055 1080/872/2056
f 2827/2484/2057 1080/872/2056 2826/2483/2055
f 463/428/2058 1082/874/2059 2828/2485/2060
f 2829/2486/2061 2828/2485/2060 1082/874/2059
f 577/516/470 576/515/469 2832/2487/2062
f 2834/2488/2063 2835/2489/2064 2833/2490/2065
f 2833/2490/2065 2835/2489/2064 576/515/469
f 576/515/469 2835/2489/2064 2832/2487/2062
f 2837/2491/2066 1426/1160/1011 2836/2492/2067
f 1426/1160/1011 1425/1161/1012 2836/2492/2067
f 1425/1161/1012 2838/2493/2068 2836/2492/2067
f 2841/2494/2069 2842/2495/2069 2840/2496/2069
f 2843/2497/2069 2840/2496/2069 2842/2495/2069
f 2845/2498/2070 2846/2499/2071 2844/2500/2072
f 2843/2497/2073 2844/2500/2072 2846/2499/2071
f 862/2501/1922 2851/2502/2074 294/269/1922
f 457/423/2074 294/269/1922 2851/2502/2074
f 1256/1018/2075 758/2503/2076 1257/1019/2077
f 1790/2504/2078 1257/1019/2077 758/2503/2076
f 2853/2505/2069 2854/2506/2069 2852/2507/2069
f 2855/2508/2069 2852/2507/2069 2854/2506/2069
f 2857/2509/2079 2858/2510/2080 2856/2511/2081
f 2855/2508/2082 2856/2511/2081 2858/2510/2080
f 2859/2512/55 2860/2513/55 1104/896/55
f 2862/2514/55 1273/2515/55 462/427/55
f 2863/2516/55 462/427/55 1273/2515/55
f 1948/1640/2083 1951/1641/2084 1941/1630/2085
f 1942/1631/2086 1941/1630/2085 1951/1641/2084
f 2866/2517/2087 1945/1634/2088 2865/2518/2089
f 1944/1636/2090 2865/2518/2089 1945/1634/2088
f 1936/1628/2091 1939/1629/2091 1929/1618/2091
f 1930/1619/2091 1929/1618/2091 1939/1629/2091
f 2868/2519/2092 1933/1622/2093 2867/2520/2094
f 1932/1624/2095 2867/2520/2094 1933/1622/2093
f 1962/1651/2096 1953/1642/2096 1963/1653/2096
f 1952/1644/2097 1963/1653/2097 1953/1642/2097
f 2869/2521/2098 2870/2522/2099 1957/1646/2100
f 1958/1647/2101 1957/1646/2100 2870/2522/2099
f 1974/1663/2102 1965/1654/2102 1975/1665/2102
f 1964/1656/2103 1975/1665/2103 1965/1654/2103
f 2871/2523/2104 2872/2524/2104 1969/1658/2104
f 1970/1659/2104 1969/1658/2104 2872/2524/2104
f 1744/1431/1215 2876/2525/2105 392/367/1213
f 1743/1430/2106 392/367/1213 2876/2525/2105
f 1227/993/2107 2877/2526/2107 1667/1359/2108
f 2878/2527/2109 1667/1359/2109 2877/2526/2110
f 597/535/328 2878/2528/328 2877/2529/328
f 2035/1729/2111 2038/1730/2112 2879/2530/2111
f 2880/2531/2113 2879/2530/2111 2038/1730/2112
f 2882/2532/2114 652/2533/2114 2881/2534/2114
f 651/2535/2115 2881/2534/2115 652/2533/2115
f 2883/2536/2116 2884/2537/2116 1016/2538/2116
f 1017/2539/2117 1016/2538/2117 2884/2537/2117
f 2886/2540/2118 1408/1144/2119 2885/2541/2120
f 2887/2542/2121 2885/2541/2120 1408/1144/2119
f 1408/1144/2119 2886/2540/2118 2853/2505/2122
f 2854/2506/2123 2853/2505/2122 2886/2540/2118
f 2888/2543/2124 1021/835/2125 2764/2400/2126
f 1023/834/2127 2764/2400/2126 1021/835/2125
f 2096/1784/1508 4252/1270/1087 2094/1781/1505
f 4257/1783/1507 2094/1781/1505 4252/1270/1087
f 717/1282/1103 715/630/1103 2358/2544/2128
f 256/239/2129 2358/2544/2128 715/630/1103
f 255/241/2130 2359/2545/2130 256/239/2129
f 2358/2544/2128 256/239/2129 2359/2545/2130
f 422/2546/2131 2571/2547/2132 2905/2548/2133
f 2906/2549/2134 2905/2548/2133 2571/2547/2132
f 2570/2195/1793 960/786/707 2571/2193/1791
f 959/785/706 2571/2193/1791 960/786/707
f 756/1807/1523 1347/2550/1712 2116/1806/1523
f 591/529/1712 2116/1806/1523 1347/2550/1712
f 592/530/2135 591/529/1712 1350/2551/2135
f 1347/2550/1712 1350/2551/2135 591/529/1712
f 933/763/55 708/622/55 2907/2552/55
f 2574/2553/1799 355/330/298 2575/2554/1800
f 354/329/297 2575/2554/1800 355/330/298
f 294/269/1922 293/268/2136 862/2501/1922
f 859/2555/2136 862/2501/1922 293/268/2136
f 1813/1500/2137 2908/2556/2137 292/270/2137
f 293/268/2138 292/270/2138 2908/2556/2138
f 2909/2557/55 696/613/55 932/760/55
f 2577/2558/1805 2576/2559/1806 345/323/291
f 346/321/289 345/323/291 2576/2559/1806
f 2880/2531/2121 1013/824/2139 2879/2530/2140
f 2918/2560/2141 2879/2530/2140 1013/824/2139
f 262/246/2142 2116/1806/272 259/245/2142
f 2115/1805/1522 259/245/2142 2116/1806/272
f 1595/1283/2143 1598/1286/2144 715/630/569
f 714/629/568 715/630/569 1598/1286/2144
f 2919/2561/2145 2920/2562/2146 183/175/155
f 2282/1902/1610 184/176/156 2920/2562/2146
f 2920/2562/2146 184/176/156 183/175/155
f 1539/1236/1070 1538/1235/1069 2921/2563/2147
f 2922/2564/2148 2923/2565/2149 1538/1235/1069
f 1538/1235/1069 2923/2565/2149 2921/2563/2147
f 2924/2566/2150 2925/2567/2151 210/194/171
f 210/194/171 2925/2567/2151 209/193/170
f 2925/2567/2151 2926/2568/2152 209/193/170
f 1811/1499/1272 2927/2569/2153 1810/1498/1271
f 2927/2569/2153 2928/2570/2154 1810/1498/1271
f 2928/2570/2154 2929/2571/2155 1810/1498/1271
f 769/674/55 2931/2572/55 2930/2573/55
f 1091/883/55 2933/2574/55 2932/2575/55
f 2935/2576/2156 1695/1388/1177 2934/2577/2157
f 1694/1387/1176 2934/2577/2157 1695/1388/1177
f 84/83/940 2344/2578/940 51/51/2158
f 1995/2579/2159 51/51/2158 2344/2578/940
f 2851/2580/2160 862/724/627 2936/2581/2160
f 861/722/646 2936/2581/2160 862/724/627
f 861/722/55 2937/2582/55 2936/2581/55
f 1274/1039/55 2936/2581/55 2937/2582/55
f 1899/1589/124 2938/2583/124 825/706/124
f 822/705/632 825/706/124 2938/2583/124
f 1128/922/2161 2939/2584/124 2332/1944/124
f 2590/2217/124 2332/1944/124 2939/2584/124
f 2941/2585/2162 2942/2586/2163 2940/2587/2164
f 2943/2588/2165 2940/2587/2164 2942/2586/2163
f 2945/2589/2166 2650/2273/2167 2944/2590/2168
f 2649/2272/2169 2944/2590/2168 2650/2273/2167
f 2947/2591/2170 2948/2592/2171 2946/2593/2172
f 2949/2594/2173 2946/2593/2172 2948/2592/2171
f 2950/2595/2174 2951/2596/2175 1922/1612/2176
f 1923/1613/2177 1922/1612/2176 2951/2596/2175
f 2293/1918/2178 2292/1917/2179 1778/1464/2180
f 2762/2399/2181 1778/1464/2180 2292/1917/2179
f 1177/961/2182 2952/2597/2183 1657/1349/2184
f 2753/2389/2185 1657/1349/2184 2952/2597/2183
f 1179/960/2186 2596/2223/2187 1177/961/2178
f 2952/2597/2188 1177/961/2178 2596/2223/2187
f 1737/1424/1206 1736/1423/1205 2953/2598/2189
f 2954/2599/2190 2953/2598/2189 1736/1423/1205
f 2956/2600/2191 2957/2601/2191 2955/2602/2191
f 2958/2603/2192 2955/2602/2192 2957/2601/2192
f 2960/2604/2193 2961/2605/2193 2959/2606/2193
f 2962/2607/2194 2959/2606/2194 2961/2605/2194
f 1735/1422/1204 1734/1421/1203 2963/2608/2195
f 2964/2609/2196 2963/2608/2195 1734/1421/1203
f 2966/2610/2197 2967/2611/2197 2965/2612/2197
f 2968/2613/2198 2965/2612/2198 2967/2611/2198
f 2970/2614/2199 2971/2615/2200 2969/2616/2199
f 2972/2617/2201 2969/2616/2199 2971/2615/2200
f 1739/1426/1208 2973/2618/2202 1738/1425/1207
f 2974/2619/2203 1738/1425/1207 2973/2618/2202
f 2976/2620/2204 2977/2621/2204 2975/2622/2204
f 2978/2623/2205 2975/2622/2205 2977/2621/2205
f 2980/2624/2206 2981/2625/2206 2979/2626/2206
f 2982/2627/2207 2979/2626/2207 2981/2625/2207
f 1741/1428/1210 2983/2628/2208 1740/1427/1209
f 2984/2629/2209 1740/1427/1209 2983/2628/2208
f 2986/2630/2210 2987/2631/2210 2985/2632/2210
f 2988/2633/2211 2985/2632/2211 2987/2631/2211
f 2990/2634/2212 2991/2635/2213 2989/2636/2214
f 2992/2637/2215 2989/2636/2214 2991/2635/2213
f 2329/1941/124 853/716/124 308/284/124
f 305/283/252 308/284/124 853/716/124
f 2242/1897/124 887/732/124 1180/963/124
f 886/734/661 1180/963/124 887/732/124
f 2993/2638/2216 2994/2639/2217 2372/1981/2218
f 2373/1983/2219 2372/1981/2218 2994/2639/2217
f 218/202/2220 217/200/2221 2369/2640/2222
f 2995/2641/2223 2369/2640/2222 217/200/2221
f 2997/2642/2224 2374/1986/2225 2996/2643/2226
f 2377/1987/2227 2996/2643/2226 2374/1986/2225
f 226/210/2228 2365/2644/2229 223/209/2230
f 2364/2645/2231 223/209/2230 2365/2644/2229
f 2999/2646/1896 3000/2647/1896 2998/2648/1896
f 3001/2649/2232 2998/2648/2232 3000/2647/2232
f 3003/2650/1896 3004/2651/1896 3002/2652/1896
f 3005/2653/2232 3002/2652/2232 3004/2651/2232
f 2530/2153/2233 2529/2151/2233 2531/2152/2233
f 2528/2150/2233 2531/2152/2233 2529/2151/2233
f 3006/2654/2234 3007/2655/2234 2513/2135/2234
f 2512/2134/2234 2513/2135/2234 3007/2655/2234
f 3009/2656/2235 3010/2657/2235 3008/2658/2235
f 3011/2659/2235 3008/2658/2235 3010/2657/2235
f 2486/2105/2236 2485/2104/2236 3012/2660/2236
f 3013/2661/2236 3012/2660/2236 2485/2104/2236
f 3014/2662/55 2481/2100/55 2480/2663/55
f 3007/2655/1751 3006/2654/1751 2511/2131/1751
f 2508/2130/1751 2511/2131/1751 3006/2654/1751
f 3015/2664/55 2504/2665/55 2509/2666/55
f 872/728/2237 871/726/2238 3016/2667/2239
f 3017/2668/2240 3018/2669/2241 871/726/2238
f 871/726/2238 3018/2669/2241 3016/2667/2239
f 3020/2670/2242 2187/1842/1548 3019/2671/2243
f 2187/1842/1548 2186/1841/1547 3019/2671/2243
f 2186/1841/1547 3021/2672/2244 3019/2671/2243
f 2522/2673/55 2425/2045/55 3022/2674/55
f 2423/2046/2245 3023/2675/2245 2424/2044/2245
f 3024/2676/2245 2424/2044/2245 3023/2675/2245
f 3025/2677/55 2436/2678/55 2435/2679/55
f 2530/2153/55 2520/2680/55 3026/2681/55
f 2518/2682/2246 2517/2139/2246 2519/2683/2246
f 2516/2137/2246 2519/2683/2246 2517/2139/2246
f 2446/2684/55 2445/2685/55 3027/2686/55
f 2494/2687/55 2493/2688/55 3028/2689/55
f 3030/2690/2247 3031/2691/2248 3029/2692/2249
f 3032/2693/2250 3029/2692/2249 3031/2691/2248
f 3033/2694/2251 3034/2695/2252 3031/2691/2253
f 3032/2693/2254 3031/2691/2253 3034/2695/2252
f 3035/2696/2255 3036/2697/2256 604/542/2257
f 1505/1216/2258 604/542/2257 3036/2697/2256
f 3038/2698/2259 823/703/2260 3037/2699/2261
f 2690/2320/2262 3037/2699/2261 823/703/2260
f 3040/2700/2263 3041/2701/2264 3039/2702/2265
f 3042/2703/2266 3039/2702/2265 3041/2701/2264
f 3044/2704/2267 3039/2702/2268 3043/2705/2269
f 3042/2703/2270 3043/2705/2269 3039/2702/2268
f 3045/2706/55 3046/2707/55 146/145/1047
f 1680/2708/2271 1676/1683/2271 3047/2709/2271
f 1993/1681/2272 3047/2709/2272 1676/1683/2272
f 3047/2709/2273 572/2710/2274 1680/2708/2275
f 1678/2711/2276 1680/2708/2275 572/2710/2274
f 950/775/696 949/774/695 3048/2712/2277
f 3049/2713/2278 3048/2712/2277 949/774/695
f 3051/2714/1896 3052/2715/1896 3050/2716/1896
f 3053/2717/2279 3050/2716/2279 3052/2715/2279
f 3055/2718/1896 3056/2719/1896 3054/2720/1896
f 3057/2721/2279 3054/2720/2279 3056/2719/2279
f 3058/2722/2280 600/538/2281 2734/2369/1934
f 3059/2723/2282 2734/2369/1934 600/538/2281
f 3058/2724/2280 3060/2725/2283 600/538/2281
f 3061/2726/2284 601/539/2285 3060/2725/2283
f 3060/2725/2283 601/539/2285 600/538/2281
f 2014/1706/2286 33/35/2286 3062/2727/2286
f 3063/2728/2287 3062/2727/2287 33/35/2287
f 2009/1700/2288 3064/2729/2288 1/3/2288
f 3065/2730/2289 1/3/2289 3064/2729/2289
f 3072/2731/1837 3073/2732/1837 3071/2733/1837
f 3074/2734/2290 3071/2733/2290 3073/2732/2290
f 3076/2735/1837 3077/2736/1837 3075/2737/1837
f 3078/2738/2290 3075/2737/2290 3077/2736/2290
f 171/165/145 174/166/146 1983/1670/1411
f 1984/1671/1412 1983/1670/1411 174/166/146
f 286/261/232 1853/1536/1313 287/263/234
f 1852/1538/1315 287/263/234 1853/1536/1313
f 2025/1717/2291 2887/2542/2292 3084/2739/2293
f 3085/2740/2294 3086/2741/2295 1410/1145/2296
f 3086/2741/2295 3087/2742/2297 1410/1145/2296
f 1410/1145/2298 3087/2742/2297 2887/2542/2292
f 2887/2542/2292 3087/2742/2297 3084/2739/2293
f 2024/1715/2111 2885/2541/2111 2025/1717/2291
f 2887/2542/2292 2025/1717/2291 2885/2541/2111
f 2380/1989/2299 2379/2743/2299 2030/1722/2299
f 2028/1721/2300 2030/1722/2299 2379/2743/2299
f 3088/2744/1515 3089/2745/1513 1774/1460/1239
f 1775/1461/1239 1774/1460/1239 3089/2745/1513
f 2757/2394/1021 1307/1062/928 2758/2393/1020
f 1306/1060/927 2758/2393/1020 1307/1062/928
f 1160/953/803 1159/952/803 1909/1597/1363
f 1910/1598/802 1909/1597/1363 1159/952/803
f 3091/2746/2301 2050/1739/1469 3090/2747/1520
f 2049/1741/1471 3090/2747/1520 2050/1739/1469
f 1455/1173/1019 1454/1172/1018 2108/1797/1516
f 2109/1798/1517 2108/1797/1516 1454/1172/1018
f 1461/1182/1024 2100/1789/1510 1462/1180/1024
f 2099/1791/1511 1462/1180/1024 2100/1789/1510
f 2365/2644/2229 226/210/2228 3092/2748/2302
f 2363/1973/2303 3092/2748/2302 226/210/2228
f 2369/2640/2222 2368/2749/2304 218/202/2220
f 2367/1977/2305 218/202/2220 2368/2749/2304
f 3101/2750/2306 3102/2751/2306 1786/1473/1248
f 1785/1472/1247 1786/1473/1248 3102/2751/2306
f 3104/2752/2307 1780/1467/1242 3103/2753/2307
f 1779/1466/1241 3103/2753/2307 1780/1467/1242
f 2355/1967/2308 1346/1086/2309 3105/2754/2310
f 3107/2755/2311 3108/2756/2312 3106/2757/2313
f 3105/2758/2314 3106/2757/2313 3108/2756/2312
f 1481/1195/1038 2625/2245/1848 3109/2759/2315
f 2624/2244/1847 3109/2759/2315 2625/2245/1848
f 596/2760/2316 3110/2761/2317 1223/1689/2318
f 1999/1691/2317 1223/1689/2318 3110/2761/2317
f 598/2762/2319 1226/995/872 596/2760/2320
f 3110/2761/2321 596/2760/2320 1226/995/872
f 2015/1707/2322 3112/2763/2323 3111/2764/2324
f 3113/2765/2325 3111/2764/2326 3112/2763/2327
f 2008/1701/2328 3115/2766/2328 3114/2767/2329
f 3116/2768/2330 3114/2767/2330 3115/2766/2331
f 3118/2769/1896 3119/2770/1896 3117/2771/1896
f 3120/2772/2332 3117/2771/2332 3119/2770/2332
f 3122/2773/1896 3123/2774/1896 3121/2775/1896
f 3124/2776/2332 3121/2775/2332 3123/2774/2332
f 3125/2777/55 2598/2226/55 1315/1071/55
f 3127/2778/2333 3128/2779/2334 3126/2780/2333
f 3129/2781/2334 3126/2780/2333 3128/2779/2334
f 3131/2782/2335 3132/2783/2335 3130/2784/2336
f 3133/2785/2336 3130/2784/2336 3132/2783/2335
f 3135/2786/2337 3136/2787/2334 3134/2788/2337
f 3137/2789/2334 3134/2788/2337 3136/2787/2334
f 3139/2790/2338 3140/2791/2338 3138/2792/2339
f 3141/2793/2339 3138/2792/2339 3140/2791/2338
f 3143/2794/2340 3144/2795/2341 3142/2796/2342
f 3145/2797/2342 3142/2796/2342 3144/2795/2341
f 3147/2798/2343 3148/2799/2344 3146/2800/2343
f 3149/2801/2344 3146/2800/2343 3148/2799/2344
f 3151/2802/2341 3152/2803/2341 3150/2804/2345
f 3153/2805/2345 3150/2804/2345 3152/2803/2341
f 3155/2806/2346 3156/2807/2347 3154/2808/2346
f 3157/2809/2347 3154/2808/2346 3156/2807/2347
f 1746/1434/2348 3158/2810/1839 1420/2811/2349
f 3159/2812/2350 1420/2811/2349 3158/2810/1839
f 1421/1155/1841 1420/2811/2349 2608/2236/1839
f 3159/2812/2350 2608/2236/1839 1420/2811/2349
f 3161/2813/2351 1821/1507/1279 3160/2814/2352
f 1820/1506/1278 3160/2814/2352 1821/1507/1279
f 1820/1506/2353 459/426/2354 2863/2516/2355
f 462/427/2356 2863/2516/2355 459/426/2354
f 3163/2815/2357 3164/2816/2357 3162/2817/2357
f 3165/2818/2358 3162/2817/2358 3164/2816/2358
f 3167/2819/2359 3168/2820/2359 3166/2821/2359
f 3169/2822/2360 3166/2821/2360 3168/2820/2360
f 65/67/58 2832/2487/2062 66/65/56
f 2832/2487/2062 2835/2489/2064 66/65/56
f 2834/2488/2063 3170/2823/2361 2835/2489/2064
f 2835/2489/2064 3170/2823/2361 66/65/56
f 2837/2491/2066 2836/2492/2067 1423/1158/1008
f 1423/1158/1008 2836/2492/2067 1424/1159/1009
f 2836/2492/2067 2838/2493/2068 1424/1159/1009
f 3171/2824/859 3172/2825/859 2906/2549/859
f 2905/2548/859 2906/2549/859 3172/2825/859
f 3174/2826/859 3175/2827/859 3173/2828/859
f 3176/2829/859 3173/2828/859 3175/2827/859
f 726/2830/2362 3177/2831/2363 1131/927/2364
f 1132/925/2365 1131/927/2364 3177/2831/2363
f 1879/1567/1342 1881/1566/1341 3177/2831/2366
f 3178/2832/2367 3179/2833/2367 2455/2834/2367
f 2452/2835/2367 2455/2834/2367 3179/2833/2367
f 2464/2086/2368 3180/2836/2368 2465/2084/2368
f 3181/2837/2368 2465/2084/2368 3180/2836/2368
f 537/492/445 2304/1929/1648 538/490/443
f 2077/1767/1491 538/490/443 2304/1929/1648
f 2080/2838/2369 4256/1764/2370 3182/2839/2371
f 4256/1764/2370 886/734/661 3182/2839/2371
f 886/734/661 305/2840/252 3182/2839/2371
f 1940/1632/2372 1943/1633/2373 1949/2841/2374
f 1950/2842/2375 1949/2841/2374 1943/1633/2373
f 3183/2843/2376 3184/2844/2376 1946/1635/2376
f 1947/1637/2376 1946/1635/2376 3184/2844/2376
f 1954/1643/2091 1961/2845/2091 1955/1645/2091
f 1960/2846/2091 1955/1645/2091 1961/2845/2091
f 3186/2847/2377 1956/1648/2377 3185/2848/2377
f 1959/1649/2377 3185/2848/2377 1956/1648/2377
f 1928/1620/2378 1931/1621/2378 1937/2849/2378
f 1938/2850/2379 1937/2849/2379 1931/1621/2379
f 3187/2851/2380 3188/2852/2380 1934/1623/2380
f 1935/1625/2381 1934/1623/2381 3188/2852/2381
f 1966/1655/2382 1973/2853/2382 1967/1657/2382
f 1972/2854/2382 1967/1657/2382 1973/2853/2382
f 3190/2855/2383 1968/1660/2383 3189/2856/2383
f 1971/1661/2383 3189/2856/2383 1968/1660/2383
f 656/1203/1046 1486/1201/1044 2179/2857/2384
f 1484/1199/1042 264/247/223 1485/1200/1043
f 264/247/223 263/249/225 1485/1200/1043
f 1485/1200/1043 263/249/225 1486/1201/1044
f 1486/1201/1044 263/249/225 2179/2857/2384
f 3196/2858/2385 3197/2859/2386 3195/2860/2387
f 3198/2861/2388 3195/2860/2387 3197/2859/2386
f 3200/2862/2389 3201/2863/2390 3199/2864/2391
f 3202/2865/2392 3199/2864/2391 3201/2863/2390
f 3204/2866/2393 1691/2867/941 3203/2868/2394
f 1690/2869/940 3203/2868/2394 1691/2867/941
f 749/654/2395 648/2870/2395 750/652/1736
f 647/2871/2396 750/652/1736 648/2870/2395
f 487/2872/2397 360/336/2397 488/2873/1735
f 359/334/1735 488/2873/1735 360/336/2397
f 363/338/2130 646/2874/2130 364/340/2129
f 645/2875/2129 364/340/2129 646/2874/2130
f 2233/2876/2398 2230/1885/2398 2234/2877/2399
f 2229/1883/2399 2234/2877/2399 2230/1885/2398
f 3210/2878/2400 3211/2879/2401 144/144/2402
f 141/143/2403 144/144/2402 3211/2879/2401
f 3213/2880/2404 209/193/2405 3212/2881/2406
f 2926/2568/2407 3212/2881/2406 209/193/2405
f 3215/2882/2408 109/108/2409 3214/2883/2410
f 123/123/2411 3214/2883/2410 109/108/2409
f 3216/2884/2412 3217/2885/2413 183/175/2414
f 2919/2561/2415 183/175/2414 3217/2885/2413
f 193/187/1105 196/188/2399 242/2886/1104
f 239/2887/2399 242/2886/1104 196/188/2399
f 2235/2888/2130 2238/2889/2129 786/688/2130
f 787/689/2129 786/688/2130 2238/2889/2129
f 1047/853/859 1053/2890/859 1048/851/859
f 1052/2891/859 1048/851/859 1053/2890/859
f 2065/1757/859 2068/1758/859 2072/2892/859
f 2069/2893/859 2072/2892/859 2068/1758/859
f 1041/844/859 1040/843/859 1043/2894/859
f 1044/2895/859 1043/2894/859 1040/843/859
f 2059/1748/859 2064/2896/859 2060/1750/859
f 2063/2897/859 2060/1750/859 2064/2896/859
f 464/429/2416 1758/1445/2417 3234/2898/2418
f 1757/1443/2419 3234/2898/2418 1758/1445/2417
f 23/25/55 1382/1117/55 24/23/975
f 3235/2899/2420 3236/2900/2420 2199/1858/2420
f 2200/1860/2421 2199/1858/2421 3236/2900/2421
f 3237/2901/2422 3238/2902/2423 3236/2900/2424
f 3239/2903/2425 3236/2900/2424 3238/2902/2423
f 3241/2904/2426 2201/1865/2426 3240/2905/2427
f 2204/1866/2427 3240/2905/2427 2201/1865/2426
f 3243/2906/2428 3240/2905/2428 3242/2907/2428
f 3244/2908/2429 3242/2907/2429 3240/2905/2429
f 2652/2275/55 3258/2909/55 3257/2910/2430
f 1679/1372/1870 2648/2270/1163 3257/2911/2431
f 2652/2912/2431 3257/2911/2431 2648/2270/1163
f 3259/2913/2432 3260/2914/55 1920/1610/55
f 1674/1369/1165 3259/2915/2431 1675/1367/1163
f 1920/2916/2431 1675/1367/1163 3259/2915/2431
f 2625/2245/2433 1481/2917/2434 3261/2918/1606
f 3262/2919/2435 3261/2918/1606 1481/2917/2434
f 1480/1197/1607 2279/1898/1606 1481/2917/2434
f 3262/2919/2435 1481/2917/2434 2279/1898/1606
f 2004/1698/2436 2007/1699/2437 3265/2920/2438
f 2007/1699/2437 3115/2766/2331 3265/2920/2438
f 3115/2766/2331 2008/1701/2439 3265/2920/2438
f 2015/1707/2322 3111/2764/2324 3266/2921/2440
f 3111/2764/2324 2013/1705/1442 3266/2921/2440
f 2013/1705/1442 2012/1703/1444 3266/2921/2440
f 3268/2922/2441 3269/2923/2442 3267/2924/2443
f 3270/2925/2444 3267/2924/2443 3269/2923/2442
f 3272/2926/2445 3273/2927/2446 3271/2928/2447
f 3274/2929/2448 3271/2928/2447 3273/2927/2446
f 3275/2930/2449 227/213/2450 1137/2198/1798
f 230/214/1797 1137/2198/1798 227/213/2450
f 3276/2931/2451 698/2202/1804 221/204/2452
f 222/206/1802 221/204/2452 698/2202/1804
f 3277/2932/2453 2198/2933/2453 3237/2934/2453
f 2197/2935/2454 3237/2934/2454 2198/2933/2454
f 3279/2936/859 3239/2903/859 3278/2937/859
f 3238/2902/859 3278/2937/859 3239/2903/859
f 3280/2938/2455 3243/2939/2456 2202/2940/2455
f 2203/2941/2456 2202/2940/2455 3243/2939/2456
f 3281/2942/859 3282/2943/859 3244/2908/859
f 3242/2907/859 3244/2908/859 3282/2943/859
f 3284/2944/327 3285/2945/327 3283/2946/327
f 3286/2947/2457 3283/2946/327 3285/2945/327
f 1096/887/2458 1095/886/2458 297/272/2458
f 298/273/2459 297/272/2459 1095/886/2459
f 1596/1287/2460 460/2948/2461 1094/888/2462
f 1821/2949/2463 1094/888/2462 460/2948/2461
f 3288/2950/2464 518/469/2464 3287/2951/2464
f 517/467/2465 3287/2951/2465 518/469/2465
f 1105/898/2466 3289/2952/2466 1106/897/2466
f 3290/2953/2467 1106/897/2467 3289/2952/2467
f 1078/870/2468 1077/869/2469 2826/2483/2470
f 2827/2484/2471 2826/2483/2470 1077/869/2469
f 379/357/325 1862/1546/1320 1077/869/781
f 1861/1545/1319 1077/869/781 1862/1546/1320
f 2522/2145/2472 2428/2954/2472 2523/2144/2472
f 2427/2955/2472 2523/2144/2472 2428/2954/2472
f 3311/2956/2473 808/695/2473 811/2184/1782
f 807/693/1781 811/2184/1782 808/695/2473
f 1799/1487/2474 1026/837/2475 1803/2957/2476
f 1800/2958/2477 1803/2957/2476 1026/837/2475
f 2721/2353/1915 2720/2352/1914 1764/1451/1234
f 1763/1450/1234 1764/1451/1234 2720/2352/1914
f 3312/2959/2478 586/1998/1715 585/524/2478
f 582/523/1713 585/524/2478 586/1998/1715
f 1805/1493/2075 1809/2960/2076 1457/1178/2477
f 1808/2961/2077 1457/1178/2477 1809/2960/2076
f 3313/2962/2479 3314/2963/2480 366/341/2481
f 972/798/2482 366/341/2481 3314/2963/2480
f 3316/2964/2483 370/345/2484 3315/2965/2485
f 1792/1479/2486 3315/2965/2485 370/345/2484
f 1162/958/2487 2686/2310/2488 2027/1718/1960
f 2687/2311/2489 2027/1718/1960 2686/2310/2488
f 2288/1915/2490 2290/1916/2491 2294/1920/2492
f 2291/1919/2493 2294/1920/2492 2290/1916/2491
f 1872/1559/2494 1875/1560/2495 2597/2225/2496
f 2595/2224/2497 2597/2225/2496 1875/1560/2495
f 1687/1382/2498 2688/2312/2498 1164/957/2498
f 2685/2309/2499 1164/957/2499 2688/2312/2499
f 1503/1213/1055 1502/1215/1057 2689/2319/1894
f 1506/1217/124 2690/2320/1895 1502/1215/1057
f 1502/1215/1057 2690/2320/1895 2689/2319/1894
f 3317/2966/2500 3318/2967/2501 666/584/533
f 821/702/630 666/584/533 3318/2967/2501
f 3320/2968/2502 3321/2969/2503 3319/2970/2504
f 3319/2970/2504 3321/2969/2503 1992/2971/2505
f 3321/2969/2503 573/2972/466 1992/2971/2505
f 572/2973/465 3047/2974/2506 573/2972/466
f 573/2972/466 3047/2974/2506 1992/2971/2505
f 3047/2974/2506 1993/2975/2507 1992/2971/2505
f 1677/1682/2508 1994/1686/2508 1992/1680/2508
f 3319/2976/2509 1992/1680/2509 1994/1686/2509
f 1897/1585/124 1896/1584/124 53/52/124
f 1059/1583/124 53/52/124 1896/1584/124
f 1901/1590/124 1900/1588/124 1196/2977/2510
f 1197/1587/124 1196/2977/2510 1900/1588/124
f 1334/1082/2511 3322/2978/2512 1335/1083/2513
f 2236/1890/2514 1335/1083/2513 3322/2978/2512
f 2638/2979/2515 781/2035/1736 780/683/2515
f 777/682/1736 780/683/2515 781/2035/1736
f 374/349/2516 373/351/2463 1907/2980/2517
f 1904/2981/2518 1907/2980/2517 373/351/2463
f 82/82/976 3325/2982/55 77/79/55
f 82/82/976 3326/2983/2519 3325/2982/55
f 1093/885/2520 2641/2262/2521 3327/2984/2522
f 1684/1377/2523 3327/2984/2522 2641/2262/2521
f 1686/1380/2524 487/443/2524 1683/1379/2524
f 486/442/2525 1683/1379/2525 487/443/2525
f 2342/1958/2526 1802/1489/2527 2341/1959/2528
f 1801/1488/2529 2341/1959/2528 1802/1489/2527
f 3329/2985/2530 3311/2986/2530 3328/2987/2530
f 3330/2988/2531 3328/2987/2531 3311/2986/2531
f 3332/2989/2532 3127/2778/2333 3331/2990/2532
f 3126/2780/2333 3331/2990/2532 3127/2778/2333
f 3132/2783/2335 3131/2782/2335 3333/2991/2533
f 3334/2992/2533 3333/2991/2533 3131/2782/2335
f 3335/2993/2534 3336/2994/2534 3143/2794/2340
f 3144/2795/2341 3143/2794/2340 3336/2994/2534
f 3146/2800/2343 3337/2995/2535 3147/2798/2343
f 3338/2996/2535 3147/2798/2343 3337/2995/2535
f 3339/2997/2536 3340/2998/2536 3151/2802/2341
f 3152/2803/2341 3151/2802/2341 3340/2998/2536
f 3154/2808/2346 3341/2999/2535 3155/2806/2346
f 3342/3000/2535 3155/2806/2346 3341/2999/2535
f 3344/3001/2537 3135/2786/2337 3343/3002/2537
f 3134/2788/2337 3343/3002/2537 3135/2786/2337
f 3140/2791/2338 3139/2790/2338 3345/3003/2533
f 3346/3004/2533 3345/3003/2533 3139/2790/2338
f 684/601/548 1855/1539/1316 685/599/546
f 1854/1537/1314 685/599/546 1855/1539/1316
f 63/62/54 3347/3005/2538 1915/1603/55
f 452/416/2539 446/413/2540 453/418/2541
f 449/414/2542 453/418/2541 446/413/2540
f 1241/1004/2543 1240/1002/2543 1237/1000/2543
f 1234/999/2544 1237/1000/2544 1240/1002/2544
f 426/405/2545 429/406/2546 432/408/2547
f 433/410/2548 432/408/2547 429/406/2546
f 1249/1012/2549 1245/1008/2549 1246/1011/2549
f 1244/1006/2550 1246/1011/2550 1245/1008/2550
f 3349/3006/2551 1303/1058/2551 3348/3007/2551
f 1302/1056/2552 3348/3007/2552 1303/1058/2552
f 3348/3007/2553 1299/3008/2554 938/766/2555
f 1298/3009/2556 938/766/2555 1299/3008/2554
f 3350/3010/2557 3351/3011/2558 40/39/2559
f 525/478/2560 40/39/2559 3351/3011/2558
f 3353/3012/2561 235/219/2562 3352/3013/2563
f 1584/1271/2564 3352/3013/2563 235/219/2562
f 666/584/533 3354/3014/2565 3317/2966/2500
f 3355/3015/2566 3317/2966/2500 3354/3014/2565
f 3357/3016/2567 3358/3017/2568 3356/3018/2569
f 2761/2397/2570 3356/3018/2569 3358/3017/2568
f 1431/1165/1015 3359/3019/55 2554/2175/55
f 3360/3020/2571 2303/1930/2572 1998/1690/2572
f 2305/1931/2572 1998/1690/2572 2303/1930/2572
f 1217/981/2573 1216/983/2574 1547/1244/2573
f 1544/1243/2574 1547/1244/2573 1216/983/2574
f 231/217/194 1844/1531/2575 232/215/192
f 1844/1531/2575 3201/2863/2390 232/215/192
f 3201/2863/2390 3200/2862/2389 232/215/192
f 3361/3021/2458 3362/3022/2458 752/655/2458
f 749/654/2459 752/655/2459 3362/3022/2459
f 3362/3022/2576 1156/949/2462 1289/3023/2577
f 1286/3024/2463 1289/3023/2577 1156/949/2462
f 3203/2868/2578 561/499/2578 3204/2866/2578
f 560/498/2579 3204/2866/2579 561/499/2579
f 2932/2575/2466 1693/1389/2466 3363/3025/2466
f 1696/1390/2580 3363/3025/2580 1693/1389/2580
f 1055/3026/2581 133/3027/2581 3364/3028/2581
f 2546/3029/2582 3364/3028/2582 133/3027/2582
f 3196/2858/2385 3195/2860/2387 43/43/37
f 3195/2860/2387 3365/3030/2583 43/43/37
f 3365/3030/2583 39/41/35 43/43/37
f 2546/3029/328 1058/861/328 3364/3028/328
f 597/535/328 3364/3028/328 1058/861/328
f 1895/3031/328 3366/3032/328 389/364/328
f 597/535/328 389/364/328 3366/3032/328
f 2176/1828/55 2016/1708/55 764/667/603
f 63/62/54 1914/1604/55 64/63/55
f 3384/3033/2584 1670/1363/1159 3383/3034/2585
f 1669/1362/1158 3383/3034/2585 1670/1363/1159
f 3383/3035/327 1669/3036/327 1028/842/327
f 1562/1260/1085 1561/1261/1086 60/59/51
f 61/61/53 60/59/51 1561/1261/1086
f 1556/1255/1083 11/13/13 1557/1256/1084
f 14/14/14 1557/1256/1084 11/13/13
f 3386/3037/2586 3387/3038/2586 3385/3039/2586
f 2859/2512/2587 3385/3039/2587 3387/3038/2587
f 1297/1051/2523 2860/2513/2522 3387/3038/2521
f 2859/2512/2520 3387/3038/2521 2860/2513/2522
f 2844/2500/2588 3388/3040/2589 2845/2498/2590
f 3389/3041/2591 2845/2498/2590 3388/3040/2589
f 2858/2510/2592 2857/2509/2593 3390/3042/2594
f 3391/3043/2595 3390/3042/2594 2857/2509/2593
f 1749/1437/1221 142/141/125 3398/3044/2596
f 2924/2566/2150 3399/3045/2597 142/141/125
f 3399/3045/2597 3400/3046/2598 142/141/125
f 3400/3046/2598 3401/3047/2599 142/141/125
f 142/141/125 3401/3047/2599 3398/3044/2596
f 3403/3048/2600 3159/2812/2601 3402/3049/2602
f 3158/2810/2603 3402/3049/2602 3159/2812/2601
f 465/432/388 468/433/389 1308/1063/929
f 1309/1064/930 1308/1063/929 468/433/389
f 419/397/360 1823/1508/1282 420/395/358
f 1822/1510/1284 420/395/358 1823/1508/1282
f 346/321/1620 2576/2559/2604 932/1908/1618
f 2909/3050/2605 932/1908/1618 2576/2559/2604
f 697/2201/1803 2909/3051/2605 1492/1205/1801
f 2576/2204/2604 1492/1205/1801 2909/3051/2605
f 354/329/1627 933/1912/1626 2575/2554/2606
f 2907/3052/2607 2575/2554/2606 933/1912/1626
f 1136/2197/1796 1495/1207/1795 2907/3053/2607
f 2575/2200/2606 2907/3053/2607 1495/1207/1795
f 2811/2450/859 3404/3054/859 2812/2448/859
f 3405/3055/859 2812/2448/859 3404/3054/859
f 2818/2454/859 2817/2453/859 3406/3056/859
f 3407/3057/859 3406/3056/859 2817/2453/859
f 3408/3058/2608 1350/1091/2608 3107/2755/2608
f 1349/1089/2609 3107/2755/2609 1350/1091/2609
f 3108/2756/2610 3107/2755/2610 2359/1971/2610
f 2356/1970/2611 2359/1971/2611 3107/2755/2611
f 3410/3059/2612 1216/983/2613 3409/3060/2614
f 1219/984/2615 3409/3060/2614 1216/983/2613
f 3412/3061/2616 2077/1767/2617 3411/3062/2618
f 2304/1929/2619 3411/3062/2618 2077/1767/2617
f 857/718/620 856/717/643 1814/1504/2620
f 1815/1502/2621 1814/1504/2620 856/717/643
f 856/717/55 855/719/55 2937/2582/55
f 1274/1039/55 2937/2582/55 855/719/55
f 241/224/2622 2640/2260/2623 3421/3063/2624
f 1905/1593/2625 3421/3063/2624 2640/2260/2623
f 3422/3064/1864 3421/3063/1865 1904/1595/917
f 1905/1593/915 1904/1595/917 3421/3063/1865
f 2936/2581/2160 760/663/2626 2851/2580/2160
f 759/661/2627 2851/2580/2160 760/663/2626
f 2722/2354/2628 457/423/2074 759/3065/2628
f 2851/2502/2074 759/3065/2628 457/423/2074
f 466/3066/2629 3423/3067/2630 513/3068/2631
f 3424/3069/2632 513/3068/2631 3423/3067/2630
f 465/3070/2633 2806/2445/2634 466/3066/2629
f 3423/3067/2630 466/3066/2629 2806/2445/2634
f 3425/3071/2635 3426/3072/2636 1890/1577/1352
f 3426/3072/2636 3427/3073/2637 1890/1577/1352
f 3427/3073/2637 1889/1576/1351 1890/1577/1352
f 3428/3074/2638 3429/3075/2639 824/704/2640
f 3430/3076/2641 824/704/2640 3429/3075/2639
f 3432/3077/2642 603/544/2643 3431/3078/2644
f 1897/1585/2645 3431/3078/2644 603/544/2643
f 682/596/2646 12/11/2647 3433/3079/2648
f 3434/3080/2649 3433/3079/2648 12/11/2647
f 3435/3081/2650 3436/3082/2650 3334/2992/2533
f 3333/2991/2533 3334/2992/2533 3436/3082/2650
f 3437/3083/2651 3438/3084/2651 3435/3081/2651
f 3436/3082/2651 3435/3081/2651 3438/3084/2651
f 3440/3085/2652 3441/3086/2652 3439/3087/2652
f 3442/3088/2652 3439/3087/2652 3441/3086/2652
f 3444/3089/2653 3338/2996/2535 3443/3090/2653
f 3337/2995/2535 3443/3090/2653 3338/2996/2535
f 3446/3091/2654 3444/3089/2654 3445/3092/2654
f 3443/3090/2654 3445/3092/2654 3444/3089/2654
f 3448/3093/2655 3449/3094/2655 3447/3095/2655
f 3450/3096/2655 3447/3095/2655 3449/3094/2655
f 3452/3097/2656 3453/3098/2656 3451/3099/2656
f 3454/3100/2657 3451/3099/2657 3453/3098/2657
f 3456/3101/2658 1543/2318/2658 3455/3102/2659
f 1546/1242/2659 3455/3102/2659 1543/2318/2658
f 3457/3103/2660 3458/3104/2660 3346/3004/2533
f 3345/3003/2533 3346/3004/2533 3458/3104/2660
f 3459/3105/2651 3460/3106/2651 3457/3103/2651
f 3458/3104/2651 3457/3103/2651 3460/3106/2651
f 3462/3107/2652 3463/3108/2652 3461/3109/2652
f 3464/3110/2652 3461/3109/2652 3463/3108/2652
f 3466/3111/2661 3342/3000/2535 3465/3112/2661
f 3341/2999/2535 3465/3112/2661 3342/3000/2535
f 3468/3113/2662 3466/3111/2662 3467/3114/2662
f 3465/3112/2662 3467/3114/2662 3466/3111/2662
f 3470/3115/2663 3471/3116/2663 3469/3117/2663
f 3472/3118/2663 3469/3117/2663 3471/3116/2663
f 2196/1852/2664 1979/1669/2665 188/180/160
f 185/179/159 188/180/160 1979/1669/2665
f 2308/3119/2666 3473/3120/2666 2306/1965/2666
f 570/508/124 953/779/124 3473/3120/124
f 3473/3120/124 953/779/124 2306/1965/124
f 2306/1965/1681 953/779/2667 954/1964/1680
f 3474/3121/2668 116/118/2669 89/91/80
f 90/89/78 89/91/80 116/118/2669
f 3475/3122/2670 130/129/121 635/557/2671
f 129/128/120 635/557/2671 130/129/121
f 3476/3123/328 55/3124/328 1793/1484/328
f 1797/1485/328 1793/1484/328 55/3124/328
f 1793/1484/2672 2187/3125/2672 3476/3123/2672
f 3477/3126/327 2185/2347/327 200/3127/327
f 3478/3128/327 200/3127/327 2185/2347/327
f 3477/3126/2673 2182/3129/2673 2185/2347/2673
f 1488/1204/55 3045/2706/55 146/145/1047
f 1431/1165/1015 2553/2176/55 1432/1166/55
f 3383/3034/2585 418/394/2674 3384/3033/2584
f 417/392/355 3384/3033/2675 418/394/357
f 2735/3130/1935 3479/3131/2676 2001/3132/1427
f 2002/1693/1428 2001/3132/1427 3479/3131/2676
f 1813/3133/2677 3480/3134/2678 2908/2556/2679
f 3161/2813/2680 3160/2814/2680 1275/1041/2680
f 1272/1040/2681 1275/1041/2681 3160/2814/2681
f 1272/1040/2682 3160/2814/2683 2863/2516/2355
f 1820/1506/2353 2863/2516/2355 3160/2814/2683
f 688/605/2684 3492/3135/2685 59/58/2686
f 3493/3136/2687 59/58/2686 3492/3135/2685
f 769/674/55 2930/2573/55 770/3137/55
f 1681/1375/2688 1682/1376/2688 182/174/2688
f 179/173/2689 182/174/2689 1682/1376/2689
f 1093/885/2587 1092/884/2587 2641/2262/2587
f 2642/2261/2690 2641/2262/2690 1092/884/2690
f 892/737/668 891/736/2691 3504/3138/2692
f 3505/3139/2693 3504/3138/2692 891/736/2691
f 3506/3140/2694 160/151/131 890/738/2695
f 159/150/130 890/738/2695 160/151/131
f 563/504/456 3507/3141/2696 564/502/454
f 3508/3142/2697 564/502/454 3507/3141/2696
f 3509/3143/2698 565/503/459 905/751/674
f 906/752/675 905/751/674 565/503/459
f 3510/3144/2699 1479/1194/1037 1859/1543/1317
f 8/7/7 1859/1543/1317 1479/1194/1037
f 3512/3145/2700 3262/2919/2701 3511/3146/2702
f 2279/1898/2703 3511/3146/2702 3262/2919/2701
f 3188/3147/2704 3187/3148/2705 1623/3149/2706
f 1620/3150/2707 1623/3149/2708 3187/3148/2707
f 3184/3151/2709 3183/3152/2710 1631/3153/2711
f 1628/3154/2712 1631/3153/2712 3183/3152/2712
f 3185/3155/2706 1639/3156/2713 3186/3157/2714
f 1638/3158/2715 3186/3157/2715 1639/3156/2715
f 3189/3159/2716 1615/3160/2716 3190/3161/2716
f 1614/3162/2717 3190/3161/2717 1615/3160/2717
f 2289/3163/2718 1856/1540/2719 3513/3164/2720
f 1856/1540/2719 1021/835/2721 3513/3164/2720
f 1021/835/2722 2888/2543/2722 3513/3164/2722
f 3515/3165/2723 3516/3166/2723 3514/3167/2723
f 3516/3166/2724 1310/3168/2724 3514/3167/2724
f 1310/3168/2725 3517/3169/2726 3514/3167/2727
f 970/3170/2728 3518/3171/2728 1310/3168/2725
f 3517/3169/2726 1310/3168/2725 3518/3171/2728
f 3519/3172/2729 2635/2256/2730 2637/2257/2731
f 1807/1494/1655 2637/2257/2731 2635/2256/2730
f 2636/2255/2732 2635/2256/2732 3312/3173/2732
f 3519/3172/2733 3312/3173/2733 2635/2256/2733
f 2190/1846/2734 214/198/175 1499/1212/1054
f 213/196/173 1499/1212/1054 214/198/175
f 3521/3174/327 3283/2946/327 3520/3175/327
f 3286/2947/2457 3520/3175/327 3283/2946/327
f 1028/842/327 2939/3176/327 3520/3175/327
f 1898/3177/327 3520/3175/327 2939/3176/327
f 2590/3178/2735 2098/1787/2735 899/3179/2735
f 2097/1788/2736 899/3179/2736 2098/1787/2736
f 2232/1886/2737 2645/2265/2738 2644/2264/2739
f 1287/1047/2353 2644/2264/2739 2645/2265/2738
f 2643/2263/2740 2233/1887/2740 2644/2264/2740
f 2232/1886/383 2644/2264/383 2233/1887/383
f 1496/1211/2741 2906/2549/2134 959/3180/2742
f 2571/2547/2132 959/3180/2742 2906/2549/2134
f 567/3181/2743 1497/1209/2744 959/3180/2742
f 1496/1211/2741 959/3180/2742 1497/1209/2744
f 1978/1667/2745 514/3182/2746 3424/3069/2632
f 513/3068/2631 3424/3069/2632 514/3182/2746
f 895/3183/2747 514/3182/2746 1977/1666/2748
f 1978/1667/2745 1977/1666/2748 514/3182/2746
f 3103/3184/2307 1782/1468/1243 3104/3185/2307
f 1781/1469/1244 3104/3185/2307 1782/1468/1243
f 3102/3186/2306 3101/3187/2306 1787/1474/1249
f 1788/1475/1250 1787/1474/1249 3101/3187/2306
f 363/338/2749 362/337/2749 1692/1386/2749
f 1689/1385/2750 1692/1386/2750 362/337/2750
f 288/266/2751 291/267/2752 3524/3188/2753
f 3525/3189/2754 3524/3188/2753 291/267/2752
f 2829/2486/2755 168/159/2756 2828/2485/2757
f 167/161/2758 2828/2485/2757 168/159/2756
f 331/306/2759 3526/3190/2760 332/308/2761
f 3527/3191/2762 332/308/2761 3526/3190/2760
f 1413/3192/55 2876/3193/55 484/441/55
f 1744/3194/55 484/441/55 2876/3193/55
f 3529/3195/2763 2773/2411/2764 3528/3196/2765
f 2776/2412/2766 3528/3196/2765 2773/2411/2764
f 1927/1617/2767 3530/3197/2768 1924/1616/2769
f 3531/3198/2770 1924/1616/2769 3530/3197/2768
f 3532/3199/2771 3533/3200/2772 2769/2404/2773
f 2770/2406/2774 2769/2404/2773 3533/3200/2772
f 1919/1608/2775 1918/1606/2776 3534/3201/2777
f 3535/3202/2778 3534/3201/2777 1918/1606/2776
f 940/765/2779 939/764/2779 2728/2357/2779
f 2729/2359/2780 2728/2357/2780 939/764/2780
f 3541/3203/2781 729/646/2782 3540/3204/2783
f 729/646/2782 730/647/1343 3540/3204/2783
f 730/647/1343 3542/3205/2784 3540/3204/2783
f 946/3206/693 3544/3207/55 3543/3208/2785
f 3544/3207/55 3542/3209/55 3543/3208/2785
f 3542/3209/55 730/1568/2786 3543/3208/2785
f 3237/2934/2787 1390/1124/2788 3277/2932/2789
f 1389/1123/2790 3277/2932/2789 1390/1124/2788
f 3236/2900/2791 3235/2899/2792 1392/1129/2793
f 1393/1127/2794 1392/1129/2794 3235/2899/2794
f 3243/2939/2795 3280/2938/2796 1396/1133/2795
f 1397/1131/2797 1396/1133/2795 3280/2938/2796
f 3240/2905/2798 1402/1136/2799 3241/2904/2800
f 1401/1135/2801 3241/2904/2801 1402/1136/2801
f 251/237/1419 483/1677/1420 1988/1675/1953
f 482/2392/1952 1988/1675/1953 483/1677/1420
f 3313/2962/2802 66/65/2802 3314/2963/2803
f 3170/2823/2804 3314/2963/2804 66/65/2805
f 3316/2964/2806 3315/2965/2807 576/515/2808
f 2833/2490/2809 576/515/2810 3315/2965/2811
f 2926/2568/2407 141/143/2403 3212/2881/2406
f 3211/2879/2401 3212/2881/2406 141/143/2403
f 2919/2561/2415 3217/2885/2413 123/123/2411
f 3214/2883/2410 123/123/2411 3217/2885/2413
f 1902/1591/2812 194/185/2812 1903/1592/2812
f 193/187/1107 1903/1592/1107 194/185/1107
f 1450/1168/2553 1686/3210/2554 1451/1169/2555
f 1685/3211/2556 1451/1169/2555 1686/3210/2554
f 3269/2923/2442 3268/2922/2441 820/700/628
f 3268/2922/2441 3548/3212/2813 820/700/628
f 3548/3212/2813 667/586/535 820/700/628
f 610/549/497 3549/3213/2814 611/550/498
f 3549/3213/2814 3272/2926/2445 611/550/498
f 3272/2926/2445 3271/2928/2447 611/550/498
f 1804/1492/2815 192/184/2815 1805/1493/2815
f 191/182/2816 1805/1493/2816 192/184/2816
f 246/2360/1782 595/3214/2473 190/181/1782
f 191/182/2473 190/181/1782 595/3214/2473
f 542/495/448 541/494/447 2073/1763/1488
f 1609/1299/1113 2073/1763/1488 541/494/447
f 3551/3215/2817 2076/1766/2818 3550/3216/2819
f 2075/1765/2820 3550/3216/2819 2076/1766/2818
f 1851/1535/55 28/28/55 27/27/55
f 79/78/55 78/77/55 1864/1547/55
f 1798/1486/2821 1799/1487/2821 326/301/2821
f 327/302/2822 326/301/2822 1799/1487/2822
f 176/2315/1890 328/304/1715 3552/3217/2478
f 327/302/2478 3552/3217/2478 328/304/1715
f 3553/3218/2823 3554/3219/2823 3141/2793/2823
f 3138/2792/2823 3141/2793/2823 3554/3219/2823
f 3556/3220/2824 3137/2789/2824 3555/3221/2824
f 3136/2787/2824 3555/3221/2824 3137/2789/2824
f 3558/3222/2825 3157/2809/2825 3557/3223/2825
f 3156/2807/2825 3557/3223/2825 3157/2809/2825
f 3559/3224/2826 3560/3225/2826 3153/2805/2826
f 3150/2804/2826 3153/2805/2826 3560/3225/2826
f 3562/3226/2825 3149/2801/2825 3561/3227/2825
f 3148/2799/2825 3561/3227/2825 3149/2801/2825
f 3563/3228/2826 3564/3229/2826 3145/2797/2826
f 3142/2796/2826 3145/2797/2826 3564/3229/2826
f 3565/3230/2823 3566/3231/2823 3133/2785/2823
f 3130/2784/2823 3133/2785/2823 3566/3231/2823
f 3568/3232/2824 3129/2781/2824 3567/3233/2824
f 3128/2779/2824 3567/3233/2824 3129/2781/2824
f 995/806/2827 1200/974/2828 3569/3234/2829
f 3570/3235/2828 3569/3234/2829 1200/974/2828
f 674/593/2830 3571/3236/2831 1064/868/2832
f 3572/3237/2832 1064/868/2832 3571/3236/2831
f 642/564/1321 641/563/2833 3573/3238/2834
f 1015/829/2835 3573/3238/2835 641/563/512
f 3062/2727/2836 3063/2728/2837 1018/830/2838
f 1015/829/2839 1018/830/2838 3063/2728/2837
f 456/420/378 3574/3239/2840 454/421/379
f 653/575/524 454/421/2841 3574/3239/2842
f 3064/2729/2843 654/577/2844 3065/2730/2845
f 653/575/2846 3065/2730/2845 654/577/2844
f 2785/2421/2847 3575/3240/2848 1466/1184/2849
f 1892/1579/2850 1466/1184/2851 3575/3240/2852
f 4257/1783/1507 4252/1270/1087 1583/1269/1091
f 1664/1356/1152 4254/1355/1151 4253/1351/1147
f 3364/3028/328 597/535/328 1055/3026/328
f 3366/3032/328 1055/3026/328 597/535/328
f 1121/914/2853 1056/859/124 3366/3241/124
f 1055/860/124 3366/3241/124 1056/859/124
f 754/656/2854 2310/1936/2855 1427/1162/1657
f 1789/1476/1655 1427/1162/1657 2310/1936/2855
f 2309/1935/2856 1790/1477/1254 2310/1936/2857
f 1789/1476/1253 2310/1936/2857 1790/1477/1254
f 3161/3242/2858 1275/3243/2858 1095/886/2858
f 298/273/2859 1095/886/2859 1275/3243/2859
f 858/2437/1986 299/275/1986 1275/3243/2515
f 298/273/2515 1275/3243/2515 299/275/1986
f 1860/1544/1318 2281/1901/1609 124/124/116
f 2281/1901/1609 2285/1905/1613 124/124/116
f 2285/1905/1613 2284/1904/1612 124/124/116
f 2284/1904/1612 2283/1903/1611 124/124/116
f 2283/1903/1611 2282/1902/1610 124/124/116
f 3512/3145/2700 3580/3244/2860 3262/2919/2701
f 3261/2918/2861 3262/2919/2701 3580/3244/2860
f 2081/1771/1495 3398/3044/2596 210/194/171
f 3398/3044/2596 3401/3047/2599 210/194/171
f 3401/3047/2599 3400/3046/2598 210/194/171
f 3400/3046/2598 3399/3045/2597 210/194/171
f 3399/3045/2597 2924/2566/2150 210/194/171
f 3403/3048/2600 3581/3245/2862 3159/2812/2601
f 2608/2236/2863 3159/2812/2601 3581/3245/2862
f 3583/3246/328 3584/3247/328 3582/3248/328
f 3585/3249/328 3586/3250/328 3584/3247/328
f 3587/3251/328 3588/3252/328 3586/3250/328
f 3586/3250/328 3588/3252/328 3584/3247/328
f 3584/3247/328 3588/3252/328 3582/3248/328
f 3589/3253/2864 1198/972/2864 1469/1190/2864
f 1198/972/2865 1197/970/2865 1469/1190/2865
f 1197/970/2866 1470/1188/2866 1469/1190/2866
f 3590/3254/2867 1736/1423/2867 1478/1193/2867
f 2956/2600/2868 2955/2602/2868 2960/3255/2868
f 2961/3256/2869 2960/3255/2869 2955/2602/2869
f 3591/3257/2870 1734/1421/2870 505/455/2870
f 2966/2610/2871 2965/2612/2871 2970/3258/2871
f 2971/3259/2872 2970/3258/2872 2965/2612/2872
f 1280/1043/2873 1059/865/2873 1281/1044/2873
f 1059/865/2874 1062/866/2874 1281/1044/2874
f 1062/866/2875 3592/3260/2875 1281/1044/2875
f 578/519/2876 1740/1427/2876 3593/3261/2876
f 2986/2630/2877 2990/3262/2877 2987/2631/2877
f 2989/3263/2878 2987/2631/2878 2990/3262/2878
f 1416/1152/2879 1738/1425/2879 3594/3264/2879
f 2976/2620/2880 2980/3265/2880 2977/2621/2880
f 2979/3266/2881 2977/2621/2881 2980/3265/2881
f 1677/1371/1168 990/802/1167 1994/3267/2882
f 989/800/2883 1994/3267/2882 990/802/1167
f 1995/2579/2159 1994/3267/2882 51/51/2158
f 48/50/2884 51/51/2158 1994/3267/2882
f 3330/2988/2885 3311/2986/2886 810/696/625
f 811/697/209 810/696/625 3311/2986/2886
f 3519/3172/2887 587/525/480 3312/3173/2888
f 586/527/482 3312/3173/2888 587/525/480
f 2331/1945/124 1126/921/124 2332/1944/124
f 1128/922/124 2332/1944/124 1126/921/124
f 2214/1879/124 1056/859/124 1120/912/124
f 1121/914/2853 1120/912/124 1056/859/124
f 3595/3268/2889 1004/815/2890 1414/2470/2031
f 1003/817/2030 1414/2470/2031 1004/815/2890
f 3596/3269/2891 2821/2458/2011 2083/1772/2892
f 1141/935/2009 2083/1772/2892 2821/2458/2011
f 3597/3270/2893 2823/2474/2039 2192/1848/2894
f 1602/1291/2037 2192/1848/2894 2823/2474/2039
f 3598/3271/2895 2084/1774/2896 1146/2466/2023
f 1145/939/2022 1146/2466/2023 2084/1774/2896
f 3600/3272/2897 3601/3273/2897 3599/3274/2897
f 3603/3275/2898 3604/3276/2898 3602/3277/2898
f 3606/3278/2899 3607/3279/2899 3605/3280/2899
f 3609/3281/2900 3610/3282/2900 3608/3283/2900
f 572/2710/2274 571/509/2901 1678/2711/2276
f 3627/3284/859 3628/3285/859 2592/2220/859
f 1867/1549/859 2592/2220/859 3628/3285/859
f 1694/1387/2511 1693/1389/2902 2933/2574/2512
f 2932/2575/2903 2933/2574/2512 1693/1389/2902
f 609/547/495 1784/1470/1245 3629/3286/2904
f 3355/3015/2566 3629/3286/2904 1784/1470/1245
f 3357/3016/2567 3356/3018/2569 3630/3287/2905
f 2239/1894/1602 3630/3287/2905 3356/3018/2569
f 2639/2259/907 782/684/618 2638/2258/2906
f 781/686/618 2638/2258/2906 782/684/618
f 1541/1237/2907 3520/3175/2907 1542/1238/2907
f 3286/2947/2907 1542/1238/2907 3520/3175/2907
f 2307/1963/2908 2345/1962/2908 2344/1961/2908
f 2343/1960/2909 2344/1961/2909 2345/1962/2909
f 1178/959/753 1656/1350/1146 1877/1563/755
f 3631/3288/2910 3632/3289/2911 1555/3290/2912
f 1552/3291/2913 1555/3290/2912 3632/3289/2911
f 3634/3292/2914 72/3293/2915 3633/3294/2916
f 71/3295/2917 3633/3294/2916 72/3293/2915
f 53/52/2918 52/54/2919 1897/1585/2645
f 3431/3078/2644 1897/1585/2645 52/54/2919
f 198/189/2920 3430/3076/2641 199/190/2921
f 3429/3075/2639 199/190/2921 3430/3076/2641
f 1255/1020/2922 2723/2355/2922 1256/1018/2922
f 2722/2354/2923 1256/1018/2923 2723/2355/2923
f 758/2503/2924 1256/1018/2924 759/3065/2924
f 2722/2354/2925 759/3065/2925 1256/1018/2925
f 3453/3098/2926 3110/2761/2321 1229/996/873
f 1226/995/872 1229/996/873 3110/2761/2321
f 2000/3296/1429 3454/3297/2927 1229/996/2928
f 3453/3098/2929 1229/996/2928 3454/3297/2927
f 2533/2155/2930 2532/2154/2930 2481/2100/2930
f 2482/2101/2930 2481/2100/2930 2532/2154/2930
f 3639/3298/55 2498/3299/55 2536/3300/55
f 2479/2098/55 2460/2082/55 3640/3301/55
f 2478/2099/2235 2461/2080/2235 2479/2098/2235
f 2460/2082/2235 2479/2098/2235 2461/2080/2235
f 3641/3302/55 2420/3303/55 2419/3304/55
f 2544/3305/55 2468/2090/55 3642/3306/55
f 3643/3307/55 2454/3308/55 2476/2096/55
f 1803/1491/2931 1802/1489/2931 3552/3309/2931
f 2342/1958/2932 3552/3309/2932 1802/1489/2932
f 2472/3310/55 2475/3311/55 3642/3306/55
f 2542/2167/2933 2473/2092/2933 2543/2166/2933
f 2472/2094/2933 2543/2166/2933 2473/2092/2933
f 3641/3302/55 2443/3312/55 2442/3313/55
f 2417/2037/2934 2416/2036/2934 2441/2060/2934
f 2442/2061/2934 2441/2060/2934 2416/2036/2934
f 2464/3314/55 2467/3315/55 3640/3301/55
f 3643/3307/55 2459/2079/55 2458/3316/55
f 3179/2833/2935 3178/2832/2935 2457/2076/2935
f 2458/2077/2935 2457/2076/2935 3178/2832/2935
f 3639/3298/55 2503/2123/55 2502/2121/55
f 2535/2157/2936 2534/2156/2936 2501/2120/2936
f 2502/2121/2936 2501/2120/2936 2534/2156/2936
f 766/668/2937 765/670/2938 3492/3135/2939
f 3493/3136/2940 3492/3135/2939 765/670/2938
f 331/306/2759 2647/2267/2941 3526/3190/2760
f 3644/3317/2942 3526/3190/2760 2647/2267/2941
f 3030/3318/55 3029/3319/55 696/613/55
f 708/622/55 3041/3320/55 3040/3321/55
f 1540/1239/2943 1543/1240/2943 1028/842/2943
f 3456/3322/2943 1028/842/2943 1543/1240/2943
f 2186/1841/2944 872/728/2237 3021/3323/2945
f 3016/2667/2239 3021/3323/2945 872/728/2237
f 2183/1837/2946 1611/1300/1114 2184/1838/1911
f 1610/1298/1112 2184/1838/1911 1611/1300/1114
f 2579/3324/2947 3646/3325/2947 3645/3326/2947
f 3647/3327/2948 3645/3326/2948 3646/3325/2948
f 2337/1952/2949 2302/1928/2950 2300/1924/2951
f 2299/1923/2952 2300/1924/2951 2302/1928/2950
f 2338/1953/1673 2337/1952/1673 637/559/789
f 638/560/2953 637/559/789 2337/1952/1673
f 2334/1946/2954 2178/1832/2955 2181/1836/2956
f 2177/1830/2957 2181/1836/2956 2178/1832/2955
f 2333/1947/1670 1084/875/509 2334/1946/1670
f 1083/877/2958 2334/1946/1670 1084/875/509
f 3661/3328/859 185/179/859 3660/3329/859
f 1979/1669/859 3660/3329/859 185/179/859
f 3662/3330/859 3660/3329/859 1978/1667/859
f 1979/1669/859 1978/1667/2959 3660/3329/859
f 3663/3331/2960 2829/2486/2061 991/803/2961
f 1082/874/2059 991/803/2961 2829/2486/2061
f 169/160/140 168/159/139 1848/1533/1312
f 1849/1532/1311 1848/1533/1312 168/159/139
f 1264/1391/2962 1697/1393/2962 266/1949/2962
f 2336/1951/2963 266/1949/2963 1697/1393/2963
f 63/62/54 62/64/55 1384/1119/55
f 963/1404/2964 1252/1956/2964 1700/1400/2964
f 2340/1957/2965 1700/1400/2965 1252/1956/2965
f 2700/2330/55 2175/1827/55 764/667/603
f 2885/2541/2966 3664/3332/2967 2886/2540/2968
f 2886/2540/2968 3664/3332/2967 2854/2506/2969
f 3664/3332/2967 3665/3333/2970 2854/2506/2969
f 3665/3333/2970 3666/3334/2971 2854/2506/2969
f 1299/3008/2972 3348/3007/2972 1103/3335/2972
f 1302/1056/2973 1103/3335/2973 3348/3007/2973
f 784/2034/1735 1103/3335/2397 1301/1055/1735
f 1302/1056/2397 1301/1055/1735 1103/3335/2397
f 1154/950/2974 2227/1884/2974 1155/948/2974
f 2230/1885/1107 1155/948/1107 2227/1884/1107
f 3667/3336/2975 3668/3337/2976 1219/984/2615
f 3409/3338/2614 1219/984/2615 3668/3337/2976
f 1102/895/2977 2860/2513/2522 1296/1053/2978
f 1297/1051/2523 1296/1053/2978 2860/2513/2522
f 1299/1054/2524 1103/894/2524 1296/1053/2524
f 1102/895/2979 1296/1053/2979 1103/894/2979
f 643/568/2980 2934/2577/2513 2933/2574/2512
f 1694/1387/2511 2933/2574/2512 2934/2577/2513
f 2935/2576/1646 2934/2577/1646 646/569/1646
f 643/568/2981 646/569/2981 2934/2577/2981
f 1665/1360/1936 3669/3339/2982 2734/2369/1934
f 3058/2722/2280 2734/2369/1934 3669/3339/2982
f 1224/991/868 3669/3339/2983 1225/989/866
f 1665/1360/1156 1225/989/866 3669/3339/2983
f 3670/3340/2984 2840/2496/2985 2846/2499/2071
f 2843/2497/2073 2846/2499/2071 2840/2496/2985
f 1203/976/859 3671/3341/859 1991/1678/859
f 212/195/859 3174/2826/859 3672/3342/859
f 3173/2828/859 3672/3342/859 3174/2826/859
f 1858/1542/859 3673/3343/859 1265/1032/859
f 186/177/859 3674/3344/859 2807/2443/859
f 2808/2444/859 2807/2443/859 3674/3344/859
f 3683/3345/2986 1148/942/841 3257/2911/2430
f 1679/1372/2987 3257/2911/2430 1148/942/841
f 1676/1370/940 1680/1374/2988 1148/942/940
f 1679/1372/462 1148/942/940 1680/1374/2988
f 1329/1080/2989 1332/1081/2989 785/690/2989
f 786/688/2749 785/690/2749 1332/1081/2749
f 3685/3346/2990 316/292/260 3684/3347/2991
f 315/290/258 3684/3347/2991 316/292/260
f 425/3348/2992 3687/3349/2992 3686/3350/2992
f 3688/3351/2993 3686/3350/2993 3687/3349/2993
f 1372/3352/2994 1375/3353/2995 3689/3354/2996
f 3690/3355/2997 3689/3354/2996 1375/3353/2995
f 3693/3356/2998 3259/2915/2432 84/83/72
f 1674/1369/1651 84/83/72 3259/2915/2432
f 2344/2578/940 84/83/940 2307/1932/2999
f 1674/1369/462 2307/1932/2999 84/83/940
f 3184/3151/2709 1631/3153/2711 2865/2518/2709
f 1632/3357/3000 2865/2518/3000 1631/3153/3000
f 1635/3358/3001 2866/2517/3001 1632/3357/3002
f 2865/2518/3003 1632/3357/3003 2866/2517/3003
f 3185/3155/2706 2870/2522/2706 1639/3156/2713
f 1642/3359/2706 1639/3156/2713 2870/2522/2706
f 1643/3360/3004 1642/3359/3004 2869/2521/3004
f 2870/2522/2706 2869/2521/2706 1642/3359/2706
f 3188/3147/2704 1623/3149/2706 2867/2520/3005
f 1624/3361/3006 2867/2520/3006 1623/3149/3006
f 1627/3362/3007 2868/2519/3007 1624/3361/3007
f 2867/2520/3008 1624/3361/3008 2868/2519/3008
f 3189/3159/3009 2872/2524/3010 1615/3160/3011
f 1618/3363/3012 1615/3160/3012 2872/2524/3012
f 1619/3364/3013 1618/3363/3013 2871/2523/3013
f 2872/2524/3014 2871/2523/3014 1618/3363/3014
f 2789/2425/3015 1549/1245/3015 3694/3365/3016
f 1894/1581/3017 3694/3365/3017 1549/1245/3018
f 1361/1100/959 1360/1099/958 3350/3010/3019
f 3351/3011/3020 3350/3010/3019 1360/1099/958
f 1672/1364/1160 3353/3012/3021 1673/1365/1161
f 3352/3013/3022 1673/1365/1161 3353/3012/3021
f 41/40/3023 526/479/3024 1548/1247/3025
f 1893/1580/3026 1548/1247/3025 526/479/3024
f 3696/3366/3027 526/479/428 3695/3367/3028
f 526/479/428 525/478/427 3695/3367/3028
f 525/478/427 3697/3368/3029 3695/3367/3028
f 3698/3369/124 1060/3370/3030 1896/1584/124
f 1059/1583/124 1896/1584/124 1060/3370/3030
f 1628/3154/3031 3183/3152/3031 1635/3358/3031
f 2866/2517/3001 1635/3358/3001 3183/3152/3001
f 1638/3158/3032 1643/3360/3032 3186/3157/3032
f 2869/2521/3033 3186/3157/3033 1643/3360/3033
f 1614/3162/3034 1619/3364/3035 3190/3161/3036
f 2871/2523/3037 3190/3161/3036 1619/3364/3035
f 779/681/3038 3699/3371/3039 375/350/3040
f 376/352/3041 375/350/3040 3699/3371/3039
f 1304/1061/926 2719/2350/801 1305/1059/926
f 2718/2351/801 1305/1059/926 2719/2350/801
f 1620/3150/2707 3187/3148/2707 1627/3362/3042
f 2868/2519/3043 1627/3362/3042 3187/3148/2707
f 805/694/3044 1024/838/3045 3700/3372/3046
f 1027/839/3047 3700/3372/3046 1024/838/3045
f 1773/1462/1240 1776/1463/1240 2716/2348/1061
f 2717/2349/1913 2716/2348/1061 1776/1463/1240
f 2227/1884/3048 1154/950/3049 3701/3373/3050
f 1157/951/3051 3701/3373/3050 1154/950/3049
f 1908/1599/926 1911/1600/1364 1912/1601/1365
f 1913/1602/1365 1912/1601/1365 1911/1600/1364
f 584/522/3052 3702/3374/3053 1459/1177/3054
f 1460/1179/3055 1459/1177/3054 3702/3374/3053
f 2101/1790/1240 2106/1796/1514 2102/1792/1512
f 2105/1794/1514 2102/1792/1512 2106/1796/1514
f 3703/3375/328 3704/3376/328 539/3377/328
f 540/3378/328 539/3377/328 3704/3376/328
f 504/454/3056 1735/1422/3056 3705/3379/3056
f 2967/2611/3057 2969/2616/3057 2968/2613/3057
f 2972/2617/3058 2968/2613/3058 2969/2616/3058
f 3706/3380/3059 1739/1426/3059 1417/1151/3059
f 2975/2622/3060 2978/2623/3060 2981/2625/3060
f 2982/2627/3061 2981/2625/3061 2978/2623/3061
f 1477/1192/3062 1737/1424/3062 3714/3381/3062
f 2957/2601/3063 2959/2606/3063 2958/2603/3063
f 2962/2607/3064 2958/2603/3064 2959/2606/3064
f 3715/3382/3065 1741/1428/3065 579/517/3065
f 2985/2632/3066 2988/2633/3066 2991/2635/3066
f 2992/2637/3067 2991/2635/3067 2988/2633/3067
f 2728/2357/3068 3716/3383/3069 940/765/3070
f 941/767/3071 940/765/3070 3716/3383/3069
f 2051/1740/1470 2054/1743/1472 2052/1742/1470
f 2053/1745/1474 2052/1742/1470 2054/1743/1472
f 357/335/3072 1449/1170/3073 3717/3384/3069
f 1452/1171/3071 3717/3384/3069 1449/1170/3073
f 2107/1799/1518 2110/1800/1518 2114/1804/1521
f 2111/1803/1469 2114/1804/1521 2110/1800/1518
f 1128/3385/2161 1125/3386/3074 3718/3387/3075
f 1124/3388/3076 3718/3387/3075 1125/3386/3074
f 116/118/2044 3474/3121/3077 1646/2477/2045
f 2788/3389/3078 1646/2477/2045 3474/3121/3077
f 1121/3390/3079 3719/3391/3080 1118/3392/3081
f 1115/3393/3082 1118/3392/3081 3719/3391/3080
f 635/557/2048 1654/2479/2050 3475/3122/3083
f 2792/3394/3084 3475/3122/3083 1654/2479/2050
f 1289/3023/3085 648/2870/3085 3362/3022/3085
f 749/654/3086 3362/3022/3086 648/2870/3086
f 2330/1943/124 307/282/124 2328/1942/1664
f 306/281/251 2328/1942/1664 307/282/124
f 2328/1942/1664 306/281/251 3514/3167/3087
f 3515/3165/3088 3514/3167/3087 306/281/251
f 2879/2530/3089 2918/2560/3090 3720/3395/3091
f 2918/2560/3090 2840/2496/2985 3720/3395/3091
f 3670/3340/2984 3721/3396/3092 2840/2496/2985
f 2840/2496/2985 3721/3396/3092 3720/3395/3091
f 3730/3397/3093 684/601/3094 3434/3080/3095
f 687/602/3096 3434/3080/3095 684/601/3094
f 3732/3398/3097 1852/1538/3098 3731/3399/3099
f 1855/1539/3100 3731/3399/3099 1852/1538/3098
f 1644/3400/3101 1127/3401/3102 2804/3402/3103
f 3733/3403/3104 2804/3402/3103 1127/3401/3102
f 1651/3404/3105 2805/3405/3106 1119/3406/3107
f 3734/3407/3108 1119/3406/3107 2805/3405/3106
f 139/3408/3109 3735/3409/3110 140/2173/3111
f 3735/3409/3110 3061/2726/3112 140/2173/3111
f 3061/2726/3112 2548/2172/3113 140/2173/3111
f 1410/1145/998 2887/2542/3114 1408/1144/997
f 1013/824/744 2880/2531/3115 1014/826/746
f 3520/3175/124 1541/1237/124 1028/842/124
f 1540/1239/124 1028/842/124 1541/1237/124
f 3290/3410/3116 3287/2951/3116 1106/3411/3116
f 517/467/3117 1106/3411/3117 3287/2951/3117
f 589/1997/1714 1106/3411/3118 516/466/1712
f 517/467/3118 516/466/1712 1106/3411/3118
f 3826/3412/3119 3433/3079/3120 687/602/3096
f 3434/3080/3095 687/602/3096 3433/3079/3120
f 288/266/2751 3524/3188/2753 1355/1092/3121
f 3827/3413/3122 1355/1092/3121 3524/3188/2753
f 2642/3414/3123 1092/3415/3123 1682/1376/3123
f 179/173/3124 1682/1376/3124 1092/3415/3124
f 812/2183/1780 180/171/1780 1092/3415/3125
f 179/173/3125 1092/3415/3125 180/171/1780
f 929/3416/3126 3828/3417/3127 930/3418/3128
f 3829/3419/3129 930/3418/3128 3828/3417/3127
f 297/272/3130 3830/3420/3131 1096/887/3132
f 1097/889/3051 1096/887/3132 3830/3420/3131
f 1528/1226/1062 1262/1025/897 1529/1228/1062
f 1261/1023/895 1529/1228/1062 1262/1025/897
f 2723/2355/3133 1255/1020/3134 3831/3421/3135
f 1258/1021/3055 3831/3421/3135 1255/1020/3134
f 1022/833/753 2293/1918/755 1778/1464/852
f 1022/833/753 2294/1920/1146 2293/1918/755
f 1022/833/753 1777/1465/853 1023/834/754
f 1163/956/753 1687/1382/755 1164/957/852
f 1178/959/753 1872/1559/853 2597/2225/754
f 1163/956/753 2030/1722/853 1688/1381/1146
f 1163/956/753 1162/958/853 2027/1718/754
f 1178/959/753 1177/961/854 1657/1349/853
f 3832/3422/859 3833/3423/859 213/196/859
f 1499/1212/859 213/196/859 3833/3423/859
f 3834/3424/3136 1496/1211/2741 3833/3423/859
f 1499/1212/1054 3833/3423/859 1496/1211/859
f 3836/3425/124 3837/3426/124 3835/3427/124
f 3838/3428/124 3835/3427/124 3837/3426/124
f 3840/3429/124 3841/3430/124 3839/3431/124
f 3842/3432/124 3839/3431/124 3841/3430/124
f 85/87/3137 2857/2509/3138 86/85/3139
f 2856/2511/3140 86/85/3139 2857/2509/3138
f 559/500/452 562/501/453 328/304/272
f 325/303/271 328/304/272 562/501/453
f 777/682/617 1301/1055/923 778/680/615
f 1300/1057/302 778/680/615 1301/1055/923
f 1832/1519/1292 1531/1230/1065 1833/1521/1294
f 1530/1229/1064 1833/1521/1294 1531/1230/1065
f 2113/1802/1520 2112/1801/1519 3088/2744/1515
f 3089/2745/1513 3088/2744/1515 2112/1801/1519
f 807/693/622 806/692/621 180/171/151
f 181/172/152 180/171/151 806/692/621
f 2229/1883/1594 2228/1882/569 364/340/308
f 361/339/307 364/340/308 2228/1882/569
f 787/689/308 196/188/168 788/691/218
f 195/186/166 788/691/218 196/188/168
f 2103/1795/1515 3091/2746/2301 2104/1793/1513
f 3090/2747/1520 2104/1793/1513 3091/2746/2301
f 2726/2358/1920 190/181/161 2727/2356/1918
f 189/183/163 2727/2356/1918 190/181/161
f 1826/1516/1290 1829/1517/1290 1101/893/804
f 1098/892/803 1101/893/804 1829/1517/1290
f 359/334/302 358/333/301 750/652/590
f 751/653/591 750/652/590 358/333/301
f 710/627/566 713/628/567 299/275/245
f 296/274/244 299/275/245 713/628/567
f 1259/1024/896 1886/1572/1347 1260/1022/894
f 1885/1574/1349 1260/1022/894 1886/1572/1347
f 582/523/479 516/466/415 583/521/477
f 515/468/417 583/521/477 516/466/415
f 1987/1673/1414 252/235/214 1988/1675/1416
f 251/237/216 1988/1675/1416 252/235/214
f 3359/3019/55 1431/1165/1015 3846/3433/55
f 3847/3434/3141 3846/3433/55 1431/1165/1015
f 1393/3435/3142 3235/3436/3142 1389/1123/3142
f 3277/2932/2789 1389/1123/2790 3235/3436/3143
f 1401/3437/3144 1397/1131/3144 3241/3438/3144
f 3280/2938/3145 3241/3438/3145 1397/1131/3145
f 2633/3439/1855 3848/3440/3146 2634/3441/1857
f 3849/3442/3147 2634/3441/1857 3848/3440/3146
f 2627/3443/1852 2630/3444/1853 3850/3445/3148
f 3851/3446/3149 3850/3445/3148 2630/3444/1853
f 420/395/55 1591/1280/55 421/396/3150
f 1594/1281/3151 421/396/3150 1591/1280/55
f 2569/2192/3152 2570/2195/3153 2170/1821/3154
f 2573/2196/3155 2170/1821/3154 2570/2195/3153
f 468/433/55 467/431/3156 2621/2240/55
f 1755/1444/3157 2621/2240/55 467/431/3156
f 2565/2188/3158 2564/2186/3159 512/462/3160
f 2567/2190/3161 512/462/3160 2564/2186/3159
f 3236/2900/2791 1392/1129/2793 3237/2901/3162
f 1390/1856/3163 3237/2901/3163 1392/1129/3163
f 3240/2905/2798 3243/2906/3164 1402/1136/2799
f 1396/1862/3165 1402/1136/3165 3243/2906/3165
f 2812/2448/859 3405/3055/859 1559/1257/859
f 3852/3447/859 1559/1257/859 3405/3055/859
f 3853/3448/859 1560/1258/859 3852/3447/859
f 1559/1257/859 3852/3447/859 1560/1258/859
f 2817/2453/859 1563/1264/859 3407/3057/859
f 3854/3449/859 3407/3057/859 1563/1264/859
f 3855/3450/859 3854/3449/859 1565/1263/859
f 1563/1264/859 1565/1263/859 3854/3449/859
f 2562/2187/1785 2565/2188/1786 1752/1438/1222
f 1753/1439/1223 1752/1438/1222 2565/2188/1786
f 2568/2191/1789 1588/1274/1095 2569/2192/1790
f 1587/1276/1097 2569/2192/1790 1588/1274/1095
f 1228/994/3166 1666/1358/1937 2001/3132/1427
f 2735/3130/1935 2001/3132/1427 1666/1358/1937
f 1667/1359/1155 1666/1358/1154 1227/993/870
f 1228/994/871 1227/993/870 1666/1358/1154
f 3479/3131/2676 2735/2370/1935 3059/2723/2282
f 2734/2369/1934 3059/2723/2282 2735/2370/1935
f 969/3451/3167 2737/3452/3168 970/3170/3169
f 2737/3452/3168 2736/3453/3170 970/3170/3169
f 2736/3453/3170 3518/3171/3171 970/3170/3169
f 3856/3454/3172 3857/3455/3173 1313/3456/3174
f 1843/3457/3173 1313/3456/3174 3857/3455/3173
f 3627/3284/859 2592/2220/859 3858/3458/859
f 2594/2222/859 3858/3458/859 2592/2220/859
f 2017/1709/55 761/666/602 764/667/603
f 3180/3459/1746 2463/2083/1746 3181/3460/1746
f 2462/2081/1746 3181/3460/1746 2463/2083/1746
f 2540/3461/3175 2539/3462/3175 2436/2056/3175
f 2437/2057/3175 2436/2056/3175 2539/3462/3175
f 3261/2918/1606 3859/3463/3176 2625/2245/2433
f 773/678/859 2625/2245/2433 3859/3463/3176
f 774/676/859 773/678/859 3860/3464/859
f 3859/3463/859 3860/3464/859 773/678/859
f 3158/2810/1839 1746/1434/2348 3861/3465/3177
f 2802/2440/859 3861/3465/3177 1746/1434/2348
f 1868/1550/859 3862/3466/859 2802/2440/859
f 3861/3465/859 2802/2440/859 3862/3466/859
f 1533/3467/1066 566/505/457 3509/3143/2698
f 565/503/459 3509/3143/2698 566/505/457
f 2382/3468/1708 3506/3140/2694 893/739/1707
f 890/738/2695 893/739/1707 3506/3140/2694
f 3541/3469/3178 725/3470/3179 719/3471/3179
f 724/3472/3180 719/3471/3179 725/3470/3179
f 3109/2759/859 2624/2244/859 3863/3473/859
f 3863/3473/3181 2624/2244/3181 3864/3474/3181
f 776/679/859 775/677/859 2624/2244/859
f 2593/3475/3182 2591/3476/3182 775/677/3182
f 775/677/3183 2591/3476/3183 2624/2244/3183
f 2591/3476/3184 3865/3477/3184 2624/2244/3184
f 3867/3478/3185 3829/3419/3185 3866/3479/3185
f 3866/3479/859 3829/3419/859 3865/3477/859
f 3865/3477/859 3829/3419/859 2624/2244/859
f 3829/3419/859 3828/3417/859 2624/2244/859
f 2624/2244/3186 3828/3417/3186 3864/3474/3186
f 1809/2960/3187 1805/1493/3187 595/3214/3187
f 191/182/3188 595/3214/3188 1805/1493/3188
f 594/534/3189 1806/1496/3189 595/533/3189
f 1809/1497/3190 595/533/3190 1806/1496/3190
f 3868/3480/3191 3869/3481/3192 3859/3463/3193
f 3860/3464/3194 3859/3463/3193 3869/3481/3192
f 3870/3482/3195 3858/3458/3196 3869/3481/3192
f 3860/3464/3194 3869/3481/3192 3858/3458/3196
f 3872/3483/3197 3861/3465/3198 3871/3484/3199
f 3862/3466/3200 3871/3484/3199 3861/3465/3198
f 3873/3485/3201 3871/3484/3199 3628/3285/3202
f 3862/3466/3200 3628/3285/3202 3871/3484/3199
f 1803/2957/3203 3552/3217/3203 1799/1487/3203
f 327/302/3204 1799/1487/3204 3552/3217/3204
f 3874/3486/3205 3875/3487/3206 1112/904/3207
f 3876/3488/3208 1112/904/3207 3875/3487/3206
f 3877/3489/3209 3878/3490/3210 2239/1894/1602
f 3878/3490/3210 3879/3491/3211 2239/1894/1602
f 3879/3491/3211 1107/899/1603 2239/1894/1602
f 3385/3492/3212 243/2361/1922 2729/2359/2136
f 2726/2358/1922 2729/2359/2136 243/2361/1922
f 3386/3493/3213 3385/3492/3213 939/764/3213
f 2729/2359/3214 939/764/3214 3385/3492/3214
f 1814/3494/3215 711/625/3215 857/2438/1987
f 710/627/1735 857/2438/1987 711/625/3215
f 1817/3495/3216 1812/1501/3216 1814/3494/3216
f 711/625/3217 1814/3494/3217 1812/1501/3217
f 3363/3496/3118 560/498/3118 175/2316/1712
f 559/500/1712 175/2316/1712 560/498/3118
f 1696/3497/3218 3204/2866/3218 3363/3496/3218
f 560/498/3219 3363/3496/3219 3204/2866/3219
f 3881/3498/3220 998/812/3221 3880/3499/3222
f 3882/3500/3223 3880/3499/3222 998/812/3221
f 665/583/3224 3883/3501/3225 2761/2397/2570
f 3883/3501/3225 3878/3490/3210 2761/2397/2570
f 3878/3490/3210 3877/3489/3209 2761/2397/2570
f 3884/3502/3226 3885/3503/3227 2609/2237/1840
f 3404/3054/3228 2609/2237/1840 3885/3503/3227
f 3886/3504/3229 3405/3055/3230 3885/3503/3227
f 3404/3054/3228 3885/3503/3227 3405/3055/3230
f 3888/3505/3231 2278/1899/1608 3887/3506/3232
f 3406/3056/3233 3887/3506/3232 2278/1899/1608
f 3889/3507/3234 3887/3506/3232 3407/3057/3235
f 3406/3056/3233 3407/3057/3235 3887/3506/3232
f 601/539/3236 3061/2726/3237 901/3508/3238
f 3061/2726/3237 3735/3409/3239 901/3508/3238
f 3735/3409/3110 139/3408/3109 901/3508/3109
f 3891/3509/3240 1562/1260/3241 3890/3510/3242
f 60/59/3243 3890/3510/3242 1562/1260/3241
f 3892/3511/3244 533/485/3244 3891/3509/3245
f 1562/1260/3246 3891/3509/3246 533/485/3247
f 3893/3512/3248 1544/1243/3248 3410/3059/3248
f 1216/983/3249 3410/3059/3249 1544/1243/3249
f 1122/917/3250 1645/3513/3251 1123/915/3252
f 1648/3514/3253 1123/915/3252 1645/3513/3251
f 1117/908/3254 1116/907/3255 1650/3515/3256
f 1652/3516/3257 1650/3515/3256 1116/907/3255
f 2079/1769/3258 3412/3517/3259 2080/1770/3260
f 3411/3518/3261 2080/1770/3260 3412/3517/3259
f 3895/3519/3262 3896/3520/3262 3894/3521/3262
f 3897/3522/3263 3894/3521/3263 3896/3520/3263
f 3898/3523/3264 3899/3524/3264 3897/3522/3264
f 3894/3521/3265 3897/3522/3265 3899/3524/3265
f 3504/3138/3266 3505/3139/3267 895/741/670
f 5/5/5 895/741/670 3505/3139/3267
f 3900/3525/3268 3265/2920/3269 2008/1701/1437
f 3507/3141/3270 567/507/461 3508/3142/3271
f 35/34/28 3508/3142/3271 567/507/461
f 2015/1707/1446 3266/2921/3272 3901/3526/3273
f 3903/3527/3274 3904/3528/3274 3902/3529/3274
f 3905/3530/3275 3902/3529/3275 3904/3528/3275
f 3907/3531/3276 3905/3530/3276 3906/3532/3276
f 3904/3528/3277 3906/3532/3277 3905/3530/3277
f 1314/1072/55 1850/1534/55 27/27/55
f 2995/3533/55 696/613/55 2369/1978/55
f 1330/3534/940 3288/2950/2394 1331/3535/941
f 3287/2951/2393 1331/3535/941 3288/2950/2394
f 1332/1081/3278 1331/1079/3279 1336/3536/3280
f 1333/3537/3281 1336/3536/3280 1331/1079/3279
f 3909/3538/3282 3899/3524/3282 3908/3539/3282
f 3898/3523/3283 3908/3539/3283 3899/3524/3283
f 3910/3540/3284 3911/3541/3284 3906/3532/3284
f 3907/3531/3285 3906/3532/3285 3911/3541/3285
f 390/3542/329 1220/1688/3286 2305/1931/2572
f 1998/1690/2572 2305/1931/2572 1220/1688/3286
f 1221/985/3287 1220/987/3287 389/364/3287
f 390/366/3287 389/364/3287 1220/987/3287
f 1807/1494/1655 1806/1496/3288 2637/2257/2731
f 594/534/3289 2637/2257/2731 1806/1496/3288
f 1287/1047/2353 2645/2265/2738 1288/1048/3290
f 649/571/3291 1288/1048/3290 2645/2265/2738
f 1289/1050/1860 1288/1048/1860 648/570/1860
f 649/571/2681 648/570/2681 1288/1048/2681
f 3912/3543/3292 3913/3544/3293 127/127/3294
f 102/3545/3295 127/127/3294 3913/3544/3293
f 3914/3546/3296 98/100/3297 3913/3544/3293
f 102/3545/3295 3913/3544/3293 98/100/3297
f 2862/2514/55 754/656/55 1273/2515/55
f 1427/1162/55 1273/2515/55 754/656/55
f 3422/3064/2740 242/226/2740 3421/3063/2740
f 241/224/383 3421/3063/383 242/226/383
f 708/622/55 2997/3547/55 2996/3548/55
f 1671/1366/3298 1358/3549/3299 1844/1531/3298
f 587/525/55 3519/3172/55 1104/896/55
f 1091/883/55 2232/1886/55 2231/1888/55
f 1091/883/55 486/442/55 485/444/55
f 2079/1769/3258 2078/1768/3300 3412/3517/3259
f 3017/3550/3301 3412/3517/3259 2078/1768/3300
f 782/684/55 2639/2259/55 1104/896/55
f 3527/3191/3302 3526/3190/3303 335/310/3304
f 336/312/3305 335/310/3304 3526/3190/3303
f 3644/3317/3306 691/2269/3307 3526/3190/3303
f 336/312/3305 3526/3190/3303 691/2269/3307
f 3525/3189/3308 73/75/3309 3524/3188/3310
f 76/76/3311 3524/3188/3310 73/75/3309
f 3827/3413/3312 3524/3188/3310 683/2314/1889
f 76/76/3311 683/2314/1889 3524/3188/3310
f 1091/883/55 3330/2988/55 810/696/55
f 3480/3551/2678 1816/1503/3313 2354/1966/3314
f 2634/2254/3315 3257/2910/3316 2631/2253/3317
f 3258/2909/3318 2631/2253/3317 3257/2910/3316
f 1925/1614/3319 734/651/3320 1926/1615/3321
f 733/649/3322 1926/1615/3321 734/651/3320
f 2630/2250/3323 2629/2248/3324 3259/2913/3325
f 3260/2914/3326 3259/2913/3325 2629/2248/3324
f 1917/1605/3327 1916/1607/3328 833/710/3329
f 830/709/3330 833/710/3329 1916/1607/3328
f 3204/2866/3331 1696/3497/3332 1691/2867/3279
f 1695/3552/3281 1691/2867/3279 1696/3497/3332
f 2838/2493/2068 3915/3553/3333 1424/1159/3334
f 2832/2487/2062 65/67/58 3915/3553/3333
f 3915/3553/3333 65/67/58 1424/1159/3334
f 2838/2493/2068 1425/1161/1012 3915/3553/3333
f 1425/1161/1012 577/516/470 3915/3553/3333
f 577/516/470 2832/2487/2062 3915/3553/3333
f 1222/986/3335 597/535/3335 1223/988/3335
f 596/537/3335 1223/988/3335 597/535/3335
f 234/218/3336 1467/1185/3337 1585/1272/3338
f 1891/1578/3339 1585/1272/3338 1467/1185/3337
f 3696/3366/3027 3695/3367/3028 1585/1272/1093
f 3697/3368/3029 1584/1271/1092 3695/3367/3028
f 3695/3367/3028 1584/1271/1092 1585/1272/1093
f 3214/2883/3340 3217/3554/3341 1428/1163/3342
f 2921/2563/3343 1428/1163/3342 3217/3554/3341
f 3216/2884/3344 1539/1236/3345 3217/3554/3341
f 2921/2563/3343 3217/3554/3341 1539/1236/3345
f 3211/2879/3346 510/461/3347 3212/3555/3348
f 2927/2569/3349 3212/3555/3348 510/461/3347
f 3213/2880/3350 3212/3555/3348 1811/1499/3351
f 2927/2569/3349 1811/1499/3351 3212/3555/3348
f 1112/904/814 1114/906/816 3874/3486/3352
f 3197/2859/2386 1110/902/3353 3198/2861/2388
f 1109/901/3354 3198/2861/2388 1110/902/3353
f 3881/3498/3355 999/810/730 998/812/732
f 3199/2864/2391 3202/2865/2392 669/588/3356
f 670/589/3357 669/588/3356 3202/2865/2392
f 323/298/266 322/297/265 3920/3556/3358
f 3921/3557/3359 3920/3556/3358 322/297/265
f 2650/2273/2167 2945/2589/2166 1927/1617/2767
f 3530/3197/2768 1927/1617/2767 2945/2589/2166
f 403/381/344 3922/3558/3360 404/379/342
f 3923/3559/3361 404/379/342 3922/3558/3360
f 1922/1612/2176 1919/1608/2775 2950/2595/2174
f 3534/3201/2777 2950/2595/2174 1919/1608/2775
f 132/3560/3362 2546/3029/3362 133/3027/3362
f 510/461/410 509/459/408 2927/2569/2153
f 2927/2569/2153 509/459/408 2928/2570/2154
f 2928/2570/2154 509/459/408 2929/2571/2155
f 2922/2564/2148 1429/1164/1014 2923/2565/2149
f 1428/1163/1013 2921/2563/2147 1429/1164/1014
f 1429/1164/1014 2921/2563/2147 2923/2565/2149
f 2699/2329/55 114/114/105 2701/2331/55
f 1431/1165/55 1430/1167/55 114/114/105
f 114/114/105 1430/1167/55 2701/2331/55
f 3924/3561/3363 3925/3562/3364 994/805/725
f 1199/973/857 994/805/725 3925/3562/3364
f 3926/3563/3365 1364/1102/961 1836/1525/1300
f 1363/1101/960 1836/1525/1300 1364/1102/961
f 1589/1275/3366 1588/1274/859 377/353/3367
f 957/784/859 377/353/3367 1588/1274/859
f 1180/3564/3368 2742/2377/3368 2241/3565/3369
f 2741/2376/3370 2241/3565/3369 2742/2377/3368
f 3857/3566/3371 3856/3567/3372 2739/2373/3373
f 2740/2374/3374 2739/2373/3373 3856/3567/3372
f 1273/1038/55 1272/1040/55 2863/2516/55
f 1078/870/782 291/267/238 380/355/323
f 290/265/236 380/355/323 291/267/238
f 769/674/55 381/1095/55 2931/2572/55
f 167/161/141 170/162/142 332/308/276
f 329/307/275 332/308/276 170/162/142
f 2599/2227/55 1316/1073/55 1315/1071/55
f 3927/3568/3375 1011/825/745 1014/826/746
f 1011/825/745 3927/3568/3375 1586/1273/1094
f 3927/3568/3375 3928/3569/3376 1586/1273/1094
f 3928/3569/3376 3929/3570/3377 1586/1273/1094
f 3929/3570/3377 2411/2031/1728 1586/1273/1094
f 3408/3571/3378 1345/1087/3378 1350/2551/3378
f 592/530/3379 1350/2551/3379 1345/1087/3379
f 3271/2928/2447 3274/2929/2448 268/254/3380
f 2702/2332/2448 268/254/3380 3274/2929/2448
f 3269/2923/2442 274/257/3381 3270/2925/2444
f 2705/2335/3382 3270/2925/2444 274/257/3381
f 165/156/136 164/155/135 1205/980/861
f 3930/3572/3383 1205/980/861 164/155/135
f 567/3573/461 3507/3574/3270 3930/3572/3384
f 1205/980/3385 3930/3572/3384 3507/3574/3270
f 3931/3575/3386 3932/3576/3387 2195/3577/3388
f 3933/3578/3389 2195/3577/1567 3932/3576/3390
f 895/3579/3391 3933/3578/3389 3504/3580/3392
f 3932/3576/3390 3504/3580/3392 3933/3578/3389
f 1558/1259/3393 1560/1258/3394 3934/3581/3395
f 1560/1258/3394 3853/3448/3396 3934/3581/3395
f 3853/3448/3396 3935/3582/3397 3934/3581/3395
f 2040/1731/1461 2039/1732/1462 3936/3583/3398
f 3937/3584/3399 2166/1818/1526 2165/1817/1525
f 931/1909/1619 3029/2692/2249 347/322/1621
f 3032/2693/2250 347/322/1621 3029/2692/2249
f 3034/2695/2252 348/324/292 3032/2693/2254
f 347/322/290 3032/2693/2254 348/324/292
f 415/393/356 3456/3101/3400 416/391/354
f 3455/3102/3401 416/391/354 3456/3101/3400
f 3456/3322/327 415/840/327 1028/842/327
f 1241/1004/3402 1237/1000/3402 1238/1003/3402
f 1236/3585/3403 1238/1003/3402 1237/1000/3402
f 1249/1012/3404 1248/1010/3405 1245/1008/3404
f 1242/3586/3405 1245/1008/3404 1248/1010/3405
f 934/1913/1628 353/331/1629 3041/2701/2264
f 3042/2703/2266 3041/2701/2264 353/331/1629
f 3043/2705/2269 3042/2703/2270 356/332/300
f 353/331/299 356/332/300 3042/2703/2270
f 2826/2483/2055 2824/2482/2054 3525/3189/3308
f 73/75/3309 3525/3189/3308 2824/2482/2054
f 3940/3587/3406 3941/3588/3407 1151/944/843
f 1152/945/844 1151/944/843 3941/3588/3407
f 2828/2485/2060 3527/3191/3302 463/428/2058
f 335/310/3304 463/428/2058 3527/3191/3302
f 3943/3589/3408 675/594/543 3942/3590/3409
f 1063/867/779 3942/3590/3409 675/594/543
f 3944/3591/3410 1834/1522/1295 1370/1109/968
f 1371/1110/969 1370/1109/968 1834/1522/1295
f 3946/3592/3411 3855/3450/3412 3945/3593/3413
f 3855/3450/3412 1565/1263/3414 3945/3593/3413
f 1565/1263/3414 1564/1262/3415 3945/3593/3413
f 3947/3594/3416 3948/3595/3417 2212/1877/1584
f 2213/1878/1585 2212/1877/1584 3948/3595/3417
f 1086/878/790 1085/876/788 454/3596/3418
f 455/3597/655 454/3596/3418 1085/876/788
f 1697/1393/3419 1699/1397/3420 1084/875/3421
f 1085/876/3422 1084/875/3421 1699/1397/3420
f 3949/3598/3423 3950/3599/3424 1894/1581/3425
f 3694/3365/3426 1894/1581/3425 3950/3599/3424
f 3949/3598/3423 1892/1579/2850 3950/3599/3424
f 3575/3240/2852 3950/3599/3424 1892/1579/2850
f 2935/3600/3427 646/2874/3427 1692/1386/3427
f 363/338/3428 1692/1386/3428 646/2874/3428
f 639/562/511 641/3601/2833 636/561/510
f 640/3602/676 636/561/510 641/3601/2833
f 1700/1400/3429 637/559/3430 1701/1398/3431
f 636/561/3432 1701/1398/3431 637/559/3430
f 402/378/341 1317/1074/936 399/377/340
f 118/117/108 399/377/340 1317/1074/936
f 2804/3402/3103 3733/3403/3104 1649/2478/2047
f 117/116/2046 1649/2478/2047 3733/3403/3104
f 320/296/264 319/294/262 1320/1076/938
f 633/558/506 1320/1076/938 319/294/262
f 2805/3405/3106 1655/2480/2051 3734/3407/3108
f 634/556/2049 3734/3407/3108 1655/2480/2051
f 3422/3603/3433 1903/1592/3433 242/2886/3433
f 193/187/3434 242/2886/3434 1903/1592/3434
f 1268/1033/902 1857/1541/859 1265/1032/859
f 3951/3604/859 3423/3067/859 2809/2446/859
f 2806/2445/859 2809/2446/859 3423/3067/859
f 1389/1123/55 1388/1125/55 1393/3435/55
f 1394/3605/3435 1393/3435/55 1388/1125/55
f 1391/1126/3436 1043/849/3436 1388/1125/3437
f 1046/850/3438 1388/1125/3437 1043/849/3436
f 1449/1170/2551 357/335/2551 1450/1168/2551
f 360/336/2552 1450/1168/2552 357/335/2552
f 1686/3210/2972 1450/1168/2972 487/2872/2972
f 360/336/3439 487/2872/3439 1450/1168/3439
f 1397/1131/55 1401/3437/55 1398/1132/55
f 1400/3606/55 1398/1132/55 1401/3437/55
f 1399/1134/3440 1398/1132/3440 1053/856/3440
f 1054/858/3441 1053/856/3441 1398/1132/3441
f 639/562/3442 638/560/2953 2883/2536/3443
f 2884/2537/3444 2883/2536/3443 638/560/2953
f 2300/1924/2951 2884/2537/3445 2337/1952/2949
f 638/560/3446 2337/1952/2949 2884/2537/3445
f 1024/838/2815 805/694/2815 1025/836/2815
f 808/695/2816 1025/836/2816 805/694/2816
f 3329/3607/3447 1025/836/3447 3311/2956/3447
f 808/695/3188 3311/2956/3188 1025/836/3188
f 1086/878/3448 2882/2532/3449 1083/877/3450
f 2881/2534/3451 1083/877/3450 2882/2532/3449
f 2178/1832/2955 2334/1946/2954 2881/2534/3452
f 1083/877/3453 2881/2534/3452 2334/1946/2954
f 1459/1177/2821 1458/1176/2821 584/522/2821
f 585/524/2822 584/522/2822 1458/1176/2822
f 2636/3608/3454 3312/2959/3454 1458/1176/3454
f 585/524/3204 1458/1176/3204 3312/2959/3204
f 258/242/3455 3952/3609/3456 1346/3610/3457
f 3954/3611/3458 3599/3274/3458 3953/3612/3458
f 3601/3273/3459 3953/3612/3459 3599/3274/3459
f 375/350/3460 374/349/3460 779/681/3460
f 780/683/2459 779/681/2459 374/349/2459
f 1907/2980/3461 2638/2979/3461 374/349/3461
f 780/683/2859 374/349/2859 2638/2979/2859
f 3955/3613/3462 3956/3614/3462 3606/3278/3462
f 3607/3279/3463 3606/3278/3463 3956/3614/3463
f 121/120/3464 120/119/3465 2845/2498/3466
f 2846/2499/3467 2845/2498/3466 120/119/3465
f 3957/3615/3468 3958/3616/3469 2626/2246/1849
f 2626/2246/1849 3958/3616/3469 1860/1544/1318
f 1860/1544/1318 3958/3616/3469 2281/1901/1609
f 2281/1901/1609 3958/3616/3469 1859/1543/1317
f 3957/3615/3468 3510/3144/2699 3958/3616/3469
f 3958/3616/3469 3510/3144/2699 1859/1543/1317
f 3398/3044/2596 3959/3617/3470 1749/1437/1221
f 3960/3618/3471 1750/1436/1220 3959/3617/3470
f 3959/3617/3470 1750/1436/1220 1749/1437/1221
f 3960/3618/3471 3959/3617/3470 2611/2239/1842
f 2611/2239/1842 3959/3617/3470 2081/1771/1495
f 2081/1771/1495 3959/3617/3470 3398/3044/2596
f 3961/3619/3472 3316/2964/2806 110/110/3473
f 576/515/2808 110/110/3473 3316/2964/2806
f 3962/3620/3474 67/66/3475 3313/2962/3476
f 66/65/2805 3313/2962/3476 67/66/3475
f 2702/2332/1899 1369/1107/966 2703/2333/1900
f 2704/2334/3477 2703/2333/1900 1369/1107/966
f 2705/2335/1899 2706/2336/1902 1365/1104/963
f 2707/2337/3478 1365/1104/963 2706/2336/1902
f 900/3621/3479 2097/1785/3479 901/3508/3479
f 2097/1785/3480 602/541/3481 901/3508/3482
f 602/541/3481 601/539/3483 901/3508/3482
f 899/3179/3484 2097/1788/3484 900/3622/3484
f 406/382/3485 2947/2591/3486 403/381/3487
f 2946/2593/3488 403/381/3487 2947/2591/3486
f 3923/3559/3489 3922/3558/3490 2950/2595/3491
f 2951/2596/3492 2950/2595/3491 3922/3558/3490
f 324/300/3493 323/298/3494 2941/2585/3495
f 2942/2586/3496 2941/2585/3495 323/298/3494
f 3921/3557/3497 2945/2589/3498 3920/3556/3499
f 2944/2590/3500 3920/3556/3499 2945/2589/3498
f 2069/1761/3501 1052/855/3501 2070/1759/3502
f 1051/857/3502 2070/1759/3502 1052/855/3501
f 2068/1758/3503 2067/1756/3503 1048/851/3503
f 1049/852/3504 1048/851/3504 2067/1756/3504
f 2063/1752/3505 2062/1751/3505 1044/847/3505
f 1045/848/3506 1044/847/3506 2062/1751/3506
f 2060/1750/3507 1040/843/3507 2057/1749/3507
f 1039/845/3508 2057/1749/3508 1040/843/3508
f 19/21/19 1739/1426/1208 20/19/17
f 1738/1425/1207 20/19/17 1739/1426/1208
f 9/8/8 8/7/7 1737/1424/1206
f 1736/1423/1205 1737/1424/1206 8/7/7
f 68/68/1010 143/142/126 1735/1422/1204
f 1734/1421/1203 1735/1422/1204 143/142/126
f 107/109/100 1741/1428/1210 108/107/98
f 1740/1427/1209 108/107/98 1741/1428/1210
f 3731/3399/3509 3730/3397/3510 1556/1255/3511
f 11/13/3512 1556/1255/3511 3730/3397/3510
f 3732/3398/3513 3731/3399/3514 527/480/3515
f 1556/1255/3511 527/480/3516 3731/3399/3509
f 3963/3623/3517 958/783/3518 2827/2484/2057
f 1080/872/2056 2827/2484/2057 958/783/3518
f 3963/3623/3519 2827/2484/2471 1861/1545/3520
f 1077/869/2469 1861/1545/3520 2827/2484/2471
f 3964/3624/3521 21/20/3522 3213/2880/2404
f 209/193/2405 3213/2880/2404 21/20/3522
f 3965/3625/3523 3216/2884/2412 7/9/3524
f 183/175/2414 7/9/3524 3216/2884/2412
f 2080/2838/3525 3667/3626/3525 4256/1764/3525
f 2075/1765/2820 4256/1764/3526 3550/3216/2819
f 3667/3626/3527 3550/3216/2819 4256/1764/3526
f 3891/3509/3528 3890/3510/3529 694/608/3530
f 695/610/3531 694/608/3530 3890/3510/3529
f 3892/3511/3532 3891/3509/3528 1984/1671/3533
f 694/608/3530 1984/1671/3533 3891/3509/3528
f 3970/3627/3534 2589/2216/3535 87/86/3536
f 2588/2215/3537 87/86/3536 2589/2216/3535
f 2586/2213/3538 2587/2214/3538 2019/1710/3538
f 2020/1711/3539 2019/1710/3539 2587/2214/3539
f 3971/3628/3540 119/121/3541 2584/2212/3542
f 2585/2211/3543 2584/2212/3542 119/121/3541
f 2582/2209/3544 2032/1723/3544 2583/2210/3544
f 2031/1725/3545 2583/2210/3545 2032/1723/3545
f 300/278/248 304/280/250 2557/2181/3546
f 3972/3629/3546 2557/2181/3546 304/280/250
f 3974/3630/3547 3972/3629/3548 3973/3631/3549
f 304/280/3550 3973/3631/3549 3972/3629/3548
f 3975/3632/3551 174/166/3552 3965/3625/3553
f 173/164/3554 3965/3625/3553 174/166/3552
f 1539/1236/3345 3216/2884/3344 173/164/3554
f 3965/3625/3553 173/164/3554 3216/2884/3344
f 3962/3620/3555 365/343/3556 3210/2878/3557
f 507/460/3558 3210/2878/3557 365/343/3556
f 510/461/3347 3211/2879/3346 507/460/3558
f 3210/2878/3557 507/460/3558 3211/2879/3346
f 3961/3619/3559 3215/2882/3560 371/346/3561
f 469/435/3562 371/346/3561 3215/2882/3560
f 1428/1163/3342 469/435/3562 3214/2883/3340
f 3215/2882/3560 3214/2883/3340 469/435/3562
f 3976/3633/3563 3964/3624/3564 287/263/3565
f 284/262/3566 287/263/3565 3964/3624/3564
f 1811/1499/3351 284/262/3566 3213/2880/3350
f 3964/3624/3564 3213/2880/3350 284/262/3566
f 3977/3634/3567 2174/1826/3568 2172/1824/3569
f 2169/1823/3570 2172/1824/3569 2174/1826/3568
f 74/73/859 2825/2481/3571 1592/1278/859
f 1593/1279/3572 1592/1278/859 2825/2481/3571
f 3589/3253/3573 1469/1190/3574 1362/1103/3575
f 1469/1190/3574 1468/1187/3576 1362/1103/3575
f 1468/1187/3576 1363/1101/3577 1362/1103/3575
f 234/218/3336 1363/1101/3577 1467/1185/3337
f 1468/1187/3576 1467/1185/3337 1363/1101/3577
f 1371/1110/3578 1551/1248/3579 1367/1108/3580
f 1551/1248/3579 1281/1044/3581 1367/1108/3580
f 1281/1044/3581 3592/3260/3582 1367/1108/3580
f 41/40/3023 1548/1247/3025 1371/1110/3578
f 1551/1248/3579 1371/1110/3578 1548/1247/3025
f 3108/3635/3427 2359/2545/3427 2355/1967/3427
f 255/241/3428 2355/1967/3428 2359/2545/3428
f 1888/1575/3583 3425/3071/3584 292/270/3585
f 3996/3636/3586 292/270/3585 3425/3071/3584
f 1885/1574/3587 1888/1575/3583 295/271/3588
f 292/270/3585 295/271/3588 1888/1575/3583
f 3997/3637/55 3846/3433/55 146/145/1047
f 3847/3434/3141 146/145/1047 3846/3433/55
f 3046/2707/55 3997/3637/55 146/145/1047
f 2857/2509/3138 85/87/3137 3391/3043/3589
f 2771/2407/3590 3391/3043/3589 85/87/3137
f 2845/2498/3466 3389/3041/3591 121/120/3464
f 2765/2401/3592 121/120/3464 3389/3041/3591
f 385/360/327 2714/2344/327 386/362/327
f 2713/2346/327 386/362/327 2714/2344/327
f 3139/2790/859 3135/3638/859 3346/3004/859
f 3344/3639/859 3346/3004/859 3135/3638/859
f 3459/3105/859 3457/3103/859 3462/3640/859
f 3463/3641/859 3462/3640/859 3457/3103/859
f 3131/2782/859 3127/3642/859 3334/2992/859
f 3332/3643/859 3334/2992/859 3127/3642/859
f 3437/3083/859 3435/3081/859 3440/3644/859
f 3441/3645/859 3440/3644/859 3435/3081/859
f 3147/2798/859 3338/2996/859 3143/3646/859
f 3335/3647/859 3143/3646/859 3338/2996/859
f 3446/3091/859 3448/3648/859 3444/3089/859
f 3447/3649/859 3444/3089/859 3448/3648/859
f 3155/2806/859 3342/3000/859 3151/3650/859
f 3339/3651/859 3151/3650/859 3342/3000/859
f 3468/3113/859 3470/3652/859 3466/3111/859
f 3469/3653/859 3466/3111/859 3470/3652/859
f 3703/3375/328 539/3377/328 4002/3654/328
f 4003/3655/328 4002/3654/328 539/3377/328
f 597/535/328 2877/2529/328 598/536/328
f 4004/3656/3593 3573/3238/3594 3063/2728/2837
f 1015/829/2839 3063/2728/2837 3573/3238/3594
f 1861/1545/3520 3573/3238/3594 3963/3623/3519
f 4004/3656/3593 3963/3623/3519 3573/3238/3594
f 4005/3657/3595 3065/2730/2845 3574/3239/3596
f 653/575/2846 3574/3239/3596 3065/2730/2845
f 1849/1532/3597 3663/3331/3598 3574/3239/3596
f 4005/3657/3595 3574/3239/3596 3663/3331/3598
f 3975/3632/3599 10/10/3600 3892/3511/3601
f 533/485/3602 3892/3511/3601 10/10/3600
f 3391/3043/2595 2941/2585/2162 3390/3042/2594
f 2940/2587/2164 3390/3042/2594 2941/2585/2162
f 3976/3633/3603 3732/3398/3513 22/22/3604
f 527/480/3515 22/22/3604 3732/3398/3513
f 3389/3041/2591 3388/3040/2589 2947/2591/2170
f 2948/2592/2171 2947/2591/2170 3388/3040/2589
f 853/3658/2709 2328/3659/3605 3587/3251/2709
f 3588/3252/3606 3587/3251/2709 2328/3659/3605
f 3518/3660/3607 3583/3246/3608 3517/3661/3609
f 3582/3248/3610 3517/3661/3609 3583/3246/3608
f 1720/1414/1196 4006/3662/3611 1721/1416/1198
f 4007/3663/3612 1721/1416/1198 4006/3662/3611
f 4008/3664/3613 2011/1702/1439 4007/3665/3614
f 2010/1704/1441 4007/3665/3614 2011/1702/1439
f 1469/1190/1033 1472/1191/1034 1468/1187/1030
f 1472/1191/1034 4009/3666/3615 1468/1187/1030
f 4009/3666/3615 1465/1186/1029 1468/1187/1030
f 3474/3121/3616 89/91/199 2786/2422/3617
f 3172/2825/3618 3171/2824/3619 1204/978/3620
f 1201/977/3621 1204/978/3622 3171/2824/3623
f 3951/3604/3624 1268/1033/3625 4010/3667/3626
f 1267/1031/3627 4010/3667/3626 1268/1033/3625
f 1550/1246/1074 4011/3668/3628 1551/1248/1076
f 4011/3668/3628 1282/1046/914 1551/1248/1076
f 1282/1046/914 1281/1044/912 1551/1248/1076
f 2790/2426/3629 130/129/909 3475/3122/3083
f 1870/3669/1326 4012/3670/3630 948/776/3631
f 949/774/3632 948/776/3631 4012/3670/3630
f 4013/3671/3633 3049/2713/3634 4012/3670/3630
f 949/774/3632 4012/3670/3630 3049/2713/3634
f 2309/3672/3635 753/1808/3635 261/244/3635
f 262/246/3636 261/244/3636 753/1808/3636
f 1871/3673/1330 1385/1122/3637 1880/1565/3638
f 521/476/3639 1880/1565/3638 1385/1122/3637
f 1881/3674/3640 1880/1565/3638 524/477/3641
f 521/476/3639 524/477/3641 1880/1565/3638
f 1758/1445/2417 464/429/2416 2622/2241/859
f 334/309/859 2622/2241/859 464/429/2416
f 333/311/859 2623/2243/859 334/309/859
f 2622/2241/859 334/309/859 2623/2243/859
f 2643/3675/3642 1155/948/3642 2233/2876/3642
f 2230/1885/3643 2233/2876/3643 1155/948/3643
f 3541/3469/3644 719/3471/3645 729/3676/3646
f 718/3677/3647 729/3676/3646 719/3471/3645
f 3541/3203/2781 3540/3204/2783 725/639/3648
f 725/639/3648 3540/3204/2783 726/641/2362
f 3540/3204/2783 3542/3205/2784 726/641/2362
f 265/248/224 942/1027/3649 266/250/226
f 1264/1026/3650 266/250/226 942/1027/3649
f 2855/2508/2082 2854/2506/2969 2856/2511/2081
f 3666/3334/2971 2856/2511/2081 2854/2506/2969
f 1253/1016/889 1252/1014/887 962/791/3651
f 963/789/3652 962/791/3651 1252/1014/887
f 2476/2096/3653 2477/2097/3653 2459/2079/3653
f 2456/2078/3653 2459/2079/3653 2477/2097/3653
f 3010/2657/1752 2445/2064/1752 3011/2659/1752
f 2444/2066/1752 3011/2659/1752 2445/2064/1752
f 2490/2109/1764 2493/2112/1764 2491/2111/1764
f 2492/2114/1764 2491/2111/1764 2493/2112/1764
f 2524/2148/3654 2489/2108/3654 2525/2146/3654
f 2488/2110/3654 2525/2146/3654 2489/2108/3654
f 4015/3678/3655 1373/1111/970 4014/3679/3656
f 1373/1111/970 1372/1113/972 4014/3679/3656
f 1372/1113/972 4016/3680/3657 4014/3679/3656
f 2450/2069/1749 3009/2656/1749 2451/2071/1749
f 3008/2658/1749 2451/2071/1749 3009/2656/1749
f 2449/3681/55 2446/2684/55 3027/2686/55
f 2448/3682/2368 2447/2067/2368 2449/3683/2368
f 2446/2065/2368 2449/3683/2368 2447/2067/2368
f 3015/2664/55 2505/3684/55 2504/2665/55
f 2445/2685/55 3010/2657/55 3027/2686/55
f 3014/2662/55 2480/2663/55 3013/3685/55
f 3012/3686/3658 3013/3687/3658 2483/2103/3658
f 2480/2102/3658 2483/2103/3658 3013/3687/3658
f 2425/2045/55 2424/2044/55 3022/2674/55
f 2493/2688/55 2490/2109/55 3028/2689/55
f 2468/2090/55 2471/2091/55 3642/3306/55
f 2527/3688/55 2494/2687/55 3028/2689/55
f 2526/3689/3659 2495/2115/3659 2527/3690/3659
f 2494/2113/3659 2527/3690/3659 2495/2115/3659
f 3014/2662/55 2533/2155/55 2481/2100/55
f 2924/2566/2150 142/141/125 2925/2567/2151
f 142/141/125 141/143/127 2925/2567/2151
f 141/143/127 2926/2568/2152 2925/2567/2151
f 3025/2677/55 2435/2679/55 2432/2052/55
f 2433/2053/3660 2432/2052/3660 2438/2059/3660
f 2435/2058/3660 2438/2059/3660 2432/2052/3660
f 3641/3302/55 2419/3304/55 2443/3312/55
f 2440/3691/3661 2443/3692/3661 2422/2043/3661
f 2419/2042/3661 2422/2043/3661 2443/3692/3661
f 2428/3693/55 2522/2673/55 3022/2674/55
f 2520/2680/55 2519/3694/55 3026/2681/55
f 2467/3315/55 2479/2098/55 3640/3301/55
f 3015/2664/55 2509/2666/55 2508/3695/55
f 3025/2677/55 2540/3696/55 2436/2678/55
f 3639/3298/55 2536/3300/55 2503/2123/55
f 2500/2122/3662 2503/2123/3662 2537/2161/3662
f 2536/2160/3662 2537/2161/3662 2503/2123/3662
f 2529/2151/55 2530/2153/55 3026/2681/55
f 2475/3311/55 2544/3305/55 3642/3306/55
f 2474/3697/3663 2545/2169/3663 2475/3698/3663
f 2544/2168/3663 2475/3698/3663 2545/2169/3663
f 3643/3307/55 2476/2096/55 2459/2079/55
f 2515/3699/55 2529/2151/55 3026/2681/55
f 2431/2054/3664 2434/2055/3664 2541/2165/3664
f 2538/2164/3664 2541/2165/3664 2434/2055/3664
f 389/364/124 597/535/124 1221/985/124
f 1222/986/124 1221/985/124 597/535/124
f 3014/2662/55 2484/3700/55 2533/2155/55
f 2429/2049/3665 3024/2676/3665 2430/2051/3665
f 3023/2675/3665 2430/2051/3665 3024/2676/3665
f 2460/2082/55 2463/3701/55 3640/3301/55
f 3641/3302/55 2442/3313/55 2416/2036/55
f 3010/2657/55 3009/2656/55 3027/2686/55
f 3015/2664/55 2513/2135/55 2505/3684/55
f 2524/3702/55 2527/3688/55 3028/2689/55
f 3639/3298/55 2502/2121/55 2534/3703/55
f 2424/2044/55 3024/3704/55 3022/2674/55
f 3025/2677/55 2541/3705/55 2540/3696/55
f 2818/2454/859 3406/3056/859 2280/1900/859
f 2278/1899/859 2280/1900/859 3406/3056/859
f 2815/2452/2000 2819/2456/2005 2280/1900/2001
f 2818/2454/2007 2280/1900/2001 2819/2456/2005
f 2811/2450/859 2610/2238/859 3404/3054/859
f 2609/2237/859 3404/3054/859 2610/2238/859
f 2810/2447/1994 2610/2238/1995 2814/2451/3666
f 2811/2450/3667 2814/2451/3666 2610/2238/1995
f 3643/3307/55 2458/3316/55 3178/3706/55
f 2967/2611/3668 2966/2610/3669 2969/3707/3670
f 2970/3708/3671 2969/3707/3670 2966/2610/3669
f 2985/2632/3672 2991/3709/3672 2986/2630/3672
f 2990/3710/3673 2986/2630/3673 2991/3709/3673
f 2975/2622/3674 2981/3711/3675 2976/2620/3676
f 2980/3712/3677 2976/2620/3676 2981/3711/3675
f 2957/2601/3678 2956/2600/3679 2959/3713/3680
f 2960/3714/3681 2959/3713/3680 2956/2600/3679
f 2826/2483/2470 3525/3189/2754 1078/870/2468
f 291/267/2752 1078/870/2468 3525/3189/2754
f 2828/2485/2757 167/161/2758 3527/3191/2762
f 332/308/2761 3527/3191/2762 167/161/2758
f 122/122/3682 2766/2402/3683 3532/3199/3684
f 3533/3200/3685 3532/3199/3684 2766/2402/3683
f 3534/3201/3686 3535/3202/3687 404/379/3688
f 405/380/3689 404/379/3688 3535/3202/3687
f 88/88/3690 3529/3195/3691 2772/2408/3692
f 3528/3196/3693 2772/2408/3692 3529/3195/3691
f 3530/3197/3694 322/297/3695 3531/3198/3696
f 321/299/3697 3531/3198/3696 322/297/3695
f 4018/3715/3698 1381/1115/3699 4017/3716/3700
f 113/112/3701 4017/3716/3700 1381/1115/3699
f 4019/3717/3702 4020/3718/3703 1382/1117/3704
f 1383/1118/3705 1382/1117/3704 4020/3718/3703
f 774/676/859 3860/3464/859 2594/2222/859
f 3858/3458/859 2594/2222/859 3860/3464/859
f 775/677/612 774/676/611 2593/3719/1829
f 2594/2222/3706 2593/3719/1829 774/676/611
f 1868/1550/859 1867/1549/859 3862/3466/859
f 3628/3285/859 3862/3466/859 1867/1549/859
f 4021/3720/3707 3454/3297/2927 2003/1695/1430
f 2000/3296/1429 2003/1695/1430 3454/3297/2927
f 4021/3720/3708 2003/1695/1893 3455/3102/3401
f 416/391/354 3455/3102/3401 2003/1695/1893
f 680/597/3709 2798/2433/2016 681/595/3710
f 2797/2435/3711 681/595/3710 2798/2433/2016
f 4023/3721/3712 2206/1873/3712 4022/3722/3712
f 13/12/3713 4022/3722/3713 2206/1873/3713
f 690/604/1868 689/603/3714 2794/2429/2018
f 2795/2430/3715 2794/2429/2018 689/603/3714
f 4024/3723/3716 4025/3724/3716 2210/1876/3716
f 58/60/3717 2210/1876/3717 4025/3724/3717
f 4026/3725/328 4232/3726/328 4233/3727/328
f 1817/1505/3718 1816/1503/3313 3480/3551/2678
f 1812/1501/3719 3480/3134/2678 1813/3133/2677
f 4028/3728/3720 3325/2982/3721 4027/3729/3722
f 3326/2983/3723 4027/3729/3722 3325/2982/3721
f 4029/3730/3724 4030/3731/3725 1130/924/3726
f 2712/2342/3727 1130/924/3726 4030/3731/3725
f 2098/1787/327 2590/3178/327 1028/842/327
f 2939/3176/327 1028/842/327 2590/3178/327
f 2996/2643/2226 2377/1987/2227 2364/2645/2231
f 223/209/2230 2364/2645/2231 2377/1987/2227
f 2376/1985/1699 224/207/184 2377/1987/1701
f 223/209/186 2377/1987/1701 224/207/184
f 2994/2639/2217 2995/2641/2223 2373/1983/2219
f 217/200/2221 2373/1983/2219 2995/2641/2223
f 2370/1982/1696 2373/1983/1697 216/199/176
f 217/200/177 216/199/176 2373/1983/1697
f 1751/1440/3728 56/56/3729 1752/1438/859
f 992/804/859 1752/1438/859 56/56/3729
f 3647/3327/3730 1558/1259/3393 4033/3732/3731
f 3934/3581/3395 4033/3732/3731 1558/1259/3393
f 163/1847/137 3645/3326/3732 4033/3732/3733
f 3647/3327/3734 4033/3732/3733 3645/3326/3732
f 3688/3351/3735 4034/3733/3736 1564/1262/3415
f 3945/3593/3413 1564/1262/3415 4034/3733/3736
f 106/1854/3737 4034/3733/3738 3687/3349/3739
f 3688/3351/3740 3687/3349/3739 4034/3733/3738
f 144/144/2402 67/66/3475 3210/2878/2400
f 3962/3620/3474 3210/2878/2400 67/66/3475
f 2862/2514/55 462/427/55 716/631/55
f 7/9/3524 10/10/3600 3965/3625/3523
f 3975/3632/3599 3965/3625/3523 10/10/3600
f 109/108/2409 3215/2882/2408 110/110/3473
f 3961/3619/3472 110/110/3473 3215/2882/2408
f 21/20/3522 3964/3624/3521 22/22/3604
f 3976/3633/3603 22/22/3604 3964/3624/3521
f 942/770/692 265/1870/1577 943/768/691
f 1592/1278/859 1825/1513/859 74/73/859
f 75/74/859 74/73/859 1825/1513/859
f 2798/2461/2016 680/2313/859 1825/1513/859
f 75/74/859 1825/1513/859 680/2313/859
f 2794/2463/2018 2623/2243/859 690/2268/1868
f 333/311/859 690/2268/1868 2623/2243/859
f 1506/1217/3741 1505/1216/2258 4035/3734/3742
f 1505/1216/2258 3036/2697/2256 4035/3734/3742
f 3036/2697/2256 4036/3735/3743 4035/3734/3742
f 3035/2696/124 3432/3077/3744 3036/2697/124
f 3036/2697/124 3432/3077/3744 4036/3736/124
f 3431/3078/124 52/54/3745 3432/3077/3744
f 55/55/3746 3476/3737/3745 52/54/3745
f 52/54/3745 3476/3737/3745 3432/3077/3744
f 3020/3738/124 4037/3739/124 2187/3740/124
f 4037/3739/124 4038/3741/124 2187/3740/124
f 2187/3740/124 4038/3741/124 3476/3737/3745
f 4038/3741/124 4039/3742/3747 3476/3737/3745
f 4039/3742/3747 4040/3743/124 3476/3737/3745
f 3476/3737/3745 4040/3743/124 3432/3077/3744
f 3432/3077/3744 4040/3743/124 4036/3736/124
f 1385/3744/3637 1871/1555/1330 1386/3745/3748
f 519/472/3749 1386/3745/3748 1871/1555/1330
f 1387/3746/3750 1386/3745/3750 77/473/3750
f 519/472/3751 77/473/3751 1386/3745/3751
f 948/3747/3631 952/3748/3752 1870/1553/1326
f 728/643/3753 1870/1553/1326 952/3748/3752
f 951/3749/3754 23/645/3754 952/3748/3754
f 728/643/3755 952/3748/3755 23/645/3755
f 1131/3750/2364 1135/3751/3756 726/641/2362
f 723/640/1486 726/641/2362 1135/3751/3756
f 1134/3752/3757 1129/2368/3757 1135/3751/3757
f 723/640/3758 1135/3751/3758 1129/2368/3758
f 1883/3753/1344 730/647/1343 2731/3754/3759
f 722/637/577 2731/3754/3759 730/647/1343
f 2732/3755/3760 2731/3754/3760 1380/2364/3760
f 722/637/3761 1380/2364/3761 2731/3754/3761
f 1591/1280/55 420/395/55 1824/1512/55
f 1822/1510/55 1824/1512/55 420/395/55
f 2799/2462/55 1824/1512/55 30/1511/55
f 1822/1510/55 30/1511/55 1824/1512/55
f 2621/2240/55 2620/2242/55 468/433/55
f 1309/1064/55 468/433/55 2620/2242/55
f 2793/2464/55 16/1066/55 2620/2242/55
f 1309/1064/55 2620/2242/55 16/1066/55
f 241/224/55 240/223/55 1104/896/55
f 1830/1520/1293 4041/3756/3762 1831/1518/1291
f 4041/3756/3762 4042/3757/3763 1831/1518/1291
f 1831/1518/1291 4042/3757/3763 4043/3758/3764
f 2186/1841/3765 1795/1482/3766 872/728/651
f 869/727/650 872/728/651 1795/1482/3766
f 243/229/208 3385/3039/3767 244/227/206
f 2859/2512/3768 244/227/206 3385/3039/3767
f 244/227/55 2859/2512/55 1104/896/55
f 4045/3759/3769 3265/2920/3770 4044/3760/3771
f 3900/3525/3772 4044/3760/3771 3265/2920/3770
f 3505/3139/2693 891/736/2691 4044/3760/3773
f 4045/3759/3774 4044/3760/3773 891/736/2691
f 4046/3761/3775 4047/3762/3776 3266/2921/3777
f 3901/3526/3778 3266/2921/3777 4047/3762/3776
f 3508/3142/2697 4047/3762/3779 564/502/454
f 4046/3761/3780 564/502/454 4047/3762/3779
f 1550/1246/3781 1549/1245/3018 2790/2426/3782
f 2789/2425/3783 2790/2426/3782 1549/1245/3018
f 1465/1186/3784 2786/2422/3785 1466/1184/2849
f 2785/2421/2847 1466/1184/2849 2786/2422/3785
f 2568/2191/3786 2169/1823/3570 1079/871/3787
f 2174/1826/3568 1079/871/3787 2169/1823/3570
f 755/657/55 754/656/55 2862/2514/55
f 1336/3536/3427 2235/2888/3427 1332/1081/3427
f 786/688/3428 1332/1081/3428 2235/2888/3428
f 4030/3731/3725 4029/3730/3724 1661/3763/1150
f 4052/3764/3788 1661/3763/1150 4029/3730/3724
f 1134/3765/831 4053/3766/3789 4029/3730/3724
f 4052/3764/3788 4029/3730/3724 4053/3766/3789
f 3132/2783/55 3333/2991/55 3126/2780/55
f 3331/2990/55 3126/2780/55 3333/2991/55
f 3133/2785/55 3132/2783/55 3129/2781/55
f 3126/2780/55 3129/2781/55 3132/2783/55
f 3146/2800/55 3144/2795/55 3337/2995/55
f 3336/2994/55 3337/2995/55 3144/2795/55
f 3149/2801/55 3145/2797/55 3146/2800/55
f 3144/2795/55 3146/2800/55 3145/2797/55
f 3140/2791/55 3345/3003/55 3134/2788/55
f 3343/3002/55 3134/2788/55 3345/3003/55
f 3141/2793/55 3140/2791/55 3137/2789/55
f 3134/2788/55 3137/2789/55 3140/2791/55
f 3154/2808/55 3152/2803/55 3341/2999/55
f 3340/2998/55 3341/2999/55 3152/2803/55
f 3157/2809/55 3153/2805/55 3154/2808/55
f 3152/2803/55 3154/2808/55 3153/2805/55
f 3360/3020/3790 3452/3097/3790 3893/3767/3790
f 3451/3768/3791 3893/3767/3791 3452/3097/3791
f 460/2948/3792 1596/1287/3792 461/1284/3792
f 1595/1283/3434 461/1284/3434 1596/1287/3434
f 3234/2898/3793 4070/3769/3794 464/429/385
f 463/428/384 464/429/385 4070/3769/3794
f 3977/3634/3795 2825/2481/2052 4071/3770/3796
f 2824/2482/2053 4071/3770/3796 2825/2481/2052
f 4017/3716/3700 2093/3771/1504 4018/3715/3698
f 4072/3772/3797 4018/3715/3698 2093/3771/1504
f 2732/3773/1928 4018/3715/3698 4073/3774/3798
f 4072/3772/3797 4073/3774/3798 4018/3715/3698
f 2932/2575/3799 3363/3025/3800 178/170/150
f 175/169/149 178/170/150 3363/3025/3800
f 3173/2828/3801 3176/2829/3802 1991/1678/3803
f 1990/1679/3804 1991/1678/3803 3176/2829/3802
f 4078/3775/3805 4079/3776/3806 3112/2763/2327
f 3112/2763/2327 4079/3776/3806 3113/2765/2325
f 3113/2765/2325 4079/3776/3806 4006/3777/3611
f 1330/3534/3807 4080/3778/3808 3288/2950/3809
f 518/469/3810 3288/2950/3809 4080/3778/3808
f 785/690/3811 4080/3779/3808 1329/1080/3812
f 1330/1078/3807 1329/1080/3812 4080/3779/3808
f 1690/1383/3807 1689/1385/3812 4081/3780/3808
f 362/337/3811 4081/3780/3808 1689/1385/3812
f 561/499/3813 3203/2868/3814 4081/3781/3808
f 1690/2869/3807 4081/3781/3808 3203/2868/3814
f 2354/3782/3815 859/2555/3815 2908/2556/3815
f 293/268/3816 2908/2556/3816 859/2555/3816
f 3355/3783/2566 1784/1470/1245 4082/3784/3817
f 4073/3774/3818 1579/1267/3819 1582/3785/3820
f 4072/3772/3821 1583/1269/3822 4073/3774/3818
f 1579/1267/3819 4073/3774/3818 1583/1269/3822
f 4261/3786/3823 1358/3549/3824 3365/3030/3825
f 1357/1098/3826 3365/3030/3825 1358/3549/3824
f 39/41/3827 3365/3030/3828 1361/1100/3829
f 1357/1098/3830 1361/1100/3829 3365/3030/3828
f 2741/2376/3370 2740/2374/3831 2241/3565/3369
f 4084/3787/3832 2241/3565/3369 2740/2374/3831
f 4085/3788/3833 889/735/662 4084/3789/3834
f 2241/1896/1605 4084/3789/3834 889/735/662
f 3430/3076/124 198/189/124 1900/1588/124
f 1197/1587/124 1900/1588/124 198/189/124
f 16/15/3835 2793/2431/3835 17/16/3835
f 2796/2432/3836 17/16/3836 2793/2431/3836
f 30/29/3837 29/31/3837 2799/2434/3837
f 2800/2436/3838 2799/2434/3838 29/31/3838
f 213/196/859 212/195/3839 3832/3422/859
f 3672/3342/859 3832/3422/859 212/195/859
f 185/179/859 3661/3328/859 186/177/859
f 3674/3344/859 186/177/3840 3661/3328/859
f 3660/3329/3841 1266/1030/3842 3661/3328/3843
f 1265/1032/3844 3661/3328/3843 1266/1030/3842
f 3673/3343/3845 3674/3344/3846 1265/1032/3844
f 3661/3328/3843 1265/1032/3844 3674/3344/3846
f 3833/3423/3847 3832/3422/3848 1202/975/3849
f 1203/976/3850 1202/975/3849 3832/3422/3848
f 3671/3341/3851 1203/976/3850 3672/3342/3852
f 3832/3422/3848 3672/3342/3852 1203/976/3850
f 2318/3790/3853 1662/1357/3854 4053/3766/3855
f 4052/3764/3856 4053/3766/3855 1664/1356/3857
f 1662/1357/3854 1664/1356/3857 4053/3766/3855
f 1387/3791/978 4088/3792/3858 522/3793/423
f 4089/3794/3859 4088/3792/3858 4028/3728/3720
f 1387/3791/978 4028/3728/3720 4088/3792/3858
f 950/3795/696 4090/3796/3860 951/3797/698
f 4091/3798/3861 4019/3717/3702 4090/3796/3860
f 951/3797/698 4090/3796/3860 4019/3717/3702
f 103/400/94 424/399/362 104/1036/92
f 1269/1034/903 104/1036/92 424/399/362
f 4089/3794/3859 4028/3728/3720 4027/3799/3722
f 3281/2942/3862 3244/2908/3863 2204/1866/3863
f 3240/2905/3864 2204/1866/3863 3244/2908/3863
f 3282/3800/3865 3281/3801/3866 2203/1864/3867
f 2204/1866/3868 2203/1864/3867 3281/3801/3866
f 3279/2936/3869 2200/1860/3870 3239/2903/3870
f 3236/2900/3871 3239/2903/3870 2200/1860/3870
f 3278/3802/3872 2197/1859/3872 3279/3803/3872
f 2200/1860/3873 3279/3803/3873 2197/1859/3873
f 2774/2409/3874 311/286/3875 2775/2410/3876
f 310/285/3877 2775/2410/3876 311/286/3875
f 2768/2403/3878 2767/2405/3879 337/315/3880
f 338/313/3881 337/315/3880 2767/2405/3879
f 105/104/97 3931/3575/3386 106/106/95
f 2195/3577/3388 106/106/95 3931/3575/3386
f 4020/3804/3703 4019/3717/3702 4091/3798/3861
f 4093/3805/3882 467/431/387 4092/3806/3883
f 466/430/386 4092/3806/3883 467/431/387
f 4094/3807/3884 4095/3808/3885 421/396/359
f 422/398/361 421/396/359 4095/3808/3885
f 2282/1902/1610 2920/2562/2146 124/124/116
f 124/124/116 2920/2562/2146 123/123/115
f 2920/2562/2146 2919/2561/2145 123/123/115
f 1823/3809/3886 419/3810/3887 3174/2826/3888
f 3175/2827/3889 3174/2826/3888 419/3810/3887
f 2905/2548/2133 3175/2827/3889 422/2546/2131
f 419/3810/3887 422/2546/2131 3175/2827/3889
f 3170/2823/3890 2833/3811/2809 3314/2963/3891
f 4096/3812/3892 3314/2963/3891 2833/3811/2809
f 1792/3813/2486 972/798/2482 4096/3812/3893
f 3314/2963/2480 4096/3812/3893 972/798/2482
f 3358/3017/3894 3354/3014/3895 2761/2397/1956
f 666/584/1954 2761/2397/1956 3354/3014/3895
f 3630/3287/3896 2239/1894/1602 3629/3286/3897
f 609/547/1604 3629/3286/3897 2239/1894/1602
f 4006/3777/3611 4079/3776/3806 3116/2768/3898
f 4078/3775/3805 3114/2767/2329 4079/3776/3806
f 4079/3776/3806 3114/2767/2329 3116/2768/3898
f 4078/3814/3805 101/101/90 100/99/88
f 3105/2754/2310 1346/1086/2309 1345/1087/3899
f 3107/2755/2311 3106/2757/2313 3408/3058/3900
f 3105/2758/2314 3408/3058/3900 3106/2757/2313
f 1747/1433/859 4097/3815/859 1748/1435/859
f 4097/3815/3901 4098/3816/3901 1748/1435/3901
f 4098/3816/3902 3632/3289/3902 1748/1435/3902
f 3632/3289/859 3631/3288/859 1748/1435/859
f 3867/3478/3903 3866/3479/3903 3631/3288/3903
f 3866/3479/859 3865/3477/859 3631/3288/859
f 3631/3288/859 3865/3477/859 1748/1435/859
f 3865/3477/3904 2591/3476/3904 1748/1435/3904
f 1866/3817/3905 1869/1552/3905 2591/3476/3905
f 2591/3476/3906 1869/1552/3906 1748/1435/3906
f 1869/1552/859 2801/2439/859 1748/1435/859
f 3017/3818/3907 2078/3819/3907 3018/3820/3907
f 4004/3656/3908 378/354/3909 3963/3623/3517
f 958/783/3518 3963/3623/3517 378/354/3909
f 4005/3657/3910 3663/3331/2960 57/57/3911
f 991/803/2961 57/57/3911 3663/3331/2960
f 3598/3821/55 1146/940/55 696/613/55
f 3/2/3912 56/56/3729 2044/1736/3913
f 1751/1440/3728 2044/1736/3913 56/56/3729
f 3595/3822/55 1414/1148/55 1413/3823/55
f 37/37/3914 2045/1738/3915 377/353/3367
f 1589/1275/3366 377/353/3367 2045/1738/3915
f 1413/3823/55 2823/3824/55 3597/3825/55
f 3942/3590/3916 3944/3591/3917 3943/3589/3918
f 3273/2927/3919 3943/3589/3918 3944/3591/3917
f 3549/3213/3920 671/592/3921 3272/2926/3922
f 4099/3826/3923 3272/2926/3922 671/592/3921
f 708/622/55 2821/3827/55 3596/3828/55
f 1412/1147/1000 1411/1146/999 1743/1430/1212
f 1742/1429/1211 1743/1430/1212 1411/1146/999
f 1404/1141/3924 1407/1142/3925 2025/1717/2291
f 2022/1716/3926 2025/1717/2291 1407/1142/3925
f 414/390/3927 2147/1814/3928 411/389/3929
f 2146/1813/3930 411/389/3929 2147/1814/3928
f 1009/820/3931 2038/1730/3932 1010/822/3933
f 2037/1728/3934 1010/822/3933 2038/1730/3932
f 410/386/3935 409/384/3936 2141/1811/3937
f 2142/1809/3938 2141/1811/3937 409/384/3936
f 2946/2593/3939 2949/2594/3940 2951/2596/2175
f 1923/1613/2177 2951/2596/2175 2949/2594/3940
f 2942/2586/3941 2944/2590/2168 2943/2588/3942
f 2649/2272/2169 2943/2588/3942 2944/2590/2168
f 2170/1821/3154 2573/2196/3155 2171/1822/3943
f 4094/3807/3944 2171/1822/3943 2573/2196/3155
f 2572/2194/1792 4095/3808/3885 2573/2196/1794
f 4094/3807/3884 2573/2196/1794 4095/3808/3885
f 902/750/3945 2012/1703/3946 903/748/3947
f 2011/1702/3948 903/748/3947 2012/1703/3946
f 158/152/3949 162/154/3950 2004/1698/3951
f 2005/1696/3952 2004/1698/3951 162/154/3950
f 2564/2186/3159 1756/1442/3953 2567/2190/3161
f 4093/3805/3954 2567/2190/3161 1756/1442/3953
f 2566/2189/1787 2567/2190/1788 4092/3806/3883
f 4093/3805/3882 4092/3806/3883 2567/2190/1788
f 653/575/524 652/574/523 454/421/2841
f 4100/3829/3955 2080/3830/3955 3668/3831/3955
f 726/2830/3956 3542/3209/55 1879/3832/1342
f 3542/3209/55 3544/3207/55 1879/3832/1342
f 3544/3207/55 946/3206/693 1879/3832/1342
f 1599/1290/1110 254/238/217 1600/1288/1108
f 253/236/215 1600/1288/1108 254/238/217
f 1608/2468/2026 341/319/2027 3598/3271/2895
f 2084/1774/2896 3598/3271/2895 341/319/2027
f 2085/1775/1499 2084/1774/1498 344/320/288
f 341/319/287 344/320/288 2084/1774/1498
f 1604/2476/2041 3597/3270/2893 397/372/2043
f 2192/1848/2894 397/372/2043 3597/3270/2893
f 2191/1849/1560 398/374/337 2192/1848/1559
f 397/372/335 2192/1848/1559 398/374/337
f 1187/2472/2034 249/232/2035 3595/3268/2889
f 1004/815/2890 3595/3268/2889 249/232/2035
f 1005/816/736 1004/815/735 248/231/210
f 249/232/211 248/231/210 1004/815/735
f 1606/2460/2013 3596/3269/2891 351/326/2015
f 2083/1772/2892 351/326/2015 3596/3269/2891
f 2082/1773/1497 352/328/296 2083/1772/1496
f 351/326/294 2083/1772/1496 352/328/296
f 641/563/3957 1016/827/747 1015/829/749
f 3696/3833/3958 1585/1272/3338 4101/3834/3959
f 1891/1578/3339 4101/3834/3959 1585/1272/3338
f 3949/3598/3960 4101/3835/3961 1892/1579/1354
f 1891/1578/1353 1892/1579/1354 4101/3835/3961
f 1144/937/838 1143/936/837 2367/1977/1693
f 2366/1976/1692 2367/1977/1693 1143/936/837
f 1138/934/835 2363/1973/1691 1139/932/833
f 2362/1972/1690 1139/932/833 2363/1973/1691
f 767/669/3962 766/668/3963 2646/3836/3964
f 2647/3837/3965 2646/3836/3964 766/668/3963
f 3492/3135/2939 3644/3838/2942 766/668/2937
f 2647/3837/2941 766/668/2937 3644/3838/2942
f 65/67/3966 68/68/1010 1424/1159/1009
f 1425/1161/1012 107/109/472 577/516/470
f 2088/1777/3967 529/484/3968 1557/1256/1084
f 528/481/430 1557/1256/1084 529/484/3968
f 529/484/3968 19/21/432 528/481/430
f 2091/1779/1503 1561/1261/1086 536/488/441
f 532/486/438 536/488/441 1561/1261/1086
f 532/486/3969 9/8/8 536/488/441
f 3833/3423/3970 1202/975/3970 3834/3424/3970
f 4102/3839/3971 3834/3424/3971 1202/975/3971
f 1201/977/3621 3171/2824/3623 4102/3839/3972
f 3834/3424/3136 4102/3839/3972 3171/2824/3623
f 3660/3329/3973 3662/3330/3973 1266/1030/3973
f 4103/3840/3974 1266/1030/3974 3662/3330/3974
f 1267/1031/3627 4103/3840/3975 4010/3667/3626
f 3662/3330/3976 4010/3667/3626 4103/3840/3975
f 3665/3333/3977 3664/3332/3977 2021/1713/3977
f 2018/1712/3978 2021/1713/3978 3664/3332/3978
f 3721/3396/3979 2034/1726/3979 3720/3395/3979
f 2033/1724/3980 3720/3395/3980 2034/1726/3980
f 2234/2877/2399 2229/1883/2399 645/2875/2129
f 364/340/2129 645/2875/2129 2229/1883/2399
f 488/2873/1735 359/334/1735 647/2871/2396
f 750/652/1736 647/2871/2396 359/334/1735
f 2238/2889/2129 239/2887/2399 787/689/2129
f 196/188/2399 787/689/2129 239/2887/2399
f 376/352/320 3699/3371/3981 1902/1591/1361
f 194/185/3982 1902/1591/3982 3699/3371/3039
f 1258/1021/3055 260/243/3983 3831/3421/3135
f 259/245/3984 3831/3421/3135 260/243/3983
f 941/767/3071 3716/3383/3069 3349/3006/3073
f 1303/1058/3072 3349/3006/3073 3716/3383/3069
f 1157/951/3051 3361/3021/3985 3701/3373/3050
f 752/655/3986 3701/3373/3050 3361/3021/3985
f 1097/889/3051 3830/3420/3131 1597/1285/3987
f 1598/1286/3988 1597/1285/3987 3830/3420/3131
f 1460/1179/3055 3702/3374/3053 1804/1492/3989
f 192/184/3990 1804/1492/3989 3702/3374/3053
f 1452/1171/3071 1681/1375/3991 3717/3384/3069
f 182/174/3992 3717/3384/3069 1681/1375/3991
f 1027/839/3047 1798/1486/3993 3700/3372/3046
f 326/301/269 3700/3372/3994 1798/1486/3995
f 1410/1145/998 1409/1143/996 4104/3841/3996
f 2414/2033/1730 3929/3570/3377 44/46/40
f 3929/3570/3377 3928/3569/3376 44/46/40
f 3928/3569/3376 4104/3841/3996 44/46/40
f 4104/3841/3996 1409/1143/996 44/46/40
f 3974/3842/3997 2739/2373/3997 3972/3843/3997
f 2738/2375/3998 3972/3843/3998 2739/2373/3998
f 2744/2379/3999 2557/3844/4000 2738/2375/4001
f 3972/3843/4002 2738/2375/4001 2557/3844/4000
f 2736/3845/4003 490/3846/4003 3583/3246/4003
f 3584/3247/4004 3583/3246/4004 490/3846/4004
f 3585/3249/4005 3584/3247/4006 489/3847/4007
f 490/3846/4008 489/3847/4007 3584/3247/4006
f 1933/1622/55 2868/3848/55 1934/1623/55
f 3187/3849/55 1934/1623/55 2868/3848/55
f 1969/1658/55 1968/1660/55 2871/3850/55
f 3190/3851/55 2871/3850/55 1968/1660/55
f 1957/1646/55 1956/1648/55 2869/3852/55
f 3186/3853/55 2869/3852/55 1956/1648/55
f 1945/1634/55 2866/3854/55 1946/1635/55
f 3183/3855/55 1946/1635/55 2866/3854/55
f 524/477/426 523/475/424 1132/925/828
f 522/3856/423 1133/926/829 523/475/424
f 523/475/424 1133/926/829 1132/925/828
f 1881/3674/3640 524/477/3641 3177/2831/2363
f 1132/925/2365 3177/2831/2363 524/477/3641
f 1882/1570/4009 4013/3857/4010 3543/3858/2785
f 3543/3858/2785 4013/3857/4010 4012/3670/4011
f 950/3859/696 3048/2712/2277 2733/2367/1930
f 2733/2367/1930 3048/2712/2277 1884/1571/1931
f 1884/1571/1931 3048/2712/2277 3049/2713/2278
f 4013/3671/3633 1882/1570/1345 3049/2713/3634
f 1884/1571/1346 3049/2713/3634 1882/1570/1345
f 1722/1419/1201 1725/1420/1202 4006/3662/3611
f 4007/3663/3612 4006/3662/3611 1725/1420/1202
f 4008/3664/3613 4007/3665/3614 2005/1696/4012
f 2006/1697/1434 2005/1696/4012 4007/3665/3614
f 2609/2237/4013 2608/2236/2863 3884/3502/4014
f 3581/3245/2862 3884/3502/4014 2608/2236/2863
f 3859/3463/4015 3261/2918/2861 3868/3480/4016
f 3580/3244/2860 3868/3480/4016 3261/2918/2861
f 3861/3465/4017 3872/3483/4018 3158/2810/2603
f 3402/3049/2602 3158/2810/2603 3872/3483/4018
f 2278/1899/4019 3888/3505/4020 2279/1898/2703
f 3511/3146/2702 2279/1898/2703 3888/3505/4020
f 1333/3860/3281 1331/3535/3279 3290/3410/3332
f 3287/2951/3331 3290/3410/3332 1331/3535/3279
f 1685/3211/2556 2642/3414/4021 1451/1169/2555
f 1682/1376/4022 1451/1169/2555 2642/3414/4021
f 1790/2504/2078 2309/3672/4023 1257/1019/2077
f 261/244/4024 1257/1019/2077 2309/3672/4023
f 3235/3436/55 2199/3861/55 3277/2932/55
f 2198/2933/55 3277/2932/55 2199/3861/55
f 4112/3862/4025 4113/3863/4025 3602/3277/4025
f 3603/3275/4026 3602/3277/4026 4113/3863/4026
f 3971/3628/4027 4114/3864/4028 119/121/113
f 120/119/111 119/121/113 4114/3864/4028
f 3970/3627/4029 87/86/75 4115/3865/4030
f 86/85/74 4115/3865/4030 87/86/75
f 3241/3438/55 3280/2938/55 2201/3866/55
f 2202/2940/55 2201/3866/55 3280/2938/55
f 1695/3867/3281 2935/3600/3280 1691/1384/3279
f 1692/1386/3278 1691/1384/3279 2935/3600/3280
f 1904/2981/2518 373/351/2463 3422/3603/4031
f 1903/1592/4032 3422/3603/4031 373/351/2463
f 4117/3868/4033 3609/3281/4033 4116/3869/4033
f 3608/3283/4034 4116/3869/4034 3609/3281/4034
f 3961/3619/3559 371/346/3561 3316/2964/2483
f 370/345/2484 3316/2964/2483 371/346/3561
f 4082/3784/3817 3317/2966/2500 3355/3783/2566
f 3268/2922/4035 3267/2924/4036 4118/3870/4037
f 3924/3561/4038 4118/3870/4037 3267/2924/4036
f 3548/3212/4039 3268/2922/4035 993/807/4040
f 4118/3870/4037 993/807/4040 3268/2922/4035
f 1298/3009/2556 3386/3493/4021 938/766/2555
f 939/764/4022 938/766/2555 3386/3493/4021
f 3962/3620/3555 3313/2962/2479 365/343/3556
f 366/341/2481 365/343/3556 3313/2962/2479
f 3975/3632/3551 3892/3511/3532 174/166/3552
f 1984/1671/3533 174/166/3552 3892/3511/3532
f 684/601/3094 3730/3397/3093 1855/1539/3100
f 3731/3399/3099 1855/1539/3100 3730/3397/3093
f 671/592/3921 3549/3213/3920 672/590/4041
f 1111/903/4042 672/590/4041 3549/3213/3920
f 1110/902/4043 2708/2338/4044 1111/903/4042
f 672/590/4041 1111/903/4042 2708/2338/4044
f 3976/3633/3563 287/263/3565 3732/3398/3097
f 1852/1538/3098 3732/3398/3097 287/263/3565
f 993/807/4040 997/809/4045 3548/3212/4039
f 668/587/4046 3548/3212/4039 997/809/4045
f 669/588/4047 668/587/4046 2711/2340/4048
f 997/809/4045 2711/2340/4048 668/587/4046
f 1286/3024/2463 1156/949/2462 2643/3675/4049
f 1155/948/2460 2643/3675/4049 1156/949/2462
f 4120/3871/4050 3935/3582/4051 4119/3872/4052
f 3853/3448/4053 4119/3872/4052 3935/3582/4051
f 3852/3447/4054 4121/3873/4055 3853/3448/4056
f 4119/3872/4057 3853/3448/4056 4121/3873/4055
f 3948/3874/4058 3947/3875/4059 3946/3592/4060
f 3855/3450/4061 3946/3592/4060 3947/3875/4059
f 3854/3449/4062 3855/3450/4063 4122/3876/4064
f 3947/3875/3416 4122/3876/4064 3855/3450/4063
f 4235/3877/4065 4259/3878/4065 4234/3879/4065
f 221/204/181 220/203/180 342/317/285
f 343/318/286 342/317/285 220/203/180
f 129/128/507 128/130/4066 1319/1077/939
f 1318/1075/937 91/90/4067 90/89/110
f 3275/2930/2449 1605/2459/2012 227/213/2450
f 350/325/2014 227/213/2450 1605/2459/2012
f 349/327/295 228/211/188 350/325/293
f 227/213/190 350/325/293 228/211/188
f 3276/2931/2451 221/204/2452 1607/2467/2024
f 342/317/2025 1607/2467/2024 221/204/2452
f 2063/2897/4068 1044/2895/4069 2060/1750/4070
f 1040/843/4071 2060/1750/4070 1044/2895/4069
f 4127/3880/4072 4128/3881/4073 1534/1234/1068
f 1532/1233/1067 1534/1234/1068 4128/3881/4073
f 2069/2893/4074 2068/1758/4075 1052/2891/4075
f 1048/851/4075 1052/2891/4075 2068/1758/4075
f 2076/3882/4076 2078/3883/4076 850/713/4076
f 2078/3883/4077 4129/3884/4077 850/713/4077
f 4129/3884/4078 851/711/4078 850/713/4078
f 3492/3135/2685 688/605/2684 3644/3838/4079
f 691/606/1869 3644/3838/4079 688/605/2684
f 2286/1907/1616 701/615/1617 3030/2690/2247
f 3031/2691/2248 3030/2690/2247 701/615/1617
f 3033/2694/2251 3031/2691/2253 700/614/556
f 701/615/557 700/614/556 3031/2691/2253
f 2813/2449/859 2188/1843/859 2814/2451/859
f 2189/1844/859 3646/3325/859 2188/1843/859
f 3646/3325/859 3634/3292/859 2188/1843/859
f 1419/1156/859 1422/1157/859 4097/3815/859
f 4097/3815/4080 1422/1157/4080 4098/3816/4080
f 4098/3816/4081 1422/1157/4081 3633/3294/4081
f 3633/3294/859 1422/1157/859 3634/3292/859
f 3634/3292/859 1422/1157/859 2188/1843/859
f 2188/1843/859 1422/1157/859 2814/2451/859
f 1422/1157/859 2810/2447/859 2814/2451/859
f 1559/1257/4082 2188/1843/4083 2812/2448/4084
f 2813/2449/1999 2812/2448/4084 2188/1843/4083
f 2816/2455/859 2819/2456/859 2193/1850/859
f 2815/2452/859 1483/1198/859 2819/2456/859
f 2819/2456/859 1483/1198/859 2193/1850/859
f 1482/1196/859 3863/3473/859 1483/1198/859
f 3863/3473/4085 3864/3474/4085 1483/1198/4085
f 3864/3474/4086 3689/3354/4086 1483/1198/4086
f 3689/3354/859 3690/3355/859 1483/1198/859
f 1483/1198/859 3690/3355/859 2193/1850/859
f 3690/3355/859 3686/3350/859 2193/1850/859
f 3686/3350/859 2194/1851/859 2193/1850/859
f 1563/1264/4087 2817/2453/2002 2193/1850/4088
f 2816/2455/2004 2193/1850/4088 2817/2453/2002
f 709/1911/1623 3040/2700/2263 703/620/1625
f 3039/2702/2265 703/620/1625 3040/2700/2263
f 3044/2704/2267 704/618/560 3039/2702/2268
f 703/620/562 3039/2702/2268 704/618/560
f 1128/3385/2161 1127/3401/4089 1125/3386/3074
f 1644/3400/3101 1125/3386/4090 1127/3401/3102
f 1121/3390/4091 1118/3392/820 1119/3406/3107
f 1651/3404/4092 1119/3406/4093 1118/3392/3081
f 1582/3785/4094 2733/3885/1930 4073/3774/3798
f 2732/3773/1928 4073/3774/3798 2733/3885/1930
f 3433/3079/2648 3827/3886/3312 682/596/2646
f 683/598/1889 682/596/2646 3827/3886/3312
f 4130/3887/4095 4131/3888/4096 250/234/213
f 250/234/213 4131/3888/4096 247/233/212
f 4131/3888/4096 4132/3889/4097 247/233/212
f 4133/3890/4098 4134/3891/4099 1186/2471/2032
f 1186/2471/2032 4134/3891/4099 250/234/2033
f 4134/3891/4099 4130/3887/4100 250/234/2033
f 2755/3892/4101 4135/3893/4102 1745/3894/55
f 481/440/55 1745/3894/55 4135/3893/4102
f 4083/3895/4103 3201/2863/2390 1844/1531/2575
f 4036/3735/3743 3037/2699/2261 4035/3734/3742
f 3037/2699/2261 2690/2320/2262 4035/3734/3742
f 2690/2320/2262 1506/1217/3741 4035/3734/3742
f 3038/2698/124 3037/2699/124 3428/3074/4104
f 3037/2699/124 4036/3736/124 3428/3074/4104
f 4036/3736/124 4040/3743/124 3428/3074/4104
f 3020/3738/124 2182/3896/124 4037/3739/124
f 4037/3739/124 2182/3896/124 4038/3741/124
f 2182/3896/124 3477/3897/4105 4038/3741/124
f 4038/3741/124 3477/3897/4105 4039/3742/3747
f 4039/3742/3747 3477/3897/4105 4040/3743/124
f 4040/3743/124 3477/3897/4105 3428/3074/4104
f 200/192/3746 199/190/4105 3477/3897/4105
f 3477/3897/4105 199/190/4105 3428/3074/4104
f 199/190/4105 3429/3075/124 3428/3074/4104
f 946/3206/693 3543/3208/2785 947/773/694
f 1870/3669/4106 947/773/694 3543/3208/2785
f 1128/3385/4107 3718/3387/4108 1471/1189/4109
f 1472/1191/4110 1471/1189/4109 3718/3387/4108
f 3718/3387/4108 3474/3121/4111 1472/1191/4110
f 4009/3666/4112 1472/1191/4110 3474/3121/4111
f 1753/1439/55 2565/2188/3158 511/464/55
f 512/462/3160 511/464/55 2565/2188/3158
f 1121/3390/4113 1279/1045/4114 3719/3391/4115
f 1282/1046/4116 3719/3391/4115 1279/1045/4114
f 3719/3391/4115 1282/1046/4116 3475/3122/4117
f 4011/3668/4118 3475/3122/4117 1282/1046/4116
f 1587/1276/55 960/786/55 2569/2192/3152
f 2570/2195/3153 2569/2192/3152 960/786/55
f 946/3206/693 961/787/708 1879/3832/1342
f 1871/3673/4119 1879/3832/1342 961/787/708
f 3856/3454/3172 1313/3456/3174 4084/3789/4120
f 1313/3456/2724 1312/3898/2724 4084/3789/2724
f 1312/3898/2724 4085/3788/2724 4084/3789/2724
f 4130/3887/4095 396/371/334 4131/3888/4096
f 396/371/334 395/373/336 4131/3888/4096
f 395/373/336 4132/3889/4097 4131/3888/4096
f 4046/3761/3780 906/752/4121 564/502/454
f 565/503/455 564/502/454 906/752/4121
f 4045/3759/3774 891/736/2691 159/150/4122
f 890/738/667 159/150/4122 891/736/2691
f 485/444/396 488/445/397 650/573/522
f 647/572/521 650/573/522 488/445/397
f 2318/3790/1662 4053/3766/3789 1133/3899/829
f 1134/3765/831 1133/3899/829 4053/3766/3789
f 2231/1888/1597 2234/1889/1597 644/566/515
f 645/567/516 644/566/515 2234/1889/1597
f 3092/2748/2302 2363/1973/2303 2820/2457/2010
f 1138/934/2008 2820/2457/2010 2363/1973/2303
f 2876/2525/2105 1415/2469/2029 1743/1430/2106
f 1412/1147/2028 1743/1430/2106 1415/2469/2029
f 716/631/571 717/632/572 2357/1968/1686
f 2358/1969/1687 2357/1968/1686 717/632/572
f 2303/1930/4123 3360/3020/4123 3410/3059/4123
f 3893/3512/4124 3410/3059/4124 3360/3020/4124
f 1989/1676/1418 254/238/1417 2822/2473/2038
f 1599/1290/2036 2822/2473/2038 254/238/1417
f 2368/2749/2304 1147/2465/2021 2367/1977/2305
f 1144/937/2020 2367/1977/2305 1147/2465/2021
f 3138/2792/859 3136/3900/859 3139/2790/859
f 3135/3638/859 3139/2790/859 3136/3900/859
f 3156/2807/859 3155/2806/859 3150/3901/859
f 3151/3650/859 3150/3901/859 3155/2806/859
f 3148/2799/859 3147/2798/859 3142/3902/859
f 3143/3646/859 3142/3902/859 3147/2798/859
f 2588/2215/1823 3529/3195/3691 87/86/4125
f 88/88/3690 87/86/4125 3529/3195/3691
f 2585/2211/1815 119/121/4126 3532/3199/3684
f 122/122/3682 3532/3199/3684 119/121/4126
f 3130/2784/859 3128/3903/859 3131/2782/859
f 3127/3642/859 3131/2782/859 3128/3903/859
f 3238/2902/4127 3237/2901/4127 3278/2937/4127
f 2197/3904/4128 3278/2937/4128 3237/2901/4128
f 755/657/595 1348/1088/950 756/659/597
f 1347/1090/149 756/659/597 1348/1088/950
f 3242/2907/4129 3282/2943/4129 3243/2906/4129
f 2203/3905/4130 3243/2906/4130 3282/2943/4130
f 2237/1891/1599 240/223/202 2238/1893/1601
f 239/225/204 2238/1893/1601 240/223/202
f 4136/3906/4131 3196/2858/4132 3571/3236/4133
f 43/43/4134 3571/3236/4133 3196/2858/4132
f 42/42/4135 3572/3237/4135 43/43/4134
f 3571/3236/4133 43/43/4134 3572/3237/4135
f 4137/3907/4136 3569/3234/4137 3200/2862/4138
f 232/215/4139 3200/2862/4138 3569/3234/4137
f 233/216/4140 232/215/4139 3570/3235/4141
f 3569/3234/4137 3570/3235/4141 232/215/4139
f 177/168/148 176/167/147 2342/1958/4142
f 3552/3309/596 2342/1958/4142 176/167/147
f 2557/3844/4143 2744/2379/4144 1181/3908/4145
f 2743/2378/4145 1181/3908/4145 2744/2379/4144
f 1180/3564/4146 1181/3908/4146 2742/2377/4146
f 2743/2378/4147 2742/2377/4147 1181/3908/4147
f 1582/1268/3820 2096/1784/4148 950/3909/4149
f 4090/3796/4150 950/3909/4149 2096/1784/4148
f 4091/3798/4151 4090/3796/4150 2094/1781/4152
f 2096/1784/4148 2094/1781/4152 4090/3796/4150
f 4236/3910/4153 4237/3911/4153 4138/3912/4153
f 4263/3913/4154 4262/3914/4155 1580/3915/4156
f 2318/1939/3853 522/3916/4157 2319/1940/4158
f 4088/3792/4159 2319/1940/4158 522/3916/4157
f 4089/3794/4160 1660/1352/4161 4088/3792/4159
f 2319/1940/4158 4088/3792/4159 1660/1352/4161
f 489/3847/4162 854/3917/4163 3585/3249/4164
f 3586/3250/4165 3585/3249/4164 854/3917/4163
f 853/3658/4166 3587/3251/4166 854/3917/4166
f 3586/3250/4167 854/3917/4167 3587/3251/4167
f 3689/3354/2996 3864/3918/4168 1372/3352/2994
f 4016/3919/4169 1372/3352/2994 3864/3918/4168
f 3663/3331/3598 1849/1532/3597 2829/2486/2755
f 168/159/2756 2829/2486/2755 1849/1532/3597
f 1045/848/4170 2062/1751/4171 1039/3920/4172
f 2057/3921/4173 1039/3920/4172 2062/1751/4171
f 2061/1753/55 2058/3922/55 2062/1751/55
f 2057/3921/55 2062/1751/55 2058/3922/55
f 1050/3923/4174 1054/858/4174 1400/3606/4174
f 1398/1132/4175 1400/3606/4175 1054/858/4175
f 1403/1138/4176 1047/853/4176 1400/1137/4176
f 1050/854/4177 1400/1137/4177 1047/853/4177
f 708/622/55 3275/3924/55 1137/930/55
f 1042/3925/4178 1394/3605/4178 1046/850/4178
f 1388/1125/4179 1046/850/4179 1394/3605/4179
f 1395/1130/4180 1394/1128/4181 1041/844/4182
f 1042/846/4183 1041/844/4182 1394/1128/4181
f 4239/3926/4184 4140/3927/4184 4238/3928/4184
f 4141/3929/4185 1663/3930/4186 4264/3931/4187
f 4143/3932/4188 1553/1251/1079 4142/3933/4189
f 1553/1251/1079 1552/1253/1081 4142/3933/4189
f 1552/1253/1081 4144/3934/4190 4142/3933/4189
f 3632/3289/2911 4098/3935/4191 1552/3291/2913
f 4144/3936/4192 1552/3291/2913 4098/3935/4191
f 2937/2582/55 4145/3937/55 856/717/55
f 1815/1502/55 856/717/55 4145/3937/55
f 1816/3938/4193 1815/3939/4193 860/721/4193
f 3442/3088/55 3436/3082/55 3439/3087/55
f 3438/3084/55 3439/3087/55 3436/3082/55
f 1051/857/4194 1049/3940/4194 2070/1759/4194
f 2067/3941/4195 2070/1759/4195 1049/3940/4195
f 2071/1760/55 2070/1759/55 2066/3942/55
f 2067/3941/55 2066/3942/55 2070/1759/55
f 3464/3110/55 3458/3104/55 3461/3109/55
f 3460/3106/55 3461/3109/55 3458/3104/55
f 3472/3118/55 3471/3116/55 3465/3112/55
f 3467/3114/55 3465/3112/55 3471/3116/55
f 3450/3096/55 3449/3094/55 3443/3090/55
f 3445/3092/55 3443/3090/55 3449/3094/55
f 1346/3610/3457 3952/3609/3456 593/532/4196
f 1550/1246/3781 2790/2426/3782 4011/3668/4197
f 3475/3122/4198 4011/3668/4197 2790/2426/3782
f 2374/1986/1700 706/621/563 2375/1984/1698
f 705/619/561 2375/1984/1698 706/621/563
f 2945/2589/4199 3921/3557/4200 3530/3197/3694
f 322/297/3695 3530/3197/3694 3921/3557/4200
f 2950/2595/4201 3534/3201/3686 3923/3559/4202
f 404/379/3688 3923/3559/4202 3534/3201/3686
f 1465/1186/3784 4009/3666/4203 2786/2422/3785
f 3474/3121/2668 2786/2422/3785 4009/3666/4203
f 3878/3943/4204 1002/814/4204 3879/3491/4204
f 1112/904/4205 3879/3491/4205 1002/814/4205
f 3876/3488/4206 1107/899/4206 1112/904/4206
f 3879/3491/4207 1112/904/4207 1107/899/4207
f 1797/1485/328 54/3944/328 389/364/328
f 1895/3031/328 389/364/328 54/3944/328
f 3478/3128/327 3520/3175/327 197/3945/327
f 1898/3177/327 197/3945/327 3520/3175/327
f 698/612/55 3276/3946/55 696/613/55
f 2997/2642/2224 707/1910/1622 2374/1986/2225
f 706/621/1624 2374/1986/2225 707/1910/1622
f 3878/3943/4208 3883/3501/4208 1002/814/4208
f 998/812/4209 1002/814/4209 3883/3501/4209
f 3882/3500/4210 998/812/4210 665/583/4210
f 3883/3501/4211 665/583/4211 998/812/4211
f 15/3947/4212 18/3948/4213 186/177/3840
f 187/178/4214 186/177/3840 18/3948/4213
f 2993/2638/2216 2372/1981/2218 2287/1906/1614
f 702/617/1615 2287/1906/1614 2372/1981/2218
f 699/616/558 702/617/559 2371/1980/1694
f 2372/1981/1695 2371/1980/1694 702/617/559
f 1863/3949/4215 1862/1546/1320 382/358/326
f 379/357/325 382/358/326 1862/1546/1320
f 79/78/55 1863/1548/55 382/1094/55
f 3696/3833/3958 4101/3834/3959 526/479/3024
f 1893/1580/3026 526/479/3024 4101/3834/3959
f 3949/3598/3960 1894/1581/1356 4101/3835/3961
f 1893/1580/1355 4101/3835/3961 1894/1581/1356
f 3331/2990/55 3333/2991/55 3442/3088/55
f 3436/3082/55 3442/3088/55 3333/2991/55
f 3336/2994/55 3450/3096/55 3337/2995/55
f 3443/3090/55 3337/2995/55 3450/3096/55
f 3340/2998/55 3472/3118/55 3341/2999/55
f 3465/3112/55 3341/2999/55 3472/3118/55
f 4113/3863/4216 3953/3612/4216 3603/3275/4216
f 3601/3273/4216 3603/3275/4216 3953/3612/4216
f 3600/3272/4217 3604/3276/4217 3601/3273/4217
f 3603/3275/4217 3601/3273/4217 3604/3276/4217
f 4116/3869/4218 3608/3283/4218 3956/3614/4218
f 3607/3279/4218 3956/3614/4218 3608/3283/4218
f 3605/3280/4219 3607/3279/4219 3610/3282/4219
f 3608/3283/4219 3610/3282/4219 3607/3279/4219
f 3555/3950/859 3136/3900/859 3554/3219/859
f 3138/2792/859 3554/3219/859 3136/3900/859
f 3564/3951/859 3561/3227/859 3142/3902/859
f 3148/2799/859 3142/3902/859 3561/3227/859
f 3560/3952/859 3557/3223/859 3150/3901/859
f 3156/2807/859 3150/3901/859 3557/3223/859
f 3343/3002/55 3345/3003/55 3464/3110/55
f 3458/3104/55 3464/3110/55 3345/3003/55
f 3567/3953/859 3128/3903/859 3566/3231/859
f 3130/2784/859 3566/3231/859 3128/3903/859
f 3568/3232/55 3565/3230/55 3129/2781/55
f 3133/2785/55 3129/2781/55 3565/3230/55
f 3563/3228/55 3145/2797/55 3562/3226/55
f 3149/2801/55 3562/3226/55 3145/2797/55
f 3556/3220/55 3553/3218/55 3137/2789/55
f 3141/2793/55 3137/2789/55 3553/3218/55
f 3559/3224/55 3153/2805/55 3558/3222/55
f 3157/2809/55 3558/3222/55 3153/2805/55
f 4147/3954/4220 3351/3011/3020 4146/3955/4221
f 3351/3011/3020 1360/1099/958 4146/3955/4221
f 1360/1099/958 4148/3956/4222 4146/3955/4221
f 1360/1099/958 1359/1097/956 4148/3956/4222
f 3847/3434/3141 4149/3957/4223 146/145/1047
f 1431/1165/1015 4149/3957/4223 3847/3434/3141
f 2340/1957/4224 2338/1953/4225 1700/1400/4226
f 637/559/508 1700/1400/4226 2338/1953/4225
f 2336/1951/4227 1697/1393/4228 2333/1947/4229
f 1084/875/4230 2333/1947/4229 1697/1393/4228
f 2944/2590/4231 2942/2586/3496 3920/3556/4232
f 323/298/3494 3920/3556/4232 2942/2586/3496
f 2951/2596/4233 3922/3558/4234 2946/2593/3488
f 403/381/3487 2946/2593/3488 3922/3558/4234
f 3588/3252/3606 2328/3659/3605 3582/3248/4235
f 3514/3958/4236 3582/3248/4235 2328/3659/3605
f 1764/1451/4237 3830/3420/4238 2721/2353/4239
f 297/272/4240 2721/2353/4239 3830/3420/4238
f 296/274/4241 1759/1448/4242 297/272/4240
f 2721/2353/4239 297/272/4240 1759/1448/4242
f 31/3959/4243 212/195/4244 32/3960/4245
f 211/197/4246 32/3960/4245 212/195/4244
f 3090/2747/4247 2049/1741/4248 2727/2356/4249
f 2728/2357/4250 2727/2356/4249 2049/1741/4248
f 3716/3383/4251 2728/2357/4250 2052/1742/4251
f 2049/1741/4248 2052/1742/4251 2728/2357/4250
f 1159/952/4252 2228/1882/4253 1910/1598/4254
f 2227/1884/4255 1910/1598/4254 2228/1882/4253
f 3701/3373/4256 1911/1600/4257 2227/1884/4255
f 1910/1598/4254 2227/1884/4255 1911/1600/4257
f 1454/1172/4258 358/333/4259 2109/1798/4260
f 357/335/4261 2109/1798/4260 358/333/4259
f 3717/3384/4262 2110/1800/4263 357/335/4261
f 2109/1798/4260 357/335/4261 2110/1800/4263
f 2758/2393/4264 1306/1060/4265 778/680/4266
f 779/681/4267 778/680/4266 1306/1060/4265
f 3699/3371/4268 779/681/4267 1305/1059/4269
f 1306/1060/4265 1305/1059/4269 779/681/4267
f 1462/1180/4270 2099/1791/4271 583/521/4272
f 584/522/4273 583/521/4272 2099/1791/4271
f 3702/3374/4274 584/522/4273 2102/1792/4274
f 2099/1791/4271 2102/1792/4274 584/522/4273
f 3089/2745/4275 806/692/4276 1775/1461/4277
f 805/694/4278 1775/1461/4277 806/692/4276
f 3700/3372/4279 1776/1463/4279 805/694/4278
f 1775/1461/4277 805/694/4278 1776/1463/4279
f 4265/3961/4280 4240/3962/4280 4241/3963/4280
f 1770/1456/4281 562/501/4282 1786/1473/4283
f 561/499/4284 1786/1473/4283 562/501/4282
f 4081/3781/4285 3101/2750/4285 561/499/4284
f 1786/1473/4283 561/499/4284 3101/2750/4285
f 2015/1707/4286 126/126/4287 3112/2763/2323
f 125/125/4288 3112/2763/2323 126/126/4287
f 1529/1228/4289 1261/1023/4290 3831/3421/4291
f 2723/2355/4277 3831/3421/4291 1261/1023/4290
f 458/422/4292 2723/2355/4277 1260/1022/4293
f 1261/1023/4290 1260/1022/4293 2723/2355/4277
f 1766/1452/4294 1780/1467/4295 788/691/4296
f 785/690/4297 788/691/4296 1780/1467/4295
f 4080/3779/4298 785/690/4297 3104/2752/4299
f 1780/1467/4295 3104/2752/4299 785/690/4297
f 2809/2446/4300 1857/1541/4301 3951/3604/4302
f 1268/1033/4302 3951/3604/4302 1857/1541/4301
f 4242/3964/4303 4243/3965/4303 4139/3966/4303
f 1590/1277/4304 568/506/4305 1587/1276/55
f 960/786/55 1587/1276/55 568/506/4305
f 1754/1441/4306 1753/1439/55 894/740/4307
f 511/464/55 894/740/4307 1753/1439/55
f 1760/1446/4308 713/628/4309 1890/1577/4310
f 712/626/4311 1890/1577/4310 713/628/4309
f 3996/3636/3586 3425/3071/3584 712/626/4311
f 1890/1577/4310 712/626/4311 3425/3071/3584
f 1962/3967/859 1961/3968/859 1953/1642/859
f 1954/1643/859 1953/1642/859 1961/3968/859
f 1936/3969/859 1929/1618/859 1937/3970/859
f 1928/1620/859 1937/3970/859 1929/1618/859
f 1948/3971/859 1941/1630/859 1949/3972/859
f 1940/1632/859 1949/3972/859 1941/1630/859
f 1113/905/4312 1358/3973/4313 3195/2860/4312
f 1114/906/4314 1113/905/4315 3198/2861/4316
f 3195/2860/4317 3198/2861/4316 1113/905/4315
f 1966/1655/859 1965/1654/859 1973/3974/859
f 1974/3975/859 1973/3974/859 1965/1654/859
f 3258/2909/3318 4150/3976/4318 2631/2253/3317
f 4151/3977/4319 2631/2253/3317 4150/3976/4318
f 4152/3978/4320 2632/2251/1854 4151/3977/4321
f 2631/2253/1856 4151/3977/4321 2632/2251/1854
f 3550/3979/4322 3667/3336/4323 2073/1763/4324
f 1219/984/4325 2073/1763/4324 3667/3336/4323
f 3260/2914/3326 2629/2248/3324 4153/3980/4326
f 4154/3981/4327 4153/3980/4326 2629/2248/3324
f 4155/3982/4328 4154/3981/4329 2628/2247/1850
f 2629/2248/1851 2628/2247/1850 4154/3981/4329
f 830/709/3330 1916/1607/3328 4154/3981/4330
f 4153/3980/4331 4154/3981/4330 1916/1607/3328
f 1922/1612/1370 4153/3980/4326 1919/1608/55
f 1916/1607/55 1919/1608/55 4153/3980/4326
f 733/649/3322 4151/3977/4332 1926/1615/3321
f 4150/3976/4333 1926/1615/3321 4151/3977/4332
f 2650/2273/1874 1927/1617/55 4150/3976/4334
f 1926/1615/55 4150/3976/4334 1927/1617/55
f 2338/1953/4335 2340/1957/4335 2301/1927/4336
f 2339/1955/4337 2301/1927/4337 2340/1957/4224
f 2038/1730/2112 3084/3983/2293 2880/2531/2113
f 3084/3983/2293 3087/2742/2297 2880/2531/2113
f 3085/2740/2294 1014/826/4338 3086/2741/2295
f 3086/2741/2295 1014/826/4338 3087/2742/2297
f 3087/2742/2297 1014/826/4338 2880/2531/2113
f 1757/1443/1227 1756/1442/1226 2563/2185/1783
f 2564/2186/1784 2563/2185/1783 1756/1442/1226
f 3925/3562/4339 3924/3561/4038 3926/3563/4340
f 3267/2924/4036 3926/3563/4340 3924/3561/4038
f 1199/973/4341 3925/3562/4342 1836/1525/4343
f 3926/3563/4340 1836/1525/4344 3925/3562/4339
f 2333/1947/4229 2180/1834/4345 2336/1951/4227
f 2335/1950/4346 2336/1951/4347 2180/1834/4348
f 2355/1967/4349 3105/3984/4350 3108/3635/4349
f 4027/3799/4351 1661/3985/4352 4089/3794/4160
f 1660/1352/4161 4089/3794/4160 1661/3985/4352
f 3408/3571/4353 3105/3984/4354 1345/1087/4353
f 118/117/108 117/116/107 399/377/340
f 3733/3403/4355 399/377/340 117/116/107
f 1127/3401/4356 400/375/338 3733/3403/4355
f 399/377/340 3733/3403/4355 400/375/338
f 3480/3134/4357 2354/3782/4358 2908/2556/4358
f 633/558/506 319/294/262 634/556/504
f 3734/3407/4359 634/556/504 319/294/262
f 1119/3406/4360 3734/3407/4359 318/293/261
f 319/294/262 318/293/261 3734/3407/4359
f 4005/3657/3910 57/57/3911 3065/2730/4361
f 2/1/4362 3065/2730/4361 57/57/3911
f 1308/3986/4363 15/3987/4212 2807/2443/4364
f 186/177/3840 2807/2443/4364 15/3987/4212
f 1823/3809/3886 3174/2826/3888 31/3988/4243
f 212/195/4244 31/3988/4243 3174/2826/3888
f 4004/3656/3908 3063/2728/4365 378/354/3909
f 38/38/4366 378/354/3909 3063/2728/4365
f 4/4/4367 2043/1735/4368 894/740/4307
f 1754/1441/4306 894/740/4307 2043/1735/4368
f 36/36/4369 568/506/4305 2046/1737/4370
f 1590/1277/4304 2046/1737/4370 568/506/4305
f 4020/3804/4371 4091/3798/4151 2093/3989/4372
f 2094/1781/4152 2093/3989/4372 4091/3798/4151
f 1091/883/55 177/168/55 2342/1958/55
f 1924/1616/2769 3531/3198/2770 2776/2412/2766
f 3528/3196/2765 2776/2412/2766 3531/3198/2770
f 2772/2408/3692 3528/3196/3693 321/299/3697
f 3531/3198/3696 321/299/3697 3528/3196/3693
f 1273/1038/55 760/663/55 1274/1039/55
f 2936/2581/55 1274/1039/55 760/663/55
f 1918/1606/2776 2770/2406/2774 3535/3202/2778
f 3533/3200/2772 3535/3202/2778 2770/2406/2774
f 2766/2402/3683 405/380/3689 3533/3200/3685
f 3535/3202/3687 3533/3200/3685 405/380/3689
f 1752/1438/859 992/804/859 2562/2187/4373
f 1081/873/4374 2562/2187/4373 992/804/859
f 3029/3319/55 931/761/55 696/613/55
f 106/106/4375 3687/3990/4376 103/105/94
f 425/3991/364 103/105/94 3687/3990/4376
f 1812/1501/4377 1817/3495/4377 3480/3134/4378
f 708/622/55 934/762/55 3041/3320/55
f 2211/1875/1582 61/61/53 2091/1779/1503
f 1561/1261/1086 2091/1779/1503 61/61/53
f 2209/1874/1581 2088/1777/3967 14/14/14
f 1557/1256/1084 14/14/14 2088/1777/3967
f 4127/3880/4072 2581/2208/1810 4128/3881/4073
f 2580/2206/1808 4128/3881/4073 2581/2208/1810
f 1669/3036/327 1668/1786/327 1028/842/327
f 1614/3992/55 1613/3993/55 1619/1308/55
f 1616/1307/55 1619/1308/55 1613/3993/55
f 418/841/327 3383/3035/327 1028/842/327
f 3285/3994/4379 383/497/450 1218/982/863
f 542/495/448 1218/982/863 383/497/450
f 384/359/327 383/361/327 3284/2944/327
f 3285/2945/327 3284/2944/327 383/361/327
f 1057/990/867 1225/989/866 2878/2527/4380
f 1667/1359/4381 2878/2527/4380 1225/989/866
f 597/535/328 1057/862/328 2878/2528/328
f 390/3542/4382 2305/1931/1650 540/493/446
f 537/492/445 540/493/446 2305/1931/1650
f 3704/3376/328 387/365/328 540/3378/328
f 390/366/329 540/3378/328 387/365/328
f 1628/3995/55 1635/1324/55 1629/3996/55
f 1634/1322/55 1629/3996/55 1635/1324/55
f 1620/3997/55 1627/1316/55 1621/3998/55
f 1626/1314/55 1621/3998/55 1627/1316/55
f 1638/3999/55 1637/4000/55 1643/1332/55
f 1640/1331/55 1643/1332/55 1637/4000/55
f 3176/2829/3802 3172/2825/3618 1990/1679/3804
f 1204/978/3620 1990/1679/3804 3172/2825/3618
f 1203/976/859 1990/1679/859 1204/978/4383
f 1661/1354/4352 4052/3764/3856 1664/1356/3857
f 1375/1114/973 1374/1112/971 425/402/364
f 423/401/363 425/402/364 1374/1112/971
f 72/72/63 2579/2205/1807 69/71/62
f 2578/2207/1809 69/71/62 2579/2205/1807
f 3163/2815/4384 3162/2817/4384 2778/2413/4384
f 2779/2414/4385 2778/2413/4385 3162/2817/4385
f 1043/2894/4386 1391/1855/4387 1041/844/4388
f 1395/1130/4389 1041/844/4388 1391/1855/4387
f 3167/2819/4384 2782/2417/4384 3168/2820/4384
f 2781/2419/4390 3168/2820/4390 2782/2417/4390
f 2750/2384/462 3122/2773/462 2751/2385/462
f 3121/2775/462 2751/2385/462 3122/2773/462
f 3118/2769/462 3117/2771/462 2746/2380/462
f 2747/2381/462 2746/2380/462 3117/2771/462
f 2771/2407/1964 2772/2408/1965 324/300/268
f 321/299/267 324/300/268 2772/2408/1965
f 2765/2401/1962 406/382/345 2766/2402/1963
f 405/380/343 2766/2402/1963 406/382/345
f 1053/2890/4391 1047/853/4392 1399/1861/4393
f 1403/1138/4394 1399/1861/4393 1047/853/4392
f 3697/3368/4395 525/478/2560 4156/4001/4396
f 525/478/2560 3351/3011/2558 4156/4001/4396
f 3351/3011/2558 4147/3954/4397 4156/4001/4396
f 1583/1269/3822 4072/3772/3821 2093/1780/4372
f 2692/2321/940 2691/2323/940 3072/2731/940
f 3073/2732/940 3072/2731/940 2691/2323/940
f 3076/2735/940 2696/2325/940 3077/2736/940
f 2695/2327/940 3077/2736/940 2696/2325/940
f 3664/3332/2967 2885/2541/2966 2586/2213/1821
f 2024/1715/1819 2586/2213/1821 2885/2541/2966
f 2682/2305/462 3055/2718/462 2683/2306/462
f 3054/2720/462 2683/2306/462 3055/2718/462
f 3051/2714/462 3050/2716/462 2678/2301/462
f 2679/2302/462 2678/2301/462 3050/2716/462
f 1887/1573/1348 3427/3073/2637 1888/1575/1350
f 3427/3073/2637 3426/3072/2636 1888/1575/1350
f 3426/3072/2636 3425/3071/2635 1888/1575/1350
f 2999/2646/462 2998/2648/462 2601/2228/462
f 2602/2229/462 2601/2228/462 2998/2648/462
f 2605/2232/462 3003/2650/462 2606/2233/462
f 3002/2652/462 2606/2233/462 3003/2650/462
f 3198/2861/4316 1109/901/4398 1114/906/4314
f 3874/3486/4399 1114/906/4314 1109/901/4398
f 1107/899/4400 3876/3488/4401 1108/900/4402
f 3875/3487/4403 1108/900/4402 3876/3488/4401
f 3202/2865/4404 999/810/4405 670/589/4406
f 3881/3498/4407 670/589/4406 999/810/4405
f 665/583/4408 664/585/4408 3882/3500/4408
f 3880/3499/4409 3882/3500/4409 664/585/4409
f 883/1396/4410 455/3597/377 1699/1397/3420
f 1085/876/3422 1699/1397/3420 455/3597/377
f 883/731/660 727/642/658 455/419/4411
f 914/1399/4412 1701/1398/3431 640/3602/514
f 636/561/3432 640/3602/514 1701/1398/3431
f 640/565/4413 520/470/681 914/755/682
f 1783/1471/4414 608/546/4415 4158/4002/4416
f 608/546/4415 4159/4003/4417 4158/4002/4416
f 4159/4003/4417 1503/4004/4418 4158/4002/4416
f 3199/2864/4419 2710/2341/4420 3200/2862/4138
f 4137/3907/4136 3200/2862/4138 2710/2341/4420
f 3197/2859/4421 3196/2858/4132 2709/2339/4422
f 4136/3906/4131 2709/2339/4422 3196/2858/4132
f 3551/4005/4423 3018/3820/4423 2076/3882/4423
f 2078/4006/4424 2076/3882/4424 3018/3820/4424
f 1800/2958/2477 1026/837/2475 3329/3607/4425
f 1025/836/4426 3329/3607/4425 1026/837/2475
f 39/41/3827 1361/1100/3829 40/39/4427
f 3350/3010/4427 40/39/4427 1361/1100/3829
f 1588/1274/859 2568/2191/3786 957/784/859
f 1079/871/3787 957/784/859 2568/2191/3786
f 231/217/1307 235/219/4428 1672/1364/1308
f 3353/3012/4428 1672/1364/1308 235/219/4428
f 3389/3041/3591 2947/2591/3486 2765/2401/3592
f 406/382/3485 2765/2401/3592 2947/2591/3486
f 3391/3043/3589 2771/2407/3590 2941/2585/3495
f 324/300/3493 2941/2585/3495 2771/2407/3590
f 3441/3086/4429 3332/2989/2532 3442/3088/4429
f 3331/2990/2532 3442/3088/4429 3332/2989/2532
f 3447/3095/4430 3450/3096/4430 3335/2993/2534
f 3336/2994/2534 3335/2993/2534 3450/3096/4430
f 2846/2499/4431 120/119/4432 3670/3340/4433
f 4114/3864/4434 3670/3340/4433 120/119/4432
f 2856/2511/4435 3666/3334/4436 86/85/4437
f 4115/3865/4438 86/85/4437 3666/3334/4436
f 3463/3108/4429 3344/3001/2537 3464/3110/4429
f 3343/3002/2537 3464/3110/4429 3344/3001/2537
f 3469/3117/4430 3472/3118/4430 3339/2997/2536
f 3340/2998/2536 3339/2997/2536 3472/3118/4430
f 315/290/4439 314/289/4440 50/49/4441
f 83/84/4442 50/49/4441 314/289/4440
f 3259/2915/3325 3693/3356/4443 2630/3444/3323
f 3851/3446/4444 2630/3444/3323 3693/3356/4443
f 2414/2033/1734 2413/2032/1975 3694/3365/4445
f 2789/2425/1977 3694/3365/4445 2413/2032/1975
f 1821/2949/2463 3161/3242/2577 1094/888/2462
f 1095/886/2576 1094/888/2462 3161/3242/2577
f 1152/945/4446 987/801/4447 1153/947/4448
f 1149/943/4449 1153/947/4448 987/801/4447
f 3257/2911/3316 2634/3441/3315 3683/3345/4450
f 3849/3442/4451 3683/3345/4450 2634/3441/3315
f 2411/2031/1727 3575/3240/4452 2412/2030/1725
f 2785/2421/1969 2412/2030/1725 3575/3240/4452
f 4161/4007/4453 4162/4008/4454 479/436/392
f 479/436/392 4162/4008/4454 480/437/393
f 4162/4008/4454 4163/4009/4455 480/437/393
f 2756/4010/1950 2755/2390/1948 4163/4009/4456
f 480/437/1949 4163/4009/4456 2755/2390/1948
f 4133/3890/4098 1603/2475/2040 4134/3891/4099
f 1603/2475/2040 396/371/2042 4134/3891/4099
f 396/371/2042 4130/3887/4100 4134/3891/4099
f 1157/951/800 1156/949/848 3361/3021/4457
f 3362/3022/4458 3361/3021/4457 1156/949/848
f 941/767/690 3349/3006/1017 938/766/689
f 3348/3007/1016 938/766/689 3349/3006/1017
f 4144/3936/4192 4098/3935/4191 71/3295/2917
f 3633/3294/2916 71/3295/2917 4098/3935/4191
f 3332/3643/859 3441/3645/859 3334/2992/859
f 3435/3081/859 3334/2992/859 3441/3645/859
f 3344/3639/859 3463/3641/859 3346/3004/859
f 3457/3103/859 3346/3004/859 3463/3641/859
f 3335/3647/859 3338/2996/859 3447/3649/859
f 3444/3089/859 3447/3649/859 3338/2996/859
f 3339/3651/859 3342/3000/859 3469/3653/859
f 3466/3111/859 3469/3653/859 3342/3000/859
f 1054/858/55 1050/3923/55 1051/857/55
f 1049/3940/55 1051/857/55 1050/3923/55
f 1808/2961/2077 2636/3608/4023 1457/1178/2477
f 1458/1176/4024 1457/1178/2477 2636/3608/4023
f 1308/3986/4363 2807/2443/4364 465/3070/2633
f 2806/2445/2634 465/3070/2633 2807/2443/4364
f 830/709/635 4154/3981/4327 831/707/633
f 4155/3982/4459 831/707/633 4154/3981/4327
f 733/649/587 732/648/586 4151/3977/4460
f 4152/3978/4461 4151/3977/4460 732/648/586
f 4166/4011/4462 3357/4012/4462 3354/3014/4462
f 3355/3015/4463 3354/3014/4463 3357/4012/4463
f 4167/4013/4464 3629/3286/4464 3357/4012/4464
f 3355/3015/4465 3357/4012/4465 3629/3286/4465
f 4169/4014/4466 3873/3485/3201 3627/4015/4467
f 3628/3285/3202 3627/4015/4467 3873/3485/3201
f 4169/4014/4466 3627/4015/4467 3870/3482/3195
f 3858/3458/3196 3870/3482/3195 3627/4015/4467
f 1046/850/55 1045/848/55 1042/3925/55
f 1039/3920/55 1042/3925/55 1045/848/55
f 4121/3873/4055 3852/3447/4054 3886/3504/3229
f 3405/3055/3230 3886/3504/3229 3852/3447/4054
f 4122/3876/4064 3889/3507/3234 3854/3449/4062
f 3407/3057/3235 3854/3449/4062 3889/3507/3234
f 2756/4016/4468 482/438/4469 4135/3893/4102
f 481/440/55 4135/3893/4102 482/438/4469
f 3551/4017/4470 3550/3979/4471 1609/1299/4472
f 2073/1763/4324 1609/1299/4473 3550/3979/4322
f 1019/1922/1639 1017/2539/4474 2300/1924/1641
f 2884/2537/4475 2300/1924/1641 1017/2539/4474
f 3996/4018/4476 1813/1500/4477 292/270/4478
f 4100/3829/4479 3668/3831/4479 2074/4019/4479
f 4170/4020/4480 2074/4019/4480 3668/3831/4480
f 159/150/130 158/152/132 4045/3759/4481
f 4046/3761/4482 902/750/673 906/752/675
f 1477/1192/4483 3714/3381/4484 2962/4021/4485
f 2958/4022/4486 2962/4021/4485 3714/3381/4484
f 2955/4023/4487 2958/4022/4486 2954/2599/4488
f 2953/2598/4489 2954/2599/4488 2958/4022/4486
f 504/454/4490 3705/3379/4491 2972/4024/4492
f 2968/4025/4493 2972/4024/4492 3705/3379/4491
f 2965/4026/4494 2968/4025/4493 2964/2609/4495
f 2963/2608/4496 2964/2609/4495 2968/4025/4493
f 1417/1151/4497 2982/4027/4498 3706/3380/4499
f 2978/4028/4500 3706/3380/4499 2982/4027/4498
f 2977/4029/4501 2974/2619/4502 2978/4028/4500
f 2973/2618/4503 2978/4028/4500 2974/2619/4502
f 579/517/4504 2992/4030/4505 3715/3382/4506
f 2988/4031/4507 3715/3382/4506 2992/4030/4505
f 2987/4032/4508 2984/2629/4509 2988/4031/4507
f 2983/2628/4510 2988/4031/4507 2984/2629/4509
f 2040/1731/4511 3936/3583/4512 270/253/4513
f 2041/1734/4514 270/253/4513 3936/3583/4512
f 2039/1732/4515 2760/4033/4516 3936/3583/4517
f 2759/4034/4518 3936/3583/4517 2760/4033/4516
f 3838/3428/4519 2329/1941/4519 3835/3427/4519
f 308/284/4519 3835/3427/4519 2329/1941/4519
f 307/282/4520 3836/3425/4520 308/284/4520
f 3835/3427/4520 308/284/4520 3836/3425/4520
f 1089/1831/1537 2178/1832/1538 651/2535/525
f 2881/2534/4521 651/2535/525 2178/1832/1538
f 3842/3432/4519 3841/3430/4519 2242/1897/4519
f 887/732/4519 2242/1897/4519 3841/3430/4519
f 888/733/4522 887/732/4522 3840/3429/4522
f 3841/3430/4522 3840/3429/4522 887/732/4522
f 3840/3429/4523 3839/3431/4523 888/733/4523
f 2240/1895/4523 888/733/4523 3839/3431/4523
f 2242/1897/4520 2240/1895/4520 3842/3432/4520
f 3839/3431/4520 3842/3432/4520 2240/1895/4520
f 1297/1051/919 3387/3038/1863 1298/1052/920
f 3386/3037/4524 1298/1052/920 3387/3038/1863
f 3836/3425/4523 307/282/4523 3837/3426/4523
f 2330/1943/4523 3837/3426/4523 307/282/4523
f 2329/1941/4522 3838/3428/4522 2330/1943/4522
f 3837/3426/4522 2330/1943/4522 3838/3428/4522
f 4016/3680/3657 929/757/684 4014/3679/3656
f 929/757/684 928/756/683 4014/3679/3656
f 928/756/683 4015/3678/3655 4014/3679/3656
f 3828/3417/3127 929/3416/3126 3864/3918/4168
f 4016/3919/4169 3864/3918/4168 929/3416/3126
f 4144/3934/4190 71/70/61 4142/3933/4189
f 71/70/61 70/69/60 4142/3933/4189
f 70/69/60 4143/3932/4188 4142/3933/4189
f 2165/1817/4525 272/258/4526 3937/3584/4527
f 2168/1820/4528 3937/3584/4527 272/258/4526
f 2166/1818/4529 3937/3584/4527 1899/4035/4530
f 2938/4036/4531 1899/4035/4530 3937/3584/4527
f 4172/4037/4532 927/758/685 4171/4038/4533
f 927/758/685 930/759/686 4171/4038/4533
f 930/759/686 4173/4039/4534 4171/4038/4533
f 1334/1082/944 1333/1084/946 3289/2952/1178
f 3290/2953/4535 3289/2952/1178 1333/1084/946
f 763/665/4536 25/24/4537 24/23/4537
f 1801/1488/1264 1800/1490/1266 3328/2987/4538
f 3329/2985/4539 3328/2987/4538 1800/1490/1266
f 1014/826/4338 3085/2740/2294 3927/3568/4540
f 3085/2740/2294 4174/4040/4541 3927/3568/4540
f 4174/4040/4541 4104/4041/4542 3927/3568/4540
f 326/301/4543 2717/2349/4544 3700/3372/4279
f 1776/1463/4279 3700/3372/4279 2717/2349/4544
f 1110/902/812 3197/2859/4421 2708/2338/4545
f 2709/2339/4422 2708/2338/4545 3197/2859/4421
f 2053/1745/4546 2056/1746/4547 1303/1058/4548
f 1300/1057/4549 1303/1058/4548 2056/1746/4547
f 778/680/4266 1300/1057/4549 2758/2393/4264
f 2056/1746/4547 2758/2393/4264 1300/1057/4549
f 194/185/4550 3699/3371/4268 2718/2351/4551
f 1305/1059/4269 2718/2351/4551 3699/3371/4268
f 4175/4042/4552 903/748/3947 4008/4043/4553
f 2011/1702/3948 4008/4043/4553 903/748/3947
f 2882/2532/3449 1086/878/3448 652/2533/4554
f 454/3596/4555 652/2533/4554 1086/878/3448
f 2883/2536/3443 1016/2538/4556 639/562/3442
f 641/3601/4557 639/562/3442 1016/2538/4556
f 669/588/537 2711/2340/4558 3199/2864/4419
f 2710/2341/4420 3199/2864/4419 2711/2340/4558
f 833/710/3329 338/313/3881 1917/1605/3327
f 2767/2405/3879 1917/1605/3327 338/313/3881
f 1918/1606/55 1917/1605/55 2770/2406/55
f 2767/2405/55 2770/2406/55 1917/1605/55
f 734/651/3320 1925/1614/3319 310/285/3877
f 2775/2410/3876 310/285/3877 1925/1614/3319
f 1924/1616/55 2776/2412/55 1925/1614/55
f 2775/2410/55 1925/1614/55 2776/2412/55
f 3101/3187/4285 4081/3780/4285 1788/1475/4559
f 362/337/4560 1788/1475/4559 4081/3780/4285
f 361/339/4561 1158/954/4562 362/337/4560
f 1788/1475/4559 362/337/4560 1158/954/4562
f 2111/1803/4563 182/174/4564 2112/1801/4565
f 181/172/3587 2112/1801/4565 182/174/4564
f 806/692/4276 3089/2745/4275 181/172/3587
f 2112/1801/4565 181/172/3587 3089/2745/4275
f 713/628/4309 1760/1446/4308 296/274/4241
f 1759/1448/4242 296/274/4241 1760/1446/4308
f 752/655/4566 1913/1602/4240 3701/3373/4256
f 1911/1600/4257 3701/3373/4256 1913/1602/4240
f 1260/1022/4293 1885/1574/3587 458/422/4292
f 295/271/3588 458/422/4292 1885/1574/3587
f 1769/1458/4567 325/303/4568 1770/1456/4281
f 562/501/4282 1770/1456/4281 325/303/4568
f 2105/1794/4277 2104/1793/4569 192/184/4570
f 189/183/4571 192/184/4570 2104/1793/4569
f 2727/2356/4249 189/183/4571 3090/2747/4247
f 2104/1793/4569 3090/2747/4247 189/183/4571
f 182/174/4564 2111/1803/4563 3717/3384/4262
f 2110/1800/4263 3717/3384/4262 2111/1803/4563
f 1781/1469/4572 1463/1181/4573 518/469/4574
f 515/468/4575 518/469/4574 1463/1181/4573
f 583/521/4272 515/468/4575 1462/1180/4270
f 1463/1181/4573 1462/1180/4270 515/468/4575
f 518/469/4574 4080/3778/4298 1781/1469/4572
f 3104/3185/4299 1781/1469/4572 4080/3778/4298
f 1828/1515/4576 258/242/4577 1829/1517/4578
f 257/240/4579 1829/1517/4578 258/242/4577
f 714/629/4580 1098/892/4581 257/240/4579
f 1829/1517/4578 257/240/4579 1098/892/4581
f 195/186/4582 194/185/4550 1767/1453/4583
f 2718/2351/4551 1767/1453/4583 194/185/4550
f 1833/1521/4584 1530/1229/4585 590/531/4586
f 2115/1805/4587 590/531/4586 1530/1229/4585
f 259/245/4588 2115/1805/4587 1526/1227/4589
f 1530/1229/4585 1526/1227/4589 2115/1805/4587
f 2228/1882/4253 1159/952/4252 361/339/4561
f 1158/954/4562 361/339/4561 1159/952/4252
f 751/653/4590 1453/1174/4591 752/655/4566
f 1913/1602/4240 752/655/4566 1453/1174/4591
f 3674/3344/4592 3673/3343/4592 2808/2444/4592
f 1858/1542/4593 2808/2444/4593 3673/3343/4593
f 1857/1541/4301 2809/2446/4300 1858/1542/4594
f 2808/2444/4595 1858/1542/4594 2809/2446/4300
f 358/333/4259 1454/1172/4258 751/653/4590
f 1453/1174/4591 751/653/4590 1454/1172/4258
f 1830/1520/4596 1833/1521/4584 593/532/4597
f 590/531/4586 593/532/4597 1833/1521/4584
f 1099/890/4598 1598/1286/4599 1764/1451/4237
f 3830/3420/4238 1764/1451/4237 1598/1286/4599
f 1526/1227/4589 1529/1228/4289 259/245/4588
f 3831/3421/4291 259/245/4588 1529/1228/4289
f 1303/1058/4548 3716/3383/4251 2053/1745/4546
f 2052/1742/4251 2053/1745/4546 3716/3383/4251
f 3672/3342/4600 3173/2828/4600 3671/3341/4600
f 1991/1678/4601 3671/3341/4601 3173/2828/4601
f 192/184/4570 3702/3374/4274 2105/1794/4277
f 2102/1792/4274 2105/1794/4277 3702/3374/4274
f 1767/1453/4583 1766/1452/4294 195/186/4582
f 788/691/4296 195/186/4582 1766/1452/4294
f 2717/2349/4544 326/301/4543 1769/1458/4567
f 325/303/4568 1769/1458/4567 326/301/4543
f 4041/4044/4602 3952/3609/4603 1828/1515/4576
f 258/242/4577 1828/1515/4576 3952/3609/4603
f 4176/4045/55 2862/4046/55 2357/1968/55
f 716/631/55 2357/1968/55 2862/4046/55
f 1598/1286/4599 1099/890/4598 714/629/4580
f 1098/892/4581 714/629/4580 1099/890/4598
f 4041/4044/4602 1830/1520/4596 3952/3609/4603
f 593/532/4597 3952/3609/4603 1830/1520/4596
f 1898/3177/327 2939/3176/327 1707/4047/327
f 1708/4048/327 1707/4047/327 2939/3176/327
f 1128/922/4604 1471/1412/4604 2939/2584/4604
f 1708/1410/4605 2939/2584/4605 1471/1412/4605
f 2177/1830/2957 1088/1829/791 2181/1836/2956
f 2179/1835/4606 2181/1836/2956 1088/1829/791
f 656/4049/4607 2179/2857/1541 1087/881/4608
f 1895/3031/328 1706/4050/328 3366/3032/328
f 1705/4051/328 3366/3032/328 1706/4050/328
f 1121/914/4604 3366/3241/4604 1279/1408/4604
f 1705/1407/4609 1279/1408/4609 3366/3241/4609
f 1063/867/4610 1834/1522/4610 3942/3590/3916
f 3944/3591/4611 3942/3590/4611 1834/1522/4612
f 3697/3368/4395 4156/4001/4396 1584/1271/2564
f 4147/3954/4397 3352/3013/2563 4156/4001/4396
f 4156/4001/4396 3352/3013/2563 1584/1271/2564
f 4147/3954/4220 4146/3955/4221 3352/3013/3022
f 4148/3956/4222 1673/1365/1161 4146/3955/4221
f 4146/3955/4221 1673/1365/1161 3352/3013/3022
f 3929/4052/4613 4178/4053/4614 2411/2031/1727
f 3950/4054/4615 3575/3240/4452 4178/4053/4614
f 4178/4053/4614 3575/3240/4452 2411/2031/1727
f 3929/4052/4613 2414/2033/1734 4178/4053/4614
f 2414/2033/1734 3694/3365/4445 4178/4053/4614
f 3694/3365/4445 3950/4054/4615 4178/4053/4614
f 4148/3956/4222 1359/1097/956 1673/1365/1161
f 1064/868/4616 1835/1523/4617 1063/867/4618
f 1834/1522/4619 1063/867/4618 1835/1523/4617
f 2299/1923/2952 2302/1928/2950 1020/1921/751
f 1487/1926/4620 1020/1921/751 2302/1928/2950
f 655/580/4621 1487/1202/1643 656/4049/4607
f 1200/974/4622 1199/973/4341 1837/1524/4623
f 1836/1525/4343 1837/1524/4623 1199/973/4341
f 3201/2863/4624 1358/3973/3299 1000/811/4624
f 999/810/4405 3202/2865/4404 1000/811/4625
f 3201/2863/4626 1000/811/4625 3202/2865/4404
f 4/4/4627 3/2/4628 2043/1735/4627
f 2044/1736/4628 2043/1735/4627 3/2/4628
f 36/36/4629 2046/1737/4630 37/37/4631
f 2045/1738/4631 37/37/4631 2046/1737/4630
f 4179/4055/55 1349/1089/55 4176/4045/55
f 1348/1088/55 4176/4045/55 1349/1089/55
f 2356/4056/4632 3107/2755/4632 1349/1089/4632
f 3512/4057/4633 4180/4058/4634 3580/4059/4635
f 3957/3615/3468 2626/2246/1849 4180/4058/4634
f 4180/4058/4634 2626/2246/1849 3580/4059/4635
f 3512/4057/4633 3511/4060/4636 4180/4058/4634
f 3511/4060/4636 3510/3144/2699 4180/4058/4634
f 3510/3144/2699 3957/3615/3468 4180/4058/4634
f 3403/4061/4637 3402/4062/4638 4181/4063/4639
f 3402/4062/4638 1750/1436/1220 4181/4063/4639
f 1750/1436/1220 3960/3618/3471 4181/4063/4639
f 3403/4061/4637 4181/4063/4639 3581/4064/4640
f 3960/3618/3471 2611/2239/1842 4181/4063/4639
f 4181/4063/4639 2611/2239/1842 3581/4064/4640
f 2759/4065/4641 605/4066/4642 2041/1734/4643
f 2042/1733/4644 2041/1734/4643 605/4066/4642
f 4159/4003/4645 2042/1733/4644 1504/4067/4646
f 605/4066/4642 1504/4067/4646 2042/1733/4644
f 4136/3906/4647 3571/3236/2831 673/591/4648
f 674/593/2830 673/591/4648 3571/3236/2831
f 4137/3907/4649 996/808/4650 3569/3234/2829
f 995/806/2827 3569/3234/2829 996/808/4650
f 2938/4068/4651 2168/1820/4652 822/4069/4653
f 2167/1819/4654 822/4069/4653 2168/1820/4652
f 4182/4070/4655 2689/4071/4656 2167/1819/4654
f 822/4069/4653 2167/1819/4654 2689/4071/4656
f 4184/4072/124 306/281/251 4183/4073/124
f 306/281/251 305/283/252 4183/4073/124
f 305/283/252 4185/4074/124 4183/4073/124
f 708/622/55 3596/3828/55 1606/1294/55
f 1608/1297/55 3598/3821/55 696/613/55
f 1184/967/55 1187/968/55 1413/4075/55
f 3595/3822/55 1413/4075/55 1187/968/55
f 4245/4076/4657 4258/4077/4657 4244/4078/4657
f 1184/967/55 1413/4075/55 1604/1293/55
f 3597/3825/55 1604/1293/55 1413/4075/55
f 4012/3670/4011 1870/3669/4106 3543/3858/2785
f 3834/3424/859 3171/2824/859 1496/1211/859
f 2906/2549/859 1496/1211/859 3171/2824/859
f 3423/3067/859 3951/3604/859 3424/3069/859
f 4010/3667/859 3424/3069/859 3951/3604/859
f 3662/3330/859 1978/1667/859 4010/3667/859
f 3424/3069/859 4010/3667/859 1978/1667/859
f 3084/4079/4658 2038/1730/3932 1009/820/3931
f 1404/1141/3924 2025/1717/2291 3084/4080/2293
f 1358/4081/4659 4261/3786/4660 3195/2860/2387
f 3365/3030/2583 3195/2860/2387 4261/3786/4660
f 3172/2825/859 3176/2829/859 2905/2548/859
f 3175/2827/859 2905/2548/859 3176/2829/859
f 4246/4082/4661 4247/4083/4661 4255/4084/4661
f 1879/1567/1342 1871/3673/4119 1880/1565/1340
f 1124/3388/3076 2788/3389/4662 3718/3387/3075
f 3474/3121/4663 3718/3387/3075 2788/3389/4662
f 2965/4026/4494 3591/3257/4664 2971/4085/4665
f 505/455/4666 2971/4085/4665 3591/3257/4664
f 504/454/4667 2972/4024/4667 505/455/4667
f 2971/4085/4668 505/455/4668 2972/4024/4668
f 2987/4032/4508 2989/4086/4669 3593/3261/4670
f 578/519/4671 3593/3261/4670 2989/4086/4669
f 579/517/4672 578/519/4672 2992/4030/4672
f 2989/4086/4673 2992/4030/4673 578/519/4673
f 3092/4087/55 708/622/55 2365/1974/55
f 2977/4029/4501 2979/4088/4674 3594/3264/4675
f 1416/1152/4676 3594/3264/4675 2979/4088/4674
f 1417/1151/4677 1416/1152/4677 2982/4027/4677
f 2979/4088/4678 2982/4027/4678 1416/1152/4678
f 2955/4023/4487 3590/3254/4679 2961/4089/4680
f 1478/1193/4681 2961/4089/4680 3590/3254/4679
f 1477/1192/4682 2962/4021/4682 1478/1193/4682
f 2961/4089/4683 1478/1193/4683 2962/4021/4683
f 3857/3455/4684 3974/4090/4685 1843/3457/4686
f 3974/4090/4685 3973/4091/3169 1843/3457/4686
f 3973/4091/3169 4188/4092/4687 1843/3457/4686
f 1091/883/55 485/444/55 650/573/55
f 2995/3533/55 2994/4093/55 696/613/55
f 3543/3858/2785 730/1568/2786 1882/1570/4009
f 783/685/55 782/684/55 1104/896/55
f 412/387/350 411/389/352 1406/1140/4688
f 1407/1142/4689 1406/1140/4688 411/389/352
f 2022/1716/4690 1407/1142/995 2146/1813/3930
f 411/389/3929 2146/1813/3930 1407/1142/995
f 408/383/346 1007/821/4691 409/384/347
f 1010/822/4692 409/384/347 1007/821/4691
f 2037/1728/4693 2142/1809/3938 1010/822/4694
f 409/384/3936 1010/822/4694 2142/1809/3938
f 1115/3393/3082 3719/3391/3080 2792/3394/4695
f 3475/3122/4696 2792/3394/4695 3719/3391/3080
f 588/526/55 587/525/55 1104/896/55
f 1091/883/55 810/696/55 809/698/55
f 4167/4013/4697 3357/4012/4698 4189/4094/4697
f 1091/883/55 2932/2575/55 178/170/55
f 4190/4095/4699 3357/4012/2567 4166/4011/4699
f 245/228/55 244/227/55 1104/896/55
f 4176/4045/55 1348/1088/55 2862/4046/55
f 755/657/55 2862/4046/55 1348/1088/55
f 2214/1879/124 1120/912/124 2215/1881/124
f 1520/1219/1872 2215/1881/124 1120/912/124
f 135/135/1589 2214/1879/1588 136/136/4700
f 2215/1881/4700 136/136/4700 2214/1879/1588
f 240/223/55 2237/1891/55 1104/896/55
f 2331/1945/124 1522/1220/124 1126/921/124
f 1521/1222/1059 1126/921/124 1522/1220/124
f 897/743/1668 896/742/4701 2331/1945/1667
f 1522/1220/4702 2331/1945/1667 896/742/4701
f 1091/883/55 2231/1888/55 644/566/55
f 1147/941/55 2368/1979/55 696/613/55
f 1415/1149/55 2876/3193/55 1413/3192/55
f 3829/3419/3129 3867/3478/4703 930/3418/3128
f 4173/4096/4704 930/3418/3128 3867/3478/4703
f 708/622/55 2996/3548/55 2364/1975/55
f 1720/1414/4705 3113/2765/4706 4006/4097/4707
f 3111/2764/4708 3113/2765/4706 1719/1413/4709
f 1720/1414/4705 1719/1413/4709 3113/2765/4706
f 4006/4097/4707 3116/2768/4710 1722/1419/4711
f 3115/2766/4712 1723/1417/4713 3116/2768/4710
f 1722/1419/4711 3116/2768/4710 1723/1417/4713
f 2010/1704/4714 1721/1416/4714 4007/4098/4714
f 2013/1705/4715 1718/1415/4715 2010/1704/4715
f 1721/1416/4716 2010/1704/4716 1718/1415/4716
f 4007/4098/4717 1725/1420/4717 2006/1697/4717
f 2007/1699/4718 2006/1697/4718 1724/1418/4718
f 1725/1420/4719 1724/1418/4719 2006/1697/4719
f 2286/4099/55 3030/3318/55 696/613/55
f 3177/2831/2366 726/2830/3956 1879/1567/1342
f 3570/3235/4720 1200/974/4720 233/216/4720
f 1837/1524/4721 233/216/4721 1200/974/4721
f 3572/3237/4722 42/42/4722 1064/868/4723
f 1835/1523/4724 1064/868/4723 42/42/4722
f 1792/4100/1258 2555/2177/1777 972/798/718
f 972/798/718 2555/2177/1777 971/797/717
f 2555/2177/1777 2556/2178/1778 971/797/717
f 4128/4101/4073 2580/4102/4725 166/158/138
f 163/157/4726 166/158/138 2580/4102/1808
f 163/157/4726 2580/4102/1808 3645/4103/4727
f 2579/4104/1807 3645/4103/4727 2580/4102/1808
f 1706/1405/4728 1895/1582/4728 1280/1406/4728
f 1059/1583/4729 1280/1406/4729 1895/1582/4729
f 1707/1409/4730 1470/1411/4730 1898/1586/4730
f 1197/1587/4731 1898/1586/4731 1470/1411/4731
f 2339/1955/4732 1251/1954/4733 2301/1927/4336
f 1250/1925/4734 2301/1927/4336 1251/1954/4733
f 1413/3192/55 484/441/55 1989/4105/55
f 483/439/55 1989/4105/55 484/441/55
f 2141/1811/4735 2144/1812/4736 2768/2403/55
f 2769/2404/55 2768/2403/55 2144/1812/4736
f 2585/2211/4737 3532/3199/2771 2144/1812/4738
f 2769/2404/2773 2144/1812/4738 3532/3199/2771
f 2147/1814/4739 2774/2409/55 2148/1816/1825
f 2773/2411/55 2148/1816/1825 2774/2409/55
f 2588/2215/4740 2148/1816/4741 3529/3195/2763
f 2773/2411/2764 3529/3195/2763 2148/1816/4741
f 2804/2441/4742 1649/1340/1139 1648/1338/1137
f 1652/1347/1144 1655/1348/1145 2805/2442/4743
f 4136/3906/4744 673/591/540 2709/2339/1905
f 2710/2341/1907 996/808/728 4137/3907/4745
f 3111/2764/4746 1719/1413/4747 2013/1705/4748
f 1718/1415/4749 2013/1705/4748 1719/1413/4747
f 3115/2766/4750 2007/1699/4750 1723/1417/4750
f 1724/1418/4751 1723/1417/4751 2007/1699/4751
f 80/80/4752 79/78/4753 769/674/4752
f 2909/2557/55 697/611/55 696/613/55
f 35/34/4754 4047/3762/3779 3508/3142/2697
f 3505/3139/2693 4044/3760/3773 5/5/4755
f 629/551/4756 628/553/4757 2704/2334/4758
f 2703/2333/4759 2704/2334/4758 628/553/4757
f 269/252/4760 2703/2333/4759 632/555/4761
f 628/553/4757 632/555/4761 2703/2333/4759
f 97/97/4762 2707/2337/4763 93/95/4764
f 2706/2336/4765 93/95/4764 2707/2337/4763
f 273/256/4766 94/93/4767 2706/2336/4765
f 93/95/4764 2706/2336/4765 94/93/4767
f 166/158/138 1206/979/860 4128/4101/4073
f 1532/2023/4768 4128/4101/4073 1206/979/860
f 2406/2019/859 2405/2021/859 2654/2277/859
f 2655/2278/859 2654/2277/859 2405/2021/859
f 105/104/93 104/103/92 2409/2028/1724
f 1271/2026/905 2409/2028/1724 104/103/92
f 2394/2007/859 2393/2009/859 2658/2281/859
f 2659/2282/859 2658/2281/859 2393/2009/859
f 4161/4007/4453 1986/1672/1413 4162/4008/4454
f 1986/1672/1413 1985/1674/1415 4162/4008/4454
f 1985/1674/1415 4163/4009/4455 4162/4008/4454
f 1985/1674/1951 2756/2391/1950 4163/4009/4456
f 3646/3325/4769 2189/1844/1554 3647/3327/4770
f 1558/1259/1552 3647/3327/4770 2189/1844/1554
f 3686/3350/4771 3688/3351/4772 2194/1851/1564
f 1564/1262/1563 2194/1851/1564 3688/3351/4772
f 2666/2289/859 2398/2011/859 2667/2290/859
f 2397/2013/859 2667/2290/859 2398/2011/859
f 2390/2003/859 2670/2293/859 2391/2004/859
f 2669/2295/859 2391/2004/859 2670/2293/859
f 2402/2015/859 2401/2017/859 2662/2285/859
f 2663/2286/859 2662/2285/859 2401/2017/859
f 2386/1999/859 2674/2297/859 2387/2000/859
f 2673/2299/859 2387/2000/859 2674/2297/859
f 311/286/3875 2774/2409/3874 414/390/4773
f 2147/1814/4774 414/390/4773 2774/2409/3874
f 2335/1950/4346 2180/1834/4348 267/1948/4775
f 263/1833/4776 267/1948/4775 2180/1834/4348
f 337/315/3880 410/386/4777 2768/2403/3878
f 2141/1811/4778 2768/2403/3878 410/386/4777
f 708/622/55 3040/3321/55 709/623/55
f 310/285/253 309/287/255 734/651/589
f 731/650/588 734/651/589 309/287/255
f 338/313/281 833/710/636 339/314/282
f 832/708/634 339/314/282 833/710/636
f 3634/3292/2914 3646/3325/4779 72/3293/2915
f 2579/3324/4780 72/3293/2915 3646/3325/4779
f 3690/3355/2997 1375/3353/2995 3686/3350/4781
f 425/3348/4782 3686/3350/4781 1375/3353/2995
f 2787/2423/4783 2788/2424/3078 1123/915/823
f 1124/916/824 1123/915/823 2788/2424/3078
f 1405/1139/992 1404/1141/994 3084/4106/4784
f 2791/2427/4785 1116/907/817 2792/2428/3084
f 1115/909/819 2792/2428/3084 1116/907/817
f 95/94/4786 2166/1818/4529 1901/4107/4787
f 1899/4035/4530 1901/4107/4787 2166/1818/4529
f 2994/4093/55 2993/4108/55 696/613/55
f 50/49/4441 49/48/4788 315/290/4439
f 3684/3347/4789 315/290/4439 49/48/4788
f 987/801/4447 1152/945/4446 988/799/4790
f 3941/3588/4791 988/799/4790 1152/945/4446
f 631/554/4792 3698/4109/4793 2039/1732/4515
f 2760/4033/4516 2039/1732/4515 3698/4109/4793
f 708/622/55 1136/931/55 2907/2552/55
f 3720/3395/3091 2582/2209/1812 2879/2530/3089
f 2035/1729/1811 2879/2530/3089 2582/2209/1812
f 4174/4040/4541 3085/2740/2294 4104/3841/4542
f 1410/1145/2296 4104/3841/4542 3085/2740/2294
f 3953/3612/859 4113/3863/859 3954/3611/859
f 4112/3862/859 3954/3611/859 4113/3863/859
f 3956/3614/859 3955/3613/859 4116/3869/859
f 4117/3868/859 4116/3869/859 3955/3613/859
f 147/146/4794 4191/4110/4795 1129/923/4795
f 4191/4110/4795 4192/4111/4796 1129/923/4795
f 4192/4111/4797 4193/4112/4798 1129/923/4799
f 4193/4112/4798 4194/4113/4800 1129/923/4799
f 1129/923/4801 4194/4113/4801 2730/4114/4801
f 2730/4114/4802 4194/4113/4802 1380/1116/4802
f 4194/4113/4803 4193/4112/4804 1380/1116/4805
f 4193/4112/4804 4192/4111/4805 1380/1116/4805
f 4192/4111/4806 4191/4110/4807 1380/1116/4808
f 4191/4110/4807 114/114/4809 1380/1116/4808
f 3021/2672/2244 2183/1837/1543 3019/2671/2243
f 2183/1837/1543 2182/1839/1545 3019/2671/2243
f 2182/1839/1545 3020/2670/2242 3019/2671/2243
f 3016/2667/2239 1611/1300/4810 3021/3323/2945
f 2183/1837/4811 3021/3323/2945 1611/1300/4810
f 4172/4037/4532 4171/4038/4533 1554/1252/1080
f 4173/4039/4534 1555/1254/1082 4171/4038/4533
f 4171/4038/4533 1555/1254/1082 1554/1252/1080
f 708/622/55 1605/1295/55 3275/3924/55
f 1647/4115/4812 2787/2423/4813 1648/3514/3253
f 1123/915/3252 1648/3514/3253 2787/2423/4813
f 1653/4116/4814 1652/3516/3257 2791/2427/4815
f 1116/907/3255 2791/2427/4815 1652/3516/3257
f 4175/4042/4552 4008/4043/4553 162/154/3950
f 2005/1696/3952 162/154/3950 4008/4043/4553
f 712/626/4816 1813/1500/4477 3996/4018/4476
f 3548/3212/2813 668/587/536 667/586/535
f 610/549/497 1111/903/813 3549/3213/2814
f 1545/1241/4817 3451/3099/4817 4021/3720/4817
f 3454/3100/4818 4021/3720/4818 3451/3099/4818
f 1922/1612/4819 1921/1611/55 4153/3980/4331
f 1921/1611/55 1920/1610/55 4153/3980/4331
f 1920/1610/55 3260/2914/55 4153/3980/4331
f 3258/2909/55 2652/2275/55 4150/3976/4820
f 2652/2275/55 2651/2274/55 4150/3976/4820
f 2651/2274/55 2650/2273/4821 4150/3976/4820
f 1905/1593/2625 2640/2260/2623 1906/1594/4822
f 2639/2259/4823 1906/1594/4822 2640/2260/2623
f 2639/2259/55 2640/2260/55 1104/896/55
f 1196/969/4824 96/96/4825 1901/4107/4787
f 95/94/4786 1901/4107/4787 96/96/4825
f 1060/863/4826 3698/4109/4793 630/552/4827
f 631/554/4792 630/552/4827 3698/4109/4793
f 1091/883/55 2645/2265/55 2232/1886/55
f 3276/3946/55 1607/1296/55 696/613/55
f 1504/4067/4646 1503/4117/4828 4159/4003/4645
f 4182/4070/4655 1503/4117/4829 2689/4071/4656
f 3896/3520/4830 1235/997/4830 3897/3522/4830
f 1234/999/4831 3897/3522/4831 1235/997/4831
f 1240/1002/4832 3898/3523/4832 1234/999/4832
f 3897/3522/4833 1234/999/4833 3898/3523/4833
f 769/674/4752 772/675/4752 80/80/4752
f 4195/4118/4834 4196/4119/4835 161/153/133
f 4175/4042/4836 162/154/134 4196/4119/4835
f 4196/4119/4835 162/154/134 161/153/133
f 1684/1377/2523 1683/1379/2978 3327/2984/2522
f 486/442/4837 3327/2984/2522 1683/1379/2978
f 1091/883/55 3327/2984/55 486/442/55
f 1334/1082/2511 3289/2952/2902 3322/2978/2512
f 1105/898/2903 3322/2978/2512 3289/2952/2902
f 3322/2978/55 1105/898/55 1104/896/55
f 1017/828/4838 1019/832/4838 1018/830/4838
f 658/581/4839 1018/830/4839 1019/832/4839
f 1091/883/55 643/568/55 2933/2574/55
f 651/576/4840 654/577/4840 1089/880/4840
f 1090/882/4841 1089/880/4841 654/577/4841
f 4158/4120/4842 3318/2967/2501 4082/3784/3817
f 3317/2966/2500 4082/3784/3817 3318/2967/2501
f 1784/1470/1245 1783/1471/1246 4082/3784/3817
f 4158/4120/4842 4082/3784/3817 1783/1471/1246
f 3902/3529/4843 3905/3530/4843 1243/1005/4843
f 1244/1006/4844 1243/1005/4844 3905/3530/4844
f 1246/1011/4845 1244/1006/4845 3907/3531/4845
f 3905/3530/4846 3907/3531/4846 1244/1006/4846
f 1320/1076/938 3390/3042/2594 320/296/4847
f 2940/2587/2164 320/296/4847 3390/3042/2594
f 2943/2588/2165 574/513/4848 2940/2587/2164
f 320/296/4847 2940/2587/2164 574/513/4848
f 1317/1074/4849 402/378/4850 3388/3040/2589
f 2948/2592/2171 3388/3040/2589 402/378/4850
f 2949/2594/2173 2948/2592/2171 956/781/4851
f 402/378/4850 956/781/4851 2948/2592/2171
f 3519/3172/55 2637/2257/55 1104/896/55
f 2860/2513/55 1102/895/55 1104/896/55
f 3109/2759/2315 3863/4121/4852 1481/1195/1038
f 1419/1156/1006 4097/4122/4853 1420/1154/1004
f 3017/2668/4854 871/726/4854 3412/3061/2616
f 2077/1767/4855 3412/3061/4855 871/726/4856
f 1801/1488/2529 3328/2987/4857 2341/1959/2528
f 3330/2988/4858 2341/1959/2528 3328/2987/4857
f 1091/883/55 2341/1959/55 3330/2988/55
f 1659/4123/4859 4141/4124/4859 4197/4125/4859
f 3631/3288/2910 1555/3290/2912 3867/3478/4703
f 4173/4096/4704 3867/3478/4703 1555/3290/2912
f 4043/3758/3764 4042/3757/3763 1827/1514/1288
f 4042/3757/3763 4041/3756/3762 1827/1514/1288
f 4041/3756/3762 1828/1515/1289 1827/1514/1288
f 1484/4126/4860 2205/4127/691 264/1869/1576
f 2143/1810/55 2142/1809/55 2036/1727/55
f 2037/1728/55 2036/1727/55 2142/1809/55
f 1062/866/4861 1061/864/4861 1368/1106/4861
f 2704/2334/4862 1368/1106/4862 1061/864/4862
f 2145/1815/55 2023/1714/55 2146/1813/55
f 2022/1716/55 2146/1813/55 2023/1714/55
f 1198/972/4863 1366/1105/4863 1195/971/4863
f 2707/2337/4864 1195/971/4864 1366/1105/4864
f 312/288/256 311/286/254 413/388/4865
f 414/390/4866 413/388/4865 311/286/254
f 340/316/284 407/385/4867 337/315/283
f 410/386/3935 337/315/283 407/385/4867
f 4103/3840/859 1267/1031/859 1266/1030/859
f 708/622/55 707/624/55 2997/3547/55
f 1202/975/859 1201/977/859 4102/3839/859
f 77/79/422 3325/2982/3721 1387/3791/978
f 4028/3728/3720 1387/3791/978 3325/2982/3721
f 3274/2929/4868 1370/1109/968 2702/2332/4869
f 1369/1107/966 2702/2332/4869 1370/1109/968
f 3270/2925/4870 2705/2335/4871 1364/1102/961
f 1365/1104/963 1364/1102/961 2705/2335/4871
f 4198/4128/4872 4263/4129/4872 2095/4130/4872
f 23/25/583 951/3797/698 1382/1117/3704
f 4019/3717/3702 1382/1117/3704 951/3797/698
f 3890/3510/3242 60/59/3243 3493/3136/2687
f 59/58/2686 3493/3136/2687 60/59/3243
f 2080/2838/4873 3411/3518/4873 3668/4131/4873
f 3409/3338/2614 3668/3337/2976 2304/1929/4874
f 3411/3062/4875 2304/1929/4874 3668/3337/2976
f 2409/2028/4876 892/2029/4876 3932/3576/3390
f 3504/3580/4877 3932/3576/4878 892/2029/664
f 1206/979/860 1205/980/861 563/2025/458
f 3507/3574/2696 563/2025/456 1205/980/4879
f 4266/4132/4880 4248/4133/4880 4249/4134/4880
f 1013/824/4881 1012/823/4882 2841/2494/4883
f 236/220/4884 2841/2494/4883 1012/823/4882
f 1408/1144/4885 2853/2505/4886 45/44/4887
f 46/45/4888 45/44/4887 2853/2505/4886
f 1129/923/4889 1134/3765/831 1130/924/3726
f 4029/3730/3724 1130/924/3726 1134/3765/831
f 2834/2488/2063 2833/4135/2065 3170/2823/2361
f 3084/4136/4784 1009/820/740 1008/819/739
f 1370/1109/968 3274/2929/4890 3944/3591/3410
f 3273/2927/4891 3944/3591/4891 3274/2929/4892
f 4133/4137/55 1186/966/55 1185/965/55
f 3730/3397/3510 3434/3080/2649 11/13/3512
f 12/11/2647 11/13/3512 3434/3080/2649
f 1364/1102/961 3926/3563/3365 3270/2925/4870
f 3267/2924/2443 3270/2925/2444 3926/3563/4893
f 48/50/44 989/4138/720 49/48/42
f 989/4138/720 4201/4139/4894 49/48/42
f 4201/4139/4894 4202/4140/4895 49/48/42
f 1380/1116/4896 1381/1115/3699 2732/3773/1928
f 4018/3715/3698 2732/3773/1928 1381/1115/3699
f 2018/1712/4897 3664/3332/4897 2019/1710/4897
f 2586/2213/4898 2019/1710/4898 3664/3332/4898
f 2033/1724/4899 2032/1723/4899 3720/3395/4899
f 2582/2209/4900 3720/3395/4900 2032/1723/4900
f 3551/4017/4470 1609/1299/4472 3018/2669/2241
f 1611/1300/4810 3016/2667/2239 1609/1299/4472
f 1609/1299/4472 3016/2667/2239 3018/2669/2241
f 270/253/4513 269/252/4901 2040/1731/4511
f 632/555/4761 2040/1731/4902 269/252/4760
f 272/258/4903 2165/1817/4903 273/256/4904
f 94/93/4905 273/256/4905 2165/1817/4906
f 4175/4042/4836 4196/4119/4835 903/748/671
f 903/748/671 4196/4119/4835 904/749/672
f 4196/4119/4835 4195/4118/4834 904/749/672
f 1195/971/4907 97/97/86 1196/969/2510
f 96/96/85 1196/969/2510 97/97/86
f 1061/864/4908 1060/863/3030 629/551/499
f 630/552/500 629/551/499 1060/863/3030
f 4203/4141/4909 4191/4110/4910 147/146/4911
f 114/114/4912 4191/4110/4912 4203/4141/4913
f 3315/2965/2811 4096/3812/3892 2833/3811/2809
f 3315/2965/2485 1792/1479/2486 4096/3812/3893
f 2759/4034/4914 2041/1734/4914 3936/3583/4914
f 3911/3541/4915 1247/1009/4915 3907/3531/4915
f 1246/1011/4916 3907/3531/4916 1247/1009/4916
f 3908/3539/4917 3898/3523/4918 1239/1001/4917
f 1240/1002/4918 1239/1001/4917 3898/3523/4918
f 4204/4142/934 1311/1067/934 3516/4143/4919
f 1310/1068/934 3516/4143/4919 1311/1067/934
f 3937/3584/4920 2168/1820/4920 2938/4036/4920
f 993/807/727 4118/3870/4921 994/805/725
f 4118/3870/4921 3924/3561/3363 994/805/725
f 675/594/543 4099/3826/4922 671/592/541
f 3912/3543/4923 658/581/4924 3913/4144/4925
f 659/582/4926 3913/4144/4925 658/581/4924
f 3914/3546/4927 3913/4144/4925 1090/882/4928
f 659/582/4926 1090/882/4928 3913/4144/4925
f 1498/1210/1053 1497/1209/1052 3930/4145/4929
f 567/3181/4930 3930/4145/4929 1497/1209/1052
f 1976/1668/1409 3933/4146/4931 1977/1666/1408
f 895/3183/4932 1977/1666/1408 3933/4146/4931
f 4078/4147/4933 100/99/4934 3114/2767/4935
f 2008/1701/4936 3114/2767/4935 99/98/4937
f 100/99/4934 99/98/4937 3114/2767/4935
f 314/289/4440 3851/3446/4444 83/84/4442
f 3693/3356/4443 83/84/4442 3851/3446/4444
f 3693/3356/2998 84/83/72 83/84/73
f 1153/947/4448 1149/943/4449 3849/3442/4451
f 3683/3345/4450 3849/3442/4451 1149/943/4449
f 1149/943/842 1148/942/841 3683/3345/2986
f 1420/1154/1004 4097/4122/4853 1747/1433/1217
f 1481/1195/1038 3863/4121/4852 1482/1196/1039
f 158/152/3949 2004/1698/3951 4045/3759/4938
f 3265/2920/3269 4045/3759/4938 2004/1698/3951
f 902/750/3945 4046/3761/4939 2012/1703/3946
f 3266/2921/3272 2012/1703/3946 4046/3761/4939
f 98/100/4940 2009/1700/4940 99/98/4937
f 2008/1701/4936 99/98/4937 2009/1700/4940
f 127/127/4941 126/126/4287 2014/1706/4941
f 2015/1707/4286 2014/1706/4941 126/126/4287
f 1923/1613/1371 2949/2594/2173 955/782/1368
f 956/781/4851 955/782/1368 2949/2594/2173
f 2649/2272/1873 575/514/1875 2943/2588/2165
f 574/513/4848 2943/2588/2165 575/514/1875
f 4205/4148/4942 3685/3346/2990 4202/4149/4943
f 3684/3347/2991 4202/4149/4943 3685/3346/2990
f 4202/4140/4944 3684/3347/4789 49/48/4788
f 24/23/4537 764/667/4537 763/665/4536
f 1198/972/4945 3589/3253/4945 1366/1105/4945
f 1362/1103/4946 1366/1105/4946 3589/3253/4946
f 46/45/4888 2853/2505/4886 2852/2507/4947
f 2842/2495/4948 2841/2494/4883 236/220/4884
f 1062/866/4949 1368/1106/4949 3592/3260/4949
f 1367/1108/4950 3592/3260/4950 1368/1106/4950
f 768/671/607 762/4150/4951 692/609/554
f 761/4151/4952 692/609/554 762/4150/4951
f 2017/4152/4953 693/607/552 761/4151/4952
f 692/609/554 761/4151/4952 693/607/552
f 821/702/4954 4182/4070/4955 819/701/4956
f 2167/1819/4957 819/701/4956 4182/4070/4955
f 820/700/628 819/701/629 275/259/4958
f 2167/1819/4654 275/259/4958 819/701/629
f 3112/2763/2323 125/125/4288 4078/4147/4959
f 125/125/117 101/101/90 4078/3814/3805
f 608/546/4415 607/548/4960 4159/4003/4417
f 2042/1733/4961 4159/4003/4417 607/548/4960
f 611/550/498 271/255/4962 607/548/496
f 2042/1733/4963 607/548/496 271/255/4962
f 4104/4041/4542 4208/4153/4964 3927/3568/4540
f 3928/3569/4965 3927/3568/4540 4208/4153/4964
f 2968/4025/4493 3705/3379/4491 2963/2608/4496
f 1735/1422/1204 2963/2608/2195 3705/3379/4966
f 2958/4022/4486 3714/3381/4484 2953/2598/4489
f 1737/1424/1206 2953/2598/2189 3714/3381/4967
f 2973/2618/4503 3706/3380/4499 2978/4028/4500
f 3706/3380/4968 2973/2618/2202 1739/1426/1208
f 2965/4026/4494 2964/2609/4495 3591/3257/4664
f 1734/1421/1203 3591/3257/4969 2964/2609/2196
f 2955/4023/4487 2954/2599/4488 3590/3254/4679
f 1736/1423/1205 3590/3254/4970 2954/2599/2190
f 3593/3261/4670 2984/2629/4509 2987/4032/4508
f 2984/2629/2209 3593/3261/4971 1740/1427/1209
f 2983/2628/4510 3715/3382/4506 2988/4031/4507
f 3715/3382/4972 2983/2628/2208 1741/1428/1210
f 3594/3264/4675 2974/2619/4502 2977/4029/4501
f 2974/2619/2203 3594/3264/4973 1738/1425/1207
f 1088/879/4974 1087/881/4608 2179/2857/1541
f 3850/3445/3148 3851/3446/3149 313/291/259
f 314/289/257 313/291/259 3851/3446/3149
f 3848/3440/3146 1150/946/845 3849/3442/3147
f 1153/947/846 3849/3442/3147 1150/946/845
f 1503/4004/4418 4182/4070/4955 4158/4002/4416
f 4182/4070/4955 821/702/4954 4158/4002/4416
f 821/702/4954 3318/2967/4975 4158/4002/4416
f 1976/1668/1409 1979/1669/1410 3933/4146/4931
f 2195/1853/4976 3933/4146/4931 1979/1669/1410
f 1185/965/55 1603/1292/55 4133/4137/55
f 1498/1210/1053 3930/4145/4929 1499/1212/1054
f 164/1845/4977 1499/1212/1054 3930/4145/4929
f 3912/3543/4978 3062/2727/4978 658/581/4978
f 1018/830/4979 658/581/4979 3062/2727/4979
f 4203/4141/4909 147/146/4911 4149/3957/4980
f 146/145/4981 4149/3957/4980 147/146/4911
f 1091/883/55 809/698/55 1093/885/55
f 1091/883/55 1093/885/55 3327/2984/55
f 4213/4154/4982 63/62/4753 82/82/4753
f 4214/4155/610 3347/3005/2538 4213/4154/610
f 63/62/54 4213/4154/610 3347/3005/2538
f 3914/3546/4983 1090/882/4983 3064/2729/4983
f 654/577/4984 3064/2729/4984 1090/882/4984
f 4202/4140/4895 4201/4139/4894 988/799/719
f 989/4138/720 988/799/719 4201/4139/4894
f 522/4156/423 2318/3790/1662 1133/3899/829
f 2093/3771/1504 4017/3716/3700 4020/4157/3703
f 113/112/3701 112/111/4985 4017/3716/3700
f 4020/4158/3703 4017/3716/3700 112/111/4985
f 4205/4159/4942 4202/4149/4943 3940/3587/3406
f 3941/3588/3407 3940/3587/3406 4202/4149/4943
f 988/799/4790 3941/3588/4791 4202/4140/4944
f 1525/1224/1060 1520/1219/1169 2308/1934/1653
f 1678/1373/1171 2308/1934/1653 1520/1219/1169
f 44/46/40 1409/1143/996 45/44/38
f 1012/823/743 1011/825/745 1586/1273/1094
f 3912/3543/4986 127/127/4986 3062/2727/4986
f 2014/1706/4987 3062/2727/4987 127/127/4987
f 3846/4160/4988 2556/4161/1778 3359/4162/4989
f 1791/1478/1257 3359/4162/4989 2556/4161/1778
f 2554/4163/4990 3359/4162/4989 369/347/315
f 1791/1478/1257 369/347/315 3359/4162/4989
f 81/81/4753 80/80/4752 772/675/4752
f 3931/3575/3386 105/104/97 3932/3576/3387
f 2409/2028/1724 3932/3576/3387 105/104/97
f 211/197/174 214/198/175 3935/3582/3397
f 3934/3581/3395 3935/3582/3397 214/198/175
f 4033/3732/3731 3934/3581/3395 2190/1846/2734
f 214/198/175 2190/1846/2734 3934/3581/3395
f 3873/4164/4991 4169/4165/4992 1423/1158/1008
f 2837/4166/2066 1423/1158/1008 4169/4165/4992
f 3870/4167/4993 1426/1160/1011 4169/4165/4992
f 2837/4166/2066 4169/4165/4992 1426/1160/1011
f 2840/2496/2123 2918/2560/2141 2841/2494/4994
f 1013/824/2139 2841/2494/4994 2918/2560/2141
f 1195/971/4995 2707/2337/4763 97/97/4762
f 187/178/158 3946/3592/3411 188/180/160
f 3945/3593/3413 188/180/160 3946/3592/3411
f 4034/3733/3736 2196/1852/2664 3945/3593/3413
f 188/180/160 3945/3593/3413 2196/1852/2664
f 1487/1202/1643 655/580/4621 1020/831/4996
f 629/551/4756 2704/2334/4758 1061/864/4997
f 4203/4141/4913 4149/3957/4998 114/114/4912
f 1431/1165/4999 114/114/4912 4149/3957/4998
f 3914/3546/5000 3064/2729/5000 98/100/5000
f 2009/1700/5001 98/100/5001 3064/2729/5001
f 3582/3248/3610 3514/3958/3087 3517/3661/3609
f 2210/1876/5002 2213/1878/5002 17/16/5002
f 2213/1878/5003 3948/3595/5003 17/16/5003
f 3948/3595/5004 18/18/5004 17/16/5004
f 4024/3723/5005 2210/1876/5006 2796/2432/5007
f 17/16/5008 2796/2432/5007 2210/1876/5006
f 3935/3582/5009 4120/3871/5010 211/197/4246
f 32/3960/5011 211/197/5011 4120/3871/4050
f 3846/4160/4988 3997/4168/5012 2556/4161/1778
f 971/797/717 2556/4161/1778 3997/4168/5012
f 3046/4169/5013 367/342/310 3997/4168/5012
f 971/797/717 3997/4168/5012 367/342/310
f 2413/2032/1975 47/47/5014 1278/1042/1976
f 238/222/1970 237/221/1726 2412/2030/1725
f 2304/1929/4874 2303/1930/5015 3409/3060/2614
f 3410/3059/2612 3409/3060/2614 2303/1930/5015
f 115/115/106 24/23/975 111/113/104
f 24/23/975 1383/1118/974 111/113/104
f 1383/1118/974 112/111/102 111/113/104
f 115/115/106 2699/2329/55 24/23/975
f 2239/1894/1602 3356/3018/2569 3877/3489/3209
f 2016/4170/5016 1983/1670/1411 2017/4152/4953
f 693/607/552 2017/4152/4953 1983/1670/1411
f 4023/3721/5017 2800/2436/5018 2206/1873/5019
f 29/31/5020 2206/1873/5019 2800/2436/5018
f 32/32/5021 4120/4171/5021 29/31/5021
f 4120/4171/5022 2207/1871/5022 29/31/5022
f 2207/1871/5023 2206/1873/5023 29/31/5023
f 3347/4172/5024 4214/4173/5025 685/599/546
f 686/600/547 685/599/546 4214/4173/5025
f 1915/4174/5026 3347/4172/5024 1854/1537/1314
f 685/599/546 1854/1537/1314 3347/4172/5024
f 1544/1243/5027 3893/3767/5027 1545/1241/5027
f 3451/3768/5028 1545/1241/5028 3893/3767/5028
f 1356/4175/5029 4215/4176/5030 770/4177/5031
f 771/4178/5032 770/4177/5031 4215/4176/5030
f 289/264/235 1356/1093/954 2930/4179/5033
f 770/4180/5034 2930/4179/5033 1356/1093/954
f 860/721/55 4145/3937/55 861/722/55
f 2937/2582/55 861/722/55 4145/3937/55
f 2190/1846/5035 163/1847/137 4033/3732/3733
f 2287/4181/55 2286/4099/55 696/613/55
f 2993/4108/55 2287/4181/55 696/613/55
f 4034/3733/5036 106/1854/1568 2196/1852/1566
f 530/482/433 3886/4182/5037 531/483/434
f 3885/4183/5038 531/483/434 3886/4182/5037
f 3884/4184/5039 1418/1153/1003 3885/4183/5038
f 531/483/434 3885/4183/5038 1418/1153/1003
f 1423/1158/1008 503/456/405 3873/4164/4991
f 3871/4185/5040 3873/4164/4991 503/456/405
f 3872/4186/5041 3871/4185/5040 506/457/406
f 503/456/405 506/457/406 3871/4185/5040
f 1426/1160/1011 3870/4167/4993 580/518/474
f 3869/4187/5042 580/518/474 3870/4167/4993
f 3868/4188/5043 581/520/476 3869/4187/5042
f 580/518/474 3869/4187/5042 581/520/476
f 3856/3567/3372 4084/3787/3834 2740/2374/3374
f 535/487/440 534/489/442 3889/4189/5044
f 3887/4190/5045 3889/4189/5044 534/489/442
f 3888/4191/5046 3887/4190/5045 1479/1194/1037
f 534/489/442 1479/1194/1037 3887/4190/5045
f 4217/4192/5047 3326/2983/2519 4216/4193/5048
f 3326/2983/2519 82/82/976 4216/4193/5048
f 82/82/976 4218/4194/5049 4216/4193/5048
f 3326/2983/3723 4217/4192/5050 4027/3729/3722
f 4218/4194/5049 147/146/129 4216/4193/5048
f 147/146/129 2712/2342/1908 4216/4193/5048
f 2712/2342/1908 4217/4192/5047 4216/4193/5048
f 4027/4195/3722 4217/4192/5050 4030/3731/3725
f 2712/2342/3727 4030/3731/3725 4217/4192/5050
f 3573/3238/2834 1861/1545/1319 642/564/1321
f 456/420/654 1849/1532/1311 3574/3239/2842
f 2001/1692/1427 2000/1694/1429 1228/994/3166
f 1229/996/2928 1228/994/3166 2000/1694/1429
f 450/417/5051 453/418/5051 3909/3538/5051
f 3899/3524/5052 3909/3538/5052 453/418/5052
f 449/414/5053 3894/3521/5053 453/418/5053
f 3899/3524/5054 453/418/5054 3894/3521/5054
f 3125/4196/5055 2646/2266/1866 2598/4197/5056
f 330/305/273 2598/4197/5056 2646/2266/1866
f 2599/4198/5057 2598/4197/5056 329/307/275
f 330/305/273 329/307/275 2598/4197/5056
f 1914/4199/5058 1915/4174/5026 1853/1536/1313
f 1854/1537/1314 1853/1536/1313 1915/4174/5026
f 3045/4200/5059 368/344/312 3046/4169/5013
f 367/342/310 3046/4169/5013 368/344/312
f 2308/3119/5060 1678/2711/5060 3473/3120/5060
f 1678/2711/124 571/509/124 3473/3120/124
f 571/509/124 570/508/124 3473/3120/124
f 428/404/5061 3910/3540/5061 429/406/5061
f 3906/3532/5062 429/406/5062 3910/3540/5062
f 433/410/5063 429/406/5063 3904/3528/5063
f 3906/3532/5064 3904/3528/5064 429/406/5064
f 467/431/3156 4093/3805/3954 1755/1444/3157
f 1756/1442/3953 1755/1444/3157 4093/3805/3954
f 2701/4201/5065 2922/2564/2148 2700/4202/5066
f 1538/1235/1069 2700/4202/5066 2922/2564/2148
f 172/163/143 2175/4203/5067 1538/1235/1069
f 2700/4202/5066 1538/1235/1069 2175/4203/5067
f 448/412/5068 3895/3519/5068 449/414/5068
f 3894/3521/5069 449/414/5069 3895/3519/5069
f 430/409/5070 433/410/5070 3903/3527/5070
f 3904/3528/5071 3903/3527/5071 433/410/5071
f 860/721/55 1815/3939/55 4145/3937/55
f 1315/1071/5072 27/27/4537 26/26/5072
f 2733/3885/1930 1582/3785/4094 950/4204/696
f 2176/4205/5073 171/165/145 2016/4170/5016
f 1983/1670/1411 2016/4170/5016 171/165/145
f 2175/4203/5067 172/163/143 2176/4205/5073
f 171/165/145 2176/4205/5073 172/163/143
f 2553/4206/5074 2554/4163/4990 372/348/316
f 369/347/315 372/348/316 2554/4163/4990
f 3877/3489/3209 3356/3018/2569 2761/2397/2570
f 3857/3566/3371 2739/2373/3373 3974/3842/3547
f 421/396/3150 1594/1281/3151 4094/3807/3944
f 2171/1822/3943 4094/3807/3944 1594/1281/3151
f 1593/1279/1100 2172/1824/1532 1594/1281/1102
f 2171/1822/1530 1594/1281/1102 2172/1824/1532
f 3946/3592/4060 187/178/5075 3948/3874/4058
f 18/3948/4213 3948/3874/3417 187/178/4214
f 64/4207/5076 1914/4199/5058 286/261/232
f 1853/1536/1313 286/261/232 1914/4199/5058
f 2236/1890/55 3322/2978/55 1104/896/55
f 2237/1891/55 2236/1890/55 1104/896/55
f 3038/2698/2259 3428/3074/2638 823/703/2260
f 824/704/2640 823/703/2260 3428/3074/2638
f 3035/2696/2255 604/542/2257 3432/3077/2642
f 603/544/2643 3432/3077/2642 604/542/2257
f 1488/4208/5077 508/458/407 3045/4200/5059
f 368/344/312 3045/4200/5059 508/458/407
f 1958/1647/2709 2870/2522/2709 1952/1644/2709
f 1963/1653/2709 1952/1644/2709 2870/2522/2709
f 1960/1652/2706 1963/1653/2706 3185/3155/2706
f 2870/2522/2706 3185/3155/2706 1963/1653/2706
f 3402/4062/4638 3872/4186/5041 1750/1436/1220
f 506/457/406 1750/1436/1220 3872/4186/5041
f 3580/4059/4635 2626/2246/1849 3868/4188/5043
f 581/520/476 3868/4188/5043 2626/2246/1849
f 3511/4060/4636 3888/4191/5046 3510/3144/2699
f 1479/1194/1037 3510/3144/2699 3888/4191/5046
f 3581/4064/4640 2611/2239/1842 3884/4184/5039
f 1418/1153/1003 3884/4184/5039 2611/2239/1842
f 3058/2724/2280 3669/3339/2982 3060/2725/2283
f 3669/3339/2982 2548/2172/5078 3060/2725/2283
f 2548/2172/5078 3061/2726/2284 3060/2725/2283
f 145/4209/5079 509/459/408 1488/4208/5077
f 508/458/407 1488/4208/5077 509/459/408
f 1942/1631/5080 1944/1636/5080 1943/1633/5080
f 1947/1637/5080 1943/1633/5080 1944/1636/5080
f 3184/2844/5081 1950/2842/5081 1947/1637/5081
f 1943/1633/5081 1947/1637/5081 1950/2842/5081
f 1384/4210/5082 62/4211/5083 1810/1498/1271
f 285/260/231 1810/1498/1271 62/4211/5083
f 286/261/232 285/260/231 64/4207/5076
f 62/4211/5083 64/4207/5076 285/260/231
f 1964/1656/5084 1967/1657/5084 1970/1659/5084
f 1971/1661/5084 1970/1659/5084 1967/1657/5084
f 3189/2856/2706 1971/1661/2706 1972/2854/2706
f 1967/1657/2706 1972/2854/2706 1971/1661/2706
f 1970/1659/5081 2872/2524/5081 1964/1656/5081
f 1975/1665/5081 1964/1656/5081 2872/2524/5081
f 1972/1664/5085 1975/1665/5085 3189/3159/3009
f 2872/2524/3010 3189/3159/3009 1975/1665/5085
f 1432/4212/5086 2553/4206/5074 470/434/390
f 372/348/316 470/434/390 2553/4206/5074
f 303/448/249 302/277/247 301/446/246
f 2737/4213/1939 3973/3631/3549 303/4214/1941
f 304/280/3550 303/4214/1941 3973/3631/3549
f 1851/4215/5087 881/729/656 28/644/582
f 727/642/580 28/644/582 881/729/656
f 1952/1644/5081 1955/1645/5081 1958/1647/5081
f 1959/1649/5081 1958/1647/5081 1955/1645/5081
f 3185/2848/5088 1959/1649/5088 1960/2846/5088
f 1955/1645/5088 1960/2846/5088 1959/1649/5088
f 4027/4216/3722 4030/3731/3725 1661/3763/1150
f 4213/4154/610 772/675/610 4214/4155/610
f 771/673/609 4214/4155/610 772/675/610
f 4215/4176/5089 686/600/547 771/4178/5090
f 4214/4173/5025 771/4178/5090 686/600/547
f 1944/1636/5091 1942/1631/5091 2865/2518/5091
f 1951/1641/5091 2865/2518/5091 1942/1631/5091
f 1950/1639/2709 3184/3151/2709 1951/1641/2709
f 2865/2518/2709 1951/1641/2709 3184/3151/2709
f 6/6/1438 3900/3525/3268 2008/1701/1437
f 6/6/6 5/5/5 3900/3525/3772
f 4044/3760/3771 3900/3525/3772 5/5/5
f 2015/1707/1446 3901/3526/3273 34/33/1448
f 34/33/27 3901/3526/3778 35/34/28
f 4047/3762/3776 35/34/28 3901/3526/3778
f 4141/4124/4185 4264/3931/4187 4197/4125/5092
f 4264/3931/4187 1659/4217/5093 4197/4218/5092
f 2562/2187/4373 1081/873/4374 2563/2185/5094
f 4219/4219/5095 2563/2185/5094 1081/873/4374
f 1082/874/786 4220/4220/5096 1081/873/785
f 4219/4219/5097 1081/873/785 4220/4220/5096
f 1930/1619/5098 1932/1624/5098 1931/1621/5098
f 1935/1625/5098 1931/1621/5098 1932/1624/5098
f 3188/2852/5099 1938/2850/5099 1935/1625/5099
f 1931/1621/5099 1935/1625/5099 1938/2850/5099
f 2701/4201/5065 1430/4221/5100 2922/2564/2148
f 1429/1164/1014 2922/2564/2148 1430/4221/5100
f 470/434/390 1429/1164/1014 1432/4212/5086
f 1430/4221/5100 1432/4212/5086 1429/1164/1014
f 1/3/5101 3065/2730/4361 2/1/4362
f 1932/1624/5088 1930/1619/5088 2867/2520/5088
f 1939/1629/5088 2867/2520/5088 1930/1619/5088
f 1938/1627/5102 3188/3147/2704 1939/1629/5102
f 2867/2520/3005 1939/1629/5102 3188/3147/2704
f 290/265/236 2931/4222/5103 380/355/323
f 381/356/324 380/355/323 2931/4222/5103
f 2931/4222/5103 290/265/236 2930/4179/5033
f 289/264/235 2930/4179/5033 290/265/236
f 509/459/408 145/4209/5079 2929/2571/2155
f 148/4223/5104 2929/2571/2155 145/4209/5079
f 1810/1498/1271 2929/2571/2155 1384/4210/5082
f 148/4223/5104 1384/4210/5082 2929/2571/2155
f 4198/4128/5105 4262/3914/4155 4263/4129/4154
f 4198/4224/5105 2095/4225/5106 4262/3914/4155
f 2207/1871/1578 4120/4171/5010 2208/1872/1579
f 4119/4226/4057 2208/1872/1579 4120/4171/5010
f 4121/4227/5107 2089/1776/5108 4119/4226/5109
f 2208/1872/5110 4119/4226/5109 2089/1776/5108
f 38/38/4366 3063/2728/4365 33/35/5111
f 26/26/5072 4221/4228/5072 1315/1071/5072
f 3125/4229/5112 1315/1071/5113 4222/4230/5113
f 4221/4228/5114 4222/4230/5113 1315/1071/5113
f 25/24/4537 763/665/4536 4221/4228/5072
f 4222/4230/5113 4221/4228/5114 762/664/600
f 763/665/601 762/664/600 4221/4228/5114
f 765/670/2938 695/610/3531 3493/3136/2940
f 3890/3510/3529 3493/3136/2940 695/610/3531
f 4190/4095/5115 4166/4011/5115 3358/3017/5115
f 3354/3014/5116 3358/3017/5116 4166/4011/5116
f 4020/3718/3703 112/111/4985 1383/1118/3705
f 2790/2426/3629 1278/1042/908 130/129/909
f 1863/3949/4215 1864/4231/5117 1862/1546/1320
f 912/753/677 1862/1546/1320 1864/4231/5117
f 520/470/419 912/753/677 78/471/420
f 1864/4231/5117 78/471/420 912/753/677
f 89/91/199 238/222/201 2786/2422/3617
f 2589/2216/1824 2587/2214/5118 2145/1815/1826
f 2023/1714/5119 2145/1815/1826 2587/2214/5118
f 2584/2212/1817 2143/1810/1818 2583/2210/5120
f 2036/1727/5121 2583/2210/5120 2143/1810/1818
f 4122/4232/5122 3947/3594/5123 2090/1778/1502
f 2212/1877/1586 2090/1778/1502 3947/3594/5123
f 3970/3627/3534 2020/1711/5124 2589/2216/3535
f 2587/2214/5125 2589/2216/3535 2020/1711/5124
f 1355/4233/5126 3826/3412/5127 1356/4175/5029
f 4215/4176/5030 1356/4175/5029 3826/3412/5127
f 1745/3894/55 481/440/55 1744/3194/55
f 484/441/55 1744/3194/55 481/440/55
f 2736/3845/5128 3583/3246/3608 3518/3660/3607
f 3319/4234/5129 1994/1686/5129 1997/1687/5129
f 3971/3628/3540 2584/2212/3542 2031/1725/5130
f 2583/2210/5131 2031/1725/5130 2584/2212/3542
f 2080/1770/2369 3182/2839/2371 305/283/252
f 4189/4094/5132 3630/3287/5132 4167/4013/5132
f 3629/3286/5133 4167/4013/5133 3630/3287/5133
f 3358/3017/5134 3357/4235/5134 4190/4095/5134
f 4025/3724/5135 2795/2430/3715 58/60/5136
f 689/603/3714 58/60/5136 2795/2430/3715
f 688/605/5137 59/58/5137 689/603/5137
f 58/60/5138 689/603/5138 59/58/5138
f 989/4236/2883 48/50/2884 1994/4237/2882
f 708/622/55 3092/4087/55 2820/4238/55
f 708/622/55 2820/4238/55 2821/3827/55
f 664/585/5139 670/589/4406 3880/3499/5140
f 3881/3498/4407 3880/3499/5140 670/589/4406
f 2089/1776/5108 4121/4227/5107 530/482/433
f 3886/4182/5037 530/482/433 4121/4227/5107
f 2090/1778/1502 535/487/440 4122/4232/5122
f 3889/4189/5044 4122/4232/5122 535/487/440
f 4189/4094/5141 3357/4235/5141 3630/3287/5141
f 1355/4233/3121 3827/3886/3122 3826/3412/3119
f 3433/3079/3120 3826/3412/3119 3827/3886/3122
f 1413/3192/55 1989/4105/55 2822/4239/55
f 1413/1150/55 2822/4239/55 2823/3824/55
f 4221/4228/5072 26/26/5072 25/24/4537
f 169/160/140 1848/1533/1312 1314/4240/5142
f 1850/4241/5143 1314/4240/5142 1848/1533/1312
f 881/729/656 1851/4215/5087 1848/1533/1312
f 1850/4241/5143 1848/1533/1312 1851/4215/5087
f 3515/4242/5144 4085/3788/5144 4223/4243/5144
f 1312/3898/2724 4223/4243/2724 4085/3788/2724
f 2205/1867/691 1254/4244/5145 943/1868/691
f 1253/4245/5146 943/1868/691 1254/4244/5145
f 943/768/691 1253/4245/5146 962/788/5147
f 1314/4240/5142 1316/4246/5148 169/160/140
f 170/162/142 169/160/140 1316/4246/5148
f 329/307/275 170/162/142 2599/4198/5057
f 1316/4246/5148 2599/4198/5057 170/162/142
f 692/609/554 695/610/555 768/671/607
f 765/670/606 768/671/607 695/610/555
f 762/4150/4951 768/671/607 4222/4247/5149
f 767/669/605 4222/4247/5149 768/671/607
f 4222/4247/5150 767/669/3962 3125/4248/5151
f 2646/3836/3964 3125/4248/5151 767/669/3962
f 3059/2723/5152 600/538/488 1670/1363/1159
f 599/540/490 1670/1363/1159 600/538/488
f 1254/4244/5145 2205/4127/691 1484/4126/4860
f 1545/1241/5153 4021/3720/5153 1546/1242/2659
f 3455/3102/2659 1546/1242/2659 4021/3720/5153
f 2021/1713/5154 4115/3865/4438 3665/3333/5155
f 3666/3334/4436 3665/3333/5155 4115/3865/4438
f 2547/2171/1771 2548/2172/5156 1224/991/868
f 3669/3339/2983 1224/991/868 2548/2172/5156
f 2034/1726/5157 3721/3396/5158 4114/3864/4434
f 3670/3340/4433 4114/3864/4434 3721/3396/5158
f 2078/3883/5159 851/2180/5159 4129/3884/5159
f 386/496/449 2713/2343/5160 541/494/447
f 1610/1298/1112 541/494/5161 2713/2343/1909
f 4184/4072/124 4183/4073/124 889/735/662
f 4185/4074/124 886/734/661 4183/4073/124
f 4183/4073/124 886/734/661 889/735/662
f 4085/3788/3833 3515/4249/3088 889/735/662
f 306/4250/251 889/735/662 3515/4249/3088
f 2031/1725/1459 2034/1726/1458 3971/3628/4027
f 4114/3864/4028 3971/3628/4027 2034/1726/1458
f 1108/900/5162 3875/3487/5163 1109/901/4398
f 3874/3486/4399 1109/901/4398 3875/3487/5163
f 13/12/5164 12/11/5164 681/595/5164
f 682/596/5165 681/595/5165 12/11/5165
f 2020/1711/1450 3970/3627/4029 2021/1713/1452
f 4115/3865/4030 2021/1713/1452 3970/3627/4029
f 686/600/547 4215/4176/5089 687/602/549
f 3826/3412/5166 687/602/549 4215/4176/5089
f 301/446/640 852/712/638 851/2180/637
f 2563/2185/5094 4219/4219/5095 1757/1443/2419
f 3234/2898/2418 1757/1443/2419 4219/4219/5095
f 4070/3769/3794 3234/2898/3793 4220/4220/5096
f 4219/4219/5097 4220/4220/5096 3234/2898/3793
f 4071/3770/3796 2173/1825/1533 3977/3634/3795
f 2174/1826/1534 3977/3634/3795 2173/1825/1533
f 2172/1824/3569 1593/1279/3572 3977/3634/3567
f 2825/2481/3571 3977/3634/3567 1593/1279/3572
f 4260/4251/327 4250/4252/327 4251/4253/327
f 869/727/5167 1794/1480/5168 870/725/5169
f 4003/4254/5170 870/725/5170 1794/1480/1259
f 539/491/444 538/490/443 4003/4254/5171
f 870/725/5169 4003/4254/5171 538/490/443
f 969/3451/3167 1841/4255/5172 2737/4256/3168
f 3452/3097/5173 3360/3020/5173 1999/1691/1426
f 1998/1690/1426 1999/1691/1426 3360/3020/5173
f 3452/3097/2316 1999/1691/2317 3453/3098/2316
f 3110/2761/2317 3453/3098/2316 1999/1691/2317
f 3928/3569/4965 4208/4153/4964 4104/3841/4542
f 274/257/3381 3269/2923/2442 275/259/4958
f 820/700/628 275/259/4958 3269/2923/2442
f 4218/4194/5049 149/149/55 147/146/129
f 82/82/976 149/149/55 4218/4194/5049
f 1842/1994/1709 968/4257/5174 2383/1995/1710
f 968/4257/5174 4204/4142/5175 2383/1995/1710
f 4204/4142/5175 2384/1996/1711 2383/1995/1710
f 3479/3131/5176 3059/2723/5152 3384/3033/2584
f 1670/1363/1159 3384/3033/2584 3059/2723/5152
f 2795/2430/5177 4025/3724/5177 2796/2432/5177
f 4024/3723/5178 2796/2432/5178 4025/3724/5178
f 1841/4255/5172 4188/4092/4687 2737/4256/3168
f 3973/4091/3169 2737/4256/3168 4188/4092/4687
f 1841/1526/1303 1840/1527/1304 4188/4258/5179
f 1842/1528/1305 492/4259/714 1840/1527/1304
f 1840/1527/1304 492/4259/714 4188/4258/5179
f 3516/3166/5180 3515/3165/5180 4223/4243/5180
f 4223/4260/5181 4224/4261/5182 3516/4143/4919
f 4224/4261/5182 2384/1996/5182 3516/4143/4919
f 2384/1996/5182 4204/4142/934 3516/4143/4919
f 2173/1825/1533 4071/3770/3796 1080/872/784
f 2824/2482/2053 1080/872/784 4071/3770/3796
f 772/675/4752 4213/4154/4982 81/81/4753
f 2002/1693/1892 3479/3131/5176 417/392/355
f 3384/3033/2584 417/392/355 3479/3131/5176
f 4022/3722/5183 13/12/5184 2797/2435/3711
f 681/595/3710 2797/2435/3711 13/12/5184
f 305/4262/252 886/734/661 4185/4074/124
f 493/451/934 2384/1996/5182 1312/1070/935
f 2384/1996/5182 4224/4261/5182 1312/1070/935
f 4224/4261/5182 4223/4260/5181 1312/1070/935
f 2797/2435/5185 2800/2436/5186 4022/3722/5187
f 4023/3721/5188 4022/3722/5187 2800/2436/5186
f 955/1368/5189 401/1250/1077 1521/1222/1078
f 1843/1530/716 4188/4258/5179 491/1529/716
f 492/4259/714 491/1529/716 4188/4258/5179
f 1311/1067/402 4204/4142/5175 967/4263/402
f 968/4257/5174 967/4263/402 4204/4142/5175
f 82/82/4753 81/81/4753 4213/4154/4982
f 3286/4264/5190 3285/3994/4379 1217/981/862
f 1218/982/863 1217/981/862 3285/3994/4379
f 4095/3808/3885 2572/2194/1792 422/398/361
f 2571/2193/1791 422/398/361 2572/2194/1792
f 1525/1224/1060 1524/1223/124 1520/1219/1169
f 1524/1223/124 1523/1221/124 1520/1219/1169
f 1523/1221/124 2215/1881/124 1520/1219/1169
f 2855/2508/5191 2858/2510/2592 128/130/5192
f 1319/1077/939 128/130/5192 2858/2510/2592
f 3390/3042/2594 1320/1076/938 2858/2510/2592
f 1319/1077/939 2858/2510/2592 1320/1076/938
f 4092/3806/3883 466/430/386 2566/2189/1787
f 513/463/412 2566/2189/1787 466/430/386
f 3943/3589/3918 3273/2927/3919 4099/3826/3923
f 3272/2926/3922 4099/3826/3923 3273/2927/3919
f 4220/4220/5096 1082/874/786 4070/3769/3794
f 463/428/384 4070/3769/3794 1082/874/786
f 1226/995/872 598/2762/2319 1227/993/5193
f 2877/2526/2110 1227/993/5193 598/2762/2319
f 2843/2497/5194 91/90/5195 2844/2500/2588
f 1318/1075/5196 2844/2500/2588 91/90/5195
f 3388/3040/2589 2844/2500/2588 1317/1074/4849
f 1318/1075/5196 1317/1074/4849 2844/2500/2588
f 4179/4055/55 4176/4045/55 2356/1970/55
f 2357/1968/55 2356/1970/55 4176/4045/55
f 2356/4056/55 1349/1089/55 4179/4055/55
f 4002/3654/328 4003/3655/328 4225/4265/328
f 1794/4266/328 4225/4265/328 4003/3655/328
f 4225/4265/328 1794/4266/5197 1796/1483/328
f 1793/1484/328 1796/1483/328 1794/4266/5197
f 675/594/543 3943/3589/3408 4099/3826/4922
f 1520/1219/1872 317/1218/4384 575/2271/1871
f 2842/2495/5198 92/92/81 2843/2497/5198
f 91/90/79 2843/2497/5198 92/92/81
f 2755/3892/4101 2756/4267/4468 4135/3893/4102
f 2852/2507/5198 2855/2508/5198 131/131/123
f 128/130/122 131/131/123 2855/2508/5198
f 1547/1244/2573 1542/2317/5199 1217/981/2573
f 3286/4264/2457 1217/981/2573 1542/2317/5199
f 1022/833/753 2288/1915/853 2294/1920/1146
f 1022/833/753 1856/1540/854 2288/1915/853
f 3520/3175/327 3478/3128/327 3521/3174/327
f 3478/3128/327 2185/2347/327 3521/3174/327
f 2185/2347/327 2715/2345/327 3521/3174/327
f 3014/2662/55 3013/3685/55 2485/4268/55
f 3014/2662/55 2485/4268/55 2484/3700/55
f 1900/1588/124 825/706/124 3430/3076/124
f 824/704/124 3430/3076/124 825/706/124
f 606/545/124 2760/2395/124 1896/1584/124
f 3698/3369/124 1896/1584/124 2760/2395/124
f 3319/4269/2504 1997/4270/5200 3320/2968/2502
f 2343/4271/5201 2345/4272/5202 1996/4273/5203
f 954/4274/701 573/2972/466 2345/4272/5202
f 2345/4272/5202 573/2972/466 1996/4273/5203
f 573/2972/466 3321/2969/2503 1996/4273/5203
f 1996/4273/5203 3321/2969/2503 1997/4270/5200
f 1997/4270/5200 3321/2969/2503 3320/2968/2502
f 131/131/5204 46/45/4888 2852/2507/4947
f 3639/3298/55 2534/3703/55 2499/4275/55
f 3639/3298/55 2499/4275/55 2498/3299/55
f 1797/1485/328 55/3124/328 54/3944/328
f 3015/2664/55 2508/3695/55 3006/2654/55
f 3015/2664/55 3006/2654/55 2513/2135/55
f 2842/2495/5205 236/220/198 92/92/197
f 2543/4276/55 2472/3310/55 3642/3306/55
f 2471/2091/55 2543/4276/55 3642/3306/55
f 611/550/498 3271/2928/2447 271/255/4962
f 268/254/3380 271/255/4962 3271/2928/2447
f 2450/4277/55 2449/3681/55 3027/2686/55
f 3009/2656/55 2450/4277/55 3027/2686/55
f 2714/2344/327 385/360/327 3521/3174/327
f 2715/2345/327 2714/2344/327 3521/3174/327
f 197/3945/327 200/3127/327 3478/3128/327
f 3284/2944/327 3283/2946/327 3521/3174/327
f 385/360/327 384/359/327 3521/3174/327
f 384/359/327 3284/2944/327 3521/3174/327
f 388/363/328 4225/4265/328 1796/1483/328
f 3641/3302/55 2416/2036/55 2415/2038/55
f 3641/3302/55 2415/2038/55 2420/3303/55
f 3025/2677/55 2431/2054/55 2541/3705/55
f 3025/2677/55 2432/2052/55 2431/2054/55
f 1163/956/753 2380/1989/854 2030/1722/853
f 1163/956/753 2026/1719/755 2380/1989/854
f 2489/2108/55 2524/3702/55 3028/2689/55
f 2490/2109/55 2489/2108/55 3028/2689/55
f 2463/3701/55 3180/4278/55 3640/3301/55
f 3180/4278/55 2464/3314/55 3640/3301/55
f 3643/3307/55 2455/4279/55 2454/3308/55
f 3643/3307/55 3178/3706/55 2455/4279/55
f 388/363/328 3703/3375/328 4002/3654/328
f 388/363/328 3704/3376/328 3703/3375/328
f 388/363/328 4002/3654/328 4225/4265/328
f 388/363/328 387/365/328 3704/3376/328
f 1178/959/753 1873/1557/852 1872/1559/853
f 1178/959/753 1877/1563/755 1873/1557/852
f 2516/4280/55 2515/3699/55 3026/2681/55
f 2519/3694/55 2516/4280/55 3026/2681/55
f 2429/4281/55 2428/3693/55 3022/2674/55
f 3024/3704/55 2429/4281/55 3022/2674/55
f 889/735/662 306/4282/251 4184/4072/124
f 151/4283/5206 152/4284/5206 150/4285/5206
f 153/4286/5206 150/4285/5206 152/4284/5206
f 155/4287/5207 156/4288/5207 154/4289/5207
f 157/4290/5207 154/4289/5207 156/4288/5207
f 202/4291/5208 203/4292/5208 201/4293/5208
f 204/4294/5208 201/4293/5208 203/4292/5208
f 206/4295/5209 207/4296/5209 205/4297/5209
f 208/4298/5209 205/4297/5209 207/4296/5209
f 277/4299/5210 278/4300/5210 276/4301/5210
f 279/4302/5210 276/4301/5210 278/4300/5210
f 281/4303/5211 282/4304/5211 280/4305/5211
f 283/4306/5211 280/4305/5211 282/4304/5211
f 281/4303/328 434/4307/328 282/4304/328
f 435/4308/328 282/4304/328 434/4307/328
f 437/4309/5212 438/4310/5212 436/4311/5212
f 439/4312/5213 436/4311/5213 438/4310/5213
f 441/4313/5211 442/4314/5211 440/4315/5211
f 443/4316/5211 440/4315/5211 442/4314/5211
f 283/4306/5211 444/4317/5211 280/4305/5211
f 445/4318/5211 280/4305/5211 444/4317/5211
f 472/4319/5214 473/4320/5214 471/4321/5214
f 474/4322/5214 471/4321/5214 473/4320/5214
f 476/4323/5211 477/4324/5211 475/4325/5211
f 478/4326/5211 475/4325/5211 477/4324/5211
f 496/4327/5211 497/4328/5211 495/4329/5211
f 498/4330/5211 495/4329/5211 497/4328/5211
f 500/4331/5211 501/4332/5211 499/4333/5211
f 502/4334/5211 499/4333/5211 501/4332/5211
f 544/4335/5215 545/4336/5216 543/4337/5217
f 546/4338/5218 543/4337/5217 545/4336/5216
f 548/4339/5219 549/4340/5220 547/4341/5221
f 550/4342/5222 547/4341/5221 549/4340/5220
f 552/4343/5223 553/4344/5224 551/4345/5225
f 554/4346/5226 551/4345/5225 553/4344/5224
f 556/4347/5227 557/4348/5228 555/4349/5229
f 558/4350/5230 555/4349/5229 557/4348/5228
f 613/4351/5231 614/4352/5231 612/4353/5231
f 615/4354/5231 612/4353/5231 614/4352/5231
f 617/4355/5207 618/4356/5207 616/4357/5207
f 619/4358/5207 616/4357/5207 618/4356/5207
f 621/4359/5206 622/4360/5206 620/4361/5206
f 623/4362/5206 620/4361/5206 622/4360/5206
f 625/4363/5232 626/4364/5232 624/4365/5232
f 627/4366/5232 624/4365/5232 626/4364/5232
f 661/4367/124 662/4368/124 660/4369/124
f 663/4370/124 660/4369/124 662/4368/124
f 677/4371/5233 678/4372/5233 676/4373/5233
f 679/4374/5233 676/4373/5233 678/4372/5233
f 678/4372/5234 677/4371/5235 474/4322/5235
f 471/4321/5236 474/4322/5235 677/4371/5235
f 736/4375/5237 737/4376/5237 735/4377/5237
f 738/4378/5238 735/4377/5238 737/4376/5238
f 740/4379/5239 741/4380/5239 739/4381/5239
f 742/4382/5239 739/4381/5239 741/4380/5239
f 744/4383/5240 745/4384/5240 743/4385/5240
f 746/4386/5240 743/4385/5240 745/4384/5240
f 747/4387/5209 748/4388/5209 746/4386/5209
f 743/4385/5209 746/4386/5209 748/4388/5209
f 790/4389/5241 791/4390/5241 789/4391/5241
f 792/4392/5242 789/4391/5242 791/4390/5242
f 794/4393/5243 795/4394/5243 793/4395/5243
f 796/4396/5244 793/4395/5244 795/4394/5244
f 798/4397/5245 799/4398/5245 797/4399/5245
f 800/4400/5246 797/4399/5246 799/4398/5246
f 802/4401/5247 803/4402/5247 801/4403/5247
f 804/4404/5248 801/4403/5248 803/4402/5248
f 814/4405/5249 815/4406/5249 813/4407/5249
f 816/4408/5249 813/4407/5249 815/4406/5249
f 818/4409/5250 436/4311/5250 817/4410/5250
f 439/4312/5250 817/4410/5250 436/4311/5250
f 827/4411/5251 828/4412/5251 826/4413/5251
f 829/4414/5251 826/4413/5251 828/4412/5251
f 835/4415/5252 836/4416/5252 834/4417/5252
f 837/4418/5252 834/4417/5252 836/4416/5252
f 839/4419/5253 840/4420/5253 838/4421/5253
f 841/4422/5253 838/4421/5253 840/4420/5253
f 843/4423/5254 844/4424/5254 842/4425/5254
f 845/4426/5255 842/4425/5255 844/4424/5255
f 847/4427/5256 848/4428/5256 846/4429/5256
f 849/4430/5257 846/4429/5257 848/4428/5257
f 864/4431/5258 865/4432/5258 863/4433/5258
f 866/4434/5259 867/4435/5259 865/4432/5259
f 865/4432/5260 867/4435/5260 863/4433/5260
f 867/4435/5261 868/4436/5261 863/4433/5261
f 874/4437/5262 875/4438/5262 873/4439/5262
f 876/4440/3435 873/4439/3435 875/4438/5263
f 878/4441/5264 879/4442/5264 877/4443/5264
f 880/4444/5265 877/4443/5265 879/4442/5265
f 477/4445/328 476/4446/328 277/4299/328
f 278/4300/328 277/4299/328 476/4446/328
f 663/4447/328 884/4448/328 660/4449/328
f 885/4450/328 660/4449/328 884/4448/328
f 499/4451/327 907/4452/327 500/4453/327
f 472/4319/327 500/4453/327 907/4452/327
f 909/4454/327 910/4455/327 908/4456/327
f 911/4457/327 908/4456/327 910/4455/327
f 916/4458/5266 623/4362/5266 915/4459/5266
f 622/4360/5267 915/4459/5267 623/4362/5267
f 918/4460/5268 919/4461/5268 917/4462/5268
f 920/4463/5269 917/4462/5269 919/4461/5269
f 921/4464/5270 922/4465/5270 151/4283/5270
f 152/4284/5271 151/4283/5271 922/4465/5271
f 924/4466/5272 925/4467/5272 923/4468/5272
f 926/4469/5273 923/4468/5273 925/4467/5273
f 203/4292/5274 936/4470/5274 935/4471/5274
f 937/4472/5238 935/4471/5238 936/4470/5238
f 965/4473/5232 966/4474/5232 624/4365/5232
f 625/4363/5232 624/4365/5232 966/4474/5232
f 974/4475/5275 815/4406/5275 973/4476/5275
f 814/4405/5276 973/4476/5276 815/4406/5276
f 976/4477/5277 977/4478/5277 975/4479/5277
f 978/4480/5277 975/4479/5277 977/4478/5277
f 980/4481/5278 981/4482/5278 979/4483/5278
f 982/4484/5279 979/4483/5279 981/4482/5279
f 984/4485/5280 985/4486/5280 983/4487/5280
f 986/4488/5281 983/4487/5281 985/4486/5281
f 1030/4489/5282 150/4285/5282 1029/4490/5282
f 153/4286/5283 1029/4490/5283 150/4285/5283
f 1032/4491/55 1033/4492/55 1031/4493/55
f 1034/4494/55 1031/4493/55 1033/4492/55
f 1036/4495/5284 1037/4496/5284 1035/4497/5284
f 1038/4498/5285 1035/4497/5285 1037/4496/5285
f 1066/4499/5286 1067/4500/5286 1065/4501/5286
f 1067/4500/5287 1068/4502/5287 1065/4501/5287
f 1069/4503/5288 1070/4504/5288 1068/4502/5288
f 1068/4502/5289 1070/4504/5289 1065/4501/5289
f 1072/4505/5290 1073/4506/5290 1071/4507/5290
f 1074/4508/5291 1075/4509/5291 1073/4506/5291
f 1073/4506/5292 1075/4509/5292 1071/4507/5292
f 1075/4509/5293 1076/4510/5293 1071/4507/5293
f 1166/4511/5209 1167/4512/5209 1165/4513/5209
f 1168/4514/5209 1165/4513/5209 1167/4512/5209
f 1170/4515/5294 1171/4516/5294 1169/4517/5294
f 1172/4518/5294 1169/4517/5294 1171/4516/5294
f 829/4414/5295 828/4412/5295 1173/4519/5295
f 1174/4520/5296 1173/4519/5296 828/4412/5296
f 841/4422/5297 840/4420/5297 1175/4521/5297
f 1176/4522/5298 1175/4521/5298 840/4420/5298
f 837/4418/5299 1182/4523/5299 834/4417/5299
f 1183/4524/5300 834/4417/5300 1182/4523/5300
f 620/4361/5301 1189/4525/5301 1188/4526/5301
f 1190/4527/5238 1188/4526/5238 1189/4525/5238
f 1192/4528/55 1193/4529/55 1191/4530/55
f 1194/4531/55 1191/4530/55 1193/4529/55
f 205/4297/5302 1207/4532/5303 206/4295/5303
f 1208/4533/5304 206/4295/5303 1207/4532/5303
f 201/4293/5305 1210/4534/5306 1209/4535/5307
f 1211/4536/5308 1209/4535/5307 1210/4534/5306
f 1213/4537/5309 1214/4538/5309 1212/4539/5309
f 1215/4540/5310 1212/4539/5310 1214/4538/5310
f 1172/4518/5294 1171/4516/5294 1230/4541/5294
f 1231/4542/5294 1230/4541/5294 1171/4516/5294
f 1233/4543/5209 1167/4512/5209 1232/4544/5209
f 1166/4511/5209 1232/4544/5209 1167/4512/5209
f 445/4318/327 444/4317/327 1276/4545/327
f 1277/4546/327 1276/4545/327 444/4317/327
f 1284/4547/5211 441/4313/5211 1283/4548/5211
f 1285/4549/5211 1283/4548/5211 441/4313/5211
f 1291/4550/5311 1292/4551/5312 1290/4552/5313
f 1293/4553/5314 1290/4552/5313 1292/4551/5312
f 1294/4554/5315 1295/4555/5316 863/4433/5317
f 864/4431/5318 863/4433/5317 1295/4555/5316
f 1322/4556/5319 1323/4557/5320 1321/4558/5320
f 1324/4559/5320 1321/4558/5320 1323/4557/5320
f 1326/4560/55 1327/4561/55 1325/4562/3435
f 1328/4563/3435 1325/4562/3435 1327/4561/55
f 1338/4564/5321 1339/4565/5322 1337/4566/5321
f 1340/4567/5323 1337/4566/5321 1339/4565/5322
f 1342/4568/859 1343/4569/859 1341/4570/859
f 1344/4571/859 1341/4570/859 1343/4569/859
f 1352/4572/55 1353/4573/5324 1351/4574/55
f 1354/4575/5324 1351/4574/55 1353/4573/5324
f 1376/4576/5325 1377/4577/5325 981/4482/5325
f 982/4484/5326 981/4482/5326 1377/4577/5326
f 979/4578/5327 1378/4579/5327 980/4580/5327
f 1379/4581/5328 980/4580/5328 1378/4579/5328
f 1434/4582/5329 1435/4583/5329 1433/4584/5329
f 1436/4585/5330 1433/4584/5330 1435/4583/5330
f 1438/4586/5331 1439/4587/5332 1437/4588/5333
f 1440/4589/5334 1437/4588/5333 1439/4587/5332
f 1442/4590/5335 1443/4591/5335 1441/4592/5335
f 1444/4593/5336 1441/4592/5336 1443/4591/5336
f 1446/4594/5337 1447/4595/5338 1445/4596/5339
f 1448/4597/5340 1445/4596/5339 1447/4595/5338
f 499/4598/5341 502/4599/5341 907/4600/5341
f 1473/4601/5341 907/4600/5341 502/4599/5341
f 1474/4602/124 1475/4603/124 473/4320/124
f 1476/4604/124 473/4320/124 1475/4603/124
f 1490/4605/5342 1491/4606/5342 1489/4607/5342
f 975/4479/5343 1500/4608/5344 976/4477/5345
f 1501/4609/5346 976/4477/5345 1500/4608/5344
f 1508/4610/5347 1339/4565/5322 1507/4611/5321
f 1338/4564/5321 1507/4611/5321 1339/4565/5322
f 1510/4612/5348 1511/4613/5348 1509/4614/5348
f 1512/4615/5324 1509/4614/5349 1511/4613/5324
f 1514/4616/5350 1515/4617/5351 1513/4618/5351
f 1516/4619/5351 1513/4618/5351 1515/4617/5351
f 1175/4521/859 1518/4620/859 1517/4621/859
f 1519/4622/859 1517/4621/859 1518/4620/859
f 791/4623/5352 917/4462/5352 792/4624/5352
f 920/4463/5353 792/4624/5353 917/4462/5353
f 797/4625/5354 800/4626/5354 925/4467/5354
f 926/4469/5355 925/4467/5355 800/4626/5355
f 1182/4523/859 1536/4627/859 1535/4628/859
f 1537/4629/859 1535/4628/859 1536/4627/859
f 1566/4630/5356 1567/4631/5356 816/4408/5356
f 813/4407/5357 816/4408/5357 1567/4631/5357
f 1568/4632/5358 1210/4534/5358 204/4294/5358
f 201/4293/5359 204/4294/5359 1210/4534/5359
f 1570/4633/55 1571/4634/55 1569/4635/55
f 1572/4636/55 1569/4635/55 1571/4634/55
f 1573/4637/5360 1574/4638/5360 741/4380/5360
f 742/4382/5361 741/4380/5361 1574/4638/5361
f 1576/4639/55 1577/4640/55 1575/4641/55
f 1578/4642/55 1575/4641/55 1577/4640/55
f 1703/4643/5362 1490/4605/5362 1489/4607/5362
f 1704/4644/5208 742/4382/5208 736/4375/5208
f 1574/4638/5208 736/4375/5208 742/4382/5208
f 1710/4645/5363 1352/4572/5363 1709/4646/5363
f 1711/4647/5364 1709/4646/5364 1352/4572/5364
f 1712/4648/5365 1713/4649/5365 1326/4560/5365
f 1714/4650/5366 1326/4560/5366 1713/4649/5366
f 1716/4651/5367 1342/4568/5367 1715/4652/5367
f 1717/4653/5368 1715/4652/5368 1342/4568/5368
f 1727/4654/5369 791/4655/5369 1726/4656/5369
f 790/4657/5370 1726/4656/5369 791/4655/5369
f 917/4658/5371 1728/4659/5372 918/4660/5373
f 1729/4661/5372 918/4660/5373 1728/4659/5372
f 1730/4662/5374 1731/4663/5375 797/4664/5376
f 798/4665/5377 797/4664/5376 1731/4663/5375
f 925/4666/5378 924/4667/5379 1732/4668/5380
f 1733/4669/5381 1732/4668/5380 924/4667/5379
f 907/4600/5382 1473/4601/5382 1818/4670/5382
f 1819/4671/5382 1818/4670/5382 1473/4601/5382
f 846/4672/5383 849/4673/5383 1214/4538/5383
f 1215/4540/5384 1214/4538/5384 849/4673/5384
f 985/4486/5385 979/4674/5386 1838/4675/5387
f 1839/4676/5388 1838/4675/5387 979/4674/5386
f 1845/4677/5389 1846/4678/5389 1838/4675/5389
f 1847/4679/5390 986/4488/5390 1846/4678/5390
f 1846/4678/5391 986/4488/5391 1838/4675/5391
f 986/4488/5392 985/4486/5392 1838/4675/5392
f 1865/4680/5393 1030/4489/5394 1032/4491/5395
f 1033/4492/5396 1032/4491/5395 1030/4489/5394
f 612/4681/5397 615/4682/5397 627/4366/5397
f 624/4365/5397 627/4366/5397 615/4682/5397
f 879/4442/859 1981/4683/859 1980/4684/859
f 1982/4685/859 1980/4684/859 1981/4683/859
f 2047/4686/124 2048/4687/124 439/4312/124
f 817/4410/124 439/4312/124 2048/4687/124
f 1818/4688/5398 1819/4689/5398 2086/4690/5398
f 2087/4691/5398 2086/4690/5398 1819/4689/5398
f 473/4320/5214 472/4319/5214 1474/4602/5214
f 907/4452/5214 1474/4602/5214 472/4319/5214
f 2118/4692/5399 2119/4693/5400 2117/4694/5401
f 2120/4695/5402 2117/4694/5401 2119/4693/5400
f 2122/4696/5403 2123/4697/5404 2121/4698/5405
f 2124/4699/5406 2121/4698/5405 2123/4697/5404
f 2126/4700/5407 2127/4701/5407 2125/4702/5407
f 2128/4703/5408 2125/4702/5408 2127/4701/5408
f 2130/4704/5409 2131/4705/5410 2129/4706/5411
f 2132/4707/5412 2129/4706/5411 2131/4705/5410
f 2134/4708/5413 2135/4709/5414 2133/4710/5415
f 2136/4711/5416 2133/4710/5415 2135/4709/5414
f 2138/4712/5417 2139/4713/5418 2137/4714/5418
f 2140/4715/5419 2137/4714/5418 2139/4713/5418
f 2150/4716/5420 2151/4717/5421 2149/4718/5422
f 2152/4719/5423 2149/4718/5422 2151/4717/5421
f 2154/4720/5424 2155/4721/5425 2153/4722/5425
f 2156/4723/5426 2153/4722/5425 2155/4721/5425
f 2158/4724/5427 2159/4725/5428 2157/4726/5428
f 2160/4727/5429 2157/4726/5428 2159/4725/5428
f 2162/4728/5430 2163/4729/5431 2161/4730/5432
f 2164/4731/5433 2161/4730/5432 2163/4729/5431
f 2218/4732/5434 2219/4733/5434 2217/4734/5434
f 2220/4735/5435 2221/4736/5436 2217/4734/5437
f 1490/4737/5438 2217/4734/5437 2221/4736/5436
f 2223/4738/5439 2224/4739/5439 2222/4740/5439
f 2226/4741/5440 2222/4740/5441 2225/4742/5442
f 1490/4737/5443 2225/4742/5442 2222/4740/5441
f 975/4479/124 978/4480/124 2243/4743/124
f 2244/4744/124 2243/4743/124 978/4480/124
f 439/4312/5444 438/4310/5444 2047/4686/5444
f 2245/4745/5444 2047/4686/5444 438/4310/5444
f 2247/4746/5445 2248/4747/5445 2246/4748/5445
f 2249/4749/5446 2246/4748/5446 2248/4747/5446
f 2251/4750/5447 2252/4751/5448 2250/4752/5448
f 2253/4753/5449 2250/4752/5448 2252/4751/5448
f 2255/4754/5450 2256/4755/5451 2254/4756/5451
f 2257/4757/5452 2254/4756/5451 2256/4755/5451
f 2259/4758/5453 2260/4759/5454 2258/4760/5454
f 2261/4761/5455 2258/4760/5454 2260/4759/5454
f 2263/4762/5456 2264/4763/5457 2262/4764/5457
f 2265/4765/5458 2262/4764/5457 2264/4763/5457
f 2267/4766/5459 2268/4767/5459 2266/4768/5459
f 2269/4769/5460 2266/4768/5460 2268/4767/5460
f 2271/4770/5461 2272/4771/5462 2270/4772/5463
f 2273/4773/5464 2270/4772/5463 2272/4771/5462
f 2275/4774/5465 2276/4775/5466 2274/4776/5466
f 2277/4777/5467 2274/4776/5466 2276/4775/5466
f 2296/4778/5468 2297/4779/5468 2295/4780/5468
f 2297/4779/5469 1293/4553/5469 2295/4780/5469
f 1292/4551/5470 2298/4781/5470 1293/4553/5470
f 1293/4553/5471 2298/4781/5471 2295/4780/5471
f 918/4782/5472 1729/4783/5473 790/4657/5472
f 1726/4656/5474 790/4657/5472 1729/4783/5473
f 2311/4784/5393 916/4458/5475 1193/4529/5476
f 1194/4531/5477 1193/4529/5476 916/4458/5475
f 924/4785/5478 798/4665/5478 1733/4786/5478
f 1731/4663/5478 1733/4786/5478 798/4665/5478
f 2312/4787/5393 1031/4493/5479 921/4464/5480
f 1034/4494/5481 921/4464/5480 1031/4493/5479
f 2314/4788/124 910/4789/124 2313/4790/124
f 909/4791/124 2313/4790/124 910/4789/124
f 498/4330/5211 497/4328/5211 2315/4792/5211
f 2316/4793/5211 2315/4792/5211 497/4328/5211
f 1035/4497/5482 1038/4498/5482 2320/4794/5482
f 878/4441/5483 877/4443/5483 2321/4795/5483
f 1176/4522/5484 840/4420/5484 2322/4796/5484
f 1709/4646/5485 1711/4647/5485 2323/4797/5485
f 834/4417/5486 1183/4524/5486 2324/4798/5486
f 1714/4650/5487 1713/4649/5487 2325/4799/5487
f 1174/4520/5488 828/4412/5488 2326/4800/5488
f 1715/4652/5489 1717/4653/5489 2327/4801/5489
f 738/4378/5490 1576/4639/5491 735/4377/5492
f 1575/4641/5493 735/4377/5492 1576/4639/5491
f 1171/4516/5494 1170/4515/5494 1166/4802/5494
f 1232/4803/5494 1166/4802/5494 1170/4515/5494
f 2347/4804/5495 2348/4805/5496 2346/4806/5496
f 2349/4807/5497 2346/4806/5496 2348/4805/5496
f 2351/4808/5498 2352/4809/5499 2350/4810/5499
f 2353/4811/5500 2350/4810/5499 2352/4809/5499
f 978/4480/5501 977/4478/5502 2360/4812/5503
f 2361/4813/5504 2360/4812/5503 977/4478/5502
f 612/4353/5505 616/4357/5505 613/4351/5506
f 619/4358/5507 613/4351/5506 616/4357/5505
f 627/4366/5508 626/4364/5509 2410/4814/5509
f 621/4359/5509 2410/4814/5509 626/4364/5509
f 2244/4744/124 679/4374/124 2243/4743/124
f 678/4372/124 2243/4743/124 679/4374/124
f 2439/4815/124 474/4322/124 1476/4604/124
f 473/4320/124 1476/4604/124 474/4322/124
f 1190/4527/5393 1192/4528/5510 1188/4526/5511
f 1191/4530/5512 1188/4526/5511 1192/4528/5510
f 2550/4816/5513 2551/4817/5514 2549/4818/5515
f 2551/4817/5514 2552/4819/5516 2549/4818/5515
f 2552/4819/5516 874/4437/5517 2549/4818/5515
f 874/4437/5517 873/4439/5518 2549/4818/5515
f 2559/4820/5238 2560/4821/5238 2558/4822/5238
f 2561/4823/5238 2558/4822/5238 2560/4821/5238
f 2613/4824/5519 2614/4825/5519 2612/4826/5519
f 2615/4827/5520 2612/4826/5519 2614/4825/5519
f 2617/4828/5521 2618/4829/5522 2616/4830/5522
f 2619/4831/5523 2616/4830/5522 2618/4829/5522
f 1165/4832/5494 1231/4542/5494 1166/4802/5494
f 1171/4516/5494 1166/4802/5494 1231/4542/5494
f 937/4472/5490 936/4470/5524 1570/4633/5525
f 1571/4634/5526 1570/4633/5525 936/4470/5524
f 679/4374/5527 2724/4833/5528 676/4373/5529
f 2725/4834/5530 676/4373/5529 2724/4833/5528
f 154/4289/5531 157/4290/5531 152/4835/5531
f 153/4836/5531 152/4835/5531 157/4290/5531
f 614/4352/5532 625/4837/5532 2803/4838/5532
f 966/4839/5532 2803/4838/5532 625/4837/5532
f 2831/4840/5533 817/4410/5533 2830/4841/5533
f 2048/4687/5533 2830/4841/5533 817/4410/5533
f 1165/4513/5534 1168/4514/5534 207/4296/5534
f 208/4298/5534 207/4296/5534 1168/4514/5534
f 1231/4542/5535 2839/4842/5536 1230/4541/5537
f 202/4291/5537 1230/4541/5537 2839/4842/5536
f 1818/4688/5538 2086/4690/5539 2847/4843/5539
f 2848/4844/5540 2847/4843/5539 2086/4690/5539
f 2848/4844/5541 2849/4845/5541 2847/4843/5541
f 2850/4846/5541 2847/4843/5541 2849/4845/5541
f 156/4847/5542 1029/4490/5543 2861/4848/5543
f 965/4473/5544 2861/4848/5543 1029/4490/5543
f 153/4286/5545 966/4474/5545 1029/4490/5545
f 965/4473/5546 1029/4490/5545 966/4474/5545
f 1232/4544/5547 748/4388/5547 1233/4543/5547
f 747/4387/5547 1233/4543/5547 748/4388/5547
f 1170/4515/5548 1169/4517/5549 2864/4849/5550
f 1704/4644/5549 2864/4849/5550 1169/4517/5549
f 1337/4566/5551 1340/4567/5552 1343/4569/5553
f 1340/4567/5552 2873/4850/5554 1343/4569/5553
f 2873/4850/5554 2874/4851/5555 1343/4569/5553
f 2874/4851/5555 2875/4852/5556 1343/4569/5553
f 157/4290/5557 156/4288/5558 2803/4838/5559
f 2861/4853/5558 2803/4838/5559 156/4288/5558
f 2890/4854/5560 799/4398/5561 2889/4855/5560
f 923/4468/5561 2889/4855/5560 799/4398/5561
f 2891/4856/5562 2892/4857/5563 804/4404/5563
f 801/4403/5564 804/4404/5563 2892/4857/5563
f 2894/4858/5565 796/4396/5566 2893/4859/5566
f 795/4394/5567 2893/4859/5566 796/4396/5566
f 2895/4860/5568 2896/4861/5569 789/4391/5570
f 919/4461/5571 789/4391/5570 2896/4861/5569
f 2898/4862/5572 2899/4863/5572 2897/4864/5572
f 2900/4865/5572 2897/4864/5572 2899/4863/5572
f 2902/4866/5572 2903/4867/5572 2901/4868/5572
f 2904/4869/5572 2901/4868/5572 2903/4867/5572
f 2911/4870/5573 2912/4871/5573 2910/4872/5573
f 2913/4873/5574 2910/4872/5574 2912/4871/5574
f 2915/4874/5575 2916/4875/5575 2914/4876/5575
f 2917/4877/5576 2914/4876/5576 2916/4875/5576
f 739/4381/5577 980/4878/5577 740/4379/5578
f 1379/4879/5579 740/4379/5578 980/4878/5577
f 981/4880/5580 745/4384/5581 1376/4881/5582
f 744/4383/5583 1376/4881/5582 745/4384/5581
f 1209/4535/5584 1211/4536/5585 846/4882/5586
f 847/4883/5585 846/4882/5586 1211/4536/5585
f 1214/4884/5587 1213/4885/5588 1207/4532/5589
f 1208/4533/5590 1207/4532/5589 1213/4885/5588
f 150/4285/5591 1030/4489/5591 3066/4886/5591
f 1865/4680/5238 3066/4886/5238 1030/4489/5238
f 3068/4887/5238 3069/4888/5238 3067/4889/5238
f 3070/4890/5238 3067/4889/5238 3069/4888/5238
f 3079/4891/5592 3080/4892/5593 877/4443/5594
f 2321/4795/5595 877/4443/5594 3080/4892/5593
f 835/4415/5596 3081/4893/5597 1713/4649/5598
f 2325/4799/5599 1713/4649/5598 3081/4893/5597
f 827/4411/5600 1715/4652/5601 3082/4894/5602
f 2327/4801/5603 3082/4894/5602 1715/4652/5601
f 839/4419/5604 3083/4895/5605 840/4420/5606
f 2322/4796/5607 840/4420/5606 3083/4895/5605
f 3093/4896/5608 3094/4897/5609 1980/4684/5610
f 3094/4897/5609 3095/4898/5611 1980/4684/5610
f 3095/4898/5611 3096/4899/5612 1980/4684/5610
f 3096/4899/5612 3097/4900/5613 1980/4684/5610
f 3098/4901/5614 3099/4902/5615 1517/4621/5616
f 3099/4902/5615 3100/4903/5617 1517/4621/5616
f 3100/4903/5617 1514/4616/5618 1517/4621/5616
f 1514/4616/5618 1513/4618/5619 1517/4621/5616
f 1476/4604/124 1475/4603/124 279/4302/124
f 276/4301/124 279/4302/124 1475/4603/124
f 2619/4831/5541 2618/4829/5541 2613/4824/5541
f 2614/4825/5541 2613/4824/5541 2618/4829/5541
f 2245/4745/5444 973/4476/5444 2047/4686/5444
f 814/4405/5444 2047/4686/5444 973/4476/5444
f 813/4407/124 2048/4687/124 814/4405/124
f 2047/4686/124 814/4405/124 2048/4687/124
f 618/4356/5531 622/4904/5531 619/4358/5531
f 621/4905/5531 619/4358/5531 622/4904/5531
f 626/4906/5620 613/4351/5621 621/4905/5622
f 619/4358/5623 621/4905/5622 613/4351/5621
f 800/4626/5624 3191/4907/5624 926/4469/5624
f 3192/4908/5625 3193/4909/5625 3191/4907/5625
f 3191/4907/5626 3193/4909/5626 926/4469/5626
f 3193/4909/5627 3194/4910/5627 926/4469/5627
f 793/4395/5628 3205/4911/5628 794/4393/5628
f 3206/4912/5629 3207/4913/5629 3205/4911/5629
f 3205/4911/5630 3207/4913/5630 794/4393/5630
f 3207/4913/5631 3208/4914/5631 794/4393/5631
f 3209/4915/5632 818/4409/5632 2831/4840/5632
f 817/4410/5633 2831/4840/5633 818/4409/5633
f 3218/4916/5634 1491/4606/5634 2221/4917/5634
f 1490/4605/5635 2221/4917/5635 1491/4606/5635
f 2219/4733/5636 3219/4918/5636 2217/4734/5636
f 2220/4735/5637 2217/4734/5637 3219/4918/5637
f 3220/4919/5638 2225/4920/5638 1703/4643/5638
f 1490/4605/5639 1703/4643/5639 2225/4920/5639
f 2223/4738/5640 2222/4740/5640 3221/4921/5640
f 2226/4741/5641 3221/4921/5641 2222/4740/5641
f 623/4362/5642 916/4458/5642 3222/4922/5642
f 2311/4784/5238 3222/4922/5238 916/4458/5238
f 151/4283/5643 3223/4923/5643 921/4464/5643
f 2312/4787/5238 921/4464/5238 3223/4923/5238
f 1188/4526/5644 2410/4814/5644 620/4361/5644
f 621/4359/5645 620/4361/5645 2410/4814/5645
f 2614/4924/5646 1475/4603/5647 2615/4925/5648
f 1473/4601/5649 2615/4925/5648 1475/4603/5647
f 477/4926/5341 277/4927/5341 478/4928/5341
f 1473/4601/5341 478/4928/5341 277/4927/5341
f 924/4466/5650 923/4468/5651 798/4397/5652
f 799/4398/5653 798/4397/5652 923/4468/5651
f 918/4460/5654 790/4389/5654 919/4461/5654
f 789/4391/5654 919/4461/5654 790/4389/5654
f 1231/4542/5655 1165/4832/5656 2839/4842/5656
f 207/4929/5657 2839/4842/5656 1165/4832/5656
f 748/4930/5658 1232/4803/5659 2864/4849/5659
f 1170/4515/5660 2864/4849/5659 1232/4803/5659
f 3225/4931/5661 3226/4932/5662 3224/4933/5663
f 3226/4932/5662 3227/4934/5664 3224/4933/5663
f 3227/4934/5664 3228/4935/5665 3224/4933/5663
f 3228/4935/5665 1353/4573/5666 3224/4933/5663
f 1325/4562/5667 3230/4936/5668 3229/4937/5669
f 3230/4936/5668 3231/4938/5670 3229/4937/5669
f 3231/4938/5670 3232/4939/5671 3229/4937/5669
f 3232/4939/5671 3233/4940/5672 3229/4937/5669
f 616/4941/5673 612/4681/5674 2410/4814/5674
f 627/4366/5675 2410/4814/5674 612/4681/5674
f 2617/4828/5398 2616/4830/5398 2615/4942/5398
f 2612/4943/5398 2615/4942/5398 2616/4830/5398
f 277/4927/5382 2617/4944/5382 1473/4601/5382
f 2615/4925/5382 1473/4601/5382 2617/4944/5382
f 3246/4945/5676 3247/4946/5676 3245/4947/5676
f 3248/4948/5676 3245/4947/5676 3247/4946/5676
f 3250/4949/5677 3251/4950/5678 3249/4951/5679
f 3252/4952/5680 3249/4951/5679 3251/4950/5678
f 3254/4953/5681 3248/4948/5681 3253/4954/5681
f 3247/4946/5682 3253/4954/5682 3248/4948/5682
f 3245/4947/5683 3255/4955/5683 3246/4945/5683
f 3256/4956/5684 3246/4945/5684 3255/4955/5684
f 3263/4957/5490 1569/4635/5685 1568/4632/5686
f 1572/4636/5687 1568/4632/5686 1569/4635/5685
f 1211/4536/5688 1210/4534/5688 1208/4958/5688
f 206/4959/5688 1208/4958/5688 1210/4534/5688
f 3264/4960/5490 1573/4637/5689 1577/4640/5690
f 1578/4642/5691 1577/4640/5690 1573/4637/5689
f 740/4379/5692 744/4961/5692 741/4380/5693
f 743/4962/5693 741/4380/5693 744/4961/5692
f 3292/4963/5694 848/4428/5695 3291/4964/5696
f 1212/4539/5697 3291/4964/5696 848/4428/5695
f 3293/4965/5698 3294/4966/5698 845/4426/5699
f 842/4425/5699 845/4426/5699 3294/4966/5698
f 3296/4967/5700 984/4485/5701 3295/4968/5700
f 983/4487/5701 3295/4968/5700 984/4485/5701
f 3297/4969/5702 3298/4970/5703 1378/4579/5704
f 1377/4577/5705 1378/4579/5704 3298/4970/5703
f 3300/4971/5706 3301/4972/5706 3299/4973/5706
f 3302/4974/5707 3299/4973/5707 3301/4972/5707
f 3304/4975/5708 3300/4976/5708 3303/4977/5708
f 3299/4978/5709 3303/4977/5709 3300/4976/5709
f 3306/4979/5710 3307/4980/5710 3305/4981/5710
f 3308/4982/5711 3305/4981/5711 3307/4980/5711
f 3309/4983/5712 3310/4984/5712 3306/4985/5712
f 3307/4986/5713 3306/4985/5713 3310/4984/5713
f 502/4599/5714 2313/4987/5714 1473/4601/5714
f 497/4988/5715 1473/4601/5715 2313/4987/5715
f 908/4989/5716 2316/4990/5716 909/4991/5716
f 2316/4990/5717 497/4988/5717 909/4991/5717
f 497/4988/5717 2313/4987/5717 909/4991/5717
f 617/4992/5718 915/4459/5718 1729/4783/5718
f 1726/4656/5718 1729/4783/5718 915/4459/5718
f 622/4360/5719 1727/4654/5719 915/4459/5719
f 1726/4656/5719 915/4459/5719 1727/4654/5719
f 155/4993/5720 1733/4786/5720 922/4465/5720
f 1731/4663/5720 922/4465/5720 1733/4786/5720
f 152/4284/5721 922/4465/5722 1730/4662/5723
f 1731/4663/5724 1730/4662/5723 922/4465/5722
f 2916/4875/5725 2915/4874/5726 3323/4994/5726
f 3324/4995/5727 3323/4994/5726 2915/4874/5726
f 1733/4669/5728 155/4287/5729 1732/4668/5730
f 154/4289/5731 1732/4668/5730 155/4287/5729
f 1729/4661/5732 1728/4659/5733 617/4355/5734
f 618/4356/5735 617/4355/5734 1728/4659/5733
f 966/4839/5736 153/4836/5737 2803/4838/5738
f 157/4290/5739 2803/4838/5738 153/4836/5737
f 3368/4996/5211 3369/4997/5211 3367/4998/5211
f 3370/4999/5211 3367/4998/5211 3369/4997/5211
f 3372/5000/124 3373/5001/124 3371/5002/124
f 3374/5003/124 3371/5002/124 3373/5001/124
f 3376/5004/124 3377/5005/124 3375/5006/124
f 3378/5007/124 3375/5006/124 3377/5005/124
f 3380/5008/5211 3381/5009/5211 3379/5010/5211
f 3382/5011/5211 3379/5010/5211 3381/5009/5211
f 3392/5012/5740 3393/5013/5740 3208/4914/5740
f 794/4393/5741 3208/4914/5741 3393/5013/5741
f 3206/4912/5742 3394/5014/5742 3207/4913/5743
f 3395/5015/5743 3207/4913/5743 3394/5014/5742
f 3397/5016/5744 3392/5012/5745 3396/5017/5746
f 3208/4914/5747 3396/5017/5746 3392/5012/5745
f 802/4401/5748 3413/5018/5749 803/4402/5750
f 3413/5018/5751 3414/5019/5751 803/4402/5751
f 3415/5020/5752 3416/5021/5752 3414/5019/5753
f 3414/5019/5753 3416/5021/5752 803/4402/5754
f 3418/5022/5755 3413/5018/5755 3417/5023/5755
f 802/4401/5748 3417/5023/5756 3413/5018/5749
f 3419/5024/5757 3420/5025/5757 3194/4910/5757
f 926/4469/5758 3194/4910/5758 3420/5025/5758
f 205/4297/5759 208/4298/5759 201/5026/5759
f 202/5027/5759 201/5026/5759 208/4298/5759
f 1230/5028/5760 202/5027/5761 1168/4514/5762
f 208/4298/5763 1168/4514/5762 202/5027/5761
f 746/4386/5759 742/5029/5759 747/4387/5759
f 1704/5030/5759 747/4387/5759 742/5029/5759
f 1169/5031/5764 1233/4543/5765 1704/5030/5766
f 747/4387/5767 1704/5030/5766 1233/4543/5765
f 1323/4557/5768 1322/4556/5769 1536/4627/5770
f 1322/4556/5769 3481/5032/5771 1536/4627/5770
f 3481/5032/5771 3482/5033/5772 1536/4627/5770
f 3482/5033/5772 3483/5034/5773 1536/4627/5770
f 676/4373/327 445/4318/327 3484/5035/327
f 445/4318/327 1276/4545/327 3484/5035/327
f 1276/4545/327 3485/5036/327 3484/5035/327
f 3487/5037/327 3488/5038/327 3486/5039/327
f 3489/5040/327 3490/5041/327 3488/5038/327
f 3488/5038/327 3490/5041/327 3486/5039/327
f 3490/5041/327 3491/5042/327 3486/5039/327
f 2550/4816/5774 2549/4818/5775 3494/5043/5776
f 3495/5044/5775 3494/5043/5776 2549/4818/5775
f 3079/4891/5777 877/4443/5777 3496/5045/5777
f 880/4444/5777 3496/5045/5777 877/4443/5777
f 3498/5046/328 3499/5047/328 3497/5048/328
f 3500/5049/328 977/4478/328 3499/5047/328
f 3499/5047/328 977/4478/328 3497/5048/328
f 977/4478/328 976/4477/328 3497/5048/328
f 3502/5050/327 3503/5051/327 3501/5052/327
f 677/4371/327 676/4373/327 3503/5051/327
f 3503/5051/327 676/4373/327 3501/5052/327
f 676/4373/327 3484/5035/327 3501/5052/327
f 2850/5053/5778 1819/4671/5779 1475/4603/5780
f 1473/4601/5781 1475/4603/5780 1819/4671/5779
f 2849/4845/5782 2087/5054/5782 2850/4846/5782
f 1819/5055/5783 2850/4846/5782 2087/5054/5782
f 500/4453/327 472/4319/327 910/4455/327
f 911/4457/5784 910/4455/327 472/4319/327
f 735/4377/5785 2864/4849/5785 736/4375/5785
f 1704/4644/5786 736/4375/5786 2864/4849/5786
f 936/4470/5787 203/4292/5787 2839/4842/5787
f 202/4291/5788 2839/4842/5788 203/4292/5788
f 204/4294/5789 3522/5056/5789 1568/4632/5789
f 3263/4957/5238 1568/4632/5238 3522/5056/5238
f 1574/4638/5790 1573/4637/5790 3523/5057/5790
f 3264/4960/5238 3523/5057/5238 1573/4637/5238
f 3397/5058/5791 3396/5059/5791 3536/5060/5791
f 920/4463/5792 3536/5060/5792 3396/5059/5792
f 920/4463/5793 3396/5059/5793 792/4624/5793
f 3396/5059/5794 3395/5061/5794 792/4624/5794
f 3394/5062/5795 3537/5063/5796 3395/5061/5797
f 3395/5061/5797 3537/5063/5796 792/4624/5798
f 474/4322/5799 2439/4815/5799 678/4372/5799
f 2243/4743/5799 678/4372/5799 2439/4815/5799
f 1213/4537/5800 1212/4539/5801 847/4427/5802
f 848/4428/5803 847/4427/5802 1212/4539/5801
f 1376/4576/5804 1379/4581/5805 1377/4577/5806
f 1378/4579/5805 1377/4577/5806 1379/4581/5805
f 3538/5064/328 3500/5049/328 3499/5047/328
f 978/4480/5807 2360/4812/5807 2244/4744/5807
f 3539/5065/5807 2244/4744/5807 2360/4812/5807
f 1284/4547/328 816/4408/328 3545/5066/328
f 815/4406/328 3545/5066/328 816/4408/328
f 3546/5067/328 2361/4813/328 281/4303/328
f 977/4478/328 281/4303/328 2361/4813/328
f 440/4315/327 443/4316/327 818/4409/327
f 436/4311/327 818/4409/327 443/4316/327
f 3547/5068/327 445/4318/327 2725/4834/327
f 676/4373/327 2725/4834/327 445/4318/327
f 549/4340/5808 543/4337/5809 550/4342/5810
f 546/4338/5811 550/4342/5810 543/4337/5809
f 1448/4597/5812 1447/4595/5812 1444/4593/5812
f 1441/4592/5813 1444/4593/5813 1447/4595/5813
f 551/4345/5814 554/4346/5815 557/4348/5816
f 558/4350/5817 557/4348/5816 554/4346/5815
f 1440/4589/5818 1436/4585/5818 1437/4588/5818
f 1435/4583/5819 1437/4588/5819 1436/4585/5819
f 476/4446/328 660/4449/328 278/4300/328
f 885/4450/328 278/4300/328 660/4449/328
f 849/4673/5820 3576/5069/5820 1215/4540/5820
f 3577/5070/5821 3578/5071/5821 3576/5069/5821
f 3576/5069/5822 3578/5071/5822 1215/4540/5822
f 3578/5071/5823 3579/5072/5823 1215/4540/5823
f 1167/4512/5824 1233/4543/5824 1172/5073/5824
f 1169/5031/5824 1172/5073/5824 1233/4543/5824
f 3612/5074/5825 3613/5075/5826 3611/5076/5827
f 3614/5077/5828 3611/5076/5827 3613/5075/5826
f 3616/5078/5829 3617/5079/5830 3615/5080/5831
f 3618/5081/5830 3615/5080/5831 3617/5079/5830
f 3620/5082/5832 3621/5083/5833 3619/5084/5834
f 3622/5085/5835 3619/5084/5834 3621/5083/5833
f 3624/5086/5836 3625/5087/5837 3623/5088/5838
f 3626/5089/5837 3623/5088/5838 3625/5087/5837
f 1489/4607/5839 1491/4606/5840 2218/4732/5841
f 2219/4733/5842 2218/4732/5841 1491/4606/5840
f 1489/4607/5843 2224/4739/5844 1703/4643/5845
f 2223/4738/5846 1703/4643/5845 2224/4739/5844
f 3247/4946/5847 3635/5090/5848 3253/4954/5849
f 3636/5091/5850 3637/5092/5850 2917/5093/5851
f 2914/5094/5851 2917/5093/5851 3637/5092/5850
f 3638/5095/5852 3324/5096/5853 2915/5097/5854
f 3649/5098/5855 2256/4755/5856 3648/5099/5857
f 2255/4754/5858 3648/5099/5857 2256/4755/5856
f 3651/5100/5859 2272/4771/5859 3650/5101/5859
f 2271/4770/5860 3650/5101/5860 2272/4771/5860
f 3653/5102/5861 2248/4747/5861 3652/5103/5861
f 2247/4746/5862 3652/5103/5862 2248/4747/5862
f 3655/5104/5863 2264/4763/5863 3654/5105/5863
f 2263/4762/5864 3654/5105/5864 2264/4763/5864
f 3656/5106/5865 3657/5107/5865 2125/4702/5865
f 2126/4700/5866 2125/4702/5866 3657/5107/5866
f 3658/5108/5867 3659/5109/5867 2133/4710/5867
f 2134/4708/5868 2133/4710/5868 3659/5109/5868
f 2122/4696/5869 3675/5110/5869 2118/4692/5869
f 3676/5111/5870 2118/4692/5870 3675/5110/5870
f 2347/4804/5871 3677/5112/5871 2351/4808/5871
f 3678/5113/5872 2351/4808/5872 3677/5112/5872
f 2150/4716/5873 2154/4720/5873 3679/5114/5873
f 3680/5115/5874 3679/5114/5874 2154/4720/5874
f 2158/4724/5875 2162/4728/5875 3681/5116/5875
f 3682/5117/5876 3681/5116/5876 2162/4728/5876
f 1511/4613/5877 1510/4612/5877 1507/4611/5878
f 1510/4612/5877 3691/5118/5879 1507/4611/5878
f 3691/5118/5879 3692/5119/5880 1507/4611/5878
f 3692/5119/5880 1508/4610/5881 1507/4611/5878
f 478/4928/5882 1473/4601/5882 662/5120/5882
f 497/4988/5883 662/5120/5883 1473/4601/5883
f 662/5120/5717 497/4988/5717 663/5121/5717
f 497/4988/5717 496/5122/5717 663/5121/5717
f 496/5122/5884 884/5123/5884 663/5121/5884
f 3707/5124/5885 3708/5125/5885 1847/4679/5885
f 986/4488/5886 1847/4679/5886 3708/5125/5886
f 3710/5126/5887 3711/5127/5887 3709/5128/5887
f 982/4484/5888 3709/5128/5888 3711/5127/5888
f 982/4484/5889 3711/5127/5889 979/4483/5889
f 3711/5127/5890 3712/5129/5890 979/4483/5890
f 3713/5130/5891 1839/5131/5891 3712/5129/5891
f 3712/5129/5892 1839/5131/5892 979/4483/5892
f 1213/5132/5893 847/4883/5894 1208/4958/5895
f 1211/4536/5896 1208/4958/5895 847/4883/5894
f 1376/5133/5897 744/4961/5898 1379/4879/5899
f 740/4379/5900 1379/4879/5899 744/4961/5898
f 843/4423/5901 3722/5134/5902 844/4424/5901
f 3722/5134/5903 3723/5135/5903 844/4424/5903
f 3724/5136/5904 3725/5137/5905 3723/5135/5906
f 3723/5135/5906 3725/5137/5905 844/4424/5906
f 3727/5138/5907 3722/5134/5907 3726/5139/5907
f 843/4423/5901 3726/5139/5902 3722/5134/5902
f 3728/5140/5908 3729/5141/5908 3579/5072/5908
f 1215/4540/5909 3579/5072/5909 3729/5141/5909
f 2128/4703/5910 2127/4701/5910 2132/4707/5910
f 2129/4706/5911 2132/4707/5911 2127/4701/5911
f 3737/5142/5912 3738/5143/5913 3736/5144/5914
f 3739/5145/5915 3736/5144/5914 3738/5143/5913
f 3740/5146/5916 2130/4704/5916 3657/5107/5916
f 2126/4700/5917 3657/5107/5917 2130/4704/5917
f 3742/5147/5918 3743/5148/5918 3741/5149/5918
f 3744/5150/5919 3741/5149/5919 3743/5148/5919
f 2249/4749/5920 2253/4753/5920 2246/4748/5920
f 2252/4751/5921 2246/4748/5921 2253/4753/5921
f 3746/5151/5922 3747/5152/5922 3745/5153/5922
f 3748/5154/5923 3745/5153/5923 3747/5152/5923
f 3749/5155/5924 3652/5103/5924 2251/4750/5924
f 2247/4746/5925 2251/4750/5925 3652/5103/5925
f 3751/5156/5926 3752/5157/5927 3750/5158/5928
f 3753/5159/5929 3750/5158/5928 3752/5157/5927
f 2124/4699/5930 2123/4697/5931 2120/4695/5932
f 2117/4694/5933 2120/4695/5932 2123/4697/5931
f 3755/5160/5934 3756/5161/5934 3754/5162/5935
f 3757/5163/5935 3754/5162/5935 3756/5161/5934
f 3759/5164/5936 3760/5165/5937 3758/5166/5938
f 3761/5167/5939 3758/5166/5938 3760/5165/5937
f 1291/4550/5311 1290/4552/5313 1071/4507/5940
f 1072/4505/5941 1071/4507/5940 1290/4552/5313
f 1294/4554/5315 1069/4503/5942 1295/4555/5316
f 1068/4502/5943 1295/4555/5316 1069/4503/5942
f 2152/4719/5944 2156/4723/5945 2149/4718/5946
f 2155/4721/5947 2149/4718/5946 2156/4723/5945
f 3763/5168/5948 3764/5169/5948 3762/5170/5948
f 3765/5171/5949 3762/5170/5949 3764/5169/5949
f 3767/5172/5950 3768/5173/5950 3766/5174/5950
f 3769/5175/5951 3766/5174/5951 3768/5173/5951
f 2273/4773/5952 2277/4777/5952 2270/4772/5952
f 2276/4775/5953 2270/4772/5953 2277/4777/5953
f 3771/5176/5954 3772/5177/5955 3770/5178/5954
f 3773/5179/5955 3770/5178/5954 3772/5177/5955
f 3774/5180/5956 3650/5101/5956 2275/4774/5956
f 2271/4770/5957 2275/4774/5957 3650/5101/5957
f 3776/5181/5958 3777/5182/5959 3775/5183/5960
f 3778/5184/5961 3775/5183/5960 3777/5182/5959
f 2136/4711/5962 2135/4709/5962 2140/4715/5962
f 2137/4714/5963 2140/4715/5963 2135/4709/5963
f 3780/5185/5964 3781/5186/5964 3779/5187/5964
f 3782/5188/5965 3779/5187/5965 3781/5186/5965
f 3783/5189/5966 2138/4712/5966 3659/5109/5966
f 2134/4708/5967 3659/5109/5967 2138/4712/5967
f 3785/5190/5968 3786/5191/5968 3784/5192/5968
f 3787/5193/5969 3784/5192/5969 3786/5191/5969
f 3420/5194/5970 3310/5195/5971 3417/5023/5972
f 3788/5196/5973 3417/5023/5972 3310/5195/5971
f 3309/5197/5974 3789/5198/5974 3310/5195/5974
f 3788/5196/5975 3310/5195/5975 3789/5198/5975
f 2265/4765/5976 2269/4769/5977 2262/4764/5978
f 2268/4767/5979 2262/4764/5978 2269/4769/5977
f 3791/5199/5980 3792/5200/5980 3790/5201/5980
f 3793/5202/5980 3790/5201/5980 3792/5200/5980
f 3794/5203/5981 3654/5105/5981 2267/4766/5981
f 2263/4762/5982 2267/4766/5982 3654/5105/5982
f 3796/5204/5983 3797/5205/5984 3795/5206/5985
f 3798/5207/5986 3795/5206/5985 3797/5205/5984
f 3536/5208/5987 3393/5013/5988 3303/5209/5989
f 3799/5210/5989 3303/5209/5989 3393/5013/5988
f 3304/5211/5990 3303/5209/5990 3800/5212/5990
f 3799/5210/5991 3800/5212/5991 3303/5209/5991
f 2160/4727/5992 2164/4731/5992 2157/4726/5992
f 2163/4729/5993 2157/4726/5993 2164/4731/5993
f 3802/5213/5994 3803/5214/5995 3801/5215/5996
f 3804/5216/5997 3801/5215/5996 3803/5214/5995
f 3806/5217/5998 3807/5218/5998 3805/5219/5998
f 3808/5220/5999 3805/5219/5999 3807/5218/5999
f 2349/4807/6000 2348/4805/6000 2353/4811/6000
f 2350/4810/6001 2353/4811/6001 2348/4805/6001
f 3810/5221/6002 3811/5222/6002 3809/5223/6002
f 3812/5224/6003 3809/5223/6003 3811/5222/6003
f 3814/5225/6004 3815/5226/6005 3813/5227/6006
f 3816/5228/6007 3813/5227/6006 3815/5226/6005
f 2261/4761/6008 2260/4759/6009 2257/4757/6010
f 2254/4756/6011 2257/4757/6010 2260/4759/6009
f 3818/5229/6012 3819/5230/6012 3817/5231/6012
f 3820/5232/6013 3817/5231/6012 3819/5230/6012
f 3648/5099/6014 2255/4754/6015 3821/5233/6015
f 2259/4758/6016 3821/5233/6015 2255/4754/6015
f 3823/5234/6017 3824/5235/6018 3822/5236/6019
f 3825/5237/6020 3822/5236/6019 3824/5235/6018
f 498/4330/6021 2315/4792/6021 3843/5238/6021
f 3844/5239/6021 3843/5238/6021 2315/4792/6021
f 471/4321/327 3845/5240/327 472/4319/327
f 911/4457/327 472/4319/327 3845/5240/327
f 2323/4797/6022 3083/4895/5605 1709/4646/6023
f 839/4419/5604 1709/4646/6023 3083/4895/5605
f 1710/4645/5253 1709/4646/5253 838/4421/5253
f 839/4419/5253 838/4421/5253 1709/4646/5253
f 2320/4794/6024 3080/4892/5593 1035/4497/6025
f 3079/4891/5592 1035/4497/6025 3080/4892/5593
f 1036/4495/5777 1035/4497/5777 3496/5045/5777
f 3079/4891/5777 3496/5045/5777 1035/4497/5777
f 2326/4800/6026 828/4412/6027 3082/4894/5602
f 827/4411/5600 3082/4894/5602 828/4412/6027
f 2324/4798/6028 3081/4893/5597 834/4417/6029
f 835/4415/5596 834/4417/6029 3081/4893/5597
f 797/5241/6030 925/4666/6031 1730/5242/6032
f 1732/4668/6033 1730/5242/6032 925/4666/6031
f 154/4289/6034 152/4835/6034 1732/4668/6034
f 1730/5242/6035 1732/4668/6034 152/4835/6034
f 791/5243/6036 1727/5244/6037 917/4658/6038
f 1728/4659/6037 917/4658/6038 1727/5244/6037
f 618/4356/6039 1728/4659/6040 622/4904/6041
f 1727/5244/6042 622/4904/6041 1728/4659/6040
f 1513/4618/6043 1516/4619/6044 841/4422/6044
f 838/4421/6044 841/4422/6044 1516/4619/6044
f 1353/4573/6045 1352/4572/6045 3224/4933/6046
f 1710/4645/6047 3224/4933/6046 1352/4572/6045
f 1323/4557/5768 837/4418/6048 1324/4559/6048
f 836/4416/6048 1324/4559/6048 837/4418/6048
f 1325/4562/6049 3229/4937/6049 1326/4560/6049
f 1712/4648/6049 1326/4560/6049 3229/4937/6049
f 3415/5020/6050 3414/5019/6051 3192/5245/6050
f 3193/5246/6051 3192/5245/6050 3414/5019/6051
f 3419/5247/6052 3194/5248/6053 3418/5022/6054
f 3413/5018/6055 3418/5022/6054 3194/5248/6053
f 3397/5016/6056 3299/4973/6056 3392/5012/6056
f 3302/4974/6057 3392/5012/6057 3299/4973/6057
f 794/4393/6058 3393/5013/6059 920/5249/6060
f 3536/5208/6061 920/5249/6060 3393/5013/6059
f 3419/5247/6062 3418/5022/6062 3307/4980/6062
f 3308/4982/6063 3307/4980/6063 3418/5022/6063
f 802/4401/6064 926/5250/6064 3417/5023/6065
f 3420/5194/6066 3417/5023/6065 926/5250/6064
f 2849/4845/6067 2848/4844/6067 2087/5251/6067
f 2086/5252/6067 2087/5251/6067 2848/4844/6067
f 2613/4824/6067 2612/5253/6067 2619/4831/6067
f 2616/5254/6067 2619/4831/6067 2612/5253/6067
f 2560/4821/6068 2559/4820/6068 3916/5255/6068
f 3917/5256/6068 3916/5255/6068 2559/4820/6068
f 3067/4889/6068 3918/5257/6068 3068/4887/6068
f 3919/5258/6068 3068/4887/6068 3918/5257/6068
f 626/4906/5532 625/4837/5532 613/4351/5532
f 614/4352/5532 613/4351/5532 625/4837/5532
f 616/4941/6069 2410/4814/6070 1191/4530/5512
f 1188/4526/5511 1191/4530/5512 2410/4814/6070
f 156/4847/6071 1033/4492/5396 1029/4490/6072
f 1030/4489/5394 1029/4490/6072 1033/4492/5396
f 617/4992/6073 1194/4531/5477 915/4459/6074
f 916/4458/5475 915/4459/6074 1194/4531/5477
f 155/4993/6075 922/4465/6076 1034/4494/5481
f 921/4464/5480 1034/4494/5481 922/4465/6076
f 3612/5259/6077 3616/5260/6077 3613/5261/6077
f 3615/5262/6078 3613/5261/6078 3616/5260/6078
f 3614/5077/6079 3708/5125/6080 3618/5081/6081
f 3707/5124/6082 3618/5081/6081 3708/5125/6080
f 3620/5263/6083 3619/5264/6083 3624/5265/6083
f 3625/5266/6084 3624/5265/6084 3619/5264/6084
f 3622/5085/6085 3626/5089/6086 3726/5139/6087
f 3727/5138/6088 3726/5139/6087 3626/5089/6086
f 3496/5045/6089 3495/5044/6089 1036/4495/6089
f 2549/4818/6090 1036/4495/6089 3495/5044/6089
f 873/4439/6091 1037/4496/6092 2549/4818/6093
f 1036/4495/6094 2549/4818/6093 1037/4496/6092
f 973/4476/124 2245/4745/124 2360/4812/124
f 3539/5065/124 2360/4812/124 2245/4745/124
f 974/4475/5210 973/4476/5210 2361/4813/5210
f 2360/4812/5210 2361/4813/5210 973/4476/5210
f 3938/5267/6021 495/4329/6021 3843/5238/6021
f 498/4330/6021 3843/5238/6021 495/4329/6021
f 1501/4609/328 278/4300/328 3939/5268/328
f 885/4450/328 3939/5268/328 278/4300/328
f 816/4408/328 1284/4547/328 1566/4630/328
f 1283/4548/328 1566/4630/328 1284/4547/328
f 3484/5035/327 3485/5036/327 3501/5052/327
f 1507/4611/5878 1338/4564/6095 829/4414/6095
f 826/4413/6095 829/4414/6095 1338/4564/6095
f 1343/4569/6096 1342/4568/6097 1337/4566/6098
f 1716/4651/6099 1337/4566/6098 1342/4568/6097
f 3498/5046/328 3497/5048/328 3966/5269/328
f 434/4307/6100 3967/5270/6100 435/4308/6100
f 3968/5271/6100 435/4308/6100 3967/5270/6100
f 3503/5051/327 3502/5050/327 3969/5272/327
f 1276/4545/6101 1277/4546/6101 3487/5037/6101
f 3488/5038/6101 3487/5037/6101 1277/4546/6101
f 3979/5273/6102 3980/5274/6102 3978/5275/6102
f 3981/5276/6103 3978/5275/6103 3980/5274/6103
f 3982/5277/6104 3983/5278/6104 3981/5276/6104
f 3978/5275/6105 3981/5276/6105 3983/5278/6105
f 3985/5279/6106 3986/5280/6106 3984/5281/6106
f 3987/5282/6107 3984/5281/6107 3986/5280/6107
f 3989/5283/6108 3987/5282/6108 3988/5284/6108
f 3986/5280/6109 3988/5284/6109 3987/5282/6109
f 3990/5285/6110 3821/5233/6110 2258/4760/6110
f 2259/4758/6111 2258/4760/6111 3821/5233/6111
f 1292/4551/6112 1291/4550/6113 863/5286/6114
f 1294/5287/6115 863/5286/6114 1291/4550/6113
f 1070/5288/6116 1069/5289/6117 1076/4510/6118
f 1071/4507/6119 1076/4510/6118 1069/5289/6117
f 3991/5290/6120 2139/4713/6120 3783/5189/6120
f 2138/4712/6121 3783/5189/6121 2139/4713/6121
f 3992/5291/6122 2131/4705/6122 3740/5146/6122
f 2130/4704/6123 3740/5146/6123 2131/4705/6123
f 3993/5292/6124 3794/5203/6124 2266/4768/6124
f 2267/4766/6125 2266/4768/6125 3794/5203/6125
f 3994/5293/6126 3749/5155/6126 2250/4752/6126
f 2251/4750/6127 2250/4752/6127 3749/5155/6127
f 3995/5294/6128 3774/5180/6128 2274/4776/6128
f 2275/4774/6129 2274/4776/6129 3774/5180/6129
f 3999/5295/6130 3983/5278/6130 3998/5296/6130
f 3982/5277/6131 3998/5296/6131 3983/5278/6131
f 4000/5297/6132 4001/5298/6132 3988/5284/6132
f 3989/5283/6133 3988/5284/6133 4001/5298/6133
f 793/4395/6134 792/5299/6135 3205/4911/6136
f 3537/5300/6137 3205/4911/6136 792/5299/6135
f 475/4325/859 661/4367/859 476/5301/859
f 660/5302/859 476/5301/859 661/4367/859
f 478/4326/328 662/4368/328 475/4325/328
f 661/4367/328 475/4325/328 662/4368/328
f 2314/4788/327 2313/4790/327 501/4332/327
f 502/4334/327 501/4332/327 2313/4790/327
f 501/4332/859 500/5303/859 2314/4788/859
f 910/5304/859 2314/4788/859 500/5303/859
f 443/4316/327 4031/5305/327 436/4311/327
f 437/4309/327 436/4311/327 4031/5305/327
f 3545/5066/328 815/4406/328 4032/5306/328
f 974/4475/328 4032/5306/328 815/4406/328
f 3219/4918/6138 2219/4733/6139 3218/4916/6138
f 1491/4606/6139 3218/4916/6138 2219/4733/6139
f 3221/4921/6140 3220/4919/6140 2223/4738/6141
f 1703/4643/6141 2223/4738/6141 3220/4919/6140
f 2897/4864/6142 4048/5307/6142 2898/4862/6142
f 4049/5308/6142 2898/4862/6142 4048/5307/6142
f 2903/4867/6142 2902/4866/6142 4050/5309/6142
f 4051/5310/6142 4050/5309/6142 2902/4866/6142
f 1448/4597/6143 1444/4593/6143 1445/4596/6144
f 1443/5311/6144 1445/4596/6144 1444/4593/6143
f 1440/4589/6145 1439/4587/6146 1436/4585/6145
f 1433/5312/6146 1436/4585/6145 1439/4587/6146
f 1711/4647/6147 4054/5313/6147 2323/4797/6147
f 1342/4568/6148 1341/4570/6148 1717/4653/6148
f 4055/5314/328 4056/5315/328 1341/4570/6149
f 1341/4570/6150 4056/5315/6150 1717/4653/6151
f 4056/5315/6150 4057/5316/6151 1717/4653/6151
f 1717/4653/6152 4057/5316/6152 2327/4801/6152
f 1038/4498/6153 4058/5317/6153 2320/4794/6153
f 4059/5318/6154 1174/4520/6154 2326/4800/6154
f 4060/5319/6155 1176/4522/6155 2322/4796/6155
f 879/4442/6156 878/4441/6156 1981/4683/6156
f 4061/5320/6157 4062/5321/6150 878/4441/6157
f 878/4441/6157 4062/5321/6150 1981/4683/6150
f 4062/5321/6149 4063/5322/328 1981/4683/328
f 4061/5320/6158 878/4441/6158 2321/4795/6158
f 4064/5323/6159 4065/5324/6160 1714/4650/6159
f 4065/5324/6160 4066/5325/6160 1714/4650/6159
f 4066/5325/6160 1327/4561/6160 1714/4650/6159
f 1327/4561/6161 1326/4560/6161 1714/4650/6161
f 4064/5323/6162 1714/4650/6162 2325/4799/6162
f 4067/5326/328 4068/5327/6163 1535/4628/328
f 4069/5328/6164 1183/4524/6165 4068/5327/6166
f 4068/5327/6166 1183/4524/6165 1535/4628/6166
f 1183/4524/6167 1182/4523/6167 1535/4628/6167
f 1183/4524/6168 4069/5328/6168 2324/4798/6168
f 437/4309/5214 2725/4834/5214 438/4310/5214
f 2724/4833/5214 438/4310/5214 2725/4834/5214
f 3539/5065/124 2245/4745/124 2724/4833/124
f 438/4310/124 2724/4833/124 2245/4745/124
f 2296/4778/6169 4074/5329/6169 2297/4779/6169
f 4075/5330/6170 866/4434/6170 865/4432/6170
f 4076/5331/6171 1074/4508/6171 1073/4506/6171
f 1066/4499/6172 4077/5332/6172 1067/4500/6172
f 748/4930/6173 2864/4849/6174 1575/4641/5493
f 735/4377/5492 1575/4641/5493 2864/4849/6174
f 207/4929/6175 1571/4634/5526 2839/4842/6176
f 936/4470/5524 2839/4842/6176 1571/4634/5526
f 743/4962/6177 1578/4642/5691 741/4380/6178
f 1573/4637/5689 741/4380/6178 1578/4642/5691
f 206/4959/6179 1210/4534/6180 1572/4636/5687
f 1568/4632/5686 1572/4636/5687 1210/4534/6180
f 3724/5136/6181 3723/5135/6182 3577/5333/6181
f 3578/5334/6182 3577/5333/6181 3723/5135/6182
f 3728/5335/6183 3579/5336/6183 3727/5138/6183
f 3722/5134/6184 3727/5138/6184 3579/5336/6184
f 1230/5028/5824 1168/4514/5824 1172/5073/5824
f 1167/4512/5824 1172/5073/5824 1168/4514/5824
f 3245/5337/6185 4086/5338/6186 3255/5339/6187
f 3252/5340/6188 4086/5338/6186 3249/5341/6188
f 3253/4954/6189 3250/4949/6189 3254/4953/6189
f 3249/4951/6190 3254/4953/6190 3250/4949/6190
f 4087/5342/6191 2916/5343/6192 3323/5344/6192
f 4087/5342/6191 2917/5345/6193 2916/5343/6192
f 3637/5092/6194 3636/5091/6194 2913/4873/6194
f 2910/4872/6194 2913/4873/6194 3636/5091/6194
f 1845/4677/6195 3713/5346/6195 1846/4678/6196
f 3712/5347/6196 1846/4678/6196 3713/5346/6195
f 3710/5348/6197 3707/5124/6197 3711/5349/6197
f 1847/4679/6198 3711/5349/6198 3707/5124/6198
f 3191/5350/6199 800/5351/6200 3416/5021/6201
f 803/4402/6202 3416/5021/6201 800/5351/6200
f 804/4404/6203 803/4402/6202 799/5352/6204
f 800/5351/6200 799/5352/6204 803/4402/6202
f 919/5353/6205 795/4394/6206 920/5249/6060
f 794/4393/6058 920/5249/6060 795/4394/6206
f 980/5354/6207 739/5355/6207 981/4880/6207
f 745/4384/6208 981/4880/6208 739/5355/6208
f 746/4386/6209 745/4384/6209 742/5029/6209
f 739/5355/6209 742/5029/6209 745/4384/6209
f 846/5356/6210 1214/4884/6210 1209/5357/6210
f 1207/4532/6211 1209/5357/6211 1214/4884/6211
f 205/4297/6212 201/5026/6212 1207/4532/6212
f 1209/5357/6212 1207/4532/6212 201/5026/6212
f 3501/5052/6213 3485/5036/6214 3491/5042/6215
f 3486/5039/6216 3491/5042/6215 3485/5036/6214
f 2847/5358/6217 2850/5053/6218 1474/4602/6219
f 1475/4603/6218 1474/4602/6219 2850/5053/6218
f 2618/5359/6220 2617/4944/6221 276/4301/6222
f 277/4927/6223 276/4301/6222 2617/4944/6221
f 2847/5358/6217 1474/4602/6219 1818/4670/6224
f 907/4600/6225 1818/4670/6225 1474/4602/6225
f 1517/4621/6226 1513/4618/6227 1175/4521/6226
f 841/4422/6228 1175/4521/6226 1513/4618/6227
f 1536/4627/6229 1182/4523/6229 1323/4557/6229
f 837/4418/6229 1323/4557/6229 1182/4523/6229
f 1511/4613/6230 1507/4611/6231 1173/4519/6232
f 829/4414/6233 1173/4519/6232 1507/4611/6231
f 3097/4900/5613 3495/5044/6089 880/4444/6089
f 3496/5045/6089 880/4444/6089 3495/5044/6089
f 1980/4684/6234 3097/4900/6234 879/4442/6234
f 880/4444/6235 879/4442/6235 3097/4900/6235
f 3397/5058/6236 3536/5060/6236 3299/4978/6236
f 3303/4977/6237 3299/4978/6237 3536/5060/6237
f 3419/5024/6238 3307/4986/6238 3420/5025/6238
f 3310/4984/6239 3420/5025/6239 3307/4986/6239
f 4105/5360/6240 3675/5110/6241 2121/4698/6242
f 2122/4696/6243 2121/4698/6242 3675/5110/6241
f 4106/5361/6244 2159/4725/6244 3681/5116/6244
f 2158/4724/6245 3681/5116/6245 2159/4725/6245
f 4107/5362/6246 2151/4717/6246 3679/5114/6246
f 2150/4716/6247 3679/5114/6247 2151/4717/6247
f 4108/5363/6248 3677/5112/6248 2346/4806/6248
f 2347/4804/6249 2346/4806/6249 3677/5112/6249
f 3499/5047/6250 3498/5046/6250 4109/5364/6250
f 4110/5365/6250 4109/5364/6250 3498/5046/6250
f 4110/5365/6251 3498/5046/6251 4111/5366/6251
f 3966/5269/6251 4111/5366/6251 3498/5046/6251
f 3501/5052/6252 3491/5042/6252 3502/5050/6252
f 3490/5041/6252 3502/5050/6252 3491/5042/6252
f 3490/5041/6253 3489/5040/6253 3502/5050/6253
f 3969/5272/6253 3502/5050/6253 3489/5040/6253
f 3392/5012/6254 3302/4974/6254 3393/5013/6254
f 3799/5210/6255 3393/5013/6255 3302/4974/6255
f 3800/5212/6256 3799/5210/6256 3301/4972/6256
f 3302/4974/6257 3301/4972/6257 3799/5210/6257
f 3418/5022/6258 3417/5023/6258 3308/4982/6258
f 3788/5196/6259 3308/4982/6259 3417/5023/6259
f 3789/5198/6260 3305/4981/6260 3788/5196/6260
f 3308/4982/6261 3788/5196/6261 3305/4981/6261
f 4123/5367/6262 2352/4809/6262 3678/5113/6262
f 2351/4808/6263 3678/5113/6263 2352/4809/6263
f 4124/5368/6264 2119/4693/6264 3676/5111/6264
f 2118/4692/6265 3676/5111/6265 2119/4693/6265
f 4125/5369/6266 3680/5115/6266 2153/4722/6266
f 2154/4720/6267 2153/4722/6267 3680/5115/6267
f 4126/5370/6268 3682/5117/6268 2161/4730/6268
f 2162/4728/6269 2161/4730/6269 3682/5117/6269
f 3709/5371/6270 3708/5125/6270 3613/5075/6270
f 3614/5077/6271 3613/5075/6271 3708/5125/6271
f 3710/5126/6272 3709/5128/6273 3615/5262/6274
f 3613/5261/6275 3615/5262/6274 3709/5128/6273
f 3729/5372/6276 3619/5084/6276 3726/5139/6276
f 3622/5085/6277 3726/5139/6277 3619/5084/6277
f 3728/5140/6278 3625/5266/6278 3729/5141/6278
f 3619/5264/6279 3729/5141/6279 3625/5266/6279
f 923/5373/6280 926/5250/6064 801/4403/6281
f 802/4401/6064 801/4403/6281 926/5250/6064
f 796/4396/6282 789/5374/6283 793/4395/6134
f 792/5299/6135 793/4395/6134 789/5374/6283
f 2896/5375/6284 2893/4859/6285 919/5353/6205
f 795/4394/6206 919/5353/6205 2893/4859/6285
f 2889/5376/6286 923/5373/6280 2892/4857/6287
f 801/4403/6281 2892/4857/6287 923/5373/6280
f 2895/5377/6288 789/5374/6283 2894/4858/6289
f 796/4396/6282 2894/4858/6289 789/5374/6283
f 2890/5378/6290 2891/4856/6291 799/5352/6204
f 804/4404/6203 799/5352/6204 2891/4856/6291
f 3300/4971/6292 3304/5211/6293 3301/4972/6293
f 3800/5212/6294 3301/4972/6293 3304/5211/6293
f 3306/4979/6295 3305/4981/6296 3309/5197/6296
f 3789/5198/6297 3309/5197/6296 3305/4981/6296
f 1072/4505/6298 1290/4552/6299 1068/5379/6300
f 1295/5380/6301 1068/5379/6300 1290/4552/6299
f 1293/4553/6302 864/5381/6303 1290/4552/6299
f 1295/5380/6301 1290/4552/6299 864/5381/6303
f 3737/5142/6304 3736/5144/6304 3742/5147/6304
f 3743/5148/6305 3742/5147/6305 3736/5144/6305
f 3746/5151/6306 3751/5156/6306 3747/5152/6306
f 3750/5158/6307 3747/5152/6307 3751/5156/6307
f 3755/5160/6308 3754/5162/6308 3759/5164/6308
f 3760/5165/6309 3759/5164/6309 3754/5162/6309
f 3818/5229/6310 3817/5231/6311 3823/5234/6312
f 3824/5235/6313 3823/5234/6312 3817/5231/6311
f 3791/5199/6314 3796/5204/6314 3792/5200/6314
f 3795/5206/6315 3792/5200/6315 3796/5204/6315
f 3763/5168/6316 3767/5172/6316 3764/5169/6316
f 3766/5174/6317 3764/5169/6317 3767/5172/6317
f 3810/5221/6318 3809/5223/6318 3814/5225/6318
f 3815/5226/6319 3814/5225/6319 3809/5223/6319
f 3771/5176/6320 3776/5181/6321 3772/5177/6322
f 3775/5183/6323 3772/5177/6322 3776/5181/6321
f 3780/5185/6324 3779/5187/6325 3785/5190/6324
f 3786/5191/6325 3785/5190/6324 3779/5187/6325
f 3802/5213/6326 3806/5217/6326 3803/5214/6326
f 3805/5219/6327 3803/5214/6327 3806/5217/6327
f 1034/4494/6328 1033/4492/6328 155/4993/6328
f 156/4847/6328 155/4993/6328 1033/4492/6328
f 1194/4531/6328 617/4992/6328 1191/4530/6328
f 616/4941/6328 1191/4530/6328 617/4992/6328
f 1294/5287/6115 1291/4550/6113 1069/5289/6117
f 1071/4507/6119 1069/5289/6117 1291/4550/6113
f 1076/4510/6329 1075/4509/6329 1070/5382/6330
f 1065/5383/6331 1070/5382/6330 1075/4509/6329
f 1074/4508/6332 1066/5384/6333 1075/4509/6334
f 1065/5383/6335 1075/4509/6334 1066/5384/6333
f 2298/4781/6336 868/5385/6336 2295/4780/6337
f 867/5386/6337 2295/4780/6337 868/5385/6336
f 2296/4778/6338 2295/4780/6339 866/5387/6340
f 867/5386/6341 866/5387/6340 2295/4780/6339
f 2618/5359/6218 276/4301/6218 2614/4924/6218
f 1475/4603/6218 2614/4924/6218 276/4301/6218
f 2895/5377/6342 2894/4858/6342 2896/5375/6342
f 2893/4859/6342 2896/5375/6342 2894/4858/6342
f 2890/5378/6343 2889/5376/6343 2891/4856/6343
f 2892/4857/6343 2891/4856/6343 2889/5376/6343
f 3415/5020/6344 3192/5245/6344 3416/5021/6344
f 3191/5350/6345 3416/5021/6345 3192/5245/6345
f 4074/5329/6346 4075/5388/6346 2297/4779/6346
f 865/5389/6347 2297/4779/6347 4075/5388/6347
f 1293/4553/6302 2297/4779/6348 864/5381/6303
f 865/5390/6349 864/5381/6303 2297/4779/6348
f 3372/5000/327 3367/5391/327 3373/5001/327
f 3370/5392/327 3373/5001/327 3367/5391/327
f 3369/5393/859 3374/5003/859 3370/5394/859
f 3373/5001/859 3370/5394/859 3374/5003/859
f 3576/5395/6350 849/5396/6351 3725/5137/6352
f 844/4424/6353 3725/5137/6352 849/5396/6351
f 845/4426/6354 844/4424/6353 848/5397/6355
f 849/5396/6351 848/5397/6355 844/4424/6353
f 3709/5371/6356 982/5398/6357 3708/5125/6358
f 986/4488/6359 3708/5125/6358 982/5398/6357
f 1377/5399/6360 983/4487/6361 982/5398/6357
f 986/4488/6359 982/5398/6357 983/4487/6361
f 3382/5011/327 3381/5009/327 3375/5006/327
f 3376/5004/327 3375/5006/327 3381/5009/327
f 3377/5005/859 3376/5004/859 3380/5400/859
f 3381/5401/859 3380/5400/859 3376/5004/859
f 3368/4996/328 3371/5002/328 3369/4997/328
f 3374/5003/328 3369/4997/328 3371/5002/328
f 4076/5331/6362 1073/4506/6362 4077/5402/6362
f 1067/5403/6363 4077/5402/6363 1073/4506/6363
f 1072/4505/6298 1068/5379/6300 1073/4506/6364
f 1067/5404/6365 1073/4506/6364 1068/5379/6300
f 3380/5405/328 3379/5406/328 3377/5005/328
f 3378/5007/328 3377/5005/328 3379/5406/328
f 3611/5076/6366 3614/5077/6366 3617/5079/6366
f 3618/5081/6367 3617/5079/6367 3614/5077/6367
f 3621/5083/6368 3623/5088/6368 3622/5085/6368
f 3626/5089/6369 3622/5085/6369 3623/5088/6369
f 3762/5407/6370 3765/5408/6370 3768/5173/6370
f 3769/5175/6371 3768/5173/6371 3765/5408/6371
f 3738/5409/6372 3741/5149/6373 3739/5410/6374
f 3744/5150/6374 3739/5410/6374 3741/5149/6373
f 3801/5411/6375 3804/5412/6375 3807/5218/6375
f 3808/5220/6376 3807/5218/6376 3804/5412/6376
f 3756/5413/6377 3758/5166/6377 3757/5414/6377
f 3761/5167/6378 3757/5414/6378 3758/5166/6378
f 3781/5415/6379 3784/5192/6379 3782/5416/6379
f 3787/5193/6379 3782/5416/6379 3784/5192/6379
f 3790/5417/6380 3793/5418/6380 3797/5205/6380
f 3798/5207/6381 3797/5205/6381 3793/5418/6381
f 3811/5419/6382 3813/5227/6382 3812/5420/6382
f 3816/5228/6383 3812/5420/6383 3813/5227/6383
f 3745/5421/6384 3748/5422/6385 3752/5157/6384
f 3753/5159/6385 3752/5157/6384 3748/5422/6385
f 3770/5423/6386 3773/5424/6387 3777/5182/6386
f 3778/5184/6387 3777/5182/6386 3773/5424/6387
f 3819/5425/6388 3822/5236/6389 3820/5426/6390
f 3825/5237/6390 3820/5426/6390 3822/5236/6389
f 4157/5427/327 440/4315/327 3209/4915/327
f 818/4409/327 3209/4915/327 440/4315/327
f 1865/4680/6391 1032/4491/6392 3067/4889/6393
f 3918/5257/6394 3067/4889/6393 1032/4491/6392
f 3919/5258/6395 3918/5257/6395 1031/4493/6395
f 1032/4491/6395 1031/4493/6395 3918/5257/6395
f 1190/4527/6396 2560/4821/6396 1192/4528/6396
f 3916/5255/6397 1192/4528/6397 2560/4821/6397
f 3917/5256/6395 1193/4529/6395 3916/5255/6395
f 1192/4528/6395 3916/5255/6395 1193/4529/6395
f 3253/4954/5849 3635/5090/5848 3250/5428/6398
f 3255/5339/6187 4086/5338/6186 3252/5340/6188
f 3251/4950/6399 3256/5429/6399 3252/4952/6399
f 3255/5430/6400 3252/4952/6400 3256/5429/6400
f 3256/5431/6401 3635/5090/5848 3246/5432/6402
f 3246/5432/6402 3635/5090/5848 3247/4946/5847
f 3249/5341/6188 4086/5338/6186 3254/4953/6403
f 4087/5342/6191 3636/5433/6404 2917/5345/6193
f 4087/5342/6191 3323/5344/6192 2911/4870/6405
f 2912/4871/6406 2911/4870/6406 3324/4995/6406
f 3323/4994/6407 3324/4995/6407 2911/4870/6407
f 3638/5095/5852 2913/4873/6408 2912/4871/6409
f 3638/5095/5852 2912/4871/6409 3324/5096/5853
f 3638/5095/5852 2915/5097/5854 2914/5434/6410
f 3499/5047/6411 4109/5364/6412 3538/5064/6413
f 4160/5435/6414 3538/5064/6413 4109/5364/6412
f 4160/5435/6415 3967/5270/6415 3538/5064/6415
f 434/4307/6415 3538/5064/6415 3967/5270/6415
f 3616/5078/6416 3612/5074/6416 3617/5079/6416
f 3611/5076/6417 3617/5079/6417 3612/5074/6417
f 3624/5086/6418 3623/5088/6418 3620/5082/6418
f 3621/5083/6419 3620/5082/6419 3623/5088/6419
f 3413/5018/6420 3194/5248/6421 3414/5019/6422
f 3193/5246/6423 3414/5019/6422 3194/5248/6421
f 876/4440/3435 4164/5436/55 873/4439/3435
f 1037/4496/55 873/4439/3435 4164/5436/55
f 1512/4615/5324 1511/4613/5324 4165/5437/55
f 1173/4519/55 4165/5437/55 1511/4613/5324
f 3710/5348/6424 3615/5080/6424 3707/5124/6424
f 3618/5081/6425 3707/5124/6425 3615/5080/6425
f 3728/5335/6426 3727/5138/6426 3625/5087/6426
f 3626/5089/6427 3625/5087/6427 3727/5138/6427
f 495/4329/6428 3938/5267/6429 885/4450/6430
f 3939/5268/6431 885/4450/6430 3938/5267/6429
f 3843/5238/5211 283/4306/5211 3938/5267/5211
f 283/4306/5211 282/4304/5211 3938/5267/5211
f 282/4304/5211 4168/5438/5211 3938/5267/5211
f 3208/4914/6432 3207/4913/6433 3396/5017/6434
f 3395/5015/6435 3396/5017/6434 3207/4913/6433
f 3486/5039/6436 3485/5036/6436 3487/5037/6436
f 1276/4545/6436 3487/5037/6436 3485/5036/6436
f 4077/5439/6437 1066/5384/6333 4076/5331/6438
f 1074/4508/6332 4076/5331/6438 1066/5384/6333
f 4075/5440/6439 4074/5329/6440 866/5387/6340
f 2296/4778/6338 866/5387/6340 4074/5329/6440
f 843/4423/6441 1215/5441/6442 3726/5139/6443
f 3729/5372/6444 3726/5139/6443 1215/5441/6442
f 150/4285/124 3066/4886/124 151/4283/124
f 3223/4923/124 151/4283/124 3066/4886/124
f 620/4361/124 623/4362/124 1189/4525/124
f 3222/4922/124 1189/4525/124 623/4362/124
f 1572/4636/6445 1571/4634/6445 206/4959/6445
f 207/4929/6445 206/4959/6445 1571/4634/6445
f 1578/4642/6445 743/4962/6445 1575/4641/6445
f 748/4930/6445 1575/4641/6445 743/4962/6445
f 1354/4575/5324 1353/4573/5324 4177/5442/5349
f 3228/4935/6446 4177/5442/6446 1353/4573/6446
f 868/5443/6447 2298/4781/6448 863/5286/6114
f 1292/4551/6112 863/5286/6114 2298/4781/6448
f 1212/5444/6449 1215/5441/6442 842/4425/6450
f 843/4423/6441 842/4425/6450 1215/5441/6442
f 984/4485/6451 1378/5445/6452 985/4486/5385
f 979/4674/5386 985/4486/5385 1378/5445/6452
f 3298/5446/6453 3295/4968/6454 1377/5399/6360
f 983/4487/6361 1377/5399/6360 3295/4968/6454
f 3291/5447/6455 1212/5444/6449 3294/4966/6456
f 842/4425/6450 3294/4966/6456 1212/5444/6449
f 3292/5448/6457 3293/4965/6458 848/5397/6355
f 845/4426/6354 848/5397/6355 3293/4965/6458
f 3297/5449/6459 1378/5445/6452 3296/4967/6460
f 984/4485/6451 3296/4967/6460 1378/5445/6452
f 2315/4792/6461 911/4457/5784 3844/5239/6462
f 3845/5240/6463 3844/5239/6462 911/4457/5784
f 3537/5300/6464 3394/5014/6464 3205/4911/6464
f 3206/4912/6465 3205/4911/6465 3394/5014/6465
f 1344/4571/859 1343/4569/859 4186/5450/6466
f 2875/4852/6467 4186/5450/6467 1343/4569/6467
f 1519/4622/859 4187/5451/6466 1517/4621/859
f 3098/4901/6468 1517/4621/6468 4187/5451/6468
f 884/4448/6469 496/4327/6470 885/4450/6430
f 495/4329/6428 885/4450/6430 496/4327/6470
f 908/4456/6471 911/4457/5784 2316/4793/6472
f 2315/4792/6461 2316/4793/6472 911/4457/5784
f 738/4378/6473 2903/4867/6473 1576/4639/6473
f 4050/5309/6474 1576/4639/6474 2903/4867/6474
f 4051/5310/6475 1577/4640/6475 4050/5309/6475
f 1576/4639/6475 4050/5309/6475 1577/4640/6475
f 937/4472/6476 1570/4633/6476 2897/4864/6476
f 4048/5307/6477 2897/4864/6477 1570/4633/6477
f 4049/5308/6475 4048/5307/6475 1569/4635/6475
f 1570/4633/6475 1569/4635/6475 4048/5307/6475
f 1845/4677/6478 1838/4675/6478 3713/5346/6478
f 1839/4676/6479 3713/5346/6479 1838/4675/6479
f 1193/4529/6480 3917/5256/6481 2311/4784/6482
f 2559/4820/6481 2311/4784/6482 3917/5256/6481
f 2558/4822/6483 3222/4922/6484 2559/4820/6483
f 2311/4784/6484 2559/4820/6483 3222/4922/6484
f 1189/4525/6485 2561/4823/6486 1190/4527/6485
f 2560/4821/6487 1190/4527/6485 2561/4823/6486
f 3066/4886/6488 1865/4680/6489 3070/4890/6490
f 3067/4889/6491 3070/4890/6490 1865/4680/6489
f 1031/4493/6492 2312/4787/6493 3919/5258/6494
f 3068/4887/6495 3919/5258/6494 2312/4787/6493
f 3069/4888/6496 3068/4887/6497 3223/4923/6496
f 2312/4787/6497 3223/4923/6496 3068/4887/6497
f 3722/5134/6498 3579/5336/6498 3723/5135/6498
f 3578/5334/6498 3723/5135/6498 3579/5336/6498
f 3724/5136/6499 3577/5333/6499 3725/5137/6499
f 3576/5395/6500 3725/5137/6500 3577/5333/6500
f 1847/4679/6501 1846/4678/6501 3711/5349/6501
f 3712/5347/6501 3711/5349/6501 1846/4678/6501
f 4111/5366/328 3968/5271/328 4110/5365/328
f 3968/5271/328 3967/5270/328 4110/5365/328
f 3967/5270/328 4160/5435/328 4110/5365/328
f 4160/5435/328 4109/5364/328 4110/5365/328
f 3292/5448/6502 3291/5447/6502 3293/4965/6502
f 3294/4966/6503 3293/4965/6503 3291/5447/6503
f 3297/5449/6504 3296/4967/6504 3298/5446/6504
f 3295/4968/6505 3298/5446/6505 3296/4967/6505
f 736/4375/124 1574/4638/124 737/4376/124
f 3523/5057/124 737/4376/124 1574/4638/124
f 203/4292/124 935/4471/124 204/4294/124
f 3522/5056/124 204/4294/124 935/4471/124
f 3966/5269/328 3497/5048/328 435/4308/328
f 3497/5048/328 976/4477/328 435/4308/328
f 976/4477/328 282/4304/328 435/4308/328
f 4111/5366/6506 3966/5269/6507 3968/5271/6507
f 435/4308/6507 3968/5271/6507 3966/5269/6507
f 444/4317/327 677/4371/327 1277/4546/327
f 677/4371/327 3503/5051/327 1277/4546/327
f 3503/5051/327 3969/5272/327 1277/4546/327
f 3489/5040/6508 3488/5038/6509 3969/5272/6509
f 1277/4546/6509 3969/5272/6509 3488/5038/6509
f 4124/5368/6510 3676/5111/6510 4105/5360/6510
f 3675/5110/6511 4105/5360/6511 3676/5111/6511
f 4126/5370/6512 4106/5361/6512 3682/5117/6512
f 3681/5116/6513 3682/5117/6513 4106/5361/6513
f 4123/5367/6514 3678/5113/6515 4108/5363/6516
f 3677/5112/6517 4108/5363/6516 3678/5113/6515
f 4125/5369/6518 4107/5362/6519 3680/5115/6520
f 3679/5114/6521 3680/5115/6520 4107/5362/6519
f 1569/4635/6522 3263/4957/6523 4049/5308/6524
f 2898/4862/6525 4049/5308/6524 3263/4957/6523
f 2899/4863/6526 2898/4862/6526 3522/5056/6526
f 3263/4957/6527 3522/5056/6527 2898/4862/6527
f 935/4471/6528 937/4472/6528 2900/4865/6528
f 2897/4864/6529 2900/4865/6529 937/4472/6529
f 737/4376/6530 2904/4869/6530 738/4378/6530
f 2903/4867/6531 738/4378/6531 2904/4869/6531
f 1577/4640/6532 4051/5310/6532 3264/4960/6532
f 2902/4866/6533 3264/4960/6533 4051/5310/6533
f 2901/4868/6534 3523/5057/6534 2902/4866/6534
f 3264/4960/6535 2902/4866/6535 3523/5057/6535
f 1328/4563/3435 4199/5452/5263 1325/4562/3435
f 3230/4936/6536 1325/4562/6536 4199/5452/6536
f 677/4371/327 444/4317/327 471/4321/327
f 444/4317/327 4200/5453/327 471/4321/327
f 4200/5453/327 3845/5240/327 471/4321/327
f 4200/5453/6537 3844/5239/6537 3845/5240/6537
f 3939/5268/328 4168/5438/328 1501/4609/328
f 4168/5438/328 282/4304/328 1501/4609/328
f 282/4304/328 976/4477/328 1501/4609/328
f 3938/5267/6538 4168/5438/6538 3939/5268/6538
f 3980/5274/6539 1442/4590/6539 3981/5276/6539
f 1441/4592/6540 3981/5276/6540 1442/4590/6540
f 1447/4595/6541 3982/5277/6541 1441/4592/6541
f 3981/5276/6542 1441/4592/6542 3982/5277/6542
f 3984/5281/6543 3987/5282/6543 1434/4582/6543
f 1435/4583/6544 1434/4582/6544 3987/5282/6544
f 1437/4588/6545 1435/4583/6545 3989/5283/6545
f 3987/5282/6546 3989/5283/6546 1435/4583/6546
f 3763/5168/6547 3762/5454/6547 3767/5172/6547
f 3768/5455/6548 3767/5172/6548 3762/5454/6548
f 3780/5185/6549 3785/5190/6549 3781/5456/6549
f 3784/5457/6550 3781/5456/6550 3785/5190/6550
f 3737/5142/6551 3742/5147/6552 3738/5458/6553
f 3741/5459/6554 3738/5458/6553 3742/5147/6552
f 3746/5151/6555 3745/5460/6555 3751/5156/6555
f 3752/5461/6556 3751/5156/6556 3745/5460/6556
f 3771/5176/6557 3770/5462/6557 3776/5181/6557
f 3777/5463/6558 3776/5181/6558 3770/5462/6558
f 3791/5199/6559 3790/5464/6559 3796/5204/6559
f 3797/5465/6560 3796/5204/6560 3790/5464/6560
f 3755/5160/6561 3759/5164/6561 3756/5466/6561
f 3758/5467/6562 3756/5466/6562 3759/5164/6562
f 3810/5221/6563 3814/5225/6563 3811/5468/6563
f 3813/5469/6564 3811/5468/6564 3814/5225/6564
f 3818/5229/6565 3823/5234/6565 3819/5470/6565
f 3822/5471/6566 3819/5470/6566 3823/5234/6566
f 3802/5213/6567 3801/5472/6567 3806/5217/6567
f 3807/5473/6568 3806/5217/6568 3801/5472/6568
f 1537/4629/859 1536/4627/859 4206/5474/6569
f 3483/5034/6570 4206/5474/6570 1536/4627/6570
f 1982/4685/859 4207/5475/6569 1980/4684/859
f 3093/4896/6571 1980/4684/6571 4207/5475/6571
f 3998/5296/6572 3982/5277/6572 1446/4594/6572
f 1447/4595/6573 1446/4594/6573 3982/5277/6573
f 4001/5298/6574 1438/4586/6574 3989/5283/6574
f 1437/4588/6575 3989/5283/6575 1438/4586/6575
f 1037/4496/6576 4164/5436/6576 1038/4498/6576
f 4164/5436/6577 4209/5476/6577 1038/4498/6577
f 4209/5476/6577 4210/5477/6577 1038/4498/6577
f 4210/5477/6577 4058/5317/6578 1038/4498/6577
f 1352/4572/6579 1351/4574/6579 1711/4647/6579
f 1351/4574/6160 4211/5478/6160 1711/4647/6159
f 4211/5478/6160 4212/5479/6160 1711/4647/6159
f 4212/5479/6160 4054/5313/6159 1711/4647/6159
f 4031/5305/327 3547/5068/327 437/4309/327
f 2725/4834/327 437/4309/327 3547/5068/327
f 4032/5306/328 974/4475/328 3546/5067/328
f 2361/4813/328 3546/5067/328 974/4475/328
f 3766/5480/6580 3769/5481/6580 2150/4716/6580
f 2154/4720/6581 2150/4716/6581 3769/5481/6581
f 3765/5482/6582 2155/4721/6583 3769/5481/6584
f 2154/4720/6585 3769/5481/6584 2155/4721/6583
f 3815/5483/6586 2347/4804/6586 3816/5484/6586
f 2351/4808/6587 3816/5484/6587 2347/4804/6587
f 3812/5485/6588 3816/5484/6588 2350/4810/6588
f 2351/4808/6589 2350/4810/6589 3816/5484/6589
f 3805/5486/6590 3808/5487/6590 2158/4724/6590
f 2162/4728/6591 2158/4724/6591 3808/5487/6591
f 3804/5488/6592 2163/4729/6592 3808/5487/6592
f 2162/4728/6593 3808/5487/6593 2163/4729/6593
f 3795/5489/6594 3798/5490/6594 2263/4762/6594
f 2267/4766/6595 2263/4762/6595 3798/5490/6595
f 3793/5491/6596 2268/4767/6596 3798/5490/6596
f 2267/4766/6597 3798/5490/6597 2268/4767/6597
f 3775/5492/6598 3778/5493/6598 2271/4770/6598
f 2275/4774/6599 2271/4770/6599 3778/5493/6599
f 3773/5494/6600 2276/4775/6600 3778/5493/6600
f 2275/4774/6601 3778/5493/6601 2276/4775/6601
f 3760/5495/6602 2122/4696/6602 3761/5496/6602
f 2118/4692/6603 3761/5496/6603 2122/4696/6603
f 3757/5497/6604 3761/5496/6604 2117/4694/6604
f 2118/4692/6605 2117/4694/6605 3761/5496/6605
f 3750/5498/6606 3753/5499/6606 2247/4746/6606
f 2251/4750/6607 2247/4746/6607 3753/5499/6607
f 3748/5500/6608 2252/4751/6608 3753/5499/6609
f 2251/4750/6609 3753/5499/6609 2252/4751/6608
f 3743/5501/6610 2126/4700/6610 3744/5502/6610
f 2130/4704/6611 3744/5502/6611 2126/4700/6611
f 3739/5503/6612 3744/5502/6612 2129/4706/6612
f 2130/4704/6613 2129/4706/6613 3744/5502/6613
f 3786/5504/6614 2134/4708/6614 3787/5505/6614
f 2138/4712/6615 3787/5505/6615 2134/4708/6615
f 3782/5506/6616 3787/5505/6616 2137/4714/6616
f 2138/4712/6617 2137/4714/6617 3787/5505/6617
f 3824/5507/6618 2259/4758/6618 3825/5508/6618
f 2255/4754/6619 3825/5508/6619 2259/4758/6619
f 3820/5509/6620 3825/5508/6621 2254/4756/6622
f 2255/4754/6621 2254/4756/6622 3825/5508/6621
f 3764/5510/6623 2149/4718/6623 3765/5482/6623
f 2155/4721/6624 3765/5482/6624 2149/4718/6624
f 3779/5511/6625 3782/5506/6625 2135/4709/6625
f 2137/4714/6626 2135/4709/6626 3782/5506/6626
f 3792/5512/6627 2262/4764/6627 3793/5491/6627
f 2268/4767/6628 3793/5491/6628 2262/4764/6628
f 3809/5513/6629 3812/5485/6629 2348/4805/6629
f 2350/4810/6630 2348/4805/6630 3812/5485/6630
f 3754/5514/6631 3757/5497/6631 2123/4697/6631
f 2117/4694/6632 2123/4697/6632 3757/5497/6632
f 3760/5495/6633 3754/5514/6633 2122/4696/6633
f 2123/4697/6634 2122/4696/6634 3754/5514/6634
f 3817/5515/6635 3820/5509/6635 2260/4759/6635
f 2254/4756/6636 2260/4759/6636 3820/5509/6636
f 3772/5516/6637 2270/4772/6637 3773/5494/6637
f 2276/4775/6638 3773/5494/6638 2270/4772/6638
f 3736/5517/6639 3739/5503/6640 2127/4701/6641
f 2129/4706/6642 2127/4701/6641 3739/5503/6640
f 3803/5518/6643 2157/4726/6643 3804/5488/6643
f 2163/4729/6644 3804/5488/6644 2157/4726/6644
f 3750/5498/6645 2247/4746/6645 3747/5519/6645
f 2246/4748/6646 3747/5519/6646 2247/4746/6646
f 2252/4751/6647 3748/5500/6647 2246/4748/6647
f 3747/5519/6648 2246/4748/6648 3748/5500/6648
f 3743/5501/6649 3736/5517/6649 2126/4700/6649
f 2127/4701/6650 2126/4700/6650 3736/5517/6650
f 3795/5489/6651 2263/4762/6651 3792/5512/6651
f 2262/4764/6652 3792/5512/6652 2263/4762/6652
f 3775/5492/6653 2271/4770/6653 3772/5516/6653
f 2270/4772/6654 3772/5516/6654 2271/4770/6654
f 3815/5483/6655 3809/5513/6655 2347/4804/6655
f 2348/4805/6656 2347/4804/6656 3809/5513/6656
f 3824/5507/6657 3817/5515/6657 2259/4758/6657
f 2260/4759/6658 2259/4758/6658 3817/5515/6658
f 3805/5486/6659 2158/4724/6659 3803/5518/6659
f 2157/4726/6660 3803/5518/6660 2158/4724/6660
f 3786/5504/6661 3779/5511/6661 2134/4708/6661
f 2135/4709/6662 2134/4708/6662 3779/5511/6662
f 3766/5480/6663 2150/4716/6663 3764/5510/6663
f 2149/4718/6664 3764/5510/6664 2150/4716/6664
f 547/4341/6665 550/4342/6665 3999/5295/6665
f 3983/5278/6666 3999/5295/6666 550/4342/6666
f 546/4338/6667 3978/5275/6667 550/4342/6667
f 3983/5278/6668 550/4342/6668 3978/5275/6668
f 555/4349/6669 558/4350/6669 3985/5279/6669
f 3986/5280/6670 3985/5279/6670 558/4350/6670
f 3988/5284/6671 3986/5280/6671 554/4346/6671
f 558/4350/6672 554/4346/6672 3986/5280/6672
f 553/4344/6673 4000/5297/6673 554/4346/6673
f 3988/5284/6674 554/4346/6674 4000/5297/6674
f 545/4336/6675 3979/5273/6675 546/4338/6675
f 3978/5275/6676 546/4338/6676 3979/5273/6676
f 3066/4886/6677 3070/4890/6677 3223/4923/6677
f 3069/4888/6677 3223/4923/6677 3070/4890/6677
f 1189/4525/6677 3222/4922/6677 2561/4823/6677
f 2558/4822/6677 2561/4823/6677 3222/4922/6677
f 3495/5044/5775 3097/4900/5775 3494/5043/5776
f 3096/4899/6678 3494/5043/5776 3097/4900/5775
f 1516/4619/5351 1515/4617/5351 3224/4933/5351
f 3225/4931/6679 3224/4933/5351 1515/4617/5351
f 1324/4559/5320 3229/4937/5320 1321/4558/5320
f 3233/4940/6680 1321/4558/5320 3229/4937/5320
f 935/4471/6681 2900/4865/6681 3522/5056/6681
f 2899/4863/6681 3522/5056/6681 2900/4865/6681
f 737/4376/6681 3523/5057/6681 2904/4869/6681
f 2901/4868/6681 2904/4869/6681 3523/5057/6681
f 278/4300/5210 1501/4609/5210 279/4302/5210
f 1500/4608/5210 279/4302/5210 1501/4609/5210
f 1500/4608/5799 975/4479/5799 2439/4815/5799
f 2243/4743/5799 2439/4815/5799 975/4479/5799
f 1712/4648/5252 836/4416/5252 1713/4649/5252
f 835/4415/5252 1713/4649/5252 836/4416/5252
f 624/4365/5397 615/4682/5397 965/4473/5397
f 2861/4848/5397 965/4473/5397 615/4682/5397
f 2803/4838/5231 2861/4853/5231 614/4352/5231
f 615/4354/5231 614/4352/5231 2861/4853/5231
f 826/4413/6095 1338/4564/6095 1716/4651/6095
f 1337/4566/5551 1716/4651/6095 1338/4564/6095
f 4200/5453/5211 444/4317/5211 3844/5239/5211
f 444/4317/5211 283/4306/5211 3844/5239/5211
f 283/4306/5211 3843/5238/5211 3844/5239/5211
f 3229/4937/5669 1324/4559/6048 1712/4648/6048
f 836/4416/6048 1712/4648/6048 1324/4559/6048
f 1567/4631/5533 2830/4841/5533 813/4407/5533
f 2048/4687/5533 813/4407/5533 2830/4841/5533
f 3224/4933/6682 1710/4645/6044 1516/4619/6044
f 838/4421/6044 1516/4619/6044 1710/4645/6044
f 3250/5428/6398 3635/5090/5848 3251/5520/6683
f 3251/5520/6683 3635/5090/5848 3256/5431/6401
f 3539/5065/5807 2724/4833/5807 2244/4744/5807
f 679/4374/5807 2244/4744/5807 2724/4833/5807
f 4087/5342/6191 2910/4872/6684 3636/5433/6404
f 4087/5342/6191 2911/4870/6405 2910/4872/6684
f 3248/4948/6685 4086/5338/6186 3245/5337/6185
f 3254/4953/6403 4086/5338/6186 3248/4948/6685
f 827/4411/5251 826/4413/5251 1715/4652/5251
f 1716/4651/5251 1715/4652/5251 826/4413/5251
f 4031/5305/5211 443/4316/5211 4226/5521/5211
f 442/4314/5211 4226/5521/5211 443/4316/5211
f 4031/5305/5211 4226/5521/5211 3547/5068/5211
f 4227/5522/5211 3547/5068/5211 4226/5521/5211
f 280/4305/5211 445/4318/5211 4227/5522/5211
f 3547/5068/5211 4227/5522/5211 445/4318/5211
f 3638/5095/5852 2914/5434/6410 3637/5523/6686
f 3638/5095/5852 3637/5523/6686 2913/4873/6408
f 4059/5318/6687 4228/5524/6577 1174/4520/6687
f 4228/5524/6577 4229/5525/6577 1174/4520/6687
f 4229/5525/6577 4165/5437/6577 1174/4520/6687
f 4165/5437/6688 1173/4519/6688 1174/4520/6688
f 1175/4521/6689 1176/4522/6689 1518/4620/6689
f 4060/5319/6164 4230/5526/6166 1176/4522/6165
f 1176/4522/6165 4230/5526/6166 1518/4620/6166
f 4230/5526/328 4231/5527/328 1518/4620/6163
f 2439/4815/124 1476/4604/124 1500/4608/124
f 279/4302/124 1500/4608/124 1476/4604/124
f 3538/5064/328 434/4307/328 3500/5049/328
f 434/4307/328 281/4303/328 3500/5049/328
f 281/4303/328 977/4478/328 3500/5049/328
f 4032/5306/5211 4226/5521/5211 3545/5066/5211
f 442/4314/5211 3545/5066/5211 4226/5521/5211
f 3545/5066/5211 442/4314/5211 1284/4547/5211
f 441/4313/5211 1284/4547/5211 442/4314/5211
f 4032/5306/5211 3546/5067/5211 4226/5521/5211
f 4227/5522/5211 4226/5521/5211 3546/5067/5211
f 1285/4549/5211 441/4313/5211 4157/5427/5211
f 440/4315/5211 4157/5427/5211 441/4313/5211
f 3546/5067/5211 281/4303/5211 4227/5522/5211
f 280/4305/5211 4227/5522/5211 281/4303/5211
