ply
format ascii 1.0
comment Created by Blender 2.78 (sub 0) - www.blender.org, source file: ''
element vertex 1914
property float x
property float y
property float z
property float nx
property float ny
property float nz
property float s
property float t
property uchar red
property uchar green
property uchar blue
element face 904
property list uchar uint vertex_indices
end_header
6.189129 1.301526 -2.010970 0.891007 0.000000 -0.453990 0.375000 0.688440 0 255 0
6.189129 0.000000 -2.010970 0.891007 0.000000 -0.453990 0.375000 0.312500 0 255 0
5.264789 1.301526 -3.825092 0.891007 0.000000 -0.453990 0.387500 0.688440 0 255 0
5.264789 0.000000 -3.825092 0.891007 0.000000 -0.453990 0.387500 0.312500 0 255 0
3.825092 0.000000 -5.264788 0.707106 0.000000 -0.707107 0.400000 0.312500 0 255 0
3.825092 1.301526 -5.264788 0.707106 0.000000 -0.707107 0.400000 0.688440 0 255 0
5.264789 0.000000 -3.825092 0.707106 0.000000 -0.707107 0.387500 0.312500 0 255 0
5.264789 1.301526 -3.825092 0.707106 0.000000 -0.707107 0.387500 0.688440 0 255 0
2.010970 0.000000 -6.189129 0.453991 0.000000 -0.891006 0.412500 0.312500 0 255 0
2.010970 1.301526 -6.189129 0.453991 0.000000 -0.891006 0.412500 0.688440 0 255 0
3.825092 0.000000 -5.264788 0.453991 0.000000 -0.891006 0.400000 0.312500 0 255 0
3.825092 1.301526 -5.264788 0.453991 0.000000 -0.891006 0.400000 0.688440 0 255 0
0.000000 0.000000 -6.507635 0.156434 0.000000 -0.987688 0.425000 0.312500 0 255 0
0.000000 1.301526 -6.507635 0.156434 0.000000 -0.987688 0.425000 0.688440 0 255 0
2.010970 0.000000 -6.189129 0.156434 0.000000 -0.987688 0.412500 0.312500 0 255 0
2.010970 1.301526 -6.189129 0.156434 0.000000 -0.987688 0.412500 0.688440 0 255 0
-2.010970 0.000000 -6.189129 -0.156434 -0.000000 -0.987688 0.437500 0.312500 0 255 0
-2.010970 1.301526 -6.189129 -0.156434 -0.000000 -0.987688 0.437500 0.688440 0 255 0
0.000000 0.000000 -6.507635 -0.156434 -0.000000 -0.987688 0.425000 0.312500 0 255 0
0.000000 1.301526 -6.507635 -0.156434 0.000000 -0.987688 0.425000 0.688440 0 255 0
-3.825092 1.301526 -5.264786 -0.453991 0.000000 -0.891006 0.450000 0.688440 0 255 0
-2.010970 0.000000 -6.189129 -0.453991 0.000000 -0.891006 0.437500 0.312500 0 255 0
-3.825092 0.000000 -5.264786 -0.453991 0.000000 -0.891006 0.450000 0.312500 0 255 0
-2.010970 1.301526 -6.189129 -0.453991 0.000000 -0.891006 0.437500 0.688440 0 255 0
-5.264786 1.301526 -3.825091 -0.707107 0.000000 -0.707107 0.462500 0.688440 0 255 0
-3.825092 0.000000 -5.264786 -0.707107 0.000000 -0.707107 0.450000 0.312500 0 255 0
-5.264786 0.000000 -3.825091 -0.707107 0.000000 -0.707107 0.462500 0.312500 0 255 0
-3.825092 1.301526 -5.264786 -0.707107 0.000000 -0.707107 0.450000 0.688440 0 255 0
-6.189127 1.301526 -2.010970 -0.891007 0.000000 -0.453991 0.475000 0.688440 0 255 0
-5.264786 0.000000 -3.825091 -0.891007 0.000000 -0.453991 0.462500 0.312500 0 255 0
-6.189127 0.000000 -2.010970 -0.891007 0.000000 -0.453991 0.475000 0.312500 0 255 0
-5.264786 1.301526 -3.825091 -0.891007 0.000000 -0.453991 0.462500 0.688440 0 255 0
-6.507633 1.301526 0.000000 -0.987688 0.000000 -0.156434 0.487500 0.688440 0 255 0
-6.189127 0.000000 -2.010970 -0.987688 0.000000 -0.156434 0.475000 0.312500 0 255 0
-6.507633 0.000000 0.000000 -0.987688 0.000000 -0.156434 0.487500 0.312500 0 255 0
-6.189127 1.301526 -2.010970 -0.987688 0.000000 -0.156434 0.475000 0.688440 0 255 0
-6.189127 1.301526 2.010970 -0.987688 0.000000 0.156434 0.500000 0.688440 0 255 0
-6.507633 0.000000 0.000000 -0.987688 0.000000 0.156434 0.487500 0.312500 0 255 0
-6.189127 0.000000 2.010970 -0.987688 0.000000 0.156434 0.500000 0.312500 0 255 0
-6.507633 1.301526 0.000000 -0.987688 0.000000 0.156434 0.487500 0.688440 0 255 0
-5.264786 1.301526 3.825090 -0.891006 0.000000 0.453991 0.512500 0.688440 0 255 0
-6.189127 0.000000 2.010970 -0.891006 0.000000 0.453991 0.500000 0.312500 0 255 0
-5.264786 0.000000 3.825090 -0.891006 0.000000 0.453991 0.512500 0.312500 0 255 0
-6.189127 1.301526 2.010970 -0.891006 0.000000 0.453991 0.500000 0.688440 0 255 0
-3.825090 1.301526 5.264785 -0.707107 0.000000 0.707107 0.525000 0.688440 0 255 0
-5.264786 1.301526 3.825090 -0.707107 0.000000 0.707107 0.512500 0.688440 0 255 0
-5.264786 0.000000 3.825090 -0.707107 0.000000 0.707107 0.512500 0.312500 0 255 0
-3.825090 0.000000 5.264785 -0.707107 0.000000 0.707107 0.525000 0.312500 0 255 0
-2.010970 1.301526 12.856010 -0.972613 0.000000 0.232431 0.537500 0.688440 0 255 0
-3.825090 0.000000 5.264785 -0.972613 0.000000 0.232431 0.525000 0.312500 0 255 0
-2.010970 -0.000001 12.856010 -0.972613 0.000000 0.232431 0.537500 0.312500 0 255 0
-3.825090 1.301526 5.264785 -0.972613 0.000000 0.232431 0.525000 0.688440 0 255 0
0.000000 1.301526 13.174517 -0.156434 0.000000 0.987688 0.550000 0.688440 0 255 0
-2.010970 1.301526 12.856010 -0.156434 0.000000 0.987688 0.537500 0.688440 0 255 0
-2.010970 -0.000001 12.856010 -0.156434 0.000000 0.987688 0.537500 0.312500 0 255 0
0.000000 -0.000001 13.174517 -0.156434 0.000000 0.987688 0.550000 0.312500 0 255 0
2.010969 1.301526 12.856010 0.156434 -0.000000 0.987688 0.562500 0.688440 0 255 0
0.000000 1.301526 13.174517 0.156434 -0.000000 0.987688 0.550000 0.688440 0 255 0
0.000000 -0.000001 13.174517 0.156434 -0.000000 0.987688 0.550000 0.312500 0 255 0
2.010969 -0.000001 12.856010 0.156434 0.000000 0.987688 0.562500 0.312500 0 255 0
3.825090 1.301526 5.264785 0.972613 -0.000000 0.232431 0.575000 0.688440 0 255 0
2.010969 1.301526 12.856010 0.972613 -0.000000 0.232431 0.562500 0.688440 0 255 0
2.010969 -0.000001 12.856010 0.972613 -0.000000 0.232431 0.562500 0.312500 0 255 0
3.825090 0.000000 5.264785 0.972613 0.000000 0.232431 0.575000 0.312500 0 255 0
3.825090 1.301526 5.264785 0.707107 -0.000000 0.707107 0.575000 0.688440 0 255 0
3.825090 0.000000 5.264785 0.707107 -0.000000 0.707107 0.575000 0.312500 0 255 0
5.264784 1.301526 3.825090 0.707107 -0.000000 0.707107 0.587500 0.688440 0 255 0
5.264784 0.000000 3.825090 0.707107 0.000000 0.707107 0.587500 0.312500 0 255 0
5.264784 1.301526 3.825090 0.891006 -0.000000 0.453991 0.587500 0.688440 0 255 0
5.264784 0.000000 3.825090 0.891006 -0.000000 0.453991 0.587500 0.312500 0 255 0
6.189126 1.301526 2.010969 0.891006 -0.000000 0.453991 0.600000 0.688440 0 255 0
6.189126 0.000000 2.010969 0.891006 0.000000 0.453991 0.600000 0.312500 0 255 0
6.189126 1.301526 2.010969 0.987688 -0.000000 0.156434 0.600000 0.688440 0 255 0
6.189126 0.000000 2.010969 0.987688 -0.000000 0.156434 0.600000 0.312500 0 255 0
6.507632 1.301526 0.000000 0.987688 -0.000000 0.156434 0.612500 0.688440 0 255 0
6.507632 0.000000 0.000000 0.987688 0.000000 0.156434 0.612500 0.312500 0 255 0
6.507632 1.301526 0.000000 0.987689 0.000000 -0.156433 0.612500 0.688440 0 255 0
6.507632 0.000000 0.000000 0.987689 0.000000 -0.156433 0.612500 0.312500 0 255 0
6.189129 1.301526 -2.010970 0.987689 0.000000 -0.156433 0.625000 0.688440 0 255 0
6.189129 0.000000 -2.010970 0.987689 0.000000 -0.156433 0.625000 0.312500 0 255 0
5.264789 0.000000 -3.825092 0.000000 -1.000000 -0.000000 0.626409 0.064408 0 255 0
6.189129 0.000000 -2.010970 0.000000 -1.000000 -0.000000 0.648603 0.107966 0 255 0
0.000000 0.000000 0.000000 0.000000 -1.000000 -0.000000 0.500000 0.150000 0 255 0
3.825092 0.000000 -5.264788 0.000000 -1.000000 -0.000000 0.591842 0.029841 0 255 0
2.010970 0.000000 -6.189129 0.000000 -1.000000 -0.000000 0.548284 0.007647 0 255 0
0.000000 0.000000 -6.507635 0.000000 -1.000000 -0.000000 0.500000 -0.000000 0 255 0
-2.010970 0.000000 -6.189129 -0.000000 -1.000000 -0.000000 0.451716 0.007647 0 255 0
-3.825092 0.000000 -5.264786 -0.000000 -1.000000 0.000000 0.408159 0.029841 0 255 0
-5.264786 0.000000 -3.825091 -0.000000 -1.000000 0.000000 0.373591 0.064409 0 255 0
-6.189127 0.000000 -2.010970 -0.000000 -1.000000 0.000000 0.351397 0.107966 0 255 0
-6.507633 0.000000 0.000000 -0.000000 -1.000000 0.000000 0.343750 0.156250 0 255 0
-6.189127 0.000000 2.010970 0.000000 -1.000000 0.000000 0.351397 0.204534 0 255 0
-5.264786 0.000000 3.825090 0.000000 -1.000000 0.000000 0.373591 0.248091 0 255 0
-3.825090 0.000000 5.264785 0.000000 -1.000000 0.000000 0.408159 0.282659 0 255 0
-2.010970 -0.000001 12.856010 -0.000000 -1.000000 -0.000000 0.451716 0.304853 0 255 0
0.000000 -0.000001 13.174517 0.000000 -1.000000 -0.000000 0.500000 0.312500 0 255 0
2.010969 -0.000001 12.856010 -0.000000 -1.000000 -0.000000 0.548284 0.304853 0 255 0
3.825090 0.000000 5.264785 0.000000 -1.000000 -0.000000 0.591841 0.282659 0 255 0
5.264784 0.000000 3.825090 0.000000 -1.000000 0.000000 0.626409 0.248091 0 255 0
6.189126 0.000000 2.010969 0.000000 -1.000000 0.000000 0.648603 0.204534 0 255 0
6.507632 0.000000 0.000000 0.000000 -1.000000 0.000000 0.656250 0.156250 0 255 0
6.189129 1.301526 -2.010970 -0.000000 1.000000 0.000000 0.648603 0.892034 0 255 0
5.264789 1.301526 -3.825092 -0.000000 1.000000 0.000000 0.626409 0.935591 0 255 0
0.000000 1.301526 0.000000 -0.000000 1.000000 0.000000 0.500000 0.837500 0 255 0
3.825092 1.301526 -5.264788 -0.000000 1.000000 0.000000 0.591841 0.970159 0 255 0
2.010970 1.301526 -6.189129 -0.000000 1.000000 0.000000 0.548284 0.992353 0 255 0
0.000000 1.301526 -6.507635 -0.000000 1.000000 0.000000 0.500000 1.000000 0 255 0
-2.010970 1.301526 -6.189129 0.000000 1.000000 0.000000 0.451716 0.992353 0 255 0
-3.825092 1.301526 -5.264786 0.000000 1.000000 0.000000 0.408159 0.970159 0 255 0
-5.264786 1.301526 -3.825091 0.000000 1.000000 0.000000 0.373591 0.935591 0 255 0
-6.189127 1.301526 -2.010970 0.000000 1.000000 0.000000 0.351397 0.892034 0 255 0
-6.507633 1.301526 0.000000 0.000000 1.000000 0.000000 0.343750 0.843750 0 255 0
-6.189127 1.301526 2.010970 0.000000 1.000000 0.000000 0.351397 0.795466 0 255 0
-5.264786 1.301526 3.825090 0.000000 1.000000 0.000000 0.373591 0.751909 0 255 0
-3.825090 1.301526 5.264785 0.000000 1.000000 0.000000 0.408159 0.717341 0 255 0
-2.010970 1.301526 12.856010 0.000000 1.000000 0.000000 0.451716 0.695147 0 255 0
0.000000 1.301526 13.174517 -0.000000 1.000000 0.000000 0.500000 0.687500 0 255 0
2.010969 1.301526 12.856010 0.000000 1.000000 0.000000 0.548284 0.695147 0 255 0
3.825090 1.301526 5.264785 -0.000000 1.000000 0.000000 0.591842 0.717341 0 255 0
5.264784 1.301526 3.825090 0.000000 1.000000 -0.000000 0.626409 0.751908 0 255 0
6.189126 1.301526 2.010969 0.000000 1.000000 -0.000000 0.648603 0.795466 0 255 0
6.507632 1.301526 0.000000 0.000000 1.000000 -0.000000 0.656250 0.843750 0 255 0
-5.419447 6.448743 -0.484106 0.324248 -0.945972 0.000000 0.457561 0.110373 0 255 0
-5.419447 6.448743 0.525695 0.324248 -0.945972 0.000000 0.457561 0.136458 0 255 0
-5.945961 6.268271 0.525695 0.324248 -0.945972 0.000000 0.450307 0.136458 0 255 0
-5.945961 6.268271 -0.484106 0.324248 -0.945972 0.000000 0.450307 0.110373 0 255 0
11.452193 11.630169 2.938504 0.325716 0.000000 0.945468 0.513602 0.860921 0 255 0
13.987631 11.610662 2.065040 0.325716 0.000000 0.945468 0.548517 0.860414 0 255 0
13.987631 13.542998 2.065040 0.325716 0.000000 0.945468 0.548517 0.910761 0 255 0
13.987631 13.542998 2.065040 0.325690 0.000038 0.945476 0.548517 0.910761 0 255 0
11.452193 14.469322 2.938391 0.325690 0.000038 0.945476 0.513593 0.934819 0 255 0
11.452193 11.630169 2.938504 0.325690 0.000038 0.945476 0.513602 0.860921 0 255 0
13.987631 13.584568 1.361686 0.185837 0.000000 -0.982581 0.557724 0.911824 0 255 0
13.987631 11.569093 1.361686 0.185837 0.000000 -0.982581 0.557724 0.859323 0 255 0
11.452193 11.569093 0.882156 0.185837 0.000000 -0.982581 0.591331 0.859314 0 255 0
11.452193 14.530400 0.882156 0.185837 0.000000 -0.982581 0.591331 0.936454 0 255 0
11.452193 14.530400 0.882156 0.286010 0.958227 0.000000 0.529950 0.979127 0 255 0
11.452193 14.530399 2.938389 0.286010 0.958227 0.000000 0.513593 0.936409 0 255 0
12.748796 14.143392 2.022359 0.286010 0.958227 0.000000 0.534804 0.934269 0 255 0
12.748796 14.143392 1.646109 0.286010 0.958227 -0.000000 0.537799 0.942094 0 255 0
13.604816 13.837971 1.646109 0.551977 0.833860 0.000000 0.547192 0.927784 0 255 0
13.604816 13.837971 2.022359 0.551977 0.833860 0.000000 0.544197 0.919960 0 255 0
13.987631 13.584565 2.065040 0.551977 0.833860 0.000000 0.548517 0.911844 0 255 0
13.987631 13.584565 2.065040 0.551974 0.833861 0.000003 0.548517 0.911844 0 255 0
13.987631 13.584568 1.361686 0.551974 0.833861 0.000003 0.554115 0.926483 0 255 0
13.604816 13.837971 1.646109 0.551974 0.833861 0.000003 0.547192 0.927784 0 255 0
-9.576678 15.453697 5.631399 -0.820826 0.001417 0.571177 0.584543 0.347989 0 255 0
-11.412692 14.490053 2.995296 -0.820826 0.001417 0.571177 0.559353 0.410377 0 255 0
-11.379272 11.654346 3.050358 -0.820826 0.001417 0.571177 0.531972 0.356576 0 255 0
-11.379272 11.654346 3.050358 -0.813930 -0.008461 0.580902 0.531972 0.356576 0 255 0
-7.989623 12.778083 7.816128 -0.813930 -0.008461 0.580902 0.587946 0.261670 0 255 0
-9.576678 15.453697 5.631399 -0.813930 -0.008461 0.580902 0.584543 0.347989 0 255 0
11.452193 11.630169 2.938504 0.819459 -0.000001 0.573138 0.889729 0.357318 0 255 0
7.994707 13.347432 7.881933 0.819459 -0.000001 0.573138 0.825907 0.267667 0 255 0
8.005105 12.819368 7.867066 0.819459 -0.000001 0.573138 0.831448 0.260420 0 255 0
7.994707 13.347432 7.881933 0.819463 0.000023 0.573133 0.825907 0.267667 0 255 0
11.452193 11.630169 2.938504 0.819463 0.000023 0.573133 0.889729 0.357318 0 255 0
11.452193 14.469322 2.938391 0.819463 0.000023 0.573133 0.860755 0.411483 0 255 0
7.977664 14.415025 7.908455 0.819587 -0.001150 0.572954 0.814909 0.282213 0 255 0
7.994707 13.347432 7.881933 0.819587 -0.001150 0.572954 0.825907 0.267667 0 255 0
11.452193 14.469322 2.938391 0.819587 -0.001150 0.572954 0.860755 0.411483 0 255 0
7.977664 14.415025 7.908455 0.818913 -0.047120 0.571980 0.814909 0.282213 0 255 0
11.452193 14.469322 2.938391 0.818913 -0.047120 0.571980 0.860755 0.411483 0 255 0
9.603796 15.461235 5.666485 0.818913 -0.047120 0.571980 0.834728 0.347921 0 255 0
-11.452189 11.569093 0.882156 -0.185836 -0.000000 -0.982581 0.591290 0.859315 0 255 0
-13.987631 11.569093 1.361686 -0.185836 -0.000000 -0.982581 0.557744 0.859323 0 255 0
-13.987631 13.584568 1.361686 -0.185836 -0.000000 -0.982581 0.557744 0.911824 0 255 0
-11.452189 14.530400 0.882156 -0.185836 0.000000 -0.982581 0.591290 0.936454 0 255 0
-13.987631 13.542998 2.065040 -0.328820 0.000000 0.944393 0.548517 0.910761 0 255 0
-13.987631 11.610662 2.065040 -0.328820 0.000000 0.944393 0.548517 0.860414 0 255 0
-11.452189 11.630169 2.947834 -0.328820 0.000000 0.944393 0.513602 0.860921 0 255 0
-11.452189 11.630169 2.947834 -0.326747 0.003078 0.945107 0.513602 0.860921 0 255 0
-11.452189 14.469322 2.938588 -0.326747 0.003078 0.945107 0.513593 0.934819 0 255 0
-13.987631 13.542998 2.065040 -0.326747 0.003078 0.945107 0.548517 0.910761 0 255 0
-2.758544 11.902725 7.961436 -0.001615 -0.006176 0.999980 0.852428 0.956814 0 255 0
0.444127 11.907157 7.966636 -0.001615 -0.006176 0.999980 0.894158 0.956917 0 255 0
-2.758544 12.744773 7.966636 -0.001615 -0.006176 0.999980 0.852436 0.978789 0 255 0
0.444127 11.907157 7.966636 -0.000000 0.000000 1.000000 0.894158 0.956917 0 255 0
0.444127 12.744773 7.966636 -0.000000 0.000000 1.000000 0.894173 0.978736 0 255 0
-2.758544 12.744773 7.966636 -0.000000 0.000000 1.000000 0.852436 0.978789 0 255 0
-6.991410 12.199053 7.736400 -0.757005 -0.602699 0.252384 0.797281 0.964511 0 255 0
-6.366589 12.340094 9.947309 -0.757005 -0.602699 0.252384 0.805419 0.968185 0 255 0
-7.349131 12.744773 7.966636 -0.757005 -0.602699 0.252384 0.792622 0.978726 0 255 0
-6.366589 12.340094 9.947309 -0.840684 -0.429988 0.329181 0.805419 0.968185 0 255 0
-6.573572 12.744773 9.947309 -0.840684 -0.429988 0.329181 0.802723 0.978726 0 255 0
-7.349131 12.744773 7.966636 -0.840684 -0.429988 0.329181 0.792622 0.978726 0 255 0
-3.197957 13.285347 10.340247 0.496170 -0.000000 0.868225 0.954708 0.122188 0 255 0
-3.197957 12.756157 10.340247 0.496170 -0.000000 0.868225 0.947823 0.123249 0 255 0
0.444127 12.767055 8.258881 0.496170 -0.000000 0.868225 0.968631 0.027456 0 255 0
0.444127 12.767055 8.258881 0.492192 -0.034319 0.869810 0.968631 0.027456 0 255 0
0.444127 13.802844 8.299748 0.492192 -0.034319 0.869810 0.982083 0.027699 0 255 0
-3.197957 13.285347 10.340247 0.492192 -0.034319 0.869810 0.954708 0.122188 0 255 0
0.444127 9.798585 8.215366 -0.780289 -0.009050 0.625354 0.749091 0.112532 0 255 0
0.792882 10.074762 8.654524 -0.780289 -0.009050 0.625354 0.753633 0.119737 0 255 0
0.444127 12.744773 8.258001 -0.780289 -0.009050 0.625354 0.749036 0.189282 0 255 0
0.444127 12.767055 8.258881 -0.711981 -0.027689 0.701652 0.749035 0.189863 0 255 0
0.444127 12.744773 8.258001 -0.711981 -0.027689 0.701652 0.749036 0.189282 0 255 0
0.792882 13.825128 8.654524 -0.711981 -0.027689 0.701652 0.753739 0.217390 0 255 0
0.444127 13.802844 8.299748 -0.711989 -0.027684 0.701645 0.748981 0.216850 0 255 0
0.444127 12.767055 8.258881 -0.711989 -0.027684 0.701645 0.749035 0.189863 0 255 0
0.792882 13.825128 8.654524 -0.711989 -0.027684 0.701645 0.753739 0.217390 0 255 0
0.444127 13.825128 8.300628 -0.711988 -0.027686 0.701645 0.748980 0.217431 0 255 0
0.444127 13.802844 8.299748 -0.711988 -0.027686 0.701645 0.748981 0.216850 0 255 0
0.792882 13.825128 8.654524 -0.711988 -0.027686 0.701645 0.753739 0.217390 0 255 0
0.444127 12.744773 8.258001 -0.750887 0.000000 0.660431 0.749036 0.189282 0 255 0
0.792882 10.074762 8.654524 -0.750887 0.000000 0.660431 0.753633 0.119737 0 255 0
0.792882 13.825128 8.654524 -0.750887 0.000000 0.660431 0.753739 0.217390 0 255 0
0.899001 9.453363 8.215366 -0.480487 -0.559398 0.675431 0.755021 0.103546 0 255 0
1.194800 9.729541 8.654524 -0.480487 -0.559398 0.675431 0.758868 0.110744 0 255 0
0.792882 10.074762 8.654524 -0.480487 -0.559398 0.675431 0.753633 0.119737 0 255 0
0.792882 10.074762 8.654524 -0.431550 -0.568623 0.700309 0.753633 0.119737 0 255 0
0.444127 9.798585 8.215366 -0.431550 -0.568623 0.700309 0.749091 0.112532 0 255 0
0.899001 9.453363 8.215366 -0.431550 -0.568623 0.700309 0.755021 0.103546 0 255 0
6.086771 10.074762 8.654524 0.480487 -0.559397 0.675431 0.822584 0.119737 0 255 0
5.684854 9.729541 8.654524 0.480487 -0.559397 0.675431 0.817349 0.110744 0 255 0
5.980653 9.453363 8.215366 0.480487 -0.559397 0.675431 0.821208 0.103546 0 255 0
5.980653 9.453363 8.215366 0.431550 -0.568623 0.700309 0.821208 0.103546 0 255 0
6.435527 9.798585 8.215366 0.431550 -0.568623 0.700309 0.827140 0.112528 0 255 0
6.086771 10.074762 8.654524 0.431550 -0.568623 0.700309 0.822584 0.119737 0 255 0
-11.378551 11.593340 3.051542 -0.547742 -0.639483 0.539482 0.531383 0.355418 0 255 0
-11.368738 11.578173 3.043526 -0.547742 -0.639483 0.539482 0.531181 0.355140 0 255 0
-7.489476 12.000241 7.482483 -0.547742 -0.639483 0.539482 0.578427 0.246604 0 255 0
-7.489476 12.000241 7.482483 -0.547746 -0.639477 0.539485 0.578427 0.246604 0 255 0
-7.955482 12.720524 7.863126 -0.547746 -0.639477 0.539485 0.588020 0.259813 0 255 0
-11.378551 11.593340 3.051542 -0.547746 -0.639477 0.539485 0.531383 0.355418 0 255 0
-7.612452 11.569093 6.649508 -0.445831 -0.766376 0.462497 0.567015 0.254126 0 255 0
-7.406024 12.009321 7.577974 -0.445831 -0.766376 0.462497 0.579443 0.244269 0 255 0
-7.489476 12.000241 7.482483 -0.445831 -0.766376 0.462497 0.578427 0.246604 0 255 0
-7.612452 11.569093 6.649508 -0.445842 -0.766370 0.462495 0.567015 0.254126 0 255 0
-7.489476 12.000241 7.482483 -0.445842 -0.766370 0.462495 0.578427 0.246604 0 255 0
-11.368738 11.578173 3.043526 -0.445842 -0.766370 0.462495 0.531181 0.355140 0 255 0
-7.612452 11.569093 6.649508 -0.445829 -0.766386 0.462482 0.567015 0.254126 0 255 0
-11.368738 11.578173 3.043526 -0.445829 -0.766386 0.462482 0.531181 0.355140 0 255 0
-11.452189 11.569093 2.948033 -0.445829 -0.766386 0.462482 0.530165 0.357475 0 255 0
11.452193 11.569093 2.938506 0.631666 -0.530045 0.565730 0.890352 0.356153 0 255 0
7.935464 12.744773 7.966636 0.631666 -0.530045 0.565730 0.831280 0.257052 0 255 0
6.948926 11.569093 7.966636 0.631666 -0.530045 0.565730 0.841097 0.223956 0 255 0
-7.088572 18.452505 -8.271297 -0.870181 0.454839 -0.189490 0.595250 0.724652 0 255 0
-7.505563 16.176804 -11.818813 -0.870181 0.454839 -0.189490 0.578869 0.820742 0 255 0
-11.381783 11.870988 -4.353747 -0.870181 0.454839 -0.189490 0.511572 0.605312 0 255 0
-11.381783 11.870988 -4.353747 -0.872092 0.431463 -0.230857 0.511572 0.605312 0 255 0
-11.360562 14.556260 0.584759 -0.872092 0.431463 -0.230857 0.555282 0.476419 0 255 0
-7.088572 18.452505 -8.271297 -0.872092 0.431463 -0.230857 0.595250 0.724652 0 255 0
-8.130570 14.793444 -11.895127 -0.884998 0.408565 -0.223278 0.559809 0.818418 0 255 0
-11.382238 11.813220 -4.459987 -0.884998 0.408565 -0.223278 0.510632 0.608085 0 255 0
-7.514534 16.127846 -11.895129 -0.884998 0.408565 -0.223278 0.578517 0.822809 0 255 0
-9.484032 8.375466 -2.949073 -0.529921 -0.694570 -0.486576 0.467297 0.699054 0 255 0
-11.319231 9.775629 -2.949073 -0.529921 -0.694570 -0.486576 0.438460 0.700541 0 255 0
-5.099983 11.275466 -11.863309 -0.529921 -0.694570 -0.486576 0.467314 0.465264 0 255 0
7.141112 18.452505 -8.271297 0.874589 0.427535 -0.228711 0.802606 0.734486 0 255 0
11.361673 14.556262 0.584759 0.874589 0.427535 -0.228711 0.864048 0.476490 0 255 0
11.382893 11.870987 -4.353747 0.874589 0.427535 -0.228711 0.906853 0.605427 0 255 0
11.382893 11.870987 -4.353747 0.872635 0.451268 -0.186724 0.906853 0.605427 0 255 0
7.558863 16.176804 -11.818812 0.872635 0.451268 -0.186724 0.840724 0.821026 0 255 0
7.141112 18.452505 -8.271297 0.872635 0.451268 -0.186724 0.802606 0.734486 0 255 0
7.567850 16.127846 -11.895127 0.886344 0.408655 -0.217703 0.841544 0.822887 0 255 0
11.383349 11.813220 -4.459987 0.886344 0.408655 -0.217703 0.907773 0.608201 0 255 0
8.183085 14.793444 -11.895129 0.886344 0.408655 -0.217703 0.860253 0.818553 0 255 0
5.153603 11.275466 -11.863309 0.650989 -0.565178 -0.506741 0.380650 0.981195 0 255 0
8.183085 14.793444 -11.895129 0.650989 -0.565178 -0.506741 0.317001 0.979893 0 255 0
11.383349 11.813220 -4.459987 0.650989 -0.565178 -0.506741 0.326227 0.789997 0 255 0
11.383349 11.813220 -4.459987 0.703540 -0.437198 -0.560258 0.326227 0.789997 0 255 0
11.320341 9.775629 -2.949073 0.703540 -0.437198 -0.560258 0.348748 0.746838 0 255 0
5.153603 11.275466 -11.863309 0.703540 -0.437198 -0.560258 0.380650 0.981195 0 255 0
-5.243156 19.298513 -2.894394 -0.557561 0.826098 0.081781 0.641648 0.593007 0 255 0
-11.413413 14.551056 2.994112 -0.557561 0.826098 0.081781 0.559942 0.411535 0 255 0
-9.610820 15.511256 5.584400 -0.557561 0.826098 0.081781 0.584470 0.349846 0 255 0
-11.360106 14.614028 0.690998 -0.605119 0.796098 0.007761 0.556223 0.473647 0 255 0
-11.413413 14.551056 2.994112 -0.605119 0.796098 0.007761 0.559942 0.411535 0 255 0
-5.243156 19.298513 -2.894394 -0.605119 0.796098 0.007761 0.641648 0.593007 0 255 0
-7.079602 18.501463 -8.194982 -0.577354 0.812811 0.077468 0.595602 0.722585 0 255 0
-11.360106 14.614028 0.690998 -0.577354 0.812811 0.077468 0.556223 0.473647 0 255 0
-5.835375 19.267736 -6.961915 -0.577354 0.812811 0.077468 0.633597 0.698957 0 255 0
-5.835375 19.267736 -6.961915 -0.576997 0.813027 0.077857 0.633597 0.698957 0 255 0
-11.360106 14.614028 0.690998 -0.576997 0.813027 0.077857 0.556223 0.473647 0 255 0
-5.243156 19.298513 -2.894394 -0.576997 0.813027 0.077857 0.641857 0.593243 0 255 0
9.663331 15.511256 5.584400 0.494685 0.868985 0.012310 0.835331 0.350490 0 255 0
11.414522 14.551056 2.994112 0.494685 0.868985 0.012310 0.859610 0.411339 0 255 0
11.361217 14.614028 0.690998 0.494685 0.868985 0.012310 0.863127 0.473716 0 255 0
11.361217 14.614028 0.690998 0.589145 0.806040 0.056627 0.863127 0.473716 0 255 0
5.346082 19.267736 -2.969593 0.589145 0.806040 0.056627 0.779583 0.594610 0 255 0
9.663331 15.511256 5.584400 0.589145 0.806040 0.056627 0.835331 0.350490 0 255 0
5.887892 19.267736 -6.961915 0.578746 0.811612 0.079622 0.786508 0.698955 0 255 0
11.361217 14.614028 0.690998 0.578746 0.811612 0.079622 0.863127 0.473716 0 255 0
7.132126 18.501463 -8.194982 0.578746 0.811612 0.079622 0.801785 0.732624 0 255 0
5.887892 19.267736 -6.961915 0.579630 0.811074 0.078663 0.786508 0.698955 0 255 0
5.346082 19.267736 -2.969593 0.579630 0.811074 0.078663 0.779583 0.594610 0 255 0
11.361217 14.614028 0.690998 0.579630 0.811074 0.078663 0.863127 0.473716 0 255 0
-6.706958 18.536312 -8.461812 0.000000 0.840508 -0.541799 0.623059 0.740257 0 255 0
6.760605 18.536312 -8.461812 0.000000 0.840508 -0.541799 0.797070 0.740219 0 255 0
7.169574 16.268839 -11.979404 0.000000 0.840508 -0.541799 0.802234 0.850161 0 255 0
-7.115150 16.268839 -11.979404 0.000000 0.840508 -0.541799 0.617894 0.850162 0 255 0
-2.758544 11.902725 7.961436 0.783853 -0.003835 0.620934 0.852428 0.956814 0 255 0
-2.758544 12.744773 7.966636 0.783853 -0.003835 0.620934 0.852436 0.978789 0 255 0
-4.329532 12.338912 9.947309 0.783853 -0.003835 0.620934 0.831951 0.967630 0 255 0
-2.758544 12.744773 7.966636 0.783602 -0.243185 0.571690 0.852436 0.978789 0 255 0
-4.203576 12.744773 9.947309 0.783602 -0.243185 0.571690 0.833591 0.978726 0 255 0
-4.329532 12.338912 9.947309 0.783602 -0.243185 0.571690 0.831951 0.967630 0 255 0
-7.406024 12.009321 7.577974 -0.432585 0.899955 0.054322 0.220717 0.686950 0 255 0
-8.121184 11.576568 9.052354 -0.432585 0.899955 0.054322 0.211419 0.647013 0 255 0
-6.991410 12.199053 7.736400 -0.432585 0.899955 0.054322 0.226098 0.683640 0 255 0
-6.991410 12.199053 7.736400 -0.424850 0.903107 0.062454 0.226098 0.683640 0 255 0
-8.121184 11.576568 9.052354 -0.424850 0.903107 0.062454 0.211419 0.647013 0 255 0
-6.366589 12.340094 9.947309 -0.424850 0.903107 0.062454 0.234192 0.627034 0 255 0
-8.121184 11.541525 9.530327 -0.426319 0.902151 0.066147 0.211415 0.634503 0 255 0
-7.247386 11.866257 10.733088 -0.426319 0.902151 0.066147 0.222751 0.604739 0 255 0
-6.712056 12.119231 10.733088 -0.426319 0.902151 0.066147 0.229700 0.605790 0 255 0
-8.121184 11.541525 9.530327 -0.426316 0.902153 0.066143 0.211415 0.634503 0 255 0
-6.712056 12.119231 10.733088 -0.426316 0.902153 0.066143 0.229700 0.605790 0 255 0
-6.366589 12.340094 9.947309 -0.426316 0.902153 0.066143 0.234192 0.627034 0 255 0
-8.121184 11.576568 9.052354 -0.426316 0.902153 0.066142 0.211419 0.647013 0 255 0
-8.121184 11.541525 9.530327 -0.426316 0.902153 0.066142 0.211415 0.634503 0 255 0
-6.366589 12.340094 9.947309 -0.426316 0.902153 0.066142 0.234192 0.627034 0 255 0
-8.121184 11.024741 9.530327 -0.542636 -0.639111 0.545053 0.207486 0.585685 0 255 0
-7.010619 10.244989 9.721657 -0.542636 -0.639111 0.545053 0.209464 0.557714 0 255 0
-7.010619 11.107569 10.733088 -0.542636 -0.639111 0.545053 0.222641 0.579012 0 255 0
-7.010619 11.107569 10.733088 -0.542641 -0.639103 0.545057 0.222641 0.579012 0 255 0
-7.247386 11.308599 10.733088 -0.542641 -0.639103 0.545057 0.222739 0.586232 0 255 0
-8.121184 11.024741 9.530327 -0.542641 -0.639103 0.545057 0.207486 0.585685 0 255 0
-7.010619 10.244989 9.721657 -0.553253 -0.664813 0.501931 0.209464 0.557714 0 255 0
-8.121184 11.024741 9.530327 -0.553253 -0.664813 0.501931 0.207486 0.585685 0 255 0
-7.654548 10.244989 9.011887 -0.553253 -0.664813 0.501931 0.200512 0.562781 0 255 0
-8.121184 11.024741 9.530327 -0.490201 -0.666670 0.561475 0.207486 0.585685 0 255 0
-8.121184 10.588106 9.011887 -0.490201 -0.666670 0.561475 0.200732 0.574905 0 255 0
-7.654548 10.244989 9.011887 -0.490201 -0.666670 0.561475 0.200512 0.562781 0 255 0
-2.758544 11.902725 7.961436 0.468574 0.864737 0.180745 0.281251 0.676588 0 255 0
-4.329532 12.338912 9.947309 0.468574 0.864737 0.180745 0.260724 0.627029 0 255 0
-2.577436 11.576568 9.052354 0.468574 0.864737 0.180745 0.283623 0.647013 0 255 0
-3.986561 12.119231 10.733088 0.426320 0.902151 0.066148 0.265198 0.605790 0 255 0
-3.451233 11.866257 10.733088 0.426320 0.902151 0.066148 0.272193 0.604739 0 255 0
-2.577436 11.541525 9.530327 0.426320 0.902151 0.066148 0.283619 0.634503 0 255 0
-4.329532 12.338912 9.947309 0.426315 0.902153 0.066141 0.260724 0.627029 0 255 0
-3.986561 12.119231 10.733088 0.426315 0.902153 0.066141 0.265198 0.605790 0 255 0
-2.577436 11.541525 9.530327 0.426315 0.902153 0.066141 0.283619 0.634503 0 255 0
-2.577436 11.576568 9.052354 0.426315 0.902153 0.066142 0.283623 0.647013 0 255 0
-4.329532 12.338912 9.947309 0.426315 0.902153 0.066142 0.260724 0.627029 0 255 0
-2.577436 11.541525 9.530327 0.426315 0.902153 0.066142 0.283619 0.634503 0 255 0
-3.688001 11.107569 10.733088 0.542636 -0.639111 0.545053 0.272274 0.579311 0 255 0
-3.688001 10.244989 9.721657 0.542636 -0.639111 0.545053 0.285505 0.557643 0 255 0
-2.577436 11.024741 9.530327 0.542636 -0.639111 0.545053 0.287755 0.584575 0 255 0
-2.577436 11.024741 9.530327 0.542640 -0.639105 0.545056 0.287755 0.584575 0 255 0
-3.451233 11.308599 10.733088 0.542640 -0.639105 0.545056 0.272195 0.586278 0 255 0
-3.688001 11.107569 10.733088 0.542640 -0.639105 0.545056 0.272274 0.579311 0 255 0
-3.044073 10.244989 9.011887 0.490200 -0.666670 0.561476 0.294644 0.561908 0 255 0
-2.577436 10.588106 9.011887 0.490200 -0.666670 0.561476 0.294537 0.573608 0 255 0
-2.577436 11.024741 9.530327 0.490200 -0.666670 0.561476 0.287755 0.584575 0 255 0
-2.577436 11.024741 9.530327 0.553253 -0.664813 0.501930 0.287755 0.584575 0 255 0
-3.688001 10.244989 9.721657 0.553253 -0.664813 0.501930 0.285505 0.557643 0 255 0
-3.044073 10.244989 9.011887 0.553253 -0.664813 0.501930 0.294644 0.561908 0 255 0
-8.121184 11.576568 9.052354 -0.798643 0.558818 -0.223367 0.201188 0.599502 0 255 0
-7.406024 12.009321 7.577974 -0.798643 0.558818 -0.223367 0.181479 0.605030 0 255 0
-8.121184 11.071623 7.789085 -0.798643 0.558818 -0.223367 0.184688 0.587148 0 255 0
-7.406024 12.009321 7.577974 -0.801902 0.588870 -0.100922 0.181479 0.605030 0 255 0
-7.612452 11.569093 6.649508 -0.801902 0.588870 -0.100922 0.169465 0.595816 0 255 0
-8.121184 11.071623 7.789085 -0.801902 0.588870 -0.100922 0.184688 0.587148 0 255 0
-7.283716 10.749999 6.609789 -0.803876 -0.361623 -0.472242 0.168833 0.572910 0 255 0
-8.121184 10.588106 8.159342 -0.803876 -0.361623 -0.472242 0.189571 0.575050 0 255 0
-8.121184 11.071623 7.789085 -0.803876 -0.361623 -0.472242 0.184688 0.587148 0 255 0
-8.121184 11.071623 7.789085 -0.814109 -0.302704 -0.495578 0.184688 0.587148 0 255 0
-7.612452 11.569093 6.649508 -0.814109 -0.302704 -0.495578 0.169465 0.595816 0 255 0
-7.283716 10.749999 6.609789 -0.814109 -0.302704 -0.495578 0.168833 0.572910 0 255 0
-7.654548 10.244989 8.159342 -0.549198 -0.746905 -0.374853 0.189351 0.562925 0 255 0
-8.121184 10.588106 8.159342 -0.549198 -0.746905 -0.374853 0.189571 0.575050 0 255 0
-7.283716 10.749999 6.609789 -0.549198 -0.746905 -0.374853 0.168833 0.572910 0 255 0
-2.577436 11.071623 7.789085 0.798850 0.284040 -0.530244 0.310565 0.585902 0 255 0
-3.537595 11.569093 6.609021 0.798850 0.284040 -0.530244 0.326270 0.592274 0 255 0
-2.758544 11.902725 7.961436 0.798850 0.284040 -0.530244 0.308369 0.605663 0 255 0
-3.537595 11.569093 6.609021 0.704674 -0.231178 -0.670814 0.326270 0.592274 0 255 0
-2.577436 11.071623 7.789085 0.704674 -0.231178 -0.670814 0.310565 0.585902 0 255 0
-3.806525 10.749345 6.609021 0.704674 -0.231178 -0.670814 0.326319 0.569846 0 255 0
-3.044073 10.244989 8.159342 0.518309 -0.704898 -0.484226 0.305812 0.561978 0 255 0
-3.806525 10.749345 6.609021 0.518309 -0.704898 -0.484226 0.326319 0.569846 0 255 0
-2.577436 10.588106 8.159342 0.518309 -0.704898 -0.484226 0.305705 0.573678 0 255 0
-2.577436 11.071623 7.789085 0.677734 -0.447050 -0.583800 0.310565 0.585902 0 255 0
-2.577436 10.588106 8.159342 0.677734 -0.447050 -0.583800 0.305705 0.573678 0 255 0
-3.806525 10.749345 6.609021 0.677734 -0.447050 -0.583800 0.326319 0.569846 0 255 0
-7.881843 12.744773 7.966636 0.000000 -0.467236 0.884133 0.785683 0.978726 0 255 0
-7.406024 12.009321 7.577974 0.000000 -0.467236 0.884133 0.791881 0.959569 0 255 0
-7.349131 12.744773 7.966636 0.000000 -0.467236 0.884133 0.792622 0.978726 0 255 0
-7.406024 12.009321 7.577974 -0.128103 -0.455622 0.880908 0.791881 0.959569 0 255 0
-6.991410 12.199053 7.736400 -0.128103 -0.455622 0.880908 0.797281 0.964511 0 255 0
-7.349131 12.744773 7.966636 -0.128103 -0.455622 0.880908 0.792622 0.978726 0 255 0
-13.604816 13.837971 2.022359 -0.551972 0.833862 0.000000 0.544197 0.919960 0 255 0
-13.604816 13.837971 1.646109 -0.551972 0.833862 0.000000 0.547191 0.927784 0 255 0
-13.987631 13.584568 1.361686 -0.551972 0.833862 0.000000 0.554115 0.926483 0 255 0
-13.987631 13.584568 1.361686 -0.551977 0.833860 0.000003 0.554115 0.926483 0 255 0
-13.987631 13.584565 2.065040 -0.551977 0.833860 0.000003 0.548517 0.911844 0 255 0
-13.604816 13.837971 2.022359 -0.551977 0.833860 0.000003 0.544197 0.919960 0 255 0
-3.537595 11.569093 6.609021 0.000000 -0.970893 0.239513 0.842297 0.920269 0 255 0
0.444127 11.569093 6.609021 0.000000 -0.970893 0.239513 0.894158 0.920269 0 255 0
-2.758544 11.902725 7.961436 0.000000 -0.970893 0.239513 0.852428 0.956814 0 255 0
0.444127 11.569093 6.609021 0.000950 -0.970367 0.241634 0.894158 0.920269 0 255 0
0.444127 11.907157 7.966636 0.000950 -0.970367 0.241634 0.894158 0.956917 0 255 0
-2.758544 11.902725 7.961436 0.000950 -0.970367 0.241634 0.852428 0.956814 0 255 0
-2.863049 8.952960 4.738319 0.335620 0.376332 0.863558 0.166803 0.184022 0 255 0
-2.863049 9.099493 4.674461 0.335620 0.376332 0.863558 0.166808 0.180196 0 255 0
-4.327484 9.453363 5.089397 0.335620 0.376332 0.863558 0.181251 0.160731 0 255 0
-4.327484 9.453363 5.089397 0.385005 0.736612 0.556034 0.181251 0.160731 0 255 0
-4.327484 9.231581 5.383206 0.385005 0.736612 0.556034 0.183686 0.167835 0 255 0
-2.863049 8.952960 4.738319 0.385005 0.736612 0.556034 0.166803 0.184022 0 255 0
5.461026 8.313080 2.309053 0.781862 -0.331664 -0.527911 0.346133 0.165892 0 255 0
6.435527 8.313080 3.752337 0.781862 -0.331664 -0.527911 0.356239 0.206700 0 255 0
5.461026 7.206454 3.004299 0.781862 -0.331664 -0.527911 0.331779 0.184145 0 255 0
6.435527 8.313080 3.752337 0.783607 -0.337453 -0.521618 0.356239 0.206700 0 255 0
6.435527 7.484538 4.288350 0.783607 -0.337453 -0.521618 0.344553 0.218251 0 255 0
5.461026 7.206454 3.004299 0.783607 -0.337453 -0.521618 0.331779 0.184145 0 255 0
-5.419447 6.448744 2.197572 -0.841196 0.000000 -0.540731 0.457545 0.180104 0 255 0
-6.368497 6.803413 3.673976 -0.841196 0.000000 -0.540731 0.445201 0.219520 0 255 0
-5.419447 8.313080 2.197572 -0.841196 0.000000 -0.540731 0.433263 0.180104 0 255 0
-5.419447 8.313080 2.197572 -0.853235 0.027034 -0.520826 0.433263 0.180104 0 255 0
-6.368497 6.803413 3.673976 -0.853235 0.027034 -0.520826 0.445201 0.219520 0 255 0
-6.368497 8.313080 3.752337 -0.853235 0.027034 -0.520826 0.429758 0.251565 0 255 0
6.910005 7.181295 2.303964 -0.000000 0.000000 1.000000 0.365208 0.172993 0 255 0
6.910005 8.313080 2.303964 -0.000000 0.000000 1.000000 0.379786 0.172993 0 255 0
5.461026 7.206454 2.303964 -0.000000 0.000000 1.000000 0.365208 0.210738 0 255 0
5.461026 7.206454 2.303964 0.003512 -0.004599 0.999983 0.365208 0.210738 0 255 0
6.910005 8.313080 2.303964 0.003512 -0.004599 0.999983 0.379786 0.172993 0 255 0
5.461026 8.313080 2.309053 0.003512 -0.004599 0.999983 0.379786 0.210739 0 255 0
5.461026 7.206454 2.303964 -0.017361 -0.999849 0.000000 0.331779 0.165786 0 255 0
5.461026 7.206454 -1.255415 -0.017361 -0.999849 0.000000 0.331779 0.072854 0 255 0
6.910005 7.181295 2.303964 -0.017361 -0.999849 0.000000 0.350677 0.165832 0 255 0
6.910005 7.181295 2.303964 -0.007155 -0.999966 -0.004155 0.350677 0.165832 0 255 0
5.461026 7.206454 -1.255415 -0.007155 -0.999966 -0.004155 0.331779 0.072854 0 255 0
7.919501 7.181295 0.565777 -0.007155 -0.999966 -0.004155 0.363825 0.120399 0 255 0
6.910005 7.181295 -1.255415 -0.017360 -0.999803 0.009623 0.350677 0.072795 0 255 0
7.919501 7.181295 0.565777 -0.017360 -0.999803 0.009623 0.363825 0.120399 0 255 0
5.461026 7.206454 -1.255415 -0.017360 -0.999803 0.009623 0.331779 0.072854 0 255 0
-7.823218 5.624811 0.525695 0.327166 -0.944967 0.000000 0.389538 0.110295 0 255 0
-7.823218 5.624811 -0.484106 0.327166 -0.944967 0.000000 0.389538 0.136756 0 255 0
-7.492041 5.739471 -0.484106 0.327166 -0.944967 0.000000 0.384976 0.136746 0 255 0
-7.492041 5.739471 0.525695 0.327166 -0.944967 0.000000 0.384976 0.110285 0 255 0
-7.823218 5.624811 0.525695 0.000000 -0.000001 1.000000 0.393653 0.094335 0 255 0
-7.492041 5.739471 0.525695 0.000000 -0.000001 1.000000 0.395147 0.085708 0 255 0
-7.793011 6.633561 0.525696 0.000000 -0.000001 1.000000 0.406792 0.093548 0 255 0
-8.435298 6.059502 0.525695 -0.000001 -0.000001 1.000000 0.399314 0.110292 0 255 0
-7.823218 5.624811 0.525695 -0.000001 -0.000001 1.000000 0.393653 0.094335 0 255 0
-7.793011 6.633561 0.525696 -0.000001 -0.000001 1.000000 0.406792 0.093548 0 255 0
-8.435298 6.059502 0.525695 -0.000007 0.000006 1.000000 0.399314 0.110292 0 255 0
-7.793011 6.633561 0.525696 -0.000007 0.000006 1.000000 0.406792 0.093548 0 255 0
-7.169187 7.341253 0.525696 -0.000007 0.000006 1.000000 0.416009 0.077298 0 255 0
-8.435298 8.313080 0.525695 -0.000001 0.000000 1.000000 0.428667 0.110279 0 255 0
-8.435298 6.059502 0.525695 -0.000001 0.000000 1.000000 0.399314 0.110292 0 255 0
-7.169187 7.341253 0.525696 -0.000001 0.000000 1.000000 0.416009 0.077298 0 255 0
-8.435298 8.313080 0.525695 0.000002 0.000003 1.000000 0.428667 0.110279 0 255 0
-7.169187 7.341253 0.525696 0.000002 0.000003 1.000000 0.416009 0.077298 0 255 0
-6.244398 7.154853 0.525695 0.000002 0.000003 1.000000 0.413581 0.053208 0 255 0
-5.419447 8.313080 0.525695 0.000000 -0.000000 1.000000 0.428667 0.031719 0 255 0
-8.435298 8.313080 0.525695 0.000000 -0.000000 1.000000 0.428667 0.110279 0 255 0
-6.244398 7.154853 0.525695 0.000000 -0.000000 1.000000 0.413581 0.053208 0 255 0
-5.419447 6.448743 0.525695 -0.000000 0.000000 1.000000 0.404385 0.031719 0 255 0
-5.945961 6.268271 0.525695 0.000000 0.000000 1.000000 0.402034 0.045434 0 255 0
-7.793011 6.633561 -0.484106 0.000000 0.000000 -1.000000 0.406791 0.153471 0 255 0
-7.492041 5.739471 -0.484106 0.000000 0.000000 -1.000000 0.395146 0.161311 0 255 0
-7.823218 5.624811 -0.484106 0.000000 0.000000 -1.000000 0.393652 0.152684 0 255 0
-8.435298 6.059502 -0.484106 0.000000 0.000000 -1.000000 0.399314 0.136753 0 255 0
-7.169187 7.341253 -0.484106 0.000000 0.000000 -1.000000 0.416008 0.169721 0 255 0
-8.435298 8.313080 -0.484106 0.000000 0.000000 -1.000000 0.428667 0.136740 0 255 0
-6.244398 7.154853 -0.484106 0.000000 0.000000 -1.000000 0.413581 0.193811 0 255 0
-5.419447 8.313080 -0.484106 -0.000000 -0.000000 -1.000000 0.428667 0.215301 0 255 0
-5.419447 6.448743 -0.484106 -0.000000 0.000000 -1.000000 0.404384 0.215301 0 255 0
-5.945961 6.268271 -0.484106 -0.000000 -0.000000 -1.000000 0.402033 0.201585 0 255 0
-8.435298 8.313080 -0.484106 -1.000000 0.000000 0.000000 0.428667 0.136740 0 255 0
-8.435298 6.059502 -0.484106 -1.000000 0.000000 0.000000 0.399314 0.136753 0 255 0
-8.435298 6.059502 0.525695 -1.000000 0.000000 0.000000 0.399314 0.110292 0 255 0
-8.435298 8.313080 0.525695 -1.000000 0.000000 0.000000 0.428667 0.110279 0 255 0
-8.435298 6.059502 0.525695 -0.579023 -0.815311 0.000000 0.399314 0.110292 0 255 0
-8.435298 6.059502 -0.484106 -0.579023 -0.815311 0.000000 0.399314 0.136753 0 255 0
-7.823218 5.624811 0.525695 -0.579023 -0.815311 0.000000 0.389538 0.110295 0 255 0
-7.823218 5.624811 -0.484106 -0.579023 -0.815311 -0.000000 0.389538 0.136756 0 255 0
5.461026 7.206454 -1.255415 1.000000 0.000000 0.000000 0.331779 0.072854 0 255 0
5.461026 8.313082 -2.757308 1.000000 0.000000 0.000000 0.331779 0.024071 0 255 0
5.461026 8.313080 -1.255415 1.000000 0.000000 0.000000 0.343421 0.055832 0 255 0
-4.327484 7.206454 -1.255415 -0.065064 -0.941660 0.330218 0.183680 0.337882 0 255 0
0.000000 7.629560 0.803780 -0.065064 -0.941660 0.330218 0.132433 0.287746 0 255 0
-4.327484 8.313080 1.900268 -0.065064 -0.941660 0.330218 0.183680 0.260369 0 255 0
4.369062 7.206454 -1.255415 0.000000 -0.979536 0.201267 0.083484 0.337716 0 255 0
0.000000 7.629560 0.803780 0.000000 -0.979536 0.201267 0.132433 0.287746 0 255 0
1.005525 7.206454 -1.255415 0.000000 -0.979536 0.201267 0.122237 0.337882 0 255 0
-4.327484 8.313080 1.900268 0.000452 -0.847816 0.530290 0.183680 0.260369 0 255 0
0.000000 7.629560 0.803780 0.000452 -0.847816 0.530290 0.132433 0.287746 0 255 0
4.369062 8.313080 1.892848 0.000452 -0.847816 0.530290 0.083484 0.260547 0 255 0
-4.327484 9.231581 5.383206 1.000000 0.000000 0.000000 0.497279 0.265607 0 255 0
-4.327484 9.453363 5.089397 1.000000 0.000000 0.000000 0.500972 0.257742 0 255 0
-4.327484 10.749454 6.609150 1.000000 0.000000 0.000000 0.512735 0.298588 0 255 0
-4.327484 10.592504 7.091713 1.000000 0.000000 0.000000 0.509288 0.311520 0 255 0
-4.327484 7.698395 3.558107 1.000000 0.000000 0.000000 0.483448 0.216555 0 255 0
-4.327484 6.803413 3.673976 1.000000 -0.000000 0.000000 0.471790 0.219603 0 255 0
-4.327484 6.448744 2.197572 1.000000 -0.000000 0.000000 0.471789 0.179982 0 255 0
-4.327484 8.313080 1.900268 1.000000 -0.000000 0.000000 0.496071 0.173078 0 255 0
-4.327484 7.206454 -1.255415 1.000000 0.000000 0.000000 0.481657 0.090387 0 255 0
-4.327484 6.448743 -1.978145 1.000000 -0.000000 0.000000 0.471789 0.071447 0 255 0
-4.327484 7.206454 -2.294678 1.000000 -0.000000 0.000000 0.481657 0.063154 0 255 0
-4.327484 7.206454 -8.372865 -1.000000 -0.000000 -0.000000 0.183681 0.508999 0 255 0
-4.327484 7.206454 -2.294678 -1.000000 -0.000000 -0.000000 0.183681 0.362727 0 255 0
-4.327484 8.313082 -2.757308 -1.000000 -0.000000 -0.000000 0.196431 0.373730 0 255 0
-4.327484 9.817866 -7.382826 -1.000000 -0.000000 0.000000 0.213768 0.485151 0 255 0
-4.327484 9.864860 -8.372865 -1.000000 0.000000 -0.000000 0.214309 0.509000 0 255 0
4.369062 8.313082 -2.757308 1.000000 -0.000000 0.000000 0.070734 0.373729 0 255 0
4.369062 7.206454 -1.255415 1.000000 -0.000000 0.000000 0.083484 0.337716 0 255 0
4.369062 7.206454 -8.372865 1.000000 -0.000000 0.000000 0.083484 0.508999 0 255 0
4.369062 9.817866 -7.382826 1.000000 -0.000000 0.000000 0.053397 0.485151 0 255 0
4.369062 9.864860 -8.372865 1.000000 -0.000000 0.000000 0.052856 0.508999 0 255 0
1.240510 9.590540 -8.893727 0.979880 0.000000 -0.199587 0.982327 0.973603 0 255 0
1.364707 9.444329 -8.283978 0.979880 0.000000 -0.199587 0.977640 0.962594 0 255 0
1.364707 7.626985 -8.283978 0.979880 0.000000 -0.199587 0.977640 0.898399 0 255 0
1.240510 7.480772 -8.893727 0.979880 0.000000 -0.199587 0.982327 0.887389 0 255 0
1.240510 7.480772 -8.893727 0.000000 0.972433 -0.233182 0.982327 0.887389 0 255 0
1.364707 7.626985 -8.283978 0.000000 0.972433 -0.233182 0.977640 0.898399 0 255 0
3.923751 7.626985 -8.283978 0.000000 0.972433 -0.233182 0.929893 0.898399 0 255 0
4.052685 7.480772 -8.893727 0.000000 0.972433 -0.233182 0.925024 0.887389 0 255 0
4.052685 9.590540 -8.893727 -0.978366 0.000000 -0.206879 0.925024 0.973603 0 255 0
4.052685 7.480772 -8.893727 -0.978366 0.000000 -0.206879 0.925024 0.887389 0 255 0
3.923751 9.444329 -8.283978 -0.978366 0.000000 -0.206879 0.929893 0.962594 0 255 0
3.923751 7.626985 -8.283978 -0.978366 -0.000000 -0.206879 0.929893 0.898399 0 255 0
4.052685 9.590540 -8.893727 0.000000 -0.972434 -0.233178 0.925024 0.973603 0 255 0
3.923751 9.444329 -8.283978 0.000000 -0.972434 -0.233178 0.929893 0.962594 0 255 0
1.364707 9.444329 -8.283978 0.000000 -0.972434 -0.233178 0.977640 0.962594 0 255 0
1.240510 9.590540 -8.893727 -0.000000 -0.972434 -0.233178 0.982327 0.973603 0 255 0
1.005525 7.206454 -8.372865 -0.911530 -0.000000 -0.411233 0.987153 0.875180 0 255 0
1.005525 9.864860 -8.372865 -0.911530 -0.000000 -0.411233 0.987153 0.985813 0 255 0
1.240510 7.480772 -8.893727 -0.911530 -0.000000 -0.411233 0.982327 0.887389 0 255 0
1.240510 9.590540 -8.893727 -0.911530 0.000000 -0.411233 0.982327 0.973603 0 255 0
1.005525 7.206454 -8.372865 -0.000000 -0.884792 -0.465986 0.987153 0.875180 0 255 0
1.240510 7.480772 -8.893727 -0.000000 -0.884792 -0.465986 0.982327 0.887389 0 255 0
4.052685 7.480772 -8.893727 -0.000000 -0.884792 -0.465986 0.925024 0.887389 0 255 0
4.369062 7.206454 -8.372865 0.000000 -0.884792 -0.465986 0.919037 0.875180 0 255 0
4.369062 7.206454 -8.372865 0.854686 0.000000 -0.519145 0.919037 0.875180 0 255 0
4.052685 7.480772 -8.893727 0.854686 0.000000 -0.519145 0.925024 0.887389 0 255 0
4.052685 9.590540 -8.893727 0.854686 0.000000 -0.519145 0.925024 0.973603 0 255 0
4.369062 9.864860 -8.372865 0.854686 0.000000 -0.519145 0.919037 0.985813 0 255 0
4.052685 9.590540 -8.893727 0.000000 0.884791 -0.465988 0.925024 0.973603 0 255 0
1.240510 9.590540 -8.893727 0.000000 0.884791 -0.465988 0.982327 0.973603 0 255 0
1.005525 9.864860 -8.372865 0.000000 0.884791 -0.465988 0.987153 0.985813 0 255 0
4.369062 9.864860 -8.372865 0.000000 0.884791 -0.465988 0.919037 0.985813 0 255 0
0.000000 7.347489 -7.229461 -0.138901 -0.990306 -0.000000 0.132697 0.481300 0 255 0
1.005525 7.206454 -8.372865 -0.138901 -0.990306 -0.000000 0.122237 0.508999 0 255 0
1.005525 7.206454 -7.186624 -0.138901 -0.990306 -0.000000 0.122237 0.480480 0 255 0
4.369062 7.206454 -1.255415 0.000000 -1.000000 0.000000 0.083484 0.337716 0 255 0
1.005525 7.206454 -1.255415 0.000000 -1.000000 0.000000 0.122237 0.337882 0 255 0
1.005525 7.206454 -7.186624 0.000000 -1.000000 0.000000 0.122237 0.480480 0 255 0
4.369062 7.206454 -8.372865 0.000000 -1.000000 0.000000 0.083484 0.508999 0 255 0
1.005525 7.206454 -8.372865 -0.000000 -1.000000 -0.000000 0.122237 0.508999 0 255 0
-0.002642 9.817866 -7.382826 0.000000 0.998875 0.047413 0.995616 0.745888 0 255 0
4.369062 9.817866 -7.382826 0.000000 0.998875 0.047413 0.995616 0.833781 0 255 0
1.005525 9.864860 -8.372865 0.000000 0.998875 0.047413 0.982631 0.746164 0 255 0
4.369062 9.864860 -8.372865 -0.000000 0.998875 0.047413 0.982631 0.833781 0 255 0
4.369062 8.313080 1.892848 0.064796 -0.941433 0.330917 0.083484 0.260547 0 255 0
0.000000 7.629560 0.803780 0.064796 -0.941433 0.330917 0.132433 0.287746 0 255 0
4.369062 7.206454 -1.255415 0.064796 -0.941433 0.330917 0.083484 0.337716 0 255 0
-1.364705 7.626985 -8.283978 -0.979881 -0.000000 -0.199584 0.977640 0.898399 0 255 0
-1.364705 9.444329 -8.283978 -0.979881 -0.000000 -0.199584 0.977640 0.962594 0 255 0
-1.240510 9.590540 -8.893727 -0.979881 -0.000000 -0.199584 0.982327 0.973603 0 255 0
-1.240510 7.480772 -8.893727 -0.979881 0.000000 -0.199584 0.982327 0.887389 0 255 0
-4.052685 7.480772 -8.893727 0.000000 0.972433 -0.233182 0.925024 0.887389 0 255 0
-3.923751 7.626985 -8.283978 0.000000 0.972433 -0.233182 0.929893 0.898399 0 255 0
-1.240510 7.480772 -8.893727 0.000000 0.972433 -0.233182 0.982327 0.887389 0 255 0
-1.364705 7.626985 -8.283978 0.000000 0.972433 -0.233182 0.977640 0.898399 0 255 0
-4.052685 9.590540 -8.893727 0.978366 0.000000 -0.206879 0.925024 0.973603 0 255 0
-3.923751 9.444329 -8.283978 0.978366 0.000000 -0.206879 0.929893 0.962594 0 255 0
-4.052685 7.480772 -8.893727 0.978366 0.000000 -0.206879 0.925024 0.887389 0 255 0
-3.923751 7.626985 -8.283978 0.978366 0.000000 -0.206879 0.929893 0.898399 0 255 0
-1.364705 9.444329 -8.283978 0.000000 -0.972434 -0.233178 0.977640 0.962594 0 255 0
-3.923751 9.444329 -8.283978 0.000000 -0.972434 -0.233178 0.929893 0.962594 0 255 0
-4.052685 9.590540 -8.893727 0.000000 -0.972434 -0.233178 0.925024 0.973603 0 255 0
-1.240510 9.590540 -8.893727 -0.000000 -0.972434 -0.233178 0.982327 0.973603 0 255 0
-1.005525 7.206454 -8.372865 0.911530 0.000000 -0.411233 0.987153 0.875180 0 255 0
-1.240510 7.480772 -8.893727 0.911530 0.000000 -0.411233 0.982327 0.887389 0 255 0
-1.005525 9.864860 -8.372865 0.911530 0.000000 -0.411233 0.987153 0.985813 0 255 0
-1.240510 9.590540 -8.893727 0.911530 0.000000 -0.411233 0.982327 0.973603 0 255 0
-4.052685 7.480772 -8.893727 -0.000000 -0.884792 -0.465986 0.925024 0.887389 0 255 0
-1.240510 7.480772 -8.893727 -0.000000 -0.884792 -0.465986 0.982327 0.887389 0 255 0
-1.005525 7.206454 -8.372865 -0.000000 -0.884792 -0.465986 0.987153 0.875180 0 255 0
-4.327484 7.206454 -8.372865 0.000000 -0.884792 -0.465986 0.919037 0.875180 0 255 0
-4.052685 9.590540 -8.893727 -0.884455 0.000000 -0.466625 0.925024 0.973603 0 255 0
-4.052685 7.480772 -8.893727 -0.884455 0.000000 -0.466625 0.925024 0.887389 0 255 0
-4.327484 7.206454 -8.372865 -0.884455 0.000000 -0.466625 0.919037 0.875180 0 255 0
-4.327484 9.864860 -8.372865 -0.884455 -0.000000 -0.466625 0.919037 0.985813 0 255 0
-1.005525 9.864860 -8.372865 0.000000 0.884791 -0.465988 0.987153 0.985813 0 255 0
-1.240510 9.590540 -8.893727 0.000000 0.884791 -0.465988 0.982327 0.973603 0 255 0
-4.052685 9.590540 -8.893727 0.000000 0.884791 -0.465988 0.925024 0.973603 0 255 0
-4.327484 9.864860 -8.372865 0.000000 0.884791 -0.465988 0.919037 0.985813 0 255 0
-4.327484 7.206454 -8.372865 -0.000000 -1.000000 -0.000000 0.183681 0.508999 0 255 0
-1.005525 7.206454 -8.372865 -0.000000 -1.000000 -0.000000 0.145407 0.508999 0 255 0
-1.005525 7.206454 -7.186624 -0.000000 -1.000000 -0.000000 0.145407 0.480480 0 255 0
-4.327484 7.206454 -2.294678 -0.000000 -1.000000 0.000000 0.183681 0.362727 0 255 0
-4.327484 7.206454 -1.255415 0.000000 -1.000000 0.000000 0.183680 0.337882 0 255 0
-1.005525 7.206454 -1.255415 0.000000 -1.000000 0.000000 0.145407 0.337882 0 255 0
-0.002642 9.817866 -7.382826 0.000000 0.998875 0.047413 0.995616 0.693915 0 255 0
-1.005525 9.864860 -8.372865 0.000000 0.998875 0.047413 0.982631 0.693777 0 255 0
-4.327484 9.817866 -7.382826 0.000000 0.998875 0.047413 0.995616 0.607243 0 255 0
-4.327484 9.864860 -8.372865 -0.000000 0.998875 0.047413 0.982631 0.607243 0 255 0
-4.327484 7.206454 -1.255415 0.000000 -0.979536 0.201267 0.183680 0.337882 0 255 0
-1.005525 7.206454 -1.255415 0.000000 -0.979536 0.201267 0.145407 0.337882 0 255 0
-1.005525 7.206454 -1.255415 0.387845 -0.921725 0.000000 0.145407 0.337882 0 255 0
-1.005525 7.206454 -7.186624 0.387845 -0.921725 0.000000 0.145407 0.480480 0 255 0
0.000000 7.629560 -4.942657 0.387845 -0.921725 0.000000 0.132433 0.425902 0 255 0
0.000000 7.629560 0.803780 0.387845 -0.921725 0.000000 0.132433 0.287746 0 255 0
0.000000 7.347489 -7.229461 0.142938 -0.982287 0.121163 0.132169 0.481300 0 255 0
0.000000 7.629560 -4.942657 0.142938 -0.982287 0.121163 0.132433 0.425902 0 255 0
-1.005525 7.206454 -7.186624 0.142938 -0.982287 0.121163 0.145407 0.480480 0 255 0
-0.002642 9.817866 -7.382826 0.702535 0.000000 -0.711649 0.058744 0.601791 0 255 0
-1.005525 7.206454 -8.372865 0.702535 0.000000 -0.711649 0.087883 0.558037 0 255 0
-1.005525 9.864860 -8.372865 0.702535 0.000000 -0.711649 0.069412 0.616601 0 255 0
-0.002642 9.817866 -7.382826 -0.752820 -0.041587 -0.656911 0.032604 0.601839 0 255 0
1.005525 7.206454 -8.372865 -0.752820 -0.041587 -0.656911 0.003468 0.558141 0 255 0
0.000000 7.347489 -7.229461 -0.752820 -0.041587 -0.656911 0.017526 0.544164 0 255 0
-0.002642 9.817866 -7.382826 -0.700663 0.000000 -0.713492 0.032604 0.601839 0 255 0
1.005525 9.864860 -8.372865 -0.700663 0.000000 -0.713492 0.021906 0.616670 0 255 0
1.005525 7.206454 -8.372865 -0.700663 0.000000 -0.713492 0.003468 0.558141 0 255 0
6.910005 8.313080 -1.255415 0.000000 -1.000000 -0.000001 0.223751 0.312040 0 255 0
5.461026 8.313080 -1.255415 0.000000 -1.000000 -0.000001 0.204879 0.312040 0 255 0
5.461026 8.313082 -2.757308 0.000000 -1.000000 -0.000001 0.204879 0.273282 0 255 0
9.631965 8.313082 -2.757308 -0.000000 -1.000000 -0.000001 0.259204 0.273282 0 255 0
7.919501 8.313080 0.565777 0.000001 -1.000000 -0.000000 0.236900 0.359037 0 255 0
6.910005 8.313080 -1.255415 0.000001 -1.000000 -0.000000 0.223751 0.312040 0 255 0
9.631965 8.313082 -2.757308 0.000001 -1.000000 -0.000000 0.259204 0.273282 0 255 0
7.919501 8.313080 0.565777 0.000000 -1.000000 -0.000001 0.236900 0.359037 0 255 0
9.631965 8.313080 0.794966 0.000000 -1.000000 -0.000001 0.259204 0.364951 0 255 0
6.910005 8.313080 2.303964 -0.000000 -1.000000 0.000000 0.223751 0.403892 0 255 0
7.919501 8.313080 0.565777 -0.000000 -1.000000 0.000000 0.236900 0.359037 0 255 0
9.631965 8.313080 0.794966 -0.000000 -1.000000 0.000000 0.259204 0.364951 0 255 0
6.948926 8.313080 3.752337 -0.000000 -1.000000 -0.000000 0.224258 0.441268 0 255 0
6.435527 8.313080 3.752337 0.000000 -1.000000 -0.000000 0.217572 0.441268 0 255 0
5.461026 8.313080 2.309053 -0.000000 -1.000000 -0.000000 0.204879 0.404023 0 255 0
-11.452189 11.806473 -4.193156 -1.000000 0.000000 0.000000 0.415499 0.664560 0 255 0
-11.452189 9.742730 -2.684042 -1.000000 0.000000 0.000000 0.437879 0.707698 0 255 0
-11.452189 9.742730 0.721701 -1.000000 0.000000 0.000000 0.439069 0.805286 0 255 0
-11.452189 14.473036 0.775274 -1.000000 -0.000000 0.000000 0.385493 0.804337 0 255 0
12.748796 14.143392 1.646109 -0.997328 0.073058 0.000000 0.516664 0.137717 0 255 0
12.748796 14.143392 2.022359 -0.997328 0.073058 0.000000 0.517953 0.117901 0 255 0
13.310805 21.815430 1.834234 -0.997328 0.073058 0.000000 0.716142 0.174679 0 255 0
13.604816 13.837971 2.022359 0.999889 0.014907 -0.000000 0.508178 0.201831 0 255 0
13.604816 13.837971 1.646109 0.999889 0.014907 -0.000000 0.508178 0.182217 0 255 0
13.485881 21.815430 1.834234 0.999889 0.014907 -0.000000 0.716142 0.182644 0 255 0
13.485881 21.815430 1.834234 0.000000 0.023576 -0.999722 0.716142 0.182644 0 255 0
13.604816 13.837971 1.646109 0.000000 0.023576 -0.999722 0.508178 0.182217 0 255 0
13.310805 21.815430 1.834234 0.000000 0.023576 -0.999722 0.716142 0.174679 0 255 0
13.604816 13.837971 1.646109 0.008523 0.023889 -0.999678 0.508178 0.182217 0 255 0
12.748796 14.143392 1.646109 0.008523 0.023889 -0.999678 0.516664 0.137717 0 255 0
13.310805 21.815430 1.834234 0.008523 0.023889 -0.999678 0.716142 0.174679 0 255 0
13.485881 21.815430 1.834234 -0.000000 0.023576 0.999722 0.716142 0.182644 0 255 0
13.310805 21.815430 1.834234 -0.000000 0.023576 0.999722 0.716142 0.192076 0 255 0
13.604816 13.837971 2.022359 -0.000000 0.023576 0.999722 0.508178 0.201831 0 255 0
13.310805 21.815430 1.834234 0.008523 0.023889 0.999678 0.716142 0.192076 0 255 0
12.748796 14.143392 2.022359 0.008523 0.023889 0.999678 0.517498 0.245391 0 255 0
13.604816 13.837971 2.022359 0.008523 0.023889 0.999678 0.508178 0.201831 0 255 0
15.055037 13.157933 1.542723 0.999959 0.009019 0.000000 0.691106 0.090432 0 255 0
15.010934 18.047724 1.542723 0.999959 0.009019 0.000000 0.563844 0.090413 0 255 0
15.010934 18.047724 1.871806 0.999959 0.009019 0.000000 0.563844 0.073175 0 255 0
15.055037 13.157933 1.871806 0.999959 0.009019 -0.000000 0.691106 0.073194 0 255 0
11.452193 11.569093 0.882156 1.000000 -0.000000 0.000000 0.330209 0.645139 0 255 0
11.452193 11.569093 2.938506 1.000000 -0.000000 0.000000 0.329748 0.593782 0 255 0
11.452193 9.742730 0.794966 1.000000 -0.000000 0.000000 0.349286 0.648735 0 255 0
11.452193 9.742730 -2.757307 1.000000 0.000000 0.000000 0.348148 0.741790 0 255 0
11.452193 11.749108 -4.300038 1.000000 0.000000 -0.000000 0.326425 0.785912 0 255 0
11.452193 11.806473 -4.193156 1.000000 0.000000 0.000000 0.325755 0.782965 0 255 0
11.452193 14.473036 0.775274 1.000000 0.000000 0.000000 0.294587 0.645957 0 255 0
11.452193 14.530400 0.882156 1.000000 0.000000 -0.000000 0.293917 0.643010 0 255 0
13.987631 12.221824 1.510474 0.659354 -0.751833 0.000000 0.714856 0.092121 0 255 0
15.055037 13.157933 1.542723 0.659354 -0.751833 0.000000 0.691106 0.090432 0 255 0
15.055037 13.157933 1.871806 0.659354 -0.751833 0.000000 0.691106 0.073194 0 255 0
13.987631 12.221824 1.904054 0.659354 -0.751833 0.000000 0.714856 0.071495 0 255 0
13.987631 12.221824 1.904054 1.000000 -0.000000 0.000000 0.550626 0.876334 0 255 0
13.987631 13.584565 2.065040 1.000000 -0.000000 0.000000 0.548517 0.911844 0 255 0
13.987631 13.542998 2.065040 1.000000 -0.000000 0.000000 0.548517 0.910761 0 255 0
13.987631 11.610662 2.065040 1.000000 -0.000000 0.000000 0.548517 0.860414 0 255 0
13.987631 11.569093 2.065040 1.000000 -0.000000 0.000000 0.548517 0.859331 0 255 0
13.987631 12.221824 1.510474 1.000000 0.000000 0.000000 0.555782 0.876334 0 255 0
13.987631 11.569093 1.361686 1.000000 -0.000000 0.000000 0.557724 0.859323 0 255 0
13.987631 13.584568 1.361686 1.000000 -0.000000 0.000000 0.557724 0.911824 0 255 0
11.452193 14.530399 2.938389 0.335032 0.939013 0.077507 0.513593 0.936409 0 255 0
13.604816 13.837971 2.022359 0.335032 0.939013 0.077507 0.544197 0.919960 0 255 0
12.748796 14.143392 2.022359 0.335032 0.939013 0.077507 0.534804 0.934269 0 255 0
11.452193 14.530399 2.938389 0.446840 0.755682 0.478831 0.513593 0.936409 0 255 0
13.987631 13.584565 2.065040 0.446840 0.755682 0.478831 0.548517 0.911844 0 255 0
13.604816 13.837971 2.022359 0.446840 0.755682 0.478831 0.544197 0.919960 0 255 0
11.452193 14.530400 0.882156 0.334593 0.937781 -0.092813 0.529950 0.979127 0 255 0
12.748796 14.143392 1.646109 0.334593 0.937781 -0.092813 0.537799 0.942094 0 255 0
13.604816 13.837971 1.646109 0.334593 0.937781 -0.092813 0.547192 0.927784 0 255 0
11.452193 14.530400 0.882156 0.381184 0.883056 -0.273698 0.529950 0.979127 0 255 0
13.604816 13.837971 1.646109 0.381184 0.883056 -0.273698 0.547192 0.927784 0 255 0
13.987631 13.584568 1.361686 0.381184 0.883056 -0.273698 0.554115 0.926483 0 255 0
-2.197806 14.505136 7.966636 0.249266 0.968435 -0.000000 0.989380 0.097865 0 255 0
0.444127 13.825128 8.300628 0.249266 0.968435 -0.000000 0.982372 0.027704 0 255 0
0.444127 13.825128 7.966636 0.249266 0.968435 -0.000000 0.986457 0.027383 0 255 0
-3.197957 13.296731 10.340247 0.156157 0.852072 0.499588 0.954856 0.122165 0 255 0
0.444127 13.825128 8.300628 0.156157 0.852072 0.499588 0.982372 0.027704 0 255 0
-2.197806 14.505136 7.966636 0.156157 0.852072 0.499588 0.989380 0.097865 0 255 0
-7.881843 12.744773 7.966636 -0.000000 -1.000000 0.000000 0.916856 0.246851 0 255 0
-7.349131 12.744773 7.966636 -0.000000 -1.000000 0.000000 0.916821 0.232974 0 255 0
-6.573572 12.744773 9.947309 -0.000000 -1.000000 0.000000 0.942722 0.212517 0 255 0
-6.813979 12.744773 10.340247 -0.000000 -1.000000 0.000000 0.947871 0.219035 0 255 0
-4.203576 12.744773 9.947309 0.000000 -1.000000 0.000000 0.940130 0.148828 0 255 0
-6.739398 12.744773 10.340247 0.000000 -1.000000 0.000000 0.947867 0.217060 0 255 0
-3.272537 12.744773 10.340247 0.000000 -1.000000 0.000000 0.947679 0.125247 0 255 0
-3.197957 12.744773 10.340247 0.000000 -1.000000 0.000000 0.947675 0.123272 0 255 0
-2.758544 12.744773 7.966636 0.000000 -1.000000 0.000000 0.916527 0.113395 0 255 0
0.444127 12.744773 8.258001 0.000000 -1.000000 0.000000 0.920139 0.029931 0 255 0
0.444127 12.744773 7.966636 0.000000 -1.000000 0.000000 0.916322 0.029968 0 255 0
-6.366589 12.340094 9.947309 0.000000 0.000000 1.000000 0.805419 0.968185 0 255 0
-4.329532 12.338912 9.947309 0.000000 0.000000 1.000000 0.831951 0.967630 0 255 0
-4.203576 12.744773 9.947309 0.000000 0.000000 1.000000 0.833591 0.978726 0 255 0
-6.573572 12.744773 9.947309 0.000000 -0.000000 1.000000 0.802723 0.978726 0 255 0
0.444127 10.749345 6.609021 -1.000000 0.000000 0.000000 0.727833 0.136549 0 255 0
0.444127 9.798585 5.494192 -1.000000 0.000000 0.000000 0.713445 0.111277 0 255 0
0.444127 9.798585 8.215366 -1.000000 0.000000 0.000000 0.749091 0.112532 0 255 0
0.792882 13.825128 8.654524 0.000000 1.000000 -0.000000 0.753739 0.217390 0 255 0
1.900445 13.825128 8.654524 0.000000 1.000000 -0.000000 0.768005 0.217390 0 255 0
1.900445 13.825128 7.966636 0.000000 1.000000 -0.000000 0.767952 0.235375 0 255 0
0.444127 13.825128 8.300628 0.000000 1.000000 0.000000 0.749403 0.226623 0 255 0
0.444127 13.825128 7.966636 0.000000 1.000000 0.000000 0.749403 0.235375 0 255 0
6.435527 9.798585 6.375610 0.604547 -0.796569 0.000000 0.827139 0.055334 0 255 0
6.435527 9.798585 8.215366 0.604547 -0.796569 0.000000 0.827139 0.103542 0 255 0
5.980653 9.453363 8.215366 0.604547 -0.796569 0.000000 0.821208 0.103546 0 255 0
5.980653 9.453363 6.064221 0.604547 -0.796569 0.000000 0.821214 0.047174 0 255 0
1.900445 13.825128 7.966636 0.598469 0.801146 0.000000 0.767952 0.235375 0 255 0
1.900445 13.825128 8.654524 0.598469 0.801146 0.000000 0.768005 0.217390 0 255 0
2.500529 13.376855 8.654524 0.598469 0.801146 0.000000 0.776006 0.205791 0 255 0
2.500529 13.376855 7.966636 0.598469 0.801146 -0.000000 0.776138 0.223853 0 255 0
0.899001 9.453363 8.215366 -0.604547 -0.796569 0.000000 0.755021 0.103546 0 255 0
0.444127 9.798585 8.215366 -0.604547 -0.796569 0.000000 0.749103 0.103542 0 255 0
0.444127 9.798585 5.494192 -0.604547 -0.796569 0.000000 0.749103 0.032237 0 255 0
0.899001 9.453363 5.089397 -0.604547 -0.796569 -0.000000 0.755028 0.021630 0 255 0
0.899001 9.453363 5.089397 -0.000000 -1.000000 -0.000000 0.755028 0.021630 0 255 0
4.369062 9.453363 5.089397 -0.000000 -1.000000 -0.000000 0.800224 0.021630 0 255 0
4.369062 9.453363 6.064221 -0.000000 -1.000000 -0.000000 0.800224 0.047174 0 255 0
5.980653 9.453363 8.215366 0.000000 -0.846519 0.532359 0.821208 0.103546 0 255 0
5.684854 9.729541 8.654524 0.000000 -0.846519 0.532359 0.817349 0.110744 0 255 0
1.194800 9.729541 8.654524 0.000000 -0.846519 0.532359 0.758868 0.110744 0 255 0
0.899001 9.453363 8.215366 0.000000 -0.846519 0.532359 0.755021 0.103546 0 255 0
6.435527 13.376855 8.215366 0.783099 -0.000000 0.621897 0.827140 0.205739 0 255 0
6.086771 13.376855 8.654524 0.783099 -0.000000 0.621897 0.822584 0.205754 0 255 0
6.086771 10.074762 8.654524 0.783099 -0.000000 0.621897 0.822584 0.119737 0 255 0
6.435527 9.798585 8.215366 0.783099 0.000000 0.621897 0.827140 0.112528 0 255 0
-5.480152 19.367504 -7.127105 0.000000 1.000000 0.000001 0.638333 0.703809 0 255 0
-4.949755 19.367500 -3.050708 0.000000 1.000000 0.000001 0.645263 0.597084 0 255 0
5.003376 19.367500 -3.050708 0.000000 1.000000 0.000001 0.775009 0.597263 0 255 0
5.533775 19.367504 -7.127105 -0.000000 1.000000 0.000001 0.781785 0.703809 0 255 0
-6.813979 13.285347 10.340247 -0.911959 0.000000 0.410281 0.954641 0.216059 0 255 0
-7.881843 14.468827 7.966636 -0.911959 0.000000 0.410281 0.989037 0.245186 0 255 0
-7.881843 12.781080 7.966636 -0.911959 0.000000 0.410281 0.972917 0.275129 0 255 0
-6.813979 12.756157 10.340247 -0.911959 0.000000 0.410281 0.948014 0.218972 0 255 0
-2.315039 14.505136 7.966636 -0.000000 0.891160 0.453689 0.989380 0.100890 0 255 0
-7.764610 14.505136 7.966636 -0.000000 0.891160 0.453689 0.989384 0.241517 0 255 0
-6.739398 13.296731 10.340247 -0.000000 0.891160 0.453689 0.954785 0.214061 0 255 0
-3.272537 13.296731 10.340247 0.000000 0.891160 0.453689 0.954854 0.124100 0 255 0
-6.739398 12.756157 10.340247 0.000000 0.000000 1.000000 0.948010 0.216998 0 255 0
-3.272537 12.756157 10.340247 0.000000 0.000000 1.000000 0.947827 0.125223 0 255 0
-3.272537 13.285347 10.340247 0.000000 0.000000 1.000000 0.954706 0.124124 0 255 0
-6.739398 13.285347 10.340247 0.000000 0.000000 1.000000 0.954643 0.214123 0 255 0
4.592528 13.376855 8.654524 -0.872910 0.000000 0.487882 0.855657 0.163402 0 255 0
4.948241 13.376855 9.290960 -0.872910 0.000000 0.487882 0.865242 0.163447 0 255 0
4.948241 14.059529 9.290960 -0.872910 0.000000 0.487882 0.865210 0.181162 0 255 0
4.208054 13.376855 7.966636 -0.872908 -0.000004 0.487885 0.845347 0.163402 0 255 0
4.592528 13.376855 8.654524 -0.872908 -0.000004 0.487885 0.855657 0.163402 0 255 0
4.948241 14.059529 9.290960 -0.872908 -0.000004 0.487885 0.865210 0.181162 0 255 0
4.208054 14.059530 7.966636 -0.872909 0.000000 0.487884 0.845347 0.181185 0 255 0
4.208054 13.376855 7.966636 -0.872909 0.000000 0.487884 0.845347 0.163402 0 255 0
4.948241 14.059529 9.290960 -0.872909 0.000000 0.487884 0.865210 0.181162 0 255 0
7.842279 14.059530 7.966636 0.000000 1.000000 0.000001 0.902849 0.215796 0 255 0
7.139104 14.059529 9.290960 0.000000 1.000000 0.000001 0.893772 0.181162 0 255 0
7.195280 14.059529 9.290960 0.000000 1.000000 0.000001 0.894504 0.181162 0 255 0
7.935464 14.059530 7.966636 -0.000000 1.000000 0.000001 0.904063 0.215796 0 255 0
7.935464 14.059530 7.966636 0.872910 -0.000000 0.487882 0.914367 0.181185 0 255 0
7.195280 14.059529 9.290960 0.872910 -0.000000 0.487882 0.894504 0.181162 0 255 0
7.195280 13.376855 9.290960 0.872910 -0.000000 0.487882 0.894522 0.163447 0 255 0
7.935464 13.376855 7.966636 0.872910 0.000000 0.487882 0.914367 0.163402 0 255 0
7.139104 13.376855 9.290960 -0.000000 0.000000 1.000000 0.893790 0.163447 0 255 0
7.139104 14.059529 9.290960 -0.000000 0.000000 1.000000 0.893772 0.181162 0 255 0
4.948241 14.059529 9.290960 -0.000000 0.000000 1.000000 0.865210 0.181162 0 255 0
4.948241 13.376855 9.290960 0.000000 -0.000000 1.000000 0.865242 0.163447 0 255 0
-9.578343 8.313080 0.721701 -0.606569 -0.795031 0.000000 0.468471 0.805197 0 255 0
-11.452189 9.742730 0.721701 -0.606569 -0.795031 0.000000 0.439069 0.805286 0 255 0
-11.452189 9.742730 -2.684042 -0.606569 -0.795031 0.000000 0.437879 0.707698 0 255 0
-9.578343 8.313080 -2.684042 -0.606569 -0.795031 -0.000000 0.467322 0.706210 0 255 0
-6.368497 10.592689 7.091880 0.124029 -0.849572 -0.512684 0.233936 0.481669 0 255 0
-7.283716 10.749999 6.609789 0.124029 -0.849572 -0.512684 0.222035 0.468394 0 255 0
-6.368497 11.569093 5.473874 0.124029 -0.849572 -0.512684 0.234202 0.433841 0 255 0
-4.798083 11.337853 -12.055077 -0.000000 -0.000000 -1.000000 0.647797 0.979952 0 255 0
-7.727013 14.857554 -12.055077 -0.000000 -0.000000 -1.000000 0.610001 0.888087 0 255 0
7.780632 14.857554 -12.055077 -0.000000 -0.000000 -1.000000 0.810116 0.888087 0 255 0
4.851701 11.337853 -12.055077 0.000000 0.000000 -1.000000 0.772320 0.979952 0 255 0
-5.419447 8.313082 -2.757308 0.000000 -1.000000 -0.000001 0.063165 0.273282 0 255 0
-5.419447 8.313080 -0.484106 0.000000 -1.000000 -0.000001 0.063165 0.331944 0 255 0
-8.435298 8.313080 -0.484106 0.000000 -1.000000 -0.000001 0.023885 0.331944 0 255 0
-9.578343 8.313082 -2.757308 -0.000000 -1.000000 -0.000001 0.008997 0.273282 0 255 0
-9.578343 8.313082 -2.757308 -0.000002 -1.000000 -0.000000 0.008997 0.273282 0 255 0
-8.435298 8.313080 -0.484106 -0.000002 -1.000000 -0.000000 0.023885 0.331944 0 255 0
-8.435298 8.313080 0.525695 -0.000002 -1.000000 -0.000000 0.023885 0.358002 0 255 0
-9.578343 8.313080 -2.684042 0.000073 -1.000000 -0.000026 0.008997 0.275173 0 255 0
-9.578343 8.313082 -2.757308 0.000073 -1.000000 -0.000026 0.008997 0.273282 0 255 0
-8.435298 8.313080 0.525695 0.000073 -1.000000 -0.000026 0.023885 0.358002 0 255 0
-9.578343 8.313080 0.721701 -0.000000 -1.000000 0.000000 0.008997 0.363060 0 255 0
-9.578343 8.313080 -2.684042 -0.000000 -1.000000 0.000000 0.008997 0.275173 0 255 0
-8.435298 8.313080 0.525695 -0.000000 -1.000000 0.000000 0.023885 0.358002 0 255 0
-9.578343 8.313080 0.794966 0.000000 -1.000000 0.000000 0.008997 0.364951 0 255 0
-6.895305 8.313080 3.752337 0.000000 -1.000000 0.000000 0.043943 0.441268 0 255 0
-6.368497 8.313080 3.752337 0.000000 -1.000000 0.000000 0.050804 0.441268 0 255 0
-5.419447 8.313080 2.197572 0.000000 -1.000000 0.000000 0.063165 0.401146 0 255 0
-5.419447 8.313080 0.525695 0.000000 -1.000000 0.000000 0.063165 0.358002 0 255 0
11.452193 9.742730 0.794966 0.617680 -0.786429 -0.000000 0.349286 0.648735 0 255 0
9.631965 8.313080 0.794966 0.617680 -0.786429 -0.000000 0.378217 0.649950 0 255 0
9.631965 8.313082 -2.757308 0.617680 -0.786429 -0.000000 0.377224 0.743012 0 255 0
9.631965 8.313082 -2.757308 0.617680 -0.786430 0.000000 0.377224 0.743012 0 255 0
11.452193 9.742730 -2.757307 0.617680 -0.786430 0.000000 0.348148 0.741790 0 255 0
11.452193 9.742730 0.794966 0.617680 -0.786430 0.000000 0.349286 0.648735 0 255 0
-9.484032 8.375466 -2.949073 0.000000 -0.950944 -0.309363 0.010225 0.268051 0 255 0
-5.099983 11.275466 -11.863309 0.000000 -0.950944 -0.309363 0.067321 0.024834 0 255 0
-4.341471 8.375466 -2.949073 0.000000 -0.950944 -0.309363 0.077206 0.268051 0 255 0
-4.341471 8.375466 -2.949073 0.000004 -0.950944 -0.309364 0.077206 0.268051 0 255 0
-5.099983 11.275466 -11.863309 0.000004 -0.950944 -0.309364 0.067321 0.024834 0 255 0
-4.341471 9.849216 -7.479191 0.000004 -0.950944 -0.309364 0.077206 0.144482 0 255 0
5.145816 19.310921 -2.922507 -0.000005 0.914862 0.403766 0.776825 0.593598 0 255 0
9.516143 15.526503 5.652381 -0.000005 0.914862 0.403766 0.833296 0.348817 0 255 0
9.625659 15.531913 5.640124 -0.000005 0.914862 0.403766 0.834809 0.349181 0 255 0
9.625659 15.531913 5.640124 0.000004 0.914864 0.403761 0.834809 0.349181 0 255 0
5.282331 19.311083 -2.922876 0.000004 0.914864 0.403761 0.778639 0.593617 0 255 0
5.145816 19.310921 -2.922507 0.000004 0.914864 0.403761 0.776825 0.593598 0 255 0
9.516143 15.526503 5.652381 0.000000 0.914863 0.403763 0.833296 0.348817 0 255 0
7.869442 14.505136 7.966636 0.000000 0.914863 0.403763 0.812212 0.282140 0 255 0
7.935464 14.505136 7.966636 0.000000 0.914863 0.403763 0.813168 0.282141 0 255 0
7.935464 14.505136 7.966636 -0.000006 0.914865 0.403760 0.813168 0.282141 0 255 0
9.625659 15.531913 5.640124 -0.000006 0.914865 0.403760 0.834809 0.349181 0 255 0
9.516143 15.526503 5.652381 -0.000006 0.914865 0.403760 0.833296 0.348817 0 255 0
4.208054 13.376855 7.966636 -0.000000 1.000000 0.000000 0.797887 0.223853 0 255 0
2.500529 13.376855 7.966636 -0.000000 1.000000 0.000000 0.776138 0.223853 0 255 0
2.500529 13.376855 8.654524 -0.000000 1.000000 0.000000 0.776006 0.205791 0 255 0
4.592528 13.376855 8.654524 0.000000 1.000000 -0.000000 0.802953 0.205791 0 255 0
-7.247386 11.866257 10.733088 0.000000 -0.000000 1.000000 0.222718 0.599762 0 255 0
-7.247386 11.308599 10.733088 0.000000 -0.000000 1.000000 0.222739 0.586232 0 255 0
-3.451233 11.308599 10.733088 0.000000 -0.000000 1.000000 0.272195 0.586278 0 255 0
-3.451233 11.866257 10.733088 -0.000000 0.000000 1.000000 0.272201 0.599900 0 255 0
-7.247386 11.308599 10.733088 -0.809036 0.000000 0.587760 0.222739 0.586232 0 255 0
-7.247386 11.866257 10.733088 -0.809036 0.000000 0.587760 0.222718 0.599762 0 255 0
-8.121184 11.541525 9.530327 -0.809036 0.000000 0.587760 0.207448 0.598548 0 255 0
-8.121184 11.541525 9.530327 -0.809036 0.000000 0.587759 0.207448 0.598548 0 255 0
-8.121184 11.024741 9.530327 -0.809036 0.000000 0.587759 0.207486 0.585685 0 255 0
-7.247386 11.308599 10.733088 -0.809036 0.000000 0.587759 0.222739 0.586232 0 255 0
-8.121184 11.024741 9.530327 -1.000000 0.000000 0.000000 0.207486 0.585685 0 255 0
-8.121184 11.541525 9.530327 -1.000000 0.000000 0.000000 0.207448 0.598548 0 255 0
-8.121184 11.576568 9.052354 -1.000000 0.000000 0.000000 0.201188 0.599502 0 255 0
-8.121184 10.588106 9.011887 -1.000000 -0.000000 0.000000 0.200732 0.574905 0 255 0
-8.121184 10.588106 8.159342 -1.000000 0.000000 -0.000000 0.189571 0.575050 0 255 0
-8.121184 11.071623 7.789085 -1.000000 0.000000 -0.000000 0.184688 0.587148 0 255 0
-7.654548 10.244989 8.159342 -0.592393 -0.805649 -0.000000 0.189351 0.562925 0 255 0
-7.654548 10.244989 9.011887 -0.592393 -0.805649 -0.000000 0.200512 0.562781 0 255 0
-8.121184 10.588106 9.011887 -0.592393 -0.805649 -0.000000 0.200732 0.574905 0 255 0
-8.121184 10.588106 8.159342 -0.592393 -0.805649 0.000000 0.189571 0.575050 0 255 0
-6.712056 12.119231 10.733088 0.000000 0.962695 0.270589 0.229700 0.605790 0 255 0
-3.986561 12.119231 10.733088 0.000000 0.962695 0.270589 0.265198 0.605790 0 255 0
-6.366589 12.340094 9.947309 0.000000 0.962695 0.270589 0.234192 0.627034 0 255 0
-6.366589 12.340094 9.947309 0.000559 0.963134 0.269020 0.234192 0.627034 0 255 0
-3.986561 12.119231 10.733088 0.000559 0.963134 0.269020 0.265198 0.605790 0 255 0
-4.329532 12.338912 9.947309 0.000559 0.963134 0.269020 0.260724 0.627029 0 255 0
-3.688001 11.107569 10.733088 0.000000 -0.760875 0.648898 0.269087 0.581878 0 255 0
-7.010619 11.107569 10.733088 0.000000 -0.760875 0.648898 0.225811 0.581878 0 255 0
-7.010619 10.244989 9.721657 0.000000 -0.760875 0.648898 0.225808 0.550352 0 255 0
-3.688001 10.244989 9.721657 0.000000 -0.760875 0.648898 0.269065 0.550352 0 255 0
-3.451233 11.308599 10.733088 0.809036 0.000000 0.587759 0.272195 0.586278 0 255 0
-2.577436 11.024741 9.530327 0.809036 0.000000 0.587759 0.287755 0.584575 0 255 0
-2.577436 11.541525 9.530327 0.809036 0.000000 0.587759 0.287766 0.597607 0 255 0
-3.451233 11.866257 10.733088 0.809036 -0.000000 0.587759 0.272201 0.599900 0 255 0
-3.044073 10.244989 9.011887 0.000000 -1.000000 0.000000 0.277311 0.532502 0 255 0
-3.688001 10.244989 9.721657 0.000000 -1.000000 0.000000 0.269065 0.550352 0 255 0
-7.010619 10.244989 9.721657 0.000000 -1.000000 0.000000 0.225808 0.550352 0 255 0
-3.044073 10.244989 8.159342 0.000000 -1.000000 0.000000 0.277178 0.509660 0 255 0
-7.654548 10.244989 9.011887 0.000000 -1.000000 0.000000 0.217316 0.532502 0 255 0
-7.654548 10.244989 8.159342 -0.000000 -1.000000 -0.000000 0.217183 0.509660 0 255 0
-2.577436 11.576568 9.052354 1.000000 -0.000000 0.000000 0.294028 0.598530 0 255 0
-2.577436 11.541525 9.530327 1.000000 -0.000000 0.000000 0.287766 0.597607 0 255 0
-2.577436 11.024741 9.530327 1.000000 -0.000000 0.000000 0.287755 0.584575 0 255 0
-2.577436 10.588106 9.011887 1.000000 0.000000 -0.000000 0.294537 0.573608 0 255 0
-2.577436 10.588106 9.011887 0.592392 -0.805650 0.000000 0.294537 0.573608 0 255 0
-3.044073 10.244989 9.011887 0.592392 -0.805650 0.000000 0.294644 0.561908 0 255 0
-3.044073 10.244989 8.159342 0.592392 -0.805650 0.000000 0.305812 0.561978 0 255 0
-2.577436 10.588106 8.159342 0.592392 -0.805650 0.000000 0.305705 0.573678 0 255 0
-7.283716 10.749999 6.609789 -0.000179 -0.950768 -0.309904 0.222035 0.468394 0 255 0
-6.368497 10.592689 7.091880 -0.000179 -0.950768 -0.309904 0.233936 0.481669 0 255 0
-7.654548 10.244989 8.159342 -0.000179 -0.950768 -0.309904 0.217183 0.509660 0 255 0
-7.654548 10.244989 8.159342 0.000000 -0.950831 -0.309710 0.217183 0.509660 0 255 0
-6.368497 10.592689 7.091880 0.000000 -0.950831 -0.309710 0.233936 0.481669 0 255 0
-3.044073 10.244989 8.159342 0.000000 -0.950831 -0.309710 0.277178 0.509660 0 255 0
-6.368497 10.592689 7.091880 -0.000111 -0.950933 -0.309396 0.233936 0.481669 0 255 0
-4.327484 10.592504 7.091713 -0.000111 -0.950933 -0.309396 0.260495 0.481666 0 255 0
-3.044073 10.244989 8.159342 -0.000111 -0.950933 -0.309396 0.277178 0.509660 0 255 0
-3.806525 10.749345 6.609021 -0.000238 -0.950978 -0.309258 0.267282 0.468379 0 255 0
-3.044073 10.244989 8.159342 -0.000238 -0.950978 -0.309258 0.277178 0.509660 0 255 0
-4.327484 10.592504 7.091713 -0.000238 -0.950978 -0.309258 0.260495 0.481666 0 255 0
-4.327484 10.592504 7.091713 -0.000275 -0.950966 -0.309295 0.260495 0.481666 0 255 0
-4.327484 10.749454 6.609150 -0.000275 -0.950966 -0.309295 0.260503 0.468382 0 255 0
-3.806525 10.749345 6.609021 -0.000275 -0.950966 -0.309295 0.267282 0.468379 0 255 0
-11.452189 14.530400 0.882156 -0.381184 0.883056 -0.273698 0.529950 0.979127 0 255 0
-13.987631 13.584568 1.361686 -0.381184 0.883056 -0.273698 0.554115 0.926483 0 255 0
-13.604816 13.837971 1.646109 -0.381184 0.883056 -0.273698 0.547191 0.927784 0 255 0
-11.452189 14.530400 0.882156 -0.334594 0.937780 -0.092820 0.529950 0.979127 0 255 0
-13.604816 13.837971 1.646109 -0.334594 0.937780 -0.092820 0.547191 0.927784 0 255 0
-12.748802 14.143392 1.646109 -0.334594 0.937780 -0.092820 0.537799 0.942094 0 255 0
-11.452189 14.530399 2.938389 -0.446840 0.755681 0.478832 0.513593 0.936409 0 255 0
-13.604816 13.837971 2.022359 -0.446840 0.755681 0.478832 0.544197 0.919960 0 255 0
-13.987631 13.584565 2.065040 -0.446840 0.755681 0.478832 0.548517 0.911844 0 255 0
-11.452189 14.530399 2.938389 -0.335034 0.939012 0.077513 0.513593 0.936409 0 255 0
-12.748802 14.143392 2.022359 -0.335034 0.939012 0.077513 0.534804 0.934269 0 255 0
-13.604816 13.837971 2.022359 -0.335034 0.939012 0.077513 0.544197 0.919960 0 255 0
-13.987631 13.542998 2.065040 -1.000000 0.000000 0.000000 0.548517 0.910761 0 255 0
-13.987631 13.584565 2.065040 -1.000000 0.000000 0.000000 0.548517 0.911844 0 255 0
-13.987631 12.221824 1.904054 -1.000000 0.000000 0.000000 0.550626 0.876334 0 255 0
-13.987631 11.610662 2.065040 -1.000000 0.000000 0.000000 0.548517 0.860414 0 255 0
-13.987631 11.569093 2.065040 -1.000000 0.000000 0.000000 0.548517 0.859331 0 255 0
-13.987631 12.221824 1.510474 -1.000000 0.000000 0.000000 0.555782 0.876334 0 255 0
-13.987631 11.569093 1.361686 -1.000000 -0.000000 -0.000000 0.557744 0.859323 0 255 0
-13.987631 13.584568 1.361686 -1.000000 0.000000 -0.000000 0.557744 0.911824 0 255 0
-13.987631 12.221824 1.904054 -0.659353 -0.751833 0.000000 0.714856 0.071495 0 255 0
-15.055038 13.157933 1.871806 -0.659353 -0.751833 0.000000 0.691106 0.073194 0 255 0
-15.055038 13.157933 1.542723 -0.659353 -0.751833 0.000000 0.691106 0.090432 0 255 0
-13.987631 12.221824 1.510474 -0.659353 -0.751833 -0.000000 0.714856 0.092121 0 255 0
-12.748802 14.143392 1.646109 -0.286008 0.958227 0.000000 0.537799 0.942094 0 255 0
-12.748802 14.143392 2.022359 -0.286008 0.958227 0.000000 0.534804 0.934269 0 255 0
-11.452189 14.530400 0.882156 -0.286008 0.958227 0.000000 0.529950 0.979127 0 255 0
-11.452189 14.530399 2.938389 -0.286008 0.958227 0.000000 0.513593 0.936409 0 255 0
-15.010934 18.047724 1.871806 -0.999959 0.009019 0.000000 0.563844 0.073175 0 255 0
-15.010934 18.047724 1.542723 -0.999959 0.009019 0.000000 0.563844 0.090413 0 255 0
-15.055038 13.157933 1.542723 -0.999959 0.009019 0.000000 0.691106 0.090432 0 255 0
-15.055038 13.157933 1.871806 -0.999959 0.009019 0.000000 0.691106 0.073194 0 255 0
-13.485881 21.815430 1.834234 0.000000 0.023576 0.999722 0.716142 0.182644 0 255 0
-13.604816 13.837971 2.022359 0.000000 0.023576 0.999722 0.508178 0.201831 0 255 0
-13.310809 21.815430 1.834234 0.000000 0.023576 0.999722 0.716142 0.192076 0 255 0
-13.310809 21.815430 1.834234 -0.008523 0.023889 0.999678 0.716142 0.192076 0 255 0
-13.604816 13.837971 2.022359 -0.008523 0.023889 0.999678 0.508178 0.201831 0 255 0
-12.748802 14.143392 2.022359 -0.008523 0.023889 0.999678 0.517498 0.245391 0 255 0
-13.485881 21.815430 1.834234 0.000000 0.023576 -0.999722 0.716142 0.182644 0 255 0
-13.310809 21.815430 1.834234 0.000000 0.023576 -0.999722 0.716142 0.174679 0 255 0
-13.604816 13.837971 1.646109 0.000000 0.023576 -0.999722 0.508178 0.182217 0 255 0
-13.604816 13.837971 1.646109 -0.008523 0.023889 -0.999678 0.508178 0.182217 0 255 0
-13.310809 21.815430 1.834234 -0.008523 0.023889 -0.999678 0.716142 0.174679 0 255 0
-12.748802 14.143392 1.646109 -0.008523 0.023889 -0.999678 0.516664 0.137717 0 255 0
-13.604816 13.837971 2.022359 -0.999889 0.014907 0.000000 0.508178 0.201831 0 255 0
-13.485881 21.815430 1.834234 -0.999889 0.014907 0.000000 0.716142 0.182644 0 255 0
-13.604816 13.837971 1.646109 -0.999889 0.014907 0.000000 0.508178 0.182217 0 255 0
-12.748802 14.143392 1.646109 0.997328 0.073058 0.000000 0.516664 0.137717 0 255 0
-13.310809 21.815430 1.834234 0.997328 0.073058 0.000000 0.716142 0.174679 0 255 0
-12.748802 14.143392 2.022359 0.997328 0.073058 0.000000 0.517953 0.117901 0 255 0
2.863048 7.969573 3.573277 0.000000 -0.764168 0.645018 0.100835 0.220656 0 255 0
2.863048 8.952960 4.738319 0.000000 -0.764168 0.645018 0.100832 0.184008 0 255 0
-2.863049 8.952960 4.738319 0.000000 -0.764168 0.645018 0.166803 0.184022 0 255 0
-2.863049 7.969573 3.573277 0.000000 -0.764168 0.645018 0.166808 0.220656 0 255 0
-2.863049 9.099493 4.674461 0.000000 0.399505 0.916731 0.166808 0.180196 0 255 0
-2.863049 8.952960 4.738319 0.000000 0.399505 0.916731 0.166803 0.184022 0 255 0
2.863048 8.952960 4.738319 0.000000 0.399505 0.916731 0.100832 0.184008 0 255 0
2.863048 9.099493 4.674461 -0.000000 0.399505 0.916731 0.100829 0.180166 0 255 0
2.863048 8.952960 4.738319 -0.129989 -0.757684 0.639545 0.100832 0.184008 0 255 0
2.863048 7.969573 3.573277 -0.129989 -0.757684 0.639545 0.100835 0.220656 0 255 0
4.369062 7.698395 3.558107 -0.129989 -0.757684 0.639545 0.083484 0.223265 0 255 0
4.369062 7.698395 3.558107 -0.132594 -0.758923 0.637538 0.083484 0.223265 0 255 0
4.369062 9.231581 5.383206 -0.132594 -0.758923 0.637538 0.083495 0.167820 0 255 0
2.863048 8.952960 4.738319 -0.132594 -0.758923 0.637538 0.100832 0.184008 0 255 0
-4.327484 7.698395 3.558107 0.133615 -0.757316 0.639234 0.183680 0.223265 0 255 0
-2.863049 7.969573 3.573277 0.133615 -0.757316 0.639234 0.166808 0.220656 0 255 0
-2.863049 8.952960 4.738319 0.133615 -0.757316 0.639234 0.166803 0.184022 0 255 0
-2.863049 8.952960 4.738319 0.136290 -0.758539 0.637216 0.166803 0.184022 0 255 0
-4.327484 9.231581 5.383206 0.136290 -0.758539 0.637216 0.183686 0.167835 0 255 0
-4.327484 7.698395 3.558107 0.136290 -0.758539 0.637216 0.183680 0.223265 0 255 0
5.461026 8.313082 -2.757308 0.000000 -0.805064 -0.593189 0.331779 0.024071 0 255 0
5.461026 7.206454 -1.255415 0.000000 -0.805064 -0.593189 0.331779 0.072854 0 255 0
4.369062 7.206454 -1.255415 0.000000 -0.805064 -0.593189 0.317601 0.072842 0 255 0
4.369062 8.313082 -2.757308 -0.000000 -0.805064 -0.593189 0.317601 0.024059 0 255 0
4.369062 7.484538 4.288350 0.000000 -0.977343 0.211661 0.317601 0.218189 0 255 0
4.369062 7.206454 3.004299 0.000000 -0.977343 0.211661 0.317601 0.184323 0 255 0
5.461026 7.206454 3.004299 0.000000 -0.977343 0.211661 0.331779 0.184145 0 255 0
6.435527 7.484538 4.288350 0.000000 -0.977343 0.211661 0.344553 0.218251 0 255 0
5.461026 8.313080 2.309053 1.000000 -0.000000 0.000000 0.346133 0.165892 0 255 0
5.461026 7.206454 3.004299 1.000000 -0.000000 0.000000 0.331779 0.184145 0 255 0
5.461026 7.206454 2.303964 1.000000 -0.000000 0.000000 0.331779 0.165786 0 255 0
4.369062 7.206454 -1.255415 -0.000000 -1.000000 -0.000000 0.317601 0.072842 0 255 0
5.461026 7.206454 -1.255415 -0.000000 -1.000000 -0.000000 0.331779 0.072854 0 255 0
5.461026 7.206454 2.303964 -0.000000 -1.000000 -0.000000 0.331779 0.165786 0 255 0
4.369062 7.206454 3.004299 -0.000000 -1.000000 0.000000 0.317601 0.184323 0 255 0
5.461026 7.206454 3.004299 0.000000 -1.000000 0.000000 0.331779 0.184145 0 255 0
-6.368497 6.803413 3.673976 0.000000 -0.669782 0.742557 0.445201 0.219520 0 255 0
-4.327484 6.803413 3.673976 0.000000 -0.669782 0.742557 0.471790 0.219603 0 255 0
-4.327484 10.592504 7.091713 0.000000 -0.669782 0.742557 0.471790 0.352886 0 255 0
-6.368497 10.592689 7.091880 0.000000 -0.669782 0.742557 0.445206 0.352899 0 255 0
-5.419447 8.313082 -2.757308 -0.000000 -0.385706 -0.922622 0.457566 0.018765 0 255 0
-4.327484 8.313082 -2.757308 -0.000000 -0.385706 -0.922622 0.471789 0.018765 0 255 0
-4.327484 7.206454 -2.294678 -0.000000 -0.385706 -0.922622 0.471789 0.050037 0 255 0
-5.419447 6.448743 -1.978145 0.000116 -0.385608 -0.922663 0.457567 0.071446 0 255 0
-5.419447 8.313082 -2.757308 0.000116 -0.385608 -0.922663 0.457566 0.018765 0 255 0
-4.327484 7.206454 -2.294678 0.000116 -0.385608 -0.922663 0.471789 0.050037 0 255 0
-4.327484 6.448743 -1.978145 0.000000 -0.385466 -0.922722 0.471789 0.071447 0 255 0
-5.419447 6.448743 -1.978145 0.000000 -0.385466 -0.922722 0.457567 0.071446 0 255 0
-4.327484 7.206454 -2.294678 0.000000 -0.385466 -0.922722 0.471789 0.050037 0 255 0
-6.368497 11.569093 5.473874 -1.000000 0.000000 0.000000 0.420960 0.343245 0 255 0
-6.368497 11.569093 3.752337 -1.000000 0.000000 0.000000 0.404256 0.312933 0 255 0
-6.368497 8.313080 3.752337 -1.000000 0.000000 0.000000 0.429758 0.251565 0 255 0
-6.368497 10.592689 7.091880 -1.000000 0.000000 0.000000 0.445206 0.352899 0 255 0
-6.368497 6.803413 3.673976 -1.000000 -0.000000 0.000000 0.445201 0.219520 0 255 0
-5.419447 6.448744 2.197572 0.000000 -0.972338 0.233580 0.457545 0.180104 0 255 0
-4.327484 6.448744 2.197572 0.000000 -0.972338 0.233580 0.471789 0.179982 0 255 0
-4.327484 6.803413 3.673976 0.000000 -0.972338 0.233580 0.471790 0.219603 0 255 0
-6.368497 6.803413 3.673976 0.000000 -0.972338 0.233580 0.445201 0.219520 0 255 0
-5.419447 6.448743 -1.978145 -1.000000 -0.000000 -0.000000 0.457567 0.071446 0 255 0
-5.419447 6.448743 -0.484106 -1.000000 -0.000000 -0.000000 0.457561 0.110373 0 255 0
-5.419447 8.313080 -0.484106 -1.000000 -0.000000 -0.000000 0.433285 0.110373 0 255 0
-5.419447 8.313082 -2.757308 -1.000000 0.000000 0.000000 0.433285 0.051028 0 255 0
-4.327484 6.448744 2.197572 0.000000 -1.000000 0.000001 0.471789 0.179982 0 255 0
-5.419447 6.448744 2.197572 0.000000 -1.000000 0.000001 0.457545 0.180104 0 255 0
-5.419447 6.448743 0.525695 0.000000 -1.000000 0.000001 0.457561 0.136458 0 255 0
-4.327484 6.448744 2.197572 0.000001 -1.000000 0.000000 0.471789 0.179982 0 255 0
-5.419447 6.448743 0.525695 0.000001 -1.000000 0.000000 0.457561 0.136458 0 255 0
-5.419447 6.448743 -0.484106 0.000001 -1.000000 0.000000 0.457561 0.110373 0 255 0
-4.327484 6.448743 -1.978145 0.000000 -1.000000 0.000000 0.471789 0.071447 0 255 0
-4.327484 6.448744 2.197572 0.000000 -1.000000 0.000000 0.471789 0.179982 0 255 0
-5.419447 6.448743 -0.484106 0.000000 -1.000000 0.000000 0.457561 0.110373 0 255 0
-5.419447 6.448743 -1.978145 -0.000000 -1.000000 -0.000000 0.457567 0.071446 0 255 0
4.369062 8.313080 1.892848 -0.000171 -0.979710 -0.200422 0.083484 0.260547 0 255 0
2.863048 7.969573 3.573277 -0.000171 -0.979710 -0.200422 0.100835 0.220656 0 255 0
-4.327484 8.313080 1.900268 -0.000171 -0.979710 -0.200422 0.183680 0.260369 0 255 0
2.863048 7.969573 3.573277 0.000000 -0.979565 -0.201127 0.100835 0.220656 0 255 0
-2.863049 7.969573 3.573277 0.000000 -0.979565 -0.201127 0.166808 0.220656 0 255 0
-4.327484 8.313080 1.900268 0.000000 -0.979565 -0.201127 0.183680 0.260369 0 255 0
4.369062 7.698395 3.558107 -0.169904 -0.924489 -0.341250 0.083484 0.223265 0 255 0
2.863048 7.969573 3.573277 -0.169904 -0.924489 -0.341250 0.100835 0.220656 0 255 0
4.369062 8.313080 1.892848 -0.169904 -0.924489 -0.341250 0.083484 0.260547 0 255 0
-4.327484 7.698395 3.558107 0.174508 -0.923238 -0.342314 0.183680 0.223265 0 255 0
-4.327484 8.313080 1.900268 0.174508 -0.923238 -0.342314 0.183680 0.260369 0 255 0
-2.863049 7.969573 3.573277 0.174508 -0.923238 -0.342314 0.166808 0.220656 0 255 0
7.919501 8.313080 0.565777 0.874621 0.000000 -0.484807 0.379786 0.120400 0 255 0
7.919501 7.181295 0.565777 0.874621 0.000000 -0.484807 0.365208 0.120400 0 255 0
6.910005 7.181295 -1.255415 0.874621 0.000000 -0.484807 0.365208 0.065912 0 255 0
6.910005 8.313080 -1.255415 0.874621 0.000000 -0.484807 0.379786 0.065913 0 255 0
7.919501 8.313080 0.565777 0.864740 0.000000 0.502220 0.379786 0.120400 0 255 0
6.910005 8.313080 2.303964 0.864740 0.000000 0.502220 0.379786 0.172993 0 255 0
7.919501 7.181295 0.565777 0.864740 0.000000 0.502220 0.365208 0.120400 0 255 0
6.910005 7.181295 2.303964 0.864740 -0.000000 0.502220 0.365208 0.172993 0 255 0
6.910005 8.313080 -1.255415 0.000000 0.000000 -1.000000 0.379786 0.065913 0 255 0
6.910005 7.181295 -1.255415 0.000000 0.000000 -1.000000 0.365208 0.065912 0 255 0
5.461026 7.206454 -1.255415 0.000000 0.000000 -1.000000 0.365208 0.028166 0 255 0
5.461026 8.313080 -1.255415 -0.000000 -0.000000 -1.000000 0.379786 0.028169 0 255 0
-5.419447 6.448744 2.197572 -1.000000 0.000000 0.000000 0.457545 0.180104 0 255 0
-5.419447 8.313080 2.197572 -1.000000 0.000000 0.000000 0.433263 0.180104 0 255 0
-5.419447 8.313080 0.525695 -1.000000 0.000000 0.000000 0.433284 0.136458 0 255 0
-5.419447 6.448743 0.525695 -1.000000 0.000000 -0.000000 0.457561 0.136458 0 255 0
-6.244398 7.154853 0.525695 0.197586 0.980286 0.000000 0.970124 0.341942 0 255 0
-7.169187 7.341253 0.525696 0.197586 0.980286 0.000000 0.957837 0.341942 0 255 0
-6.244398 7.154853 1.746652 0.197586 0.980286 0.000000 0.970124 0.309948 0 255 0
-7.169187 7.341253 1.746652 0.197586 0.980286 0.000000 0.957837 0.309948 0 255 0
-7.169187 7.341253 -0.484106 -0.750158 0.661258 0.000000 0.957837 0.368403 0 255 0
-7.169187 7.341253 -1.688429 -0.750158 0.661258 0.000000 0.957837 0.399960 0 255 0
-7.793011 6.633561 -1.688429 -0.750158 0.661258 0.000000 0.945550 0.399960 0 255 0
-7.793011 6.633561 -0.484106 -0.750158 0.661258 0.000000 0.945550 0.368403 0 255 0
-7.793011 6.633561 -0.484106 -0.947744 -0.319031 0.000000 0.945550 0.368403 0 255 0
-7.793011 6.633561 -1.688429 -0.947744 -0.319031 0.000000 0.945550 0.399960 0 255 0
-7.492041 5.739471 -1.688429 -0.947744 -0.319031 0.000000 0.933263 0.399960 0 255 0
-7.492041 5.739471 -0.484106 -0.947744 -0.319031 -0.000000 0.933263 0.368403 0 255 0
-6.567252 5.553069 1.746652 -0.169145 -0.839170 0.516898 0.915561 0.402621 0 255 0
-6.646630 5.788878 2.103507 -0.169145 -0.839170 0.516898 0.921212 0.410078 0 255 0
-7.327518 5.926119 2.103507 -0.169145 -0.839170 0.516898 0.911990 0.417440 0 255 0
-7.327518 5.926119 2.103507 -0.169144 -0.839170 0.516898 0.911990 0.417440 0 255 0
-7.492041 5.739471 1.746652 -0.169144 -0.839170 0.516898 0.905961 0.410291 0 255 0
-6.567252 5.553069 1.746652 -0.169144 -0.839170 0.516898 0.915561 0.402621 0 255 0
-7.492041 5.739471 1.746652 -0.811321 -0.273100 0.516890 0.902739 0.417784 0 255 0
-7.327518 5.926119 2.103507 -0.811321 -0.273100 0.516890 0.911990 0.417440 0 255 0
-7.549104 6.584403 2.103507 -0.811321 -0.273100 0.516890 0.910820 0.432948 0 255 0
-7.549104 6.584403 2.103507 -0.811311 -0.273105 0.516902 0.910820 0.432948 0 255 0
-7.793011 6.633561 1.746652 -0.811311 -0.273105 0.516902 0.901576 0.430017 0 255 0
-7.492041 5.739471 1.746652 -0.811311 -0.273105 0.516902 0.902739 0.417784 0 255 0
-7.793011 6.633561 1.746652 -0.642172 0.566068 0.516897 0.902872 0.438970 0 255 0
-7.549104 6.584403 2.103507 -0.642172 0.566068 0.516897 0.910820 0.432948 0 255 0
-7.089812 7.105445 2.103507 -0.642172 0.566068 0.516897 0.917100 0.445473 0 255 0
-7.089812 7.105445 2.103507 -0.642173 0.566070 0.516894 0.917100 0.445473 0 255 0
-7.169187 7.341253 1.746652 -0.642173 0.566070 0.516894 0.909046 0.449593 0 255 0
-7.793011 6.633561 1.746652 -0.642173 0.566070 0.516894 0.902872 0.438970 0 255 0
-7.169187 7.341253 1.746652 0.169142 0.839171 0.516897 0.922048 0.453702 0 255 0
-7.089812 7.105445 2.103507 0.169142 0.839171 0.516897 0.917100 0.445473 0 255 0
-6.408923 6.968206 2.103507 0.169142 0.839171 0.516897 0.926357 0.438435 0 255 0
-6.408923 6.968206 2.103507 0.169143 0.839172 0.516896 0.926357 0.438435 0 255 0
-6.244398 7.154853 1.746652 0.169143 0.839172 0.516896 0.932127 0.446674 0 255 0
-7.169187 7.341253 1.746652 0.169143 0.839172 0.516896 0.922048 0.453702 0 255 0
-6.408923 6.968206 2.103507 0.811319 0.273105 0.516890 0.926357 0.438435 0 255 0
-6.187333 6.309922 2.103507 0.811319 0.273105 0.516890 0.927506 0.422505 0 255 0
-5.945961 6.268271 1.746652 0.811319 0.273105 0.516890 0.936745 0.425431 0 255 0
-5.945961 6.268271 1.746652 0.811318 0.273102 0.516893 0.936745 0.425431 0 255 0
-6.244398 7.154853 1.746652 0.811318 0.273102 0.516893 0.935591 0.437640 0 255 0
-6.408923 6.968206 2.103507 0.811318 0.273102 0.516893 0.926357 0.438435 0 255 0
-6.567252 5.553069 1.746652 0.646983 -0.562030 0.515301 0.929270 0.405822 0 255 0
-5.945961 6.268271 1.746652 0.646983 -0.562030 0.515301 0.935466 0.416504 0 255 0
-6.646630 5.788878 2.103507 0.646983 -0.562030 0.515301 0.921212 0.410078 0 255 0
-5.945961 6.268271 1.746652 0.647620 -0.570872 0.504672 0.935466 0.416504 0 255 0
-6.187333 6.309922 2.103507 0.647620 -0.570872 0.504672 0.927506 0.422505 0 255 0
-6.646630 5.788878 2.103507 0.647620 -0.570872 0.504672 0.921212 0.410078 0 255 0
-5.945961 6.268271 -1.688429 0.811320 0.273105 -0.516889 0.936809 0.425450 0 255 0
-6.187333 6.309922 -2.045285 0.811320 0.273105 -0.516889 0.927504 0.422506 0 255 0
-6.408923 6.968206 -2.045285 0.811320 0.273105 -0.516889 0.926358 0.438437 0 255 0
-6.408923 6.968206 -2.045285 0.811319 0.273102 -0.516892 0.926358 0.438437 0 255 0
-6.244398 7.154853 -1.688429 0.811319 0.273102 -0.516892 0.935655 0.437660 0 255 0
-5.945961 6.268271 -1.688429 0.811319 0.273102 -0.516892 0.936809 0.425450 0 255 0
-6.244398 7.154853 -1.688429 0.169142 0.839172 -0.516895 0.932117 0.446813 0 255 0
-6.408923 6.968206 -2.045285 0.169142 0.839172 -0.516895 0.926358 0.438437 0 255 0
-7.089812 7.105445 -2.045285 0.169142 0.839172 -0.516895 0.917096 0.445473 0 255 0
-7.089812 7.105445 -2.045285 0.169143 0.839172 -0.516896 0.917096 0.445473 0 255 0
-7.169187 7.341253 -1.688429 0.169143 0.839172 -0.516896 0.922031 0.453832 0 255 0
-6.244398 7.154853 -1.688429 0.169143 0.839172 -0.516896 0.932117 0.446813 0 255 0
-7.169187 7.341253 -1.688429 -0.642174 0.566069 -0.516893 0.909023 0.449639 0 255 0
-7.089812 7.105445 -2.045285 -0.642174 0.566069 -0.516893 0.917096 0.445473 0 255 0
-7.549104 6.584403 -2.045285 -0.642174 0.566069 -0.516893 0.910822 0.432947 0 255 0
-7.549104 6.584403 -2.045285 -0.642172 0.566069 -0.516895 0.910822 0.432947 0 255 0
-7.793011 6.633561 -1.688429 -0.642172 0.566069 -0.516895 0.902861 0.439008 0 255 0
-7.169187 7.341253 -1.688429 -0.642172 0.566069 -0.516895 0.909023 0.449639 0 255 0
-7.793011 6.633561 -1.688429 -0.811313 -0.273098 -0.516903 0.901686 0.430188 0 255 0
-7.549104 6.584403 -2.045285 -0.811313 -0.273098 -0.516903 0.910822 0.432947 0 255 0
-7.327518 5.926119 -2.045285 -0.811313 -0.273098 -0.516903 0.911991 0.417439 0 255 0
-7.327518 5.926119 -2.045285 -0.811318 -0.273107 -0.516890 0.911991 0.417439 0 255 0
-7.492041 5.739471 -1.688429 -0.811318 -0.273107 -0.516890 0.902854 0.417957 0 255 0
-7.793011 6.633561 -1.688429 -0.811318 -0.273107 -0.516890 0.901686 0.430188 0 255 0
-7.492041 5.739471 -1.688429 -0.169145 -0.839171 -0.516897 0.905948 0.410368 0 255 0
-7.327518 5.926119 -2.045285 -0.169145 -0.839171 -0.516897 0.911991 0.417439 0 255 0
-6.646630 5.788878 -2.045285 -0.169145 -0.839171 -0.516897 0.921215 0.410077 0 255 0
-6.567252 5.553069 -1.688429 -0.169145 -0.839171 -0.516897 0.915550 0.402702 0 255 0
-5.945961 6.268271 -1.688429 0.651005 -0.565523 -0.506336 0.935470 0.416452 0 255 0
-6.567252 5.553069 -1.688429 0.651005 -0.565523 -0.506336 0.929285 0.405763 0 255 0
-6.187333 6.309922 -2.045285 0.651005 -0.565523 -0.506336 0.927504 0.422506 0 255 0
-6.567252 5.553069 -1.688429 0.642171 -0.566069 -0.516898 0.929285 0.405763 0 255 0
-6.646630 5.788878 -2.045285 0.642171 -0.566069 -0.516898 0.921215 0.410077 0 255 0
-6.187333 6.309922 -2.045285 0.642171 -0.566069 -0.516898 0.927504 0.422506 0 255 0
-7.549104 6.584403 -2.045285 -0.000000 0.000000 -1.000000 0.910822 0.432947 0 255 0
-7.089812 7.105445 -2.045285 -0.000000 0.000000 -1.000000 0.917096 0.445473 0 255 0
-6.408923 6.968206 -2.045285 -0.000000 0.000000 -1.000000 0.926358 0.438437 0 255 0
-7.327518 5.926119 -2.045285 0.000000 -0.000000 -1.000000 0.911991 0.417439 0 255 0
-6.646630 5.788878 -2.045285 0.000000 -0.000000 -1.000000 0.921215 0.410077 0 255 0
-6.187333 6.309922 -2.045285 0.000000 -0.000000 -1.000000 0.927504 0.422506 0 255 0
-5.945961 6.268271 -1.688429 0.947746 0.319026 0.000000 0.982388 0.399960 0 255 0
-6.244398 7.154853 -1.688429 0.947746 0.319026 0.000000 0.970124 0.399960 0 255 0
-6.244398 7.154853 -0.484106 0.947746 0.319026 0.000000 0.970124 0.368403 0 255 0
-5.945961 6.268271 -0.484106 0.947746 0.319026 -0.000000 0.982388 0.368403 0 255 0
-6.567252 5.553069 -1.688429 0.754931 -0.655804 0.000000 0.920975 0.399960 0 255 0
-5.945961 6.268271 -1.688429 0.754931 -0.655804 0.000000 0.908626 0.399960 0 255 0
-6.567252 5.553069 1.746652 0.754931 -0.655804 0.000000 0.920975 0.309948 0 255 0
-5.945961 6.268271 0.525695 0.754931 -0.655804 0.000000 0.908626 0.341942 0 255 0
-5.945961 6.268271 1.746652 0.754931 -0.655804 0.000000 0.908626 0.309948 0 255 0
-5.945961 6.268271 -0.484106 0.754931 -0.655804 0.000000 0.908626 0.368403 0 255 0
-6.567252 5.553069 1.746652 -0.197588 -0.980285 0.000000 0.920975 0.309948 0 255 0
-7.492041 5.739471 1.746652 -0.197588 -0.980285 0.000000 0.933263 0.309948 0 255 0
-7.492041 5.739471 0.525695 -0.197588 -0.980285 0.000000 0.933263 0.341942 0 255 0
-7.492041 5.739471 -0.484106 -0.197588 -0.980285 0.000000 0.933263 0.368403 0 255 0
-6.567252 5.553069 -1.688429 -0.197588 -0.980285 -0.000000 0.920975 0.399960 0 255 0
-7.492041 5.739471 -1.688429 -0.197588 -0.980285 0.000000 0.933263 0.399960 0 255 0
-7.492041 5.739471 0.525695 -0.947744 -0.319031 -0.000000 0.933263 0.341942 0 255 0
-7.492041 5.739471 1.746652 -0.947744 -0.319031 -0.000000 0.933263 0.309948 0 255 0
-7.793011 6.633561 1.746652 -0.947744 -0.319031 -0.000000 0.945550 0.309948 0 255 0
-7.793011 6.633561 0.525696 -0.947744 -0.319031 0.000000 0.945550 0.341942 0 255 0
-7.793011 6.633561 0.525696 -0.750158 0.661258 0.000000 0.945550 0.341942 0 255 0
-7.793011 6.633561 1.746652 -0.750158 0.661258 0.000000 0.945550 0.309948 0 255 0
-7.169187 7.341253 1.746652 -0.750158 0.661258 0.000000 0.957837 0.309948 0 255 0
-7.169187 7.341253 0.525696 -0.750158 0.661258 0.000000 0.957837 0.341942 0 255 0
-6.244398 7.154853 -0.484106 0.197586 0.980286 -0.000000 0.970124 0.368403 0 255 0
-6.244398 7.154853 -1.688429 0.197586 0.980286 -0.000000 0.970124 0.399960 0 255 0
-7.169187 7.341253 -1.688429 0.197586 0.980286 -0.000000 0.957837 0.399960 0 255 0
-7.169187 7.341253 -0.484106 0.197586 0.980286 0.000000 0.957837 0.368403 0 255 0
-5.945961 6.268271 0.525695 0.947746 0.319026 0.000000 0.982388 0.341942 0 255 0
-6.244398 7.154853 0.525695 0.947746 0.319026 0.000000 0.970124 0.341942 0 255 0
-6.244398 7.154853 1.746652 0.947746 0.319026 0.000000 0.970124 0.309948 0 255 0
-5.945961 6.268271 1.746652 0.947746 0.319026 -0.000000 0.982388 0.309948 0 255 0
6.435527 9.798585 6.375610 -0.000001 -0.669783 0.742557 0.344553 0.299627 0 255 0
5.980653 9.453363 6.064221 -0.000001 -0.669783 0.742557 0.338573 0.287510 0 255 0
6.435527 7.484538 4.288350 -0.000001 -0.669783 0.742557 0.344553 0.218251 0 255 0
6.435527 11.569093 3.752337 -0.000000 -1.000000 -0.000000 0.375288 0.502190 0 255 0
11.452193 11.569093 2.938506 -0.000000 -1.000000 -0.000000 0.329748 0.593782 0 255 0
6.948926 11.569093 7.966636 -0.000000 -1.000000 -0.000000 0.337474 0.420617 0 255 0
6.435527 11.569093 7.966636 0.000000 -1.000000 0.000000 0.342889 0.412769 0 255 0
4.369062 8.313080 1.892848 -1.000000 0.000000 0.000000 0.303169 0.155338 0 255 0
4.369062 7.206454 -1.255415 -1.000000 0.000000 0.000000 0.317601 0.072842 0 255 0
4.369062 7.206454 3.004299 -1.000000 0.000000 0.000000 0.317601 0.184323 0 255 0
4.369062 7.698395 3.558107 -1.000000 0.000000 0.000000 0.308662 0.209556 0 255 0
4.369062 7.484538 4.288350 -1.000000 0.000000 -0.000000 0.317601 0.218189 0 255 0
4.369062 9.231581 5.383206 -1.000000 0.000000 0.000000 0.312942 0.271261 0 255 0
4.369062 9.453363 6.064221 -1.000000 0.000000 -0.000000 0.317601 0.287520 0 255 0
4.369062 9.453363 5.089397 -1.000000 0.000000 -0.000000 0.308150 0.270366 0 255 0
4.369062 9.453363 5.089397 -0.327360 0.377492 0.866219 0.085823 0.160694 0 255 0
2.863048 9.099493 4.674461 -0.327360 0.377492 0.866219 0.100829 0.180166 0 255 0
2.863048 8.952960 4.738319 -0.327360 0.377492 0.866219 0.100832 0.184008 0 255 0
2.863048 8.952960 4.738319 -0.375896 0.739603 0.558292 0.100832 0.184008 0 255 0
4.369062 9.231581 5.383206 -0.375896 0.739603 0.558292 0.083495 0.167820 0 255 0
4.369062 9.453363 5.089397 -0.375896 0.739603 0.558292 0.085823 0.160694 0 255 0
4.948241 13.376855 9.290960 0.000000 -1.000000 0.000000 0.865242 0.163447 0 255 0
4.592528 13.376855 8.654524 0.000000 -1.000000 0.000000 0.860606 0.146816 0 255 0
6.086771 13.376855 8.654524 0.000000 -1.000000 0.000000 0.880068 0.146816 0 255 0
7.935464 14.059530 7.966636 -0.000000 0.000000 1.000000 0.813168 0.270534 0 255 0
7.935464 14.505136 7.966636 -0.000000 0.000000 1.000000 0.813168 0.282141 0 255 0
7.869442 14.505136 7.966636 -0.000000 0.000000 1.000000 0.812212 0.282140 0 255 0
7.842279 14.059530 7.966636 0.000000 -0.000000 1.000000 0.811954 0.270534 0 255 0
6.435527 11.569093 7.966636 0.000000 0.000000 1.000000 0.884594 0.081735 0 255 0
6.948926 11.569093 7.966636 0.000000 0.000000 1.000000 0.891281 0.081735 0 255 0
7.935464 12.744773 7.966636 0.000000 0.000000 1.000000 0.904131 0.112360 0 255 0
7.935464 13.376855 7.966636 0.000000 0.000000 1.000000 0.904139 0.128808 0 255 0
6.435527 13.376855 7.966636 0.000000 -0.000000 1.000000 0.884602 0.128808 0 255 0
14.494737 17.805958 1.707263 -0.424144 0.905595 0.000000 0.549062 0.081789 0 255 0
15.010934 18.047724 1.871806 -0.424144 0.905595 0.000000 0.563844 0.073175 0 255 0
15.010934 18.047724 1.542723 -0.424144 0.905595 0.000000 0.563844 0.090413 0 255 0
-14.494741 17.805958 1.707263 0.424147 0.905593 0.000000 0.549062 0.081789 0 255 0
-15.010934 18.047724 1.542723 0.424147 0.905593 0.000000 0.563844 0.090413 0 255 0
-15.010934 18.047724 1.871806 0.424147 0.905593 0.000000 0.563844 0.073175 0 255 0
-6.187333 6.309922 2.103507 0.000000 0.000000 1.000000 0.927506 0.422505 0 255 0
-6.408923 6.968206 2.103507 0.000000 0.000000 1.000000 0.926357 0.438435 0 255 0
-7.089812 7.105445 2.103507 0.000000 0.000000 1.000000 0.917100 0.445473 0 255 0
-6.646630 5.788878 2.103507 0.000000 0.000000 1.000000 0.921212 0.410078 0 255 0
-7.327518 5.926119 2.103507 0.000000 0.000000 1.000000 0.911990 0.417440 0 255 0
-7.549104 6.584403 2.103507 0.000000 0.000000 1.000000 0.910820 0.432948 0 255 0
1.364707 9.444329 -8.283978 0.000000 0.000000 -1.000000 0.977640 0.962594 0 255 0
3.923751 9.444329 -8.283978 0.000000 0.000000 -1.000000 0.929893 0.962594 0 255 0
3.923751 7.626985 -8.283978 0.000000 0.000000 -1.000000 0.929893 0.898399 0 255 0
1.364707 7.626985 -8.283978 0.000000 0.000000 -1.000000 0.977640 0.898399 0 255 0
-1.364705 9.444329 -8.283978 0.000000 0.000000 -1.000000 0.977640 0.962594 0 255 0
-1.364705 7.626985 -8.283978 0.000000 0.000000 -1.000000 0.977640 0.898399 0 255 0
-3.923751 7.626985 -8.283978 0.000000 0.000000 -1.000000 0.929893 0.898399 0 255 0
-3.923751 9.444329 -8.283978 -0.000000 -0.000000 -1.000000 0.929893 0.962594 0 255 0
6.435527 8.313080 3.752337 0.000000 0.000000 1.000000 0.404191 0.564226 0 255 0
6.948926 8.313080 3.752337 0.000000 0.000000 1.000000 0.399367 0.573278 0 255 0
6.435527 11.569093 3.752337 0.000000 0.000000 1.000000 0.375288 0.502190 0 255 0
11.452193 11.569093 2.938506 0.160081 0.025241 0.986781 0.329748 0.593782 0 255 0
6.435527 11.569093 3.752337 0.160081 0.025241 0.986781 0.375288 0.502190 0 255 0
6.948926 8.313080 3.752337 0.160081 0.025241 0.986781 0.399367 0.573278 0 255 0
6.948926 8.313080 3.752337 0.562534 -0.650458 0.510352 0.399367 0.573278 0 255 0
9.631965 8.313080 0.794966 0.562534 -0.650458 0.510352 0.378217 0.649950 0 255 0
11.452193 11.569093 2.938506 0.562534 -0.650458 0.510352 0.329748 0.593782 0 255 0
11.452193 11.569093 2.938506 0.513135 -0.653323 0.556652 0.329748 0.593782 0 255 0
9.631965 8.313080 0.794966 0.513135 -0.653323 0.556652 0.378217 0.649950 0 255 0
11.452193 9.742730 0.794966 0.513135 -0.653323 0.556652 0.349286 0.648735 0 255 0
-11.452189 11.569093 2.948033 -0.502895 -0.659146 0.559127 0.420178 0.852394 0 255 0
-11.452189 9.742730 0.794966 -0.502895 -0.659146 0.559127 0.439095 0.807385 0 255 0
-9.578343 8.313080 0.794966 -0.502895 -0.659146 0.559127 0.468496 0.807326 0 255 0
-9.578343 8.313080 0.794966 -0.558607 -0.656599 0.506789 0.468496 0.807326 0 255 0
-6.895305 8.313080 3.752337 -0.558607 -0.656599 0.506789 0.490029 0.873544 0 255 0
-11.452189 11.569093 2.948033 -0.558607 -0.656599 0.506789 0.420178 0.852394 0 255 0
-6.368497 8.313080 3.752337 -0.000000 0.000000 1.000000 0.495033 0.882724 0 255 0
-6.368497 11.569093 3.752337 -0.000000 0.000000 1.000000 0.467006 0.943826 0 255 0
-6.895305 8.313080 3.752337 -0.000000 0.000000 1.000000 0.490029 0.873544 0 255 0
-6.368497 11.569093 3.752337 -0.156219 0.025276 0.987399 0.467006 0.943826 0 255 0
-11.452189 11.569093 2.948033 -0.156219 0.025276 0.987399 0.420178 0.852394 0 255 0
-6.895305 8.313080 3.752337 -0.156219 0.025276 0.987399 0.490029 0.873544 0 255 0
-11.452189 11.569093 2.948033 0.000000 -1.000000 -0.000000 0.420178 0.852394 0 255 0
-6.368497 11.569093 3.752337 0.000000 -1.000000 -0.000000 0.467006 0.943826 0 255 0
-6.368497 11.569093 5.473874 0.000000 -1.000000 -0.000000 0.453454 0.982233 0 255 0
-7.612452 11.569093 6.649508 0.000000 -1.000000 0.000000 0.431332 0.988670 0 255 0
-6.368497 11.569093 5.473874 -0.667836 -0.233764 -0.706647 0.153420 0.586460 0 255 0
-7.283716 10.749999 6.609789 -0.667836 -0.233764 -0.706647 0.168833 0.572910 0 255 0
-7.612452 11.569093 6.649508 -0.667836 -0.233764 -0.706647 0.169465 0.595816 0 255 0
0.444127 10.749345 6.609021 0.000000 -0.760876 0.648898 0.894158 0.898914 0 255 0
-3.806525 10.749345 6.609021 0.000000 -0.760876 0.648898 0.838794 0.898914 0 255 0
0.444127 9.798585 5.494192 0.000000 -0.760876 0.648898 0.894158 0.860615 0 255 0
2.863048 9.099493 4.674461 0.000000 -0.760875 0.648898 0.925663 0.832454 0 255 0
4.369062 9.453363 5.089397 0.000000 -0.760875 0.648898 0.945278 0.848763 0 255 0
0.899001 9.453363 5.089397 0.000000 -0.760875 0.648898 0.900061 0.848522 0 255 0
0.444127 10.749345 6.609021 -0.000000 0.000000 1.000000 0.894158 0.898914 0 255 0
0.444127 11.569093 6.609021 -0.000000 0.000000 1.000000 0.894158 0.920269 0 255 0
-3.537595 11.569093 6.609021 -0.000000 0.000000 1.000000 0.842297 0.920269 0 255 0
-3.806525 10.749345 6.609021 0.000000 -0.000000 1.000000 0.838794 0.898914 0 255 0
-2.577436 11.071623 7.789085 0.968786 0.230192 -0.092011 0.310565 0.585902 0 255 0
-2.758544 11.902725 7.961436 0.968786 0.230192 -0.092011 0.308369 0.605663 0 255 0
-2.577436 11.576568 9.052354 0.968786 0.230192 -0.092011 0.294028 0.598530 0 255 0
11.452193 11.569093 0.882156 0.000000 -1.000000 -0.000000 0.522502 0.808309 0 255 0
13.987631 11.569093 1.361686 0.000000 -1.000000 -0.000000 0.551619 0.841906 0 255 0
13.987631 11.569093 2.065040 0.000000 -1.000000 -0.000000 0.548517 0.859331 0 255 0
11.452193 11.569093 2.938506 0.000000 -1.000000 0.000000 0.513602 0.859331 0 255 0
-13.987631 11.569093 2.065040 0.000000 -1.000000 0.000000 0.548517 0.859331 0 255 0
-13.987631 11.569093 1.361686 0.000000 -1.000000 0.000000 0.551619 0.841906 0 255 0
-11.452189 11.569093 0.882156 0.000000 -1.000000 0.000000 0.522502 0.808309 0 255 0
-11.452189 11.569093 2.948033 0.000000 -1.000000 0.000000 0.513602 0.859331 0 255 0
-15.055038 13.157933 1.542723 -0.124250 -0.107697 -0.986389 0.691106 0.090432 0 255 0
-13.987631 13.584568 1.361686 -0.124250 -0.107697 -0.986389 0.679657 0.146369 0 255 0
-13.987631 12.221824 1.510474 -0.124250 -0.107697 -0.986389 0.715272 0.146462 0 255 0
-13.987631 13.584565 2.065040 -0.131732 -0.116296 0.984440 0.679629 0.017177 0 255 0
-15.055038 13.157933 1.871806 -0.131732 -0.116296 0.984440 0.691106 0.073194 0 255 0
-13.987631 12.221824 1.904054 -0.131732 -0.116296 0.984440 0.715267 0.017194 0 255 0
15.055037 13.157933 1.871806 0.131732 -0.116296 0.984440 0.691106 0.073194 0 255 0
13.987631 13.584565 2.065040 0.131732 -0.116296 0.984440 0.679629 0.017177 0 255 0
13.987631 12.221824 1.904054 0.131732 -0.116296 0.984440 0.715267 0.017194 0 255 0
13.987631 13.584568 1.361686 0.124251 -0.107697 -0.986389 0.679657 0.146369 0 255 0
15.055037 13.157933 1.542723 0.124251 -0.107697 -0.986389 0.691106 0.090432 0 255 0
13.987631 12.221824 1.510474 0.124251 -0.107697 -0.986389 0.715272 0.146462 0 255 0
-15.010934 18.047724 1.542723 0.302540 -0.002729 -0.953133 0.563844 0.090413 0 255 0
-14.494741 17.805958 1.707263 0.302540 -0.002729 -0.953133 0.570180 0.116770 0 255 0
-15.055038 13.157933 1.542723 0.302540 -0.002729 -0.953133 0.691106 0.090432 0 255 0
-14.494741 17.805958 1.707263 -0.189241 0.057513 -0.980245 0.570180 0.116770 0 255 0
-13.987631 13.584568 1.361686 -0.189241 0.057513 -0.980245 0.679657 0.146369 0 255 0
-15.055038 13.157933 1.542723 -0.189241 0.057513 -0.980245 0.691106 0.090432 0 255 0
-15.010934 18.047724 1.871806 0.302545 -0.002729 0.953131 0.563844 0.073175 0 255 0
-15.055038 13.157933 1.871806 0.302545 -0.002729 0.953131 0.691106 0.073194 0 255 0
-14.494741 17.805958 1.707263 0.302545 -0.002729 0.953131 0.570209 0.046950 0 255 0
-13.987631 13.584565 2.065040 -0.200533 0.058792 0.977921 0.679629 0.017177 0 255 0
-14.494741 17.805958 1.707263 -0.200533 0.058792 0.977921 0.570209 0.046950 0 255 0
-15.055038 13.157933 1.871806 -0.200533 0.058792 0.977921 0.691106 0.073194 0 255 0
-13.987631 13.584565 2.065040 0.992862 0.119271 0.000000 0.508402 0.009324 0 255 0
-13.987631 13.584568 1.361686 0.992862 0.119271 0.000000 0.508435 0.046185 0 255 0
-14.494741 17.805958 1.707263 0.992862 0.119271 0.000000 0.619173 0.027674 0 255 0
13.987631 13.584568 1.361686 -0.992862 0.119270 0.000000 0.508435 0.046185 0 255 0
13.987631 13.584565 2.065040 -0.992862 0.119270 0.000000 0.508402 0.009324 0 255 0
14.494737 17.805958 1.707263 -0.992862 0.119270 0.000000 0.619173 0.027674 0 255 0
15.010934 18.047724 1.871806 -0.302542 -0.002729 0.953132 0.563844 0.073175 0 255 0
14.494737 17.805958 1.707263 -0.302542 -0.002729 0.953132 0.570209 0.046950 0 255 0
15.055037 13.157933 1.871806 -0.302542 -0.002729 0.953132 0.691106 0.073194 0 255 0
14.494737 17.805958 1.707263 0.200533 0.058792 0.977921 0.570209 0.046950 0 255 0
13.987631 13.584565 2.065040 0.200533 0.058792 0.977921 0.679629 0.017177 0 255 0
15.055037 13.157933 1.871806 0.200533 0.058792 0.977921 0.691106 0.073194 0 255 0
15.010934 18.047724 1.542723 -0.302537 -0.002729 -0.953134 0.563844 0.090413 0 255 0
15.055037 13.157933 1.542723 -0.302537 -0.002729 -0.953134 0.691106 0.090432 0 255 0
14.494737 17.805958 1.707263 -0.302537 -0.002729 -0.953134 0.570180 0.116770 0 255 0
13.987631 13.584568 1.361686 0.189242 0.057513 -0.980245 0.679657 0.146369 0 255 0
14.494737 17.805958 1.707263 0.189242 0.057513 -0.980245 0.570180 0.116770 0 255 0
15.055037 13.157933 1.542723 0.189242 0.057513 -0.980245 0.691106 0.090432 0 255 0
0.792882 13.825128 8.654524 0.000000 -0.000000 1.000000 0.753739 0.217390 0 255 0
0.792882 10.074762 8.654524 0.000000 -0.000000 1.000000 0.753633 0.119737 0 255 0
2.500529 13.376855 8.654524 0.000000 -0.000000 1.000000 0.776006 0.205791 0 255 0
1.900445 13.825128 8.654524 -0.000000 0.000000 1.000000 0.768005 0.217390 0 255 0
6.435527 11.569093 7.966636 1.000000 0.000000 0.000000 0.344553 0.361771 0 255 0
6.435527 13.376855 7.966636 1.000000 0.000000 0.000000 0.360352 0.396528 0 255 0
6.435527 13.376855 8.215366 1.000000 0.000000 0.000000 0.357933 0.400921 0 255 0
6.435527 9.798585 8.215366 1.000000 -0.000000 0.000000 0.326660 0.332124 0 255 0
6.435527 9.798585 6.375610 1.000000 -0.000000 0.000000 0.344553 0.299627 0 255 0
6.435527 11.569093 3.752337 1.000000 0.000000 -0.000000 0.385540 0.287330 0 255 0
11.320341 9.775629 -2.949073 0.539016 -0.686276 -0.488351 0.348748 0.746838 0 255 0
9.537653 8.375466 -2.949073 0.539016 -0.686276 -0.488351 0.377224 0.748035 0 255 0
5.153603 11.275466 -11.863309 0.539016 -0.686276 -0.488351 0.380650 0.981195 0 255 0
-11.382238 11.813220 -4.459987 -0.700600 -0.438867 -0.562632 0.415889 0.657523 0 255 0
-5.099983 11.275466 -11.863309 -0.700600 -0.438867 -0.562632 0.467314 0.465264 0 255 0
-11.319231 9.775629 -2.949073 -0.700600 -0.438867 -0.562632 0.438460 0.700541 0 255 0
-5.099983 11.275466 -11.863309 -0.649380 -0.564027 -0.510077 0.467314 0.465264 0 255 0
-11.382238 11.813220 -4.459987 -0.649380 -0.564027 -0.510077 0.415889 0.657523 0 255 0
-8.130570 14.793444 -11.895127 -0.649380 -0.564027 -0.510077 0.407033 0.467572 0 255 0
-1.005525 7.206454 -8.372865 0.138901 -0.990306 0.000000 0.145407 0.508999 0 255 0
0.000000 7.347489 -7.229461 0.138901 -0.990306 0.000000 0.132169 0.481300 0 255 0
-1.005525 7.206454 -7.186624 0.138901 -0.990306 0.000000 0.145407 0.480480 0 255 0
0.000000 7.629560 -4.942657 -0.387845 -0.921725 -0.000000 0.132433 0.425902 0 255 0
1.005525 7.206454 -7.186624 -0.387845 -0.921725 -0.000000 0.122237 0.480480 0 255 0
1.005525 7.206454 -1.255415 -0.387845 -0.921725 -0.000000 0.122237 0.337882 0 255 0
0.000000 7.629560 0.803780 -0.387845 -0.921725 0.000000 0.132433 0.287746 0 255 0
0.000000 7.629560 -4.942657 -0.142938 -0.982287 0.121163 0.132433 0.425902 0 255 0
0.000000 7.347489 -7.229461 -0.142938 -0.982287 0.121163 0.132697 0.481300 0 255 0
1.005525 7.206454 -7.186624 -0.142938 -0.982287 0.121163 0.122237 0.480480 0 255 0
-0.002642 9.817866 -7.382826 0.752772 -0.039987 -0.657066 0.058744 0.601791 0 255 0
0.000000 7.347489 -7.229461 0.752772 -0.039987 -0.657066 0.073803 0.544095 0 255 0
-1.005525 7.206454 -8.372865 0.752772 -0.039987 -0.657066 0.087883 0.558037 0 255 0
-9.572042 15.531913 5.640124 0.000006 0.914862 0.403766 0.585000 0.348524 0 255 0
-9.478990 15.527450 5.650235 0.000006 0.914862 0.403766 0.586172 0.348235 0 255 0
-5.127903 19.244249 -2.771439 0.000006 0.914862 0.403766 0.642880 0.589093 0 255 0
-5.127903 19.244249 -2.771439 -0.000003 0.914864 0.403762 0.642880 0.589093 0 255 0
-5.243156 19.298513 -2.894394 -0.000003 0.914864 0.403762 0.641438 0.592609 0 255 0
-9.572042 15.531913 5.640124 -0.000003 0.914864 0.403762 0.585000 0.348524 0 255 0
-7.764610 14.505136 7.966636 0.000000 0.914864 0.403763 0.608417 0.281926 0 255 0
-2.315039 14.505136 7.966636 0.000000 0.914864 0.403763 0.679604 0.282041 0 255 0
-5.107024 15.317760 6.125355 0.000000 0.914864 0.403763 0.641231 0.334645 0 255 0
-9.478990 15.527450 5.650235 0.000000 0.914864 0.403763 0.586172 0.348235 0 255 0
-7.227364 12.156089 9.454034 0.000000 1.000000 0.000000 0.303065 0.087128 0 255 0
-7.227364 12.156089 8.282714 0.000000 1.000000 0.000000 0.303065 0.123960 0 255 0
-9.257742 12.156089 8.282714 0.000000 1.000000 0.000000 0.271331 0.123960 0 255 0
-9.257742 12.156089 9.454034 0.000000 1.000000 0.000000 0.271331 0.087128 0 255 0
-7.930294 10.998500 8.282715 0.000000 -1.000000 0.000000 0.292078 0.123960 0 255 0
-7.930294 10.998500 9.162646 0.000000 -1.000000 0.000000 0.292078 0.096291 0 255 0
-8.999599 10.998500 9.162646 0.000000 -1.000000 0.000000 0.275365 0.096291 0 255 0
-8.999599 10.998500 8.282715 0.000000 -1.000000 0.000000 0.275365 0.123960 0 255 0
-8.999599 11.462986 8.282714 -1.000000 0.000000 0.000000 0.234532 0.140442 0 255 0
-8.999599 10.998500 8.282715 -1.000000 0.000000 0.000000 0.234532 0.125923 0 255 0
-8.999599 10.998500 9.162646 -1.000000 0.000000 0.000000 0.248367 0.125923 0 255 0
-8.999599 11.462986 9.454034 -1.000000 -0.000000 0.000000 0.252948 0.140442 0 255 0
-8.999599 11.462986 9.454034 -0.407461 -0.913223 0.000000 0.252948 0.140442 0 255 0
-9.431870 11.655856 9.454034 -0.407461 -0.913223 0.000000 0.252948 0.146471 0 255 0
-9.431870 11.655856 8.282714 -0.407461 -0.913223 0.000000 0.234532 0.146471 0 255 0
-8.999599 11.462986 8.282714 -0.407461 -0.913223 -0.000000 0.234532 0.140442 0 255 0
-9.431870 11.991231 9.454034 0.000000 -0.000000 1.000000 0.253667 0.157730 0 255 0
-9.431870 11.655856 9.454034 0.000000 -0.000000 1.000000 0.253667 0.147713 0 255 0
-8.999599 11.462986 9.454034 0.000000 -0.000000 1.000000 0.260423 0.141952 0 255 0
-9.257742 12.156089 9.454034 0.000000 -0.000000 1.000000 0.256388 0.162654 0 255 0
-7.930294 11.462986 9.454034 0.000000 0.000000 1.000000 0.277135 0.141952 0 255 0
-7.227364 12.156089 9.454034 0.000000 -0.000000 1.000000 0.288122 0.162654 0 255 0
-7.092039 11.864927 9.454034 -0.000000 0.000000 1.000000 0.290237 0.153958 0 255 0
-7.930294 11.462986 8.282714 0.000000 -0.000002 -1.000000 0.246678 0.102256 0 255 0
-7.930294 10.998500 8.282715 0.000000 -0.000002 -1.000000 0.246678 0.087737 0 255 0
-8.999599 10.998500 8.282715 0.000000 -0.000002 -1.000000 0.263391 0.087737 0 255 0
-8.999599 11.462986 8.282714 0.000000 -0.000002 -1.000000 0.263391 0.102256 0 255 0
-8.999599 11.462986 8.282714 0.000000 0.000000 -1.000000 0.263391 0.102256 0 255 0
-9.431870 11.655856 8.282714 0.000000 0.000000 -1.000000 0.270147 0.108285 0 255 0
-9.431870 11.991231 8.282714 0.000000 0.000000 -1.000000 0.270147 0.118769 0 255 0
-9.257742 12.156089 8.282714 0.000000 -0.000000 -1.000000 0.267425 0.123922 0 255 0
-7.930294 11.462986 8.282714 0.000000 0.000000 -1.000000 0.246678 0.102256 0 255 0
-7.227364 12.156089 8.282714 -0.000000 -0.000000 -1.000000 0.235691 0.123922 0 255 0
-7.092039 11.864927 8.282714 0.000000 -0.000000 -1.000000 0.233576 0.114820 0 255 0
-9.431870 11.655856 9.454034 -1.000000 0.000000 0.000000 0.252948 0.146471 0 255 0
-9.431870 11.991231 9.454034 -1.000000 0.000000 0.000000 0.252948 0.156955 0 255 0
-9.431870 11.991231 8.282714 -1.000000 0.000000 0.000000 0.234532 0.156955 0 255 0
-9.431870 11.655856 8.282714 -1.000000 0.000000 0.000000 0.234532 0.146471 0 255 0
-7.092039 11.864927 8.282714 0.906839 0.421477 0.000000 0.234532 0.153006 0 255 0
-7.227364 12.156089 8.282714 0.906839 0.421477 0.000000 0.234532 0.162108 0 255 0
-7.227364 12.156089 9.454034 0.906839 0.421477 0.000000 0.252948 0.162108 0 255 0
-7.092039 11.864927 9.454034 0.906839 0.421477 -0.000000 0.252948 0.153006 0 255 0
-9.431870 11.991231 9.454034 -0.687512 0.726173 0.000000 0.252948 0.156955 0 255 0
-9.257742 12.156089 9.454034 -0.687512 0.726173 0.000000 0.252948 0.162108 0 255 0
-9.257742 12.156089 8.282714 -0.687512 0.726173 0.000000 0.234532 0.162108 0 255 0
-9.431870 11.991231 8.282714 -0.687512 0.726173 0.000000 0.234532 0.156955 0 255 0
-8.999599 11.462986 9.454034 0.000000 -0.531419 0.847109 0.260423 0.141952 0 255 0
-8.999599 10.998500 9.162646 0.000000 -0.531419 0.847109 0.260423 0.125376 0 255 0
-7.930294 10.998500 9.162646 0.000000 -0.531419 0.847109 0.277135 0.125376 0 255 0
-7.930294 11.462986 9.454034 0.000000 -0.531419 0.847109 0.277135 0.141952 0 255 0
-4.161523 9.849216 -7.479191 -0.000000 -0.950944 -0.309363 0.079550 0.144482 0 255 0
-4.888503 11.275466 -11.863309 -0.000000 -0.950944 -0.309363 0.070076 0.024834 0 255 0
4.942123 11.275466 -11.863309 -0.000000 -0.950944 -0.309363 0.198126 0.024815 0 255 0
4.203350 9.849216 -7.479191 0.000000 -0.950944 -0.309363 0.188499 0.144482 0 255 0
9.537653 8.375466 -2.949073 -0.000001 -0.950944 -0.309363 0.257976 0.268051 0 255 0
4.383298 9.849216 -7.479191 -0.000001 -0.950944 -0.309363 0.190842 0.144482 0 255 0
5.153603 11.275466 -11.863309 -0.000001 -0.950944 -0.309363 0.200881 0.024814 0 255 0
-11.452189 11.806473 -4.193156 -0.872257 0.430909 -0.231269 0.512165 0.600457 0 255 0
-11.452189 14.473036 0.775274 -0.872257 0.430909 -0.231269 0.554334 0.471333 0 255 0
-11.360562 14.556260 0.584759 -0.872257 0.430909 -0.231269 0.555282 0.476419 0 255 0
-11.360562 14.556260 0.584759 -0.883223 0.413570 -0.221080 0.555282 0.476419 0 255 0
-11.381783 11.870988 -4.353747 -0.883223 0.413570 -0.221080 0.511572 0.605312 0 255 0
-11.452189 11.806473 -4.193156 -0.883223 0.413570 -0.221080 0.512165 0.600457 0 255 0
-7.514534 16.127846 -11.895129 -0.884999 0.408565 -0.223273 0.578517 0.822809 0 255 0
-7.431610 16.220060 -12.055077 -0.884999 0.408565 -0.223273 0.579933 0.827433 0 255 0
-8.060619 14.857554 -12.055077 -0.884999 0.408565 -0.223273 0.560831 0.822950 0 255 0
-8.060619 14.857554 -12.055077 -0.884998 0.408565 -0.223278 0.560831 0.822950 0 255 0
-6.996678 18.536312 -8.461812 -0.869698 0.456080 -0.188725 0.618616 0.739741 0 255 0
-7.422450 16.268839 -11.979404 -0.869698 0.456080 -0.188725 0.580748 0.825586 0 255 0
-7.505563 16.176804 -11.818813 -0.869698 0.456080 -0.188725 0.578869 0.820742 0 255 0
-7.505563 16.176804 -11.818813 -0.856067 0.474896 -0.204016 0.578869 0.820742 0 255 0
-7.088572 18.452505 -8.271297 -0.856067 0.474896 -0.204016 0.595250 0.724652 0 255 0
-6.996678 18.536312 -8.461812 -0.856067 0.474896 -0.204016 0.618616 0.739741 0 255 0
-9.578343 8.313082 -2.757308 -0.529922 -0.694571 -0.486573 0.467297 0.704081 0 255 0
-11.452189 9.742730 -2.757307 -0.529922 -0.694571 -0.486573 0.437853 0.705599 0 255 0
-11.319231 9.775629 -2.949073 -0.529922 -0.694571 -0.486573 0.438460 0.700541 0 255 0
-9.578343 8.313082 -2.757308 -0.529921 -0.694570 -0.486576 0.467297 0.704081 0 255 0
11.452193 11.806473 -4.193156 0.886248 0.408531 -0.218328 0.907758 0.601024 0 255 0
11.382893 11.870987 -4.353747 0.886248 0.408531 -0.218328 0.906853 0.605427 0 255 0
11.361673 14.556262 0.584759 0.886248 0.408531 -0.218328 0.864048 0.476490 0 255 0
11.361673 14.556262 0.584759 0.874775 0.426927 -0.229132 0.864048 0.476490 0 255 0
11.452193 14.473036 0.775274 0.874775 0.426927 -0.229132 0.865177 0.471257 0 255 0
11.452193 11.806473 -4.193156 0.874775 0.426927 -0.229132 0.907758 0.601024 0 255 0
8.114241 14.857554 -12.055077 0.886347 0.408655 -0.217694 0.859233 0.823075 0 255 0
7.486049 16.220060 -12.055077 0.886347 0.408655 -0.217694 0.840130 0.827501 0 255 0
7.567850 16.127846 -11.895127 0.886347 0.408655 -0.217694 0.841544 0.822887 0 255 0
8.114241 14.857554 -12.055077 0.886344 0.408655 -0.217703 0.859233 0.823075 0 255 0
7.050323 18.536312 -8.461812 0.858390 0.471749 -0.201540 0.801511 0.739702 0 255 0
7.141112 18.452505 -8.271297 0.858390 0.471749 -0.201540 0.802606 0.734486 0 255 0
7.558863 16.176804 -11.818812 0.858390 0.471749 -0.201540 0.840724 0.821026 0 255 0
7.558863 16.176804 -11.818812 0.872152 0.452522 -0.185942 0.840724 0.821026 0 255 0
7.476872 16.268839 -11.979404 0.872152 0.452522 -0.185942 0.839317 0.825652 0 255 0
7.050323 18.536312 -8.461812 0.872152 0.452522 -0.185942 0.801511 0.739702 0 255 0
5.153603 11.275466 -11.863309 0.651955 -0.565869 -0.504724 0.380650 0.981195 0 255 0
5.059292 11.337853 -12.055077 0.651955 -0.565869 -0.504724 0.377224 0.986544 0 255 0
8.114241 14.857554 -12.055077 0.651955 -0.565869 -0.504724 0.316803 0.983978 0 255 0
8.114241 14.857554 -12.055077 0.650991 -0.565180 -0.506738 0.316803 0.983978 0 255 0
8.183085 14.793444 -11.895129 0.650991 -0.565180 -0.506738 0.317001 0.979893 0 255 0
5.153603 11.275466 -11.863309 0.650991 -0.565180 -0.506738 0.380650 0.981195 0 255 0
11.452193 11.749108 -4.300038 0.707417 -0.430829 -0.560309 0.326425 0.785912 0 255 0
11.452193 9.742730 -2.757307 0.707417 -0.430829 -0.560309 0.348148 0.741790 0 255 0
11.320341 9.775629 -2.949073 0.707417 -0.430829 -0.560309 0.348748 0.746838 0 255 0
11.320341 9.775629 -2.949073 0.779649 -0.388372 -0.491238 0.348748 0.746838 0 255 0
11.383349 11.813220 -4.459987 0.779649 -0.388372 -0.491238 0.326227 0.789997 0 255 0
11.452193 11.749108 -4.300038 0.779649 -0.388372 -0.491238 0.326425 0.785912 0 255 0
-5.243156 19.298513 -2.894394 -0.557569 0.826093 0.081775 0.641648 0.593007 0 255 0
-9.610820 15.511256 5.584400 -0.557569 0.826093 0.081775 0.584470 0.349846 0 255 0
-9.572042 15.531913 5.640124 -0.557569 0.826093 0.081775 0.585000 0.348524 0 255 0
-11.452189 14.530400 0.882156 -0.470160 0.882581 0.000000 0.555241 0.468555 0 255 0
-11.452189 14.530399 2.938389 -0.470160 0.882581 0.000000 0.559285 0.412604 0 255 0
-11.413413 14.551056 2.994112 -0.470160 0.882581 0.000000 0.559942 0.411535 0 255 0
-11.413413 14.551056 2.994112 -0.666644 0.745360 0.004950 0.559942 0.411535 0 255 0
-11.360106 14.614028 0.690998 -0.666644 0.745360 0.004950 0.556223 0.473647 0 255 0
-11.452189 14.530400 0.882156 -0.666644 0.745360 0.004950 0.555241 0.468555 0 255 0
-5.717089 19.367504 -7.127105 -0.577357 0.812808 0.077472 0.635247 0.703809 0 255 0
-6.987518 18.585093 -8.386140 -0.577357 0.812808 0.077472 0.619431 0.737894 0 255 0
-7.079602 18.501463 -8.194982 -0.577357 0.812808 0.077472 0.595602 0.722585 0 255 0
-7.079602 18.501463 -8.194982 -0.577359 0.812806 0.077477 0.595602 0.722585 0 255 0
-5.835375 19.267736 -6.961915 -0.577359 0.812806 0.077477 0.633597 0.698957 0 255 0
-5.717089 19.367504 -7.127105 -0.577359 0.812806 0.077477 0.635247 0.703809 0 255 0
-5.163870 19.367500 -3.050708 -0.576638 0.813243 0.078258 0.642472 0.597080 0 255 0
-5.717089 19.367504 -7.127105 -0.576638 0.813243 0.078258 0.635247 0.703809 0 255 0
-5.835375 19.267736 -6.961915 -0.576638 0.813243 0.078258 0.633597 0.698957 0 255 0
-5.835375 19.267736 -6.961915 -0.564964 0.821604 0.076040 0.633597 0.698957 0 255 0
-5.243156 19.298513 -2.894394 -0.564964 0.821604 0.076040 0.641857 0.593243 0 255 0
-5.163870 19.367500 -3.050708 -0.564964 0.821604 0.076040 0.642472 0.597080 0 255 0
11.414522 14.551056 2.994112 0.480802 0.876829 0.000000 0.859610 0.411339 0 255 0
11.452193 14.530399 2.938389 0.480802 0.876829 0.000000 0.860132 0.412648 0 255 0
11.452193 14.530400 0.882156 0.480802 0.876829 0.000000 0.864261 0.468465 0 255 0
11.452193 14.530400 0.882156 0.671338 0.741137 0.004726 0.864261 0.468465 0 255 0
11.361217 14.614028 0.690998 0.671338 0.741137 0.004726 0.863127 0.473716 0 255 0
11.414522 14.551056 2.994112 0.671338 0.741137 0.004726 0.859610 0.411339 0 255 0
5.346082 19.267736 -2.969593 0.589433 0.805827 0.056669 0.779583 0.594610 0 255 0
5.282331 19.311083 -2.922876 0.589433 0.805827 0.056669 0.778639 0.593617 0 255 0
9.625659 15.531913 5.640124 0.589433 0.805827 0.056669 0.834809 0.349181 0 255 0
9.625659 15.531913 5.640124 0.563960 0.822255 0.076459 0.834809 0.349181 0 255 0
9.663331 15.511256 5.584400 0.563960 0.822255 0.076459 0.835331 0.350490 0 255 0
5.346082 19.267736 -2.969593 0.563960 0.822255 0.076459 0.779583 0.594610 0 255 0
7.132126 18.501463 -8.194982 0.578748 0.811610 0.079625 0.801785 0.732624 0 255 0
7.041147 18.585093 -8.386140 0.578748 0.811610 0.079625 0.800698 0.737853 0 255 0
5.770710 19.367504 -7.127105 0.578748 0.811610 0.079625 0.784871 0.703809 0 255 0
5.770710 19.367504 -7.127105 0.578749 0.811609 0.079626 0.784871 0.703809 0 255 0
5.887892 19.267736 -6.961915 0.578749 0.811609 0.079626 0.786508 0.698955 0 255 0
7.132126 18.501463 -8.194982 0.578749 0.811609 0.079626 0.801785 0.732624 0 255 0
5.887892 19.267736 -6.961915 0.579641 0.811066 0.078665 0.786508 0.698955 0 255 0
5.770710 19.367504 -7.127105 0.579641 0.811066 0.078665 0.784871 0.703809 0 255 0
5.217492 19.367500 -3.050708 0.579641 0.811066 0.078665 0.777800 0.597267 0 255 0
5.217492 19.367500 -3.050708 0.579632 0.811073 0.078664 0.777800 0.597267 0 255 0
5.346082 19.267736 -2.969593 0.579632 0.811073 0.078664 0.779583 0.594610 0 255 0
5.887892 19.267736 -6.961915 0.579632 0.811073 0.078664 0.786508 0.698955 0 255 0
-4.341471 8.375466 -2.949073 0.000000 -0.950945 -0.309359 0.077206 0.268051 0 255 0
-4.327484 8.313082 -2.757308 0.000000 -0.950945 -0.309359 0.077388 0.273282 0 255 0
-5.419447 8.313082 -2.757308 0.000000 -0.950945 -0.309359 0.063165 0.273282 0 255 0
-9.578343 8.313082 -2.757308 0.000000 -0.950945 -0.309359 0.008997 0.273282 0 255 0
-9.484032 8.375466 -2.949073 0.000000 -0.950945 -0.309359 0.010225 0.268051 0 255 0
-4.327484 9.817866 -7.382826 0.000059 -0.950944 -0.309363 0.077388 0.147111 0 255 0
-4.327484 8.313082 -2.757308 0.000059 -0.950944 -0.309363 0.077388 0.273282 0 255 0
-4.341471 8.375466 -2.949073 0.000059 -0.950944 -0.309363 0.077206 0.268051 0 255 0
-4.341471 8.375466 -2.949073 -0.000029 -0.950944 -0.309364 0.077206 0.268051 0 255 0
-4.341471 9.849216 -7.479191 -0.000029 -0.950944 -0.309364 0.077206 0.144482 0 255 0
-4.327484 9.817866 -7.382826 -0.000029 -0.950944 -0.309364 0.077388 0.147111 0 255 0
11.320341 9.775629 -2.949073 0.539018 -0.686277 -0.488347 0.348748 0.746838 0 255 0
11.452193 9.742730 -2.757307 0.539018 -0.686277 -0.488347 0.348148 0.741790 0 255 0
9.631965 8.313082 -2.757308 0.539018 -0.686277 -0.488347 0.377224 0.743012 0 255 0
9.631965 8.313082 -2.757308 0.539016 -0.686276 -0.488351 0.377224 0.743012 0 255 0
-11.319231 9.775629 -2.949073 -0.704459 -0.432627 -0.562647 0.438460 0.700541 0 255 0
-11.452189 9.742730 -2.757307 -0.704459 -0.432627 -0.562647 0.437853 0.705599 0 255 0
-11.452189 11.749108 -4.300038 -0.704459 -0.432627 -0.562647 0.416145 0.661553 0 255 0
-11.452189 11.749108 -4.300038 -0.774990 -0.391711 -0.495936 0.416145 0.661553 0 255 0
-11.382238 11.813220 -4.459987 -0.774990 -0.391711 -0.495936 0.415889 0.657523 0 255 0
-11.319231 9.775629 -2.949073 -0.774990 -0.391711 -0.495936 0.438460 0.700541 0 255 0
-8.060619 14.857554 -12.055077 -0.651955 -0.565869 -0.504724 0.406841 0.463487 0 255 0
-5.005672 11.337853 -12.055077 -0.651955 -0.565869 -0.504724 0.467297 0.460370 0 255 0
-5.099983 11.275466 -11.863309 -0.651955 -0.565869 -0.504724 0.467314 0.465264 0 255 0
-5.099983 11.275466 -11.863309 -0.649383 -0.564029 -0.510071 0.467314 0.465264 0 255 0
-8.130570 14.793444 -11.895127 -0.649383 -0.564029 -0.510071 0.407033 0.467572 0 255 0
-8.060619 14.857554 -12.055077 -0.649383 -0.564029 -0.510071 0.406841 0.463487 0 255 0
4.383298 9.849216 -7.479191 0.000000 -0.950943 -0.309367 0.190842 0.144482 0 255 0
4.369062 9.817866 -7.382826 0.000000 -0.950943 -0.309367 0.190657 0.147111 0 255 0
-0.002642 9.817866 -7.382826 0.000000 -0.950943 -0.309367 0.133717 0.147111 0 255 0
-4.327484 9.817866 -7.382826 0.000000 -0.950943 -0.309367 0.077388 0.147111 0 255 0
-4.341471 9.849216 -7.479191 -0.000000 -0.950943 -0.309367 0.077206 0.144482 0 255 0
-4.161523 9.849216 -7.479191 -0.000000 -0.950943 -0.309367 0.079550 0.144482 0 255 0
4.203350 9.849216 -7.479191 -0.000000 -0.950943 -0.309367 0.188499 0.144482 0 255 0
4.851701 11.337853 -12.055077 0.000000 -0.950942 -0.309368 0.196943 0.019665 0 255 0
4.942123 11.275466 -11.863309 0.000000 -0.950942 -0.309368 0.198126 0.024815 0 255 0
-4.888503 11.275466 -11.863309 0.000000 -0.950942 -0.309368 0.070076 0.024834 0 255 0
-4.798083 11.337853 -12.055077 -0.000000 -0.950942 -0.309368 0.071258 0.019665 0 255 0
9.537653 8.375466 -2.949073 0.000000 -0.950945 -0.309359 0.257976 0.268051 0 255 0
9.631965 8.313082 -2.757308 0.000000 -0.950945 -0.309359 0.259204 0.273282 0 255 0
5.461026 8.313082 -2.757308 0.000000 -0.950945 -0.309359 0.204879 0.273282 0 255 0
5.461026 8.313082 -2.757308 0.000000 -0.950944 -0.309363 0.204879 0.273282 0 255 0
4.369062 8.313082 -2.757308 0.000000 -0.950944 -0.309363 0.190657 0.273282 0 255 0
4.369062 9.817866 -7.382826 0.000000 -0.950944 -0.309363 0.190657 0.147111 0 255 0
9.537653 8.375466 -2.949073 -0.000000 -0.950944 -0.309363 0.257976 0.268051 0 255 0
9.537653 8.375466 -2.949073 0.000003 -0.950943 -0.309367 0.257976 0.268051 0 255 0
4.369062 9.817866 -7.382826 0.000003 -0.950943 -0.309367 0.190657 0.147111 0 255 0
4.383298 9.849216 -7.479191 0.000003 -0.950943 -0.309367 0.190842 0.144482 0 255 0
-11.378551 11.593340 3.051542 -0.547744 -0.639483 0.539479 0.531383 0.355418 0 255 0
-11.452189 11.569093 2.948033 -0.547744 -0.639483 0.539479 0.530165 0.357475 0 255 0
-11.368738 11.578173 3.043526 -0.547744 -0.639483 0.539479 0.531181 0.355140 0 255 0
-7.406024 12.009321 7.577974 -0.547746 -0.639478 0.539484 0.579443 0.244269 0 255 0
-7.881843 12.744773 7.966636 -0.547746 -0.639478 0.539484 0.589238 0.257756 0 255 0
-7.955482 12.720524 7.863126 -0.547746 -0.639478 0.539484 0.588020 0.259813 0 255 0
-7.955482 12.720524 7.863126 -0.547740 -0.639476 0.539491 0.588020 0.259813 0 255 0
-7.489476 12.000241 7.482483 -0.547740 -0.639476 0.539491 0.578427 0.246604 0 255 0
-7.406024 12.009321 7.577974 -0.547740 -0.639476 0.539491 0.579443 0.244269 0 255 0
-7.881843 14.505136 7.966636 -0.815052 -0.030722 0.578572 0.606886 0.281924 0 255 0
-9.572042 15.531913 5.640124 -0.815052 -0.030722 0.578572 0.585000 0.348524 0 255 0
-9.610820 15.511256 5.584400 -0.815052 -0.030722 0.578572 0.584470 0.349846 0 255 0
-11.452189 14.469322 2.938588 -0.815123 0.001887 0.579285 0.558684 0.411467 0 255 0
-11.452189 11.630169 2.947834 -0.815123 0.001887 0.579285 0.530766 0.358612 0 255 0
-11.379272 11.654346 3.050358 -0.815123 0.001887 0.579285 0.531972 0.356576 0 255 0
-11.379272 11.654346 3.050358 -0.820820 0.001417 0.571186 0.531972 0.356576 0 255 0
-11.412692 14.490053 2.995296 -0.820820 0.001417 0.571186 0.559353 0.410377 0 255 0
-11.452189 14.469322 2.938588 -0.820820 0.001417 0.571186 0.558684 0.411467 0 255 0
1.900445 13.825128 7.966636 0.000000 0.000000 1.000000 0.734565 0.264428 0 255 0
2.500529 13.376855 7.966636 0.000000 0.000000 1.000000 0.742380 0.252751 0 255 0
4.208054 13.376855 7.966636 0.000000 0.000000 1.000000 0.764620 0.252751 0 255 0
4.208054 14.059530 7.966636 -0.000000 0.000000 1.000000 0.764620 0.270534 0 255 0
5.294555 14.505136 7.966636 -0.000000 0.000000 1.000000 0.774944 0.282116 0 255 0
-2.197806 14.505136 7.966636 -0.000000 0.000000 1.000000 0.681135 0.282043 0 255 0
0.444127 13.825128 7.966636 0.000000 0.000000 1.000000 0.715597 0.264428 0 255 0
7.195280 13.376855 9.290960 0.000000 -1.000000 0.000000 0.894522 0.163447 0 255 0
6.435527 13.376855 8.215366 0.000000 -1.000000 0.000000 0.884611 0.135308 0 255 0
6.435527 13.376855 7.966636 0.000000 -1.000000 0.000000 0.884602 0.128808 0 255 0
7.935464 13.376855 7.966636 -0.000000 -1.000000 -0.000000 0.904139 0.128808 0 255 0
7.139104 13.376855 9.290960 0.000000 -1.000000 -0.000000 0.893790 0.163447 0 255 0
6.086771 10.074762 8.654524 -0.000000 0.000000 1.000000 0.822584 0.119737 0 255 0
1.194800 9.729541 8.654524 0.000000 0.000000 1.000000 0.758868 0.110744 0 255 0
5.684854 9.729541 8.654524 0.000000 0.000000 1.000000 0.817349 0.110744 0 255 0
6.086771 13.376855 8.654524 -0.000000 0.000000 1.000000 0.822584 0.205754 0 255 0
4.592528 13.376855 8.654524 -0.000000 0.000000 1.000000 0.802953 0.205791 0 255 0
-2.577436 10.588106 8.159342 1.000000 0.000000 0.000000 0.305705 0.573678 0 255 0
-2.577436 11.071623 7.789085 1.000000 0.000000 0.000000 0.310565 0.585902 0 255 0
-7.010619 11.107569 10.733088 0.000000 0.000000 1.000000 0.225811 0.581878 0 255 0
-3.688001 11.107569 10.733088 0.000000 0.000000 1.000000 0.269087 0.581878 0 255 0
-3.986561 12.119231 10.733088 0.000000 0.000000 1.000000 0.265198 0.605790 0 255 0
-6.712056 12.119231 10.733088 0.000000 0.000000 1.000000 0.229700 0.605790 0 255 0
-2.197806 14.505136 7.966636 0.000000 0.914864 0.403762 0.681135 0.282043 0 255 0
5.294555 14.505136 7.966636 0.000000 0.914864 0.403762 0.774944 0.282116 0 255 0
5.244972 15.315528 6.130411 0.000000 0.914864 0.403762 0.774288 0.334608 0 255 0
5.244972 15.315528 6.130411 0.000000 0.914864 0.403763 0.774288 0.334608 0 255 0
-2.197806 14.505136 7.966636 0.000000 0.914864 0.403763 0.681135 0.282043 0 255 0
-11.452189 9.742730 0.794966 -1.000000 -0.000000 0.000000 0.439095 0.807385 0 255 0
-11.452189 11.569093 2.948033 -1.000000 -0.000000 0.000000 0.420178 0.852394 0 255 0
-11.452189 11.569093 0.882156 -1.000000 -0.000000 0.000000 0.420018 0.807850 0 255 0
-7.989623 12.778083 7.816128 -0.813033 0.000000 0.582218 0.587946 0.261670 0 255 0
-7.881843 12.781080 7.966636 -0.813033 0.000000 0.582218 0.589602 0.258254 0 255 0
-7.881843 14.468827 7.966636 -0.813033 0.000000 0.582218 0.606522 0.281426 0 255 0
-7.881843 14.468827 7.966636 -0.809450 -0.000671 0.587188 0.606522 0.281426 0 255 0
-9.576678 15.453697 5.631399 -0.809450 -0.000671 0.587188 0.584543 0.347989 0 255 0
-7.989623 12.778083 7.816128 -0.809450 -0.000671 0.587188 0.587946 0.261670 0 255 0
4.208054 14.059530 7.966636 -0.000000 1.000000 0.000001 0.855515 0.215796 0 255 0
4.948241 14.059529 9.290960 -0.000000 1.000000 0.000001 0.865210 0.181162 0 255 0
7.195280 13.376855 9.290960 -0.000000 0.000000 1.000000 0.894522 0.163447 0 255 0
7.195280 14.059529 9.290960 -0.000000 0.000000 1.000000 0.894504 0.181162 0 255 0
7.869442 14.505136 7.966636 0.000000 0.914864 0.403762 0.812212 0.282140 0 255 0
7.869442 14.505136 7.966636 -0.000001 0.914864 0.403763 0.812212 0.282140 0 255 0
9.516143 15.526503 5.652381 -0.000001 0.914864 0.403763 0.833296 0.348817 0 255 0
5.244972 15.315528 6.130411 -0.000001 0.914864 0.403763 0.774288 0.334608 0 255 0
5.533775 19.367504 -7.127105 0.000000 0.849355 -0.527821 0.781785 0.703809 0 255 0
6.751806 18.585093 -8.386140 0.000000 0.849355 -0.527821 0.796959 0.737854 0 255 0
-6.698176 18.585093 -8.386140 0.000000 0.849355 -0.527821 0.623170 0.737893 0 255 0
-5.480152 19.367504 -7.127105 0.000000 0.849355 -0.527821 0.638333 0.703809 0 255 0
7.178372 16.220060 -12.055077 0.000000 0.000000 -1.000000 0.802345 0.852526 0 255 0
-7.123933 16.220060 -12.055077 -0.000000 0.000000 -1.000000 0.617783 0.852526 0 255 0
-6.996678 18.536312 -8.461812 0.000000 0.840508 -0.541799 0.619315 0.740258 0 255 0
-7.422450 16.268839 -11.979404 0.000000 0.840508 -0.541799 0.613929 0.850162 0 255 0
7.050323 18.536312 -8.461812 0.000000 0.840508 -0.541799 0.800814 0.740218 0 255 0
7.476872 16.268839 -11.979404 0.000000 0.840508 -0.541799 0.806199 0.850161 0 255 0
-5.717089 19.367504 -7.127105 -0.000000 1.000000 0.000001 0.635247 0.703809 0 255 0
-5.163870 19.367500 -3.050708 -0.000000 1.000000 0.000001 0.642472 0.597080 0 255 0
5.217492 19.367500 -3.050708 -0.000000 1.000000 0.000001 0.777800 0.597267 0 255 0
5.770710 19.367504 -7.127105 -0.000000 1.000000 0.000001 0.784871 0.703809 0 255 0
-5.005672 11.337853 -12.055077 -0.000000 -0.000000 -1.000000 0.645118 0.979952 0 255 0
-8.060619 14.857554 -12.055077 -0.000000 -0.000000 -1.000000 0.605696 0.888087 0 255 0
8.114241 14.857554 -12.055077 0.000000 0.000000 -1.000000 0.814421 0.888087 0 255 0
5.059292 11.337853 -12.055077 0.000000 0.000000 -1.000000 0.774999 0.979952 0 255 0
-4.341471 9.849216 -7.479191 -0.000000 -0.950944 -0.309363 0.077206 0.144482 0 255 0
5.153603 11.275466 -11.863309 -0.000000 -0.950944 -0.309363 0.200881 0.024814 0 255 0
4.383298 9.849216 -7.479191 -0.000000 -0.950944 -0.309363 0.190842 0.144482 0 255 0
5.059292 11.337853 -12.055077 0.000000 -0.950942 -0.309368 0.199647 0.019665 0 255 0
5.153603 11.275466 -11.863309 0.000000 -0.950942 -0.309368 0.200881 0.024814 0 255 0
-5.099983 11.275466 -11.863309 0.000000 -0.950942 -0.309368 0.067321 0.024834 0 255 0
-5.005672 11.337853 -12.055077 0.000000 -0.950942 -0.309368 0.068554 0.019665 0 255 0
5.770710 19.367504 -7.127105 0.000000 0.849355 -0.527821 0.784871 0.703809 0 255 0
7.041147 18.585093 -8.386140 0.000000 0.849355 -0.527821 0.800698 0.737853 0 255 0
-6.987518 18.585093 -8.386140 0.000000 0.849355 -0.527821 0.619431 0.737894 0 255 0
-5.717089 19.367504 -7.127105 0.000000 0.849355 -0.527821 0.635247 0.703809 0 255 0
7.486049 16.220060 -12.055077 0.000000 0.000000 -1.000000 0.806315 0.852526 0 255 0
-7.431610 16.220060 -12.055077 0.000000 -0.000000 -1.000000 0.613813 0.852526 0 255 0
5.346082 19.267736 -2.969593 0.589434 0.805826 0.056671 0.779583 0.594610 0 255 0
5.217492 19.367500 -3.050708 0.589434 0.805826 0.056671 0.777800 0.597267 0 255 0
5.282331 19.311083 -2.922876 0.589434 0.805826 0.056671 0.778639 0.593617 0 255 0
-7.881843 14.505136 7.966636 -0.000000 0.891160 0.453689 0.989384 0.244542 0 255 0
-6.813979 13.296731 10.340247 -0.000000 0.891160 0.453689 0.954784 0.215996 0 255 0
-3.197957 13.296731 10.340247 -0.000000 0.891160 0.453689 0.954856 0.122165 0 255 0
-2.197806 14.505136 7.966636 -0.000000 0.891160 0.453689 0.989380 0.097865 0 255 0
-6.813979 12.756157 10.340247 0.000000 0.000000 1.000000 0.948014 0.218972 0 255 0
-6.813979 13.285347 10.340247 0.000000 0.000000 1.000000 0.954641 0.216059 0 255 0
-3.197957 13.285347 10.340247 0.000000 0.000000 1.000000 0.954708 0.122188 0 255 0
-3.197957 12.756157 10.340247 0.000000 0.000000 1.000000 0.947823 0.123249 0 255 0
-9.478990 15.527450 5.650235 0.000007 0.914865 0.403759 0.586172 0.348235 0 255 0
-9.572042 15.531913 5.640124 0.000007 0.914865 0.403759 0.585000 0.348524 0 255 0
-7.881843 14.505136 7.966636 0.000007 0.914865 0.403759 0.606886 0.281924 0 255 0
-7.881843 14.505136 7.966636 0.000000 0.914863 0.403763 0.606886 0.281924 0 255 0
-7.764610 14.505136 7.966636 0.000000 0.914863 0.403763 0.608417 0.281926 0 255 0
-9.478990 15.527450 5.650235 0.000000 0.914863 0.403763 0.586172 0.348235 0 255 0
-9.478990 15.527450 5.650235 0.000000 0.914863 0.403764 0.586172 0.348235 0 255 0
-5.107024 15.317760 6.125355 0.000000 0.914863 0.403764 0.641231 0.334645 0 255 0
-5.127903 19.244249 -2.771439 0.000000 0.914863 0.403764 0.642880 0.589093 0 255 0
5.145816 19.310921 -2.922507 -0.000000 0.914863 0.403764 0.776825 0.593598 0 255 0
5.244972 15.315528 6.130411 -0.000000 0.914863 0.403764 0.774288 0.334608 0 255 0
9.516143 15.526503 5.652381 -0.000000 0.914863 0.403764 0.833296 0.348817 0 255 0
-9.610820 15.511256 5.584400 -0.821046 0.001376 0.570860 0.584470 0.349846 0 255 0
-11.413413 14.551056 2.994112 -0.821046 0.001376 0.570860 0.559942 0.411535 0 255 0
-11.412692 14.490053 2.995296 -0.821046 0.001376 0.570860 0.559353 0.410377 0 255 0
-11.412692 14.490053 2.995296 -0.817837 -0.015400 0.575243 0.559353 0.410377 0 255 0
-9.576678 15.453697 5.631399 -0.817837 -0.015400 0.575243 0.584543 0.347989 0 255 0
-9.610820 15.511256 5.584400 -0.817837 -0.015400 0.575243 0.584470 0.349846 0 255 0
-11.378551 11.593340 3.051542 -0.813879 -0.008375 0.580974 0.531383 0.355418 0 255 0
-7.955482 12.720524 7.863126 -0.813879 -0.008375 0.580974 0.588020 0.259813 0 255 0
-7.989623 12.778083 7.816128 -0.813879 -0.008375 0.580974 0.587946 0.261670 0 255 0
-7.989623 12.778083 7.816128 -0.815079 0.001598 0.579347 0.587946 0.261670 0 255 0
-11.379272 11.654346 3.050358 -0.815079 0.001598 0.579347 0.531972 0.356576 0 255 0
-11.378551 11.593340 3.051542 -0.815079 0.001598 0.579347 0.531383 0.355418 0 255 0
-13.987631 11.569093 2.065040 -0.328885 0.003078 0.944365 0.548517 0.859331 0 255 0
-11.452189 11.569093 2.948033 -0.328885 0.003078 0.944365 0.513602 0.859331 0 255 0
-11.452189 11.630169 2.947834 -0.328885 0.003078 0.944365 0.513602 0.860921 0 255 0
-13.987631 11.569093 2.065040 -0.328820 0.000000 0.944393 0.548517 0.859331 0 255 0
-11.452189 14.469322 2.938588 -0.326701 0.003077 0.945123 0.513593 0.934819 0 255 0
-11.452189 14.530399 2.938389 -0.326701 0.003077 0.945123 0.513593 0.936409 0 255 0
-13.987631 13.584565 2.065040 -0.326701 0.003077 0.945123 0.548517 0.911844 0 255 0
-13.987631 13.584565 2.065040 -0.325743 0.000000 0.945458 0.548517 0.911844 0 255 0
-13.987631 13.542998 2.065040 -0.325743 0.000000 0.945458 0.548517 0.910761 0 255 0
-11.452189 14.469322 2.938588 -0.325743 0.000000 0.945458 0.513593 0.934819 0 255 0
-3.197957 12.744773 10.340247 0.496037 -0.034239 0.867626 0.947675 0.123272 0 255 0
0.444127 12.744773 8.258001 0.496037 -0.034239 0.867626 0.968342 0.027451 0 255 0
0.444127 12.767055 8.258881 0.496037 -0.034239 0.867626 0.968631 0.027456 0 255 0
-3.197957 12.744773 10.340247 0.496170 -0.000000 0.868225 0.947675 0.123272 0 255 0
0.444127 13.825128 8.300628 0.488613 -0.000000 0.872501 0.982372 0.027704 0 255 0
-3.197957 13.296731 10.340247 0.488613 -0.000000 0.872501 0.954856 0.122165 0 255 0
-3.197957 13.285347 10.340247 0.488613 -0.000000 0.872501 0.954708 0.122188 0 255 0
-3.197957 13.285347 10.340247 0.492193 -0.034322 0.869809 0.954708 0.122188 0 255 0
0.444127 13.802844 8.299748 0.492193 -0.034322 0.869809 0.982083 0.027699 0 255 0
0.444127 13.825128 8.300628 0.492193 -0.034322 0.869809 0.982372 0.027704 0 255 0
-6.813979 13.296731 10.340247 -0.911959 0.000000 0.410281 0.954784 0.215996 0 255 0
-7.881843 14.505136 7.966636 -0.911959 0.000000 0.410281 0.989384 0.244542 0 255 0
-7.881843 12.744773 7.966636 -0.911959 0.000000 0.410281 0.972570 0.275773 0 255 0
-6.813979 12.744773 10.340247 -0.911959 0.000000 0.410281 0.947871 0.219035 0 255 0
-6.739398 12.744773 10.340247 0.000000 0.000000 1.000000 0.947867 0.217060 0 255 0
-3.272537 12.744773 10.340247 0.000000 0.000000 1.000000 0.947679 0.125247 0 255 0
-3.272537 13.296731 10.340247 0.000000 0.000000 1.000000 0.954854 0.124100 0 255 0
-6.739398 13.296731 10.340247 0.000000 0.000000 1.000000 0.954785 0.214061 0 255 0
-11.452189 11.630169 2.947834 -0.815042 0.001889 0.579399 0.530766 0.358612 0 255 0
-11.452189 11.569093 2.948033 -0.815042 0.001889 0.579399 0.530165 0.357475 0 255 0
-11.378551 11.593340 3.051542 -0.815042 0.001889 0.579399 0.531383 0.355418 0 255 0
-11.378551 11.593340 3.051542 -0.815091 0.001598 0.579331 0.531383 0.355418 0 255 0
-11.379272 11.654346 3.050358 -0.815091 0.001598 0.579331 0.531972 0.356576 0 255 0
-11.452189 11.630169 2.947834 -0.815091 0.001598 0.579331 0.530766 0.358612 0 255 0
-11.412692 14.490053 2.995296 -0.821056 0.001376 0.570845 0.559353 0.410377 0 255 0
-11.413413 14.551056 2.994112 -0.821056 0.001376 0.570845 0.559942 0.411535 0 255 0
-11.452189 14.530399 2.938389 -0.821056 0.001376 0.570845 0.559285 0.412604 0 255 0
-11.452189 14.530399 2.938389 -0.820895 0.001859 0.571076 0.559285 0.412604 0 255 0
-11.452189 14.469322 2.938588 -0.820895 0.001859 0.571076 0.558684 0.411467 0 255 0
-11.412692 14.490053 2.995296 -0.820895 0.001859 0.571076 0.559353 0.410377 0 255 0
-7.955482 12.720524 7.863126 -0.814838 0.000000 0.579689 0.588020 0.259813 0 255 0
-7.881843 12.744773 7.966636 -0.814838 0.000000 0.579689 0.589238 0.257756 0 255 0
-7.881843 12.781080 7.966636 -0.814838 0.000000 0.579689 0.589602 0.258254 0 255 0
-7.881843 12.781080 7.966636 -0.812951 -0.006747 0.582293 0.589602 0.258254 0 255 0
-7.989623 12.778083 7.816128 -0.812951 -0.006747 0.582293 0.587946 0.261670 0 255 0
-7.955482 12.720524 7.863126 -0.812951 -0.006747 0.582293 0.588020 0.259813 0 255 0
-7.881843 14.505136 7.966636 -0.809443 -0.000658 0.587198 0.606886 0.281924 0 255 0
-9.610820 15.511256 5.584400 -0.809443 -0.000658 0.587198 0.584470 0.349846 0 255 0
-9.576678 15.453697 5.631399 -0.809443 -0.000658 0.587198 0.584543 0.347989 0 255 0
-9.576678 15.453697 5.631399 -0.809316 0.000000 0.587374 0.584543 0.347989 0 255 0
-7.881843 14.468827 7.966636 -0.809316 0.000000 0.587374 0.606522 0.281426 0 255 0
-7.881843 14.505136 7.966636 -0.809316 0.000000 0.587374 0.606886 0.281924 0 255 0
-6.813979 12.744773 10.340247 0.000000 0.000000 1.000000 0.947871 0.219035 0 255 0
-6.813979 13.296731 10.340247 0.000000 0.000000 1.000000 0.954784 0.215996 0 255 0
-3.197957 13.296731 10.340247 0.000000 0.000000 1.000000 0.954856 0.122165 0 255 0
-3.197957 12.744773 10.340247 0.000000 0.000000 1.000000 0.947675 0.123272 0 255 0
11.452193 11.569093 2.938506 0.325716 0.000000 0.945468 0.513602 0.859331 0 255 0
13.987631 11.569093 2.065040 0.325716 0.000000 0.945468 0.548517 0.859331 0 255 0
13.987631 11.610662 2.065040 0.325716 0.000030 0.945468 0.548517 0.860414 0 255 0
11.452193 11.630169 2.938504 0.325716 0.000030 0.945468 0.513602 0.860921 0 255 0
11.452193 11.569093 2.938506 0.325716 0.000030 0.945468 0.513602 0.859331 0 255 0
13.987631 13.584565 2.065040 0.325687 0.000030 0.945478 0.548517 0.911844 0 255 0
11.452193 14.530399 2.938389 0.325687 0.000030 0.945478 0.513593 0.936409 0 255 0
11.452193 14.469322 2.938391 0.325687 0.000030 0.945478 0.513593 0.934819 0 255 0
11.452193 14.469322 2.938391 0.325678 0.000000 0.945481 0.513593 0.934819 0 255 0
13.987631 13.542998 2.065040 0.325678 0.000000 0.945481 0.548517 0.910761 0 255 0
13.987631 13.584565 2.065040 0.325678 0.000000 0.945481 0.548517 0.911844 0 255 0
11.452193 14.469322 2.938391 0.828451 0.000017 0.560062 0.860755 0.411483 0 255 0
11.452193 14.530399 2.938389 0.828451 0.000017 0.560062 0.860132 0.412648 0 255 0
11.414522 14.551056 2.994112 0.828451 0.000017 0.560062 0.859610 0.411339 0 255 0
11.452193 14.469322 2.938391 0.828442 0.000004 0.560075 0.860755 0.411483 0 255 0
11.414522 14.551056 2.994112 0.828442 0.000004 0.560075 0.859610 0.411339 0 255 0
9.663331 15.511256 5.584400 0.828442 0.000004 0.560075 0.835331 0.350490 0 255 0
11.452193 14.469322 2.938391 0.820343 -0.040256 0.570453 0.860755 0.411483 0 255 0
9.663331 15.511256 5.584400 0.820343 -0.040256 0.570453 0.835331 0.350490 0 255 0
9.603796 15.461235 5.666485 0.820343 -0.040256 0.570453 0.834728 0.347921 0 255 0
-7.505563 16.176804 -11.818813 -0.870499 0.454370 -0.189155 0.578869 0.820742 0 255 0
-7.514534 16.127846 -11.895129 -0.870499 0.454370 -0.189155 0.578517 0.822809 0 255 0
-11.382238 11.813220 -4.459987 -0.870499 0.454370 -0.189155 0.510632 0.608085 0 255 0
-11.382238 11.813220 -4.459987 -0.883651 0.412859 -0.220699 0.510632 0.608085 0 255 0
-11.381783 11.870988 -4.353747 -0.883651 0.412859 -0.220699 0.511572 0.605312 0 255 0
-7.505563 16.176804 -11.818813 -0.883651 0.412859 -0.220699 0.578869 0.820742 0 255 0
-11.360562 14.556260 0.584759 -0.871855 0.431830 -0.231068 0.555282 0.476419 0 255 0
-11.360106 14.614028 0.690998 -0.871855 0.431830 -0.231068 0.556223 0.473647 0 255 0
-7.079602 18.501463 -8.194982 -0.871855 0.431830 -0.231068 0.595602 0.722585 0 255 0
-7.079602 18.501463 -8.194982 -0.856070 0.474887 -0.204024 0.595602 0.722585 0 255 0
-7.088572 18.452505 -8.271297 -0.856070 0.474887 -0.204024 0.595250 0.724652 0 255 0
-11.360562 14.556260 0.584759 -0.856070 0.474887 -0.204024 0.555282 0.476419 0 255 0
7.132126 18.501463 -8.194982 0.874344 0.427923 -0.228918 0.801785 0.732624 0 255 0
11.361217 14.614028 0.690998 0.874344 0.427923 -0.228918 0.863127 0.473716 0 255 0
11.361673 14.556262 0.584759 0.874344 0.427923 -0.228918 0.864048 0.476490 0 255 0
11.361673 14.556262 0.584759 0.858397 0.471732 -0.201550 0.864048 0.476490 0 255 0
7.141112 18.452505 -8.271297 0.858397 0.471732 -0.201550 0.802606 0.734486 0 255 0
7.132126 18.501463 -8.194982 0.858397 0.471732 -0.201550 0.801785 0.732624 0 255 0
11.383349 11.813220 -4.459987 0.872958 0.450782 -0.186387 0.907773 0.608201 0 255 0
7.567850 16.127846 -11.895127 0.872958 0.450782 -0.186387 0.841544 0.822887 0 255 0
7.558863 16.176804 -11.818812 0.872958 0.450782 -0.186387 0.840724 0.821026 0 255 0
7.558863 16.176804 -11.818812 0.886239 0.408548 -0.218333 0.840724 0.821026 0 255 0
11.382893 11.870987 -4.353747 0.886239 0.408548 -0.218333 0.906853 0.605427 0 255 0
11.383349 11.813220 -4.459987 0.886239 0.408548 -0.218333 0.907773 0.608201 0 255 0
-6.698176 18.585093 -8.386140 0.000000 0.840500 -0.541811 0.623170 0.737893 0 255 0
6.751806 18.585093 -8.386140 0.000000 0.840500 -0.541811 0.796959 0.737854 0 255 0
6.760605 18.536312 -8.461812 0.000000 0.840500 -0.541811 0.797070 0.740219 0 255 0
-6.706958 18.536312 -8.461812 0.000000 0.840500 -0.541811 0.623059 0.740257 0 255 0
7.178372 16.220060 -12.055077 0.000000 0.840510 -0.541796 0.802345 0.852526 0 255 0
-7.123933 16.220060 -12.055077 0.000000 0.840510 -0.541796 0.617783 0.852526 0 255 0
-7.115150 16.268839 -11.979404 0.000000 0.840510 -0.541796 0.617894 0.850162 0 255 0
7.169574 16.268839 -11.979404 0.000000 0.840510 -0.541796 0.802234 0.850161 0 255 0
-11.452189 14.473036 0.775274 -0.872062 0.431213 -0.231436 0.554334 0.471333 0 255 0
-11.452189 14.530400 0.882156 -0.872062 0.431213 -0.231436 0.555241 0.468555 0 255 0
-11.360106 14.614028 0.690998 -0.872062 0.431213 -0.231436 0.556223 0.473647 0 255 0
-11.360106 14.614028 0.690998 -0.872050 0.431524 -0.230901 0.556223 0.473647 0 255 0
-11.360562 14.556260 0.584759 -0.872050 0.431524 -0.230901 0.555282 0.476419 0 255 0
-11.452189 14.473036 0.775274 -0.872050 0.431524 -0.230901 0.554334 0.471333 0 255 0
-11.381783 11.870988 -4.353747 -0.883519 0.413078 -0.220819 0.511572 0.605312 0 255 0
-11.382238 11.813220 -4.459987 -0.883519 0.413078 -0.220819 0.510632 0.608085 0 255 0
-11.452189 11.749108 -4.300038 -0.883519 0.413078 -0.220819 0.511258 0.603235 0 255 0
-11.452189 11.749108 -4.300038 -0.883494 0.412752 -0.221527 0.511258 0.603235 0 255 0
-11.452189 11.806473 -4.193156 -0.883494 0.412752 -0.221527 0.512165 0.600457 0 255 0
-11.381783 11.870988 -4.353747 -0.883494 0.412752 -0.221527 0.511572 0.605312 0 255 0
-7.422450 16.268839 -11.979404 -0.870015 0.455617 -0.188378 0.580748 0.825586 0 255 0
-7.431610 16.220060 -12.055077 -0.870015 0.455617 -0.188378 0.579933 0.827433 0 255 0
-7.514534 16.127846 -11.895129 -0.870015 0.455617 -0.188378 0.578517 0.822809 0 255 0
-7.514534 16.127846 -11.895129 -0.870101 0.454956 -0.189578 0.578517 0.822809 0 255 0
-7.505563 16.176804 -11.818813 -0.870101 0.454956 -0.189578 0.578869 0.820742 0 255 0
-7.422450 16.268839 -11.979404 -0.870101 0.454956 -0.189578 0.580748 0.825586 0 255 0
-7.088572 18.452505 -8.271297 -0.855782 0.475284 -0.204312 0.595250 0.724652 0 255 0
-7.079602 18.501463 -8.194982 -0.855782 0.475284 -0.204312 0.595602 0.722585 0 255 0
-6.987518 18.585093 -8.386140 -0.855782 0.475284 -0.204312 0.619431 0.737894 0 255 0
-6.987518 18.585093 -8.386140 -0.855608 0.476033 -0.203294 0.619431 0.737894 0 255 0
-6.996678 18.536312 -8.461812 -0.855608 0.476033 -0.203294 0.618616 0.739741 0 255 0
-7.088572 18.452505 -8.271297 -0.855608 0.476033 -0.203294 0.595250 0.724652 0 255 0
11.452193 11.749108 -4.300038 0.886557 0.408014 -0.218041 0.908674 0.603816 0 255 0
11.383349 11.813220 -4.459987 0.886557 0.408014 -0.218041 0.907773 0.608201 0 255 0
11.382893 11.870987 -4.353747 0.886557 0.408014 -0.218041 0.906853 0.605427 0 255 0
11.382893 11.870987 -4.353747 0.886530 0.407666 -0.218797 0.906853 0.605427 0 255 0
11.452193 11.806473 -4.193156 0.886530 0.407666 -0.218797 0.907758 0.601024 0 255 0
11.452193 11.749108 -4.300038 0.886530 0.407666 -0.218797 0.908674 0.603816 0 255 0
11.361217 14.614028 0.690998 0.874567 0.427256 -0.229312 0.863127 0.473716 0 255 0
11.452193 14.530400 0.882156 0.874567 0.427256 -0.229312 0.864261 0.468465 0 255 0
11.452193 14.473036 0.775274 0.874567 0.427256 -0.229312 0.865177 0.471257 0 255 0
11.452193 14.473036 0.775274 0.874554 0.427592 -0.228736 0.865177 0.471257 0 255 0
11.361673 14.556262 0.584759 0.874554 0.427592 -0.228736 0.864048 0.476490 0 255 0
11.361217 14.614028 0.690998 0.874554 0.427592 -0.228736 0.863127 0.473716 0 255 0
7.041147 18.585093 -8.386140 0.858104 0.472139 -0.201845 0.800698 0.737853 0 255 0
7.132126 18.501463 -8.194982 0.858104 0.472139 -0.201845 0.801785 0.732624 0 255 0
7.141112 18.452505 -8.271297 0.858104 0.472139 -0.201845 0.802606 0.734486 0 255 0
7.141112 18.452505 -8.271297 0.857928 0.472899 -0.200814 0.802606 0.734486 0 255 0
7.050323 18.536312 -8.461812 0.857928 0.472899 -0.200814 0.801511 0.739702 0 255 0
7.041147 18.585093 -8.386140 0.857928 0.472899 -0.200814 0.800698 0.737853 0 255 0
7.567850 16.127846 -11.895127 0.872474 0.452049 -0.185582 0.841544 0.822887 0 255 0
7.486049 16.220060 -12.055077 0.872474 0.452049 -0.185582 0.840130 0.827501 0 255 0
7.476872 16.268839 -11.979404 0.872474 0.452049 -0.185582 0.839317 0.825652 0 255 0
7.476872 16.268839 -11.979404 0.872563 0.451371 -0.186811 0.839317 0.825652 0 255 0
7.558863 16.176804 -11.818812 0.872563 0.451371 -0.186811 0.840724 0.821026 0 255 0
7.567850 16.127846 -11.895127 0.872563 0.451371 -0.186811 0.841544 0.822887 0 255 0
-6.987518 18.585093 -8.386140 0.000000 0.840500 -0.541811 0.619431 0.737894 0 255 0
-6.706958 18.536312 -8.461812 0.000000 0.840501 -0.541811 0.623059 0.740257 0 255 0
-6.996678 18.536312 -8.461812 0.000000 0.840501 -0.541811 0.619315 0.740258 0 255 0
-6.987518 18.585093 -8.386140 0.000000 0.840501 -0.541811 0.619431 0.737894 0 255 0
-7.431610 16.220060 -12.055077 0.000000 0.840510 -0.541796 0.613813 0.852526 0 255 0
-7.422450 16.268839 -11.979404 0.000000 0.840510 -0.541796 0.613929 0.850162 0 255 0
7.476872 16.268839 -11.979404 0.000000 0.840510 -0.541796 0.806199 0.850161 0 255 0
7.486049 16.220060 -12.055077 0.000000 0.840510 -0.541796 0.806315 0.852526 0 255 0
7.041147 18.585093 -8.386140 0.000000 0.840500 -0.541811 0.800698 0.737853 0 255 0
7.050323 18.536312 -8.461812 0.000000 0.840500 -0.541811 0.800814 0.740218 0 255 0
-9.578343 8.313080 0.794966 -0.606569 -0.795031 0.000000 0.468496 0.807326 0 255 0
-11.452189 9.742730 0.794966 -0.606569 -0.795031 0.000000 0.439095 0.807385 0 255 0
-11.452189 9.742730 -2.757307 -0.606568 -0.795031 -0.000021 0.437853 0.705599 0 255 0
-9.578343 8.313082 -2.757308 -0.606568 -0.795031 -0.000021 0.467297 0.704081 0 255 0
-9.578343 8.313080 -2.684042 -0.606568 -0.795031 -0.000021 0.467322 0.706210 0 255 0
-11.452189 9.742730 -2.757307 -0.606569 -0.795031 0.000000 0.437853 0.705599 0 255 0
-11.452189 11.749108 -4.300038 -1.000000 0.000000 0.000000 0.416145 0.661553 0 255 0
-11.452189 9.742730 -2.757307 -1.000000 0.000000 0.000000 0.437853 0.705599 0 255 0
-11.452189 14.530400 0.882156 -1.000000 0.000000 0.000000 0.384847 0.807344 0 255 0
6.435527 7.484538 4.288350 1.000000 0.000000 -0.000000 0.344553 0.218251 0 255 0
6.435527 8.313080 3.752337 1.000000 0.000000 -0.000000 0.356953 0.224681 0 255 0
5.980653 9.453363 6.064221 0.000000 -0.669783 0.742557 0.338573 0.287510 0 255 0
4.369062 9.453363 6.064221 0.000000 -0.669783 0.742557 0.317601 0.287520 0 255 0
4.369062 7.484538 4.288350 0.000000 -0.669783 0.742557 0.317601 0.218189 0 255 0
6.435527 7.484538 4.288350 0.000000 -0.669783 0.742557 0.344553 0.218251 0 255 0
5.980653 9.453363 6.064221 -0.000000 -1.000000 -0.000000 0.821214 0.047174 0 255 0
5.980653 9.453363 8.215366 -0.000000 -1.000000 -0.000000 0.821208 0.103546 0 255 0
0.899001 9.453363 8.215366 0.000000 -1.000000 -0.000000 0.755021 0.103546 0 255 0
0.444127 12.744773 8.258001 -1.000000 -0.000000 0.000000 0.749036 0.189282 0 255 0
0.444127 12.744773 7.966636 -1.000000 -0.000000 0.000000 0.745164 0.189142 0 255 0
0.444127 11.907157 7.966636 -1.000000 0.000000 0.000000 0.745354 0.167326 0 255 0
0.444127 11.569093 6.609021 -1.000000 0.000000 0.000000 0.727647 0.157900 0 255 0
-3.806525 10.749345 6.609021 0.000002 -0.760876 0.648897 0.838794 0.898914 0 255 0
-4.327484 10.749454 6.609150 0.000002 -0.760876 0.648897 0.832009 0.898918 0 255 0
-4.327484 9.453363 5.089397 0.000002 -0.760876 0.648897 0.832009 0.846709 0 255 0
-4.327484 9.453363 5.089397 -0.000000 -0.760876 0.648898 0.832009 0.846709 0 255 0
-2.863049 9.099493 4.674461 -0.000000 -0.760876 0.648898 0.851083 0.832454 0 255 0
0.899001 9.453363 5.089397 0.000000 -0.760876 0.648898 0.900061 0.848522 0 255 0
-2.863049 9.099493 4.674461 0.000000 -0.760875 0.648898 0.851083 0.832454 0 255 0
7.977664 14.415025 7.908455 0.813681 -0.001452 0.581310 0.814909 0.282213 0 255 0
7.935464 14.059530 7.966636 0.813681 -0.001452 0.581310 0.817829 0.275936 0 255 0
7.994707 13.347432 7.881933 0.813681 -0.001452 0.581310 0.825907 0.267667 0 255 0
7.994707 13.347432 7.881933 0.819454 -0.000000 0.573145 0.825907 0.267667 0 255 0
7.935464 13.376855 7.966636 0.819454 -0.000000 0.573145 0.824813 0.266131 0 255 0
7.935464 12.744773 7.966636 0.819454 -0.000000 0.573145 0.831280 0.257052 0 255 0
7.935464 12.744773 7.966636 0.819457 -0.000001 0.573141 0.831280 0.257052 0 255 0
8.005105 12.819368 7.867066 0.819457 -0.000001 0.573141 0.831448 0.260420 0 255 0
7.994707 13.347432 7.881933 0.819457 -0.000001 0.573141 0.825907 0.267667 0 255 0
11.452193 11.569093 2.938506 0.819461 0.000018 0.573135 0.890352 0.356153 0 255 0
11.452193 11.630169 2.938504 0.819461 0.000018 0.573135 0.889729 0.357318 0 255 0
8.005105 12.819368 7.867066 0.819461 0.000018 0.573135 0.831448 0.260420 0 255 0
8.005105 12.819368 7.867066 0.819458 -0.000005 0.573139 0.831448 0.260420 0 255 0
7.935464 12.744773 7.966636 0.819458 -0.000005 0.573139 0.831280 0.257052 0 255 0
11.452193 11.569093 2.938506 0.819458 -0.000005 0.573139 0.890352 0.356153 0 255 0
9.603796 15.461235 5.666485 0.820583 -0.041224 0.570038 0.834728 0.347921 0 255 0
9.663331 15.511256 5.584400 0.820583 -0.041224 0.570038 0.835331 0.350490 0 255 0
9.625659 15.531913 5.640124 0.820583 -0.041224 0.570038 0.834809 0.349181 0 255 0
7.977664 14.415025 7.908455 0.817325 -0.038404 0.574896 0.814909 0.282213 0 255 0
9.603796 15.461235 5.666485 0.817325 -0.038404 0.574896 0.834728 0.347921 0 255 0
9.625659 15.531913 5.640124 0.817325 -0.038404 0.574896 0.834809 0.349181 0 255 0
7.977664 14.415025 7.908455 0.809136 -0.000477 0.587622 0.814909 0.282213 0 255 0
9.625659 15.531913 5.640124 0.809136 -0.000477 0.587622 0.834809 0.349181 0 255 0
7.935464 14.505136 7.966636 0.809136 -0.000477 0.587622 0.813168 0.282141 0 255 0
7.935464 14.059530 7.966636 0.819454 -0.000000 0.573145 0.817829 0.275936 0 255 0
7.977664 14.415025 7.908455 0.809487 -0.000000 0.587138 0.814909 0.282213 0 255 0
7.935464 14.505136 7.966636 0.809487 -0.000000 0.587138 0.813168 0.282141 0 255 0
7.935464 14.059530 7.966636 0.809487 -0.000000 0.587138 0.817829 0.275936 0 255 0
5.217492 19.367500 -3.050708 -0.000000 0.914864 0.403762 0.777800 0.597267 0 255 0
5.003376 19.367500 -3.050708 -0.000000 0.914864 0.403762 0.775009 0.597263 0 255 0
5.145816 19.310921 -2.922507 -0.000000 0.914864 0.403762 0.776825 0.593598 0 255 0
5.145816 19.310921 -2.922507 0.000004 0.914863 0.403764 0.776825 0.593598 0 255 0
5.282331 19.311083 -2.922876 0.000004 0.914863 0.403764 0.778639 0.593617 0 255 0
5.217492 19.367500 -3.050708 0.000004 0.914863 0.403764 0.777800 0.597267 0 255 0
-5.127903 19.244249 -2.771439 -0.000000 0.914864 0.403761 0.642880 0.589093 0 255 0
-4.949755 19.367500 -3.050708 -0.000000 0.914864 0.403761 0.645263 0.597084 0 255 0
-5.163870 19.367500 -3.050708 -0.000000 0.914864 0.403761 0.642472 0.597080 0 255 0
-5.163870 19.367500 -3.050708 -0.000001 0.914864 0.403761 0.642472 0.597080 0 255 0
-5.243156 19.298513 -2.894394 -0.000001 0.914864 0.403761 0.641438 0.592609 0 255 0
-5.127903 19.244249 -2.771439 -0.000001 0.914864 0.403761 0.642880 0.589093 0 255 0
-4.949755 19.367500 -3.050708 -0.000000 0.914864 0.403762 0.645263 0.597084 0 255 0
5.145816 19.310921 -2.922507 0.000000 0.914864 0.403761 0.776825 0.593598 0 255 0
3 0 1 2
3 1 3 2
3 4 5 6
3 6 5 7
3 8 9 10
3 10 9 11
3 12 13 14
3 14 13 15
3 16 17 18
3 18 17 19
3 20 21 22
3 21 20 23
3 24 25 26
3 25 24 27
3 28 29 30
3 29 28 31
3 32 33 34
3 33 32 35
3 36 37 38
3 37 36 39
3 40 41 42
3 41 40 43
3 44 45 46
3 44 46 47
3 48 49 50
3 49 48 51
3 52 53 54
3 52 54 55
3 56 57 58
3 56 58 59
3 60 61 62
3 62 63 60
3 64 65 66
3 65 67 66
3 68 69 70
3 69 71 70
3 72 73 74
3 73 75 74
3 76 77 78
3 77 79 78
3 80 81 82
3 83 80 82
3 84 83 82
3 85 84 82
3 86 85 82
3 87 86 82
3 88 87 82
3 89 88 82
3 90 89 82
3 91 90 82
3 92 91 82
3 93 92 82
3 94 93 82
3 95 94 82
3 96 95 82
3 97 96 82
3 98 97 82
3 99 98 82
3 100 99 82
3 81 100 82
3 101 102 103
3 102 104 103
3 104 105 103
3 105 106 103
3 106 107 103
3 107 108 103
3 108 109 103
3 109 110 103
3 110 111 103
3 111 112 103
3 112 113 103
3 113 114 103
3 114 115 103
3 115 116 103
3 116 117 103
3 117 118 103
3 118 119 103
3 119 120 103
3 120 121 103
3 121 101 103
3 122 123 124
3 124 125 122
3 126 127 128
3 129 130 131
3 132 133 134
3 134 135 132
3 136 137 138
3 138 139 136
3 140 141 142
3 143 144 145
3 146 147 148
3 149 150 151
3 152 153 154
3 155 156 157
3 158 159 160
3 161 162 163
3 164 165 166
3 166 167 164
3 168 169 170
3 171 172 173
3 174 175 176
3 177 178 179
3 180 181 182
3 183 184 185
3 186 187 188
3 189 190 191
3 192 193 194
3 195 196 197
3 198 199 200
3 201 202 203
3 204 205 206
3 207 208 209
3 210 211 212
3 213 214 215
3 216 217 218
3 219 220 221
3 222 223 224
3 225 226 227
3 228 229 230
3 231 232 233
3 234 235 236
3 237 238 239
3 240 241 242
3 243 244 245
3 246 247 248
3 249 250 251
3 252 253 254
3 255 256 257
3 258 259 260
3 261 262 263
3 264 265 266
3 267 268 269
3 270 271 272
3 273 274 275
3 276 277 278
3 279 280 281
3 282 283 284
3 285 286 287
3 288 289 290
3 290 291 288
3 292 293 294
3 295 296 297
3 298 299 300
3 301 302 303
3 304 305 306
3 307 308 309
3 310 311 312
3 313 314 315
3 316 317 318
3 319 320 321
3 322 323 324
3 325 326 327
3 328 329 330
3 331 332 333
3 334 335 336
3 337 338 339
3 340 341 342
3 343 344 345
3 346 347 348
3 349 350 351
3 352 353 354
3 355 356 357
3 358 359 360
3 361 362 363
3 364 365 366
3 367 368 369
3 370 371 372
3 373 374 375
3 376 377 378
3 379 380 381
3 382 383 384
3 385 386 387
3 388 389 390
3 391 392 393
3 394 395 396
3 397 398 399
3 400 401 402
3 403 404 405
3 406 407 408
3 409 410 411
3 412 413 414
3 415 416 417
3 418 419 420
3 421 422 423
3 424 425 426
3 427 428 429
3 429 430 427
3 431 432 433
3 434 435 436
3 437 438 439
3 440 441 442
3 443 444 445
3 446 447 448
3 449 446 448
3 450 449 448
3 451 452 453
3 451 453 454
3 455 451 454
3 455 454 456
3 457 455 456
3 457 456 458
3 457 458 459
3 460 457 459
3 461 462 463
3 463 464 461
3 465 466 467
3 466 468 467
3 469 470 471
3 472 473 474
3 475 476 477
3 478 479 480
3 481 482 483
3 481 483 484
3 485 481 484
3 485 484 486
3 485 486 487
3 488 485 487
3 489 488 487
3 489 487 490
3 491 489 490
3 492 493 494
3 492 494 495
3 496 492 495
3 497 498 499
3 500 497 499
3 501 500 499
3 502 503 504
3 504 505 502
3 506 507 508
3 508 509 506
3 510 511 512
3 511 513 512
3 514 515 516
3 516 517 514
3 518 519 520
3 519 521 520
3 522 523 524
3 524 525 522
3 526 527 528
3 528 529 526
3 530 531 532
3 532 533 530
3 534 535 536
3 537 538 539
3 540 537 539
3 541 540 539
3 542 543 544
3 543 545 544
3 546 547 548
3 549 550 551
3 551 552 549
3 553 554 555
3 554 556 555
3 557 558 559
3 558 560 559
3 561 562 563
3 563 564 561
3 565 566 567
3 566 568 567
3 569 570 571
3 571 572 569
3 573 574 575
3 575 576 573
3 577 578 579
3 579 580 577
3 581 582 583
3 584 581 583
3 585 584 583
3 586 585 583
3 587 588 589
3 589 588 590
3 476 591 592
3 593 594 595
3 595 596 593
3 597 598 599
3 600 601 602
3 603 604 605
3 606 607 608
3 609 610 611
3 609 611 612
3 613 614 615
3 616 612 617
3 618 619 620
3 618 620 621
3 618 621 622
3 623 618 622
3 624 625 626
3 626 627 624
3 628 629 630
3 631 632 633
3 634 635 636
3 637 638 639
3 640 641 642
3 643 644 645
3 646 647 648
3 648 649 646
3 650 651 652
3 650 652 653
3 650 653 654
3 650 654 655
3 650 655 656
3 657 650 656
3 658 659 660
3 660 661 658
3 662 663 664
3 662 664 665
3 662 665 666
3 667 662 666
3 667 666 668
3 669 667 668
3 670 671 672
3 673 674 675
3 676 677 678
3 679 680 681
3 682 683 684
3 685 686 687
3 688 689 690
3 691 688 690
3 691 690 692
3 693 691 692
3 694 693 692
3 695 694 692
3 695 692 696
3 697 695 696
3 698 697 696
3 699 700 701
3 701 702 699
3 703 704 705
3 706 707 708
3 709 706 708
3 710 709 708
3 711 712 713
3 713 714 711
3 715 716 717
3 717 718 715
3 719 720 721
3 721 722 719
3 723 724 725
3 726 727 728
3 728 729 726
3 730 731 732
3 732 733 730
3 734 735 736
3 736 737 734
3 738 739 740
3 740 741 738
3 742 743 744
3 744 745 742
3 746 747 748
3 748 749 746
3 750 751 752
3 753 754 755
3 756 757 758
3 759 760 761
3 761 762 759
3 763 764 765
3 765 766 763
3 767 768 769
3 769 770 767
3 771 772 773
3 773 774 771
3 775 776 777
3 778 779 780
3 780 781 778
3 782 783 784
3 785 782 784
3 786 787 788
3 789 790 791
3 792 793 794
3 795 792 794
3 796 795 794
3 797 796 794
3 798 797 794
3 799 798 794
3 800 801 802
3 803 804 805
3 806 807 808
3 809 810 811
3 812 813 814
3 815 816 817
3 818 819 820
3 821 822 823
3 824 825 826
3 826 827 824
3 828 829 830
3 830 831 828
3 832 833 834
3 835 836 837
3 838 839 840
3 841 838 840
3 842 841 840
3 843 842 840
3 844 845 846
3 846 847 844
3 848 849 850
3 851 852 853
3 854 855 856
3 856 857 854
3 858 859 860
3 860 861 858
3 862 863 864
3 865 862 864
3 865 864 866
3 867 865 866
3 868 869 870
3 870 871 868
3 872 873 874
3 874 875 872
3 876 877 878
3 879 880 881
3 882 883 884
3 885 886 887
3 888 889 890
3 891 892 893
3 894 895 896
3 897 898 899
3 900 901 902
3 903 904 905
3 906 903 905
3 907 906 905
3 907 905 908
3 909 907 908
3 910 909 908
3 911 912 913
3 913 914 911
3 915 916 917
3 918 917 916
3 919 920 921
3 921 922 919
3 923 924 925
3 926 927 928
3 929 930 931
3 932 933 934
3 935 936 937
3 938 939 940
3 941 942 943
3 943 944 941
3 945 946 947
3 947 948 945
3 949 950 951
3 952 953 954
3 955 956 957
3 958 959 960
3 961 962 963
3 963 964 961
3 965 966 967
3 967 968 965
3 969 970 971
3 972 973 974
3 975 972 974
3 976 975 974
3 977 978 979
3 979 980 977
3 981 982 983
3 984 985 986
3 987 988 989
3 990 991 992
3 993 990 992
3 994 993 992
3 995 996 997
3 997 998 995
3 999 1000 1001
3 1001 1002 999
3 1003 1004 1005
3 1006 1007 1008
3 1009 1010 1011
3 1012 1009 1011
3 1013 1014 1015
3 1016 1017 1018
3 1019 1020 1021
3 1022 1023 1024
3 1025 1026 1027
3 1027 1028 1025
3 1029 1030 1031
3 1030 1032 1031
3 1033 1034 1035
3 1035 1036 1033
3 1037 1038 1039
3 1039 1040 1037
3 1041 1042 1043
3 1042 1044 1043
3 1045 1046 1047
3 1047 1048 1045
3 1049 1050 1051
3 1051 1052 1049
3 1053 1054 1055
3 1056 1057 1058
3 1059 1060 1061
3 1062 1063 1064
3 1065 1066 1067
3 1068 1069 1070
3 1071 1072 1073
3 1074 1075 1076
3 1077 1078 1079
3 1080 1081 1082
3 1083 1084 1085
3 1086 1087 1088
3 1089 1090 1091
3 1092 1093 1094
3 1095 1096 1097
3 1098 1099 1100
3 1101 1102 1103
3 1104 1105 1106
3 1107 1108 1109
3 1110 1111 1112
3 1113 1114 1115
3 1115 1116 1113
3 1117 1118 1119
3 1120 1121 1122
3 1123 1124 1125
3 1126 1123 1125
3 1127 1126 1125
3 1128 1127 1125
3 1129 1130 1131
3 1131 1132 1129
3 1133 1134 1135
3 1136 1137 1135
3 1138 1136 1135
3 1134 1138 1135
3 1139 1140 1141
3 1139 1141 1142
3 1143 1139 1142
3 1144 1143 1142
3 1145 1146 1147
3 1147 1148 1145
3 1149 1150 1151
3 1151 1152 1149
3 1153 1154 1155
3 1155 1156 1153
3 1157 1158 1159
3 1159 1160 1157
3 1161 1162 1163
3 1164 1165 1166
3 1166 1167 1164
3 1168 1169 1170
3 1171 1168 1170
3 1171 1170 1172
3 1173 1171 1172
3 1173 1172 1174
3 1175 1173 1174
3 1176 1177 1178
3 1179 1180 1181
3 1182 1183 1184
3 1185 1186 1187
3 1187 1188 1185
3 1189 1190 1191
3 1189 1191 1192
3 1193 1189 1192
3 1194 1195 1196
3 1197 1198 1199
3 1200 1201 1202
3 1203 1200 1202
3 1204 1203 1202
3 1205 1204 1202
3 1206 1207 1208
3 1208 1209 1206
3 1210 1211 1212
3 1212 1213 1210
3 1214 1215 1216
3 1217 1218 1219
3 1220 1221 1222
3 1223 1224 1225
3 1226 1227 1228
3 1229 1230 1231
3 1232 1233 1234
3 1235 1236 1237
3 1238 1239 1240
3 1240 1241 1238
3 1242 1243 1244
3 1245 1246 1247
3 1248 1249 1250
3 1251 1252 1253
3 1253 1254 1251
3 1255 1256 1257
3 1258 1259 1260
3 1260 1261 1258
3 1262 1263 1264
3 1264 1265 1262
3 1266 1267 1268
3 1269 1270 1271
3 1272 1273 1274
3 1275 1276 1277
3 1278 1279 1280
3 1281 1282 1283
3 1284 1285 1286
3 1287 1288 1289
3 1290 1291 1292
3 1293 1294 1295
3 1296 1297 1298
3 1299 1300 1301
3 1302 1303 1304
3 1305 1306 1307
3 1308 1309 1310
3 1310 1311 1308
3 1312 1313 1314
3 1312 1314 1315
3 1312 1315 1316
3 1312 1316 1317
3 1318 1319 1320
3 1321 1322 1323
3 1324 1325 1326
3 1327 1328 1329
3 1330 1331 1332
3 1332 1333 1330
3 1334 1335 1336
3 1337 1338 1339
3 1340 1341 1342
3 1343 1344 1345
3 1346 1347 1348
3 1348 1349 1346
3 1350 1351 1352
3 1352 1353 1350
3 1354 1355 1356
3 1356 1357 1354
3 1358 1359 1360
3 1360 1361 1358
3 1362 1363 1364
3 1364 1365 1362
3 1366 1367 1368
3 1369 1366 1368
3 1369 1368 1370
3 1371 1369 1370
3 1372 1371 1370
3 1373 1374 1375
3 1373 1375 1376
3 1377 1378 1379
3 1377 1379 1380
3 1381 1377 1380
3 1381 1380 1382
3 1383 1381 1382
3 1384 1385 1386
3 1386 1387 1384
3 1388 1389 1390
3 1390 1391 1388
3 1392 1393 1394
3 1394 1395 1392
3 1396 1397 1398
3 1398 1399 1396
3 1400 1401 1402
3 1402 1403 1400
3 1404 1405 1406
3 1407 1408 1409
3 1410 1411 1412
3 1413 1414 1415
3 1416 243 245
3 1417 1418 1419
3 1420 1421 1422
3 1423 1424 1425
3 247 246 1426
3 1427 1428 1429
3 1430 1431 1432
3 1433 1434 1435
3 255 257 1436
3 1437 1438 1439
3 1440 1441 1442
3 1443 1444 1445
3 1446 1447 1448
3 1449 1450 1451
3 1452 1453 1454
3 1455 1456 1457
3 1458 1459 1460
3 1461 1462 1463
3 1464 1465 1466
3 1467 1468 1469
3 1470 1471 1472
3 1473 1474 1475
3 1476 1477 1478
3 1479 1480 1481
3 1482 1483 1484
3 1485 1486 1487
3 1488 1489 1490
3 1491 1492 1493
3 1494 1495 1496
3 1497 1498 1499
3 1500 1501 1502
3 1500 1502 1503
3 1500 1503 1504
3 1505 1506 1507
3 1508 1509 1510
3 1511 1512 1513
3 1514 1319 1318
3 1515 1516 1517
3 1518 1519 1520
3 1521 1522 1523
3 1524 1525 1526
3 1527 1528 1529
3 1527 1529 1530
3 1530 1531 1532
3 1530 1532 1533
3 1527 1530 1533
3 1534 1535 1536
3 1536 1537 1534
3 1538 1539 1540
3 1541 1542 1543
3 1544 1541 1543
3 1545 1546 1547
3 1548 1549 1550
3 1551 1552 1553
3 1554 1555 1556
3 1557 1558 1559
3 1560 1561 1562
3 1563 1564 1565
3 1566 1567 1568
3 1568 1569 1566
3 1569 1570 1571
3 1571 1572 1566
3 1569 1571 1566
3 1573 1574 1575
3 1575 1576 1573
3 1184 1573 1577
3 1577 1182 1184
3 1184 1574 1573
3 1578 1310 1309
3 1579 1580 1578
3 1578 1309 1579
3 1578 1581 1582
3 1582 1310 1578
3 868 871 1583
3 1583 1584 868
3 1585 1586 830
3 830 829 1585
3 1587 1588 828
3 828 831 1587
3 1589 1590 1591
3 1592 1348 1593
3 1594 1595 1596
3 1597 1598 1599
3 1600 1601 1602
3 759 1603 1604
3 1604 760 759
3 1605 1606 768
3 768 767 1605
3 1591 1590 1607
3 1608 1609 1610
3 1570 1569 1188
3 1188 1187 1570
3 1611 1612 1613
3 1613 1614 1611
3 1615 780 779
3 779 1616 1615
3 1617 288 291
3 291 1618 1617
3 1619 1620 290
3 290 289 1619
3 734 1621 1622
3 1622 735 734
3 1623 1624 737
3 737 736 1623
3 1625 1626 779
3 779 778 1625
3 780 1627 1628
3 1628 781 780
3 1629 807 1401
3 1401 1400 1629
3 1402 1630 1631
3 1631 1403 1402
3 1632 1633 1535
3 1535 1534 1632
3 1536 1634 1635
3 1635 1537 1536
3 1636 1637 1612
3 1612 1611 1636
3 1613 1638 1639
3 1639 1614 1613
3 1640 1627 780
3 780 1615 1640
3 779 1626 1641
3 1641 1616 779
3 1642 1643 1644
3 743 1645 1646
3 1646 744 743
3 1647 1648 742
3 742 745 1647
3 1649 746 749
3 749 1650 1649
3 1651 748 747
3 747 1652 1651
3 1347 1593 1348
3 1653 1654 1655
3 1656 1657 1658
3 1659 1660 1661
3 1662 1663 1664
3 1665 1666 1667
3 1668 1669 1670
3 1671 1672 1673
3 1674 1675 1676
3 1677 1678 1679
3 170 169 1680
3 1681 1682 1683
3 1684 1685 1686
3 1687 1688 1689
3 188 187 1690
3 1691 1692 1693
3 1694 1695 1696
3 1697 1698 739
3 739 738 1697
3 1699 1700 741
3 741 740 1699
3 1701 1702 747
3 747 746 1701
3 1703 1704 749
3 749 748 1703
3 1705 1706 1707
3 1708 1709 1710
3 1711 1712 1713
3 1714 1715 1716
3 1717 1718 1719
3 1720 1721 1722
3 1723 1724 1725
3 1726 1727 1728
3 1729 1701 746
3 746 1649 1729
3 1704 1730 1650
3 1650 749 1704
3 1731 1703 748
3 748 1651 1731
3 1702 1732 1652
3 1652 747 1702
3 1733 1734 127
3 1735 1736 1737
3 1738 1739 1740
3 1741 1742 1743
3 1744 1745 1746
3 1747 1748 1749
3 1750 1751 1752
3 1753 1754 1755
3 1756 1757 1758
3 1759 1760 1761
3 1762 1763 1764
3 1765 1766 1767
3 1768 1769 1770
3 1771 1772 1773
3 1774 1775 1776
3 1777 1778 1779
3 1779 1780 1777
3 1781 1782 1783
3 1783 1784 1781
3 1785 1786 1787
3 1788 1789 1790
3 1791 1792 1793
3 1794 1795 1796
3 1797 1798 1799
3 1800 1801 1802
3 1803 1804 1805
3 1806 1807 1808
3 1809 1810 1811
3 1812 1813 1814
3 1815 1816 1817
3 1818 1819 1820
3 1821 1822 1823
3 1824 1825 1826
3 1827 1828 1829
3 1830 1831 1832
3 1833 1777 1780
3 1834 1835 1836
3 1782 1837 1838
3 1838 1783 1782
3 1839 1840 1781
3 1781 1784 1839
3 1779 1778 1841
3 1841 1842 1779
3 1843 1844 772
3 772 771 1843
3 1845 1846 1847
3 774 773 1848
3 624 1849 1850
3 1850 625 624
3 1596 1851 627
3 1594 1596 627
3 626 1594 627
3 1316 1852 1853
3 1853 1317 1316
3 1854 1855 1856
3 1856 1857 1854
3 725 1858 1859
3 725 1859 1860
3 725 1860 723
3 705 1861 1862
3 1862 1863 705
3 1863 1864 703
3 703 705 1863
3 1865 1866 1867
3 1246 1868 1869
3 1247 1246 1869
3 1870 1247 1869
3 1250 1871 1248
3 1872 1873 1874
3 1875 1876 1877
3 1878 1879 1880
3 1881 1882 1883
3 1884 1885 1886
3 1887 1888 1889
3 1890 1891 1892
3 1893 1894 1895
3 1896 1876 1875
3 1897 1898 1899
3 1660 1663 1662
3 1900 1901 1902
3 1903 1904 1905
3 1906 1907 1908
3 1909 1910 1911
3 1661 1660 1662
3 1902 1901 1912
3 1907 1906 1913
